claim_id,vehicle_id,driver_id,trip_id,accident_timestamp,accident_location,weather_condition,road_condition,collision_type,damaged_component,severity,estimated_repair_cost,claim_amount,fraud_flag,claim_status
C00001,V0329,D0021,T02242,2025-09-05T11:35:00,Kochi,Fog,Wet,Head-on,Windshield,Minor,25202,21044,No,Rejected
C00002,V0188,D0047,T09915,2025-06-09T06:21:00,Kollam,Rain,Slippery,Single Vehicle,Rear Bumper,Moderate,185286,159869,No,Rejected
C00003,V0102,D0478,T07715,2025-12-23T08:58:00,Kozhikode,Rain,Wet,Rear-end,Rear Bumper,Moderate,14220,11458,No,Rejected
C00004,V0115,D0227,T01006,2025-08-11T17:03:00,Thrissur,Heavy Rain,Slippery,Side,Front Bumper,Minor,242403,225289,Yes,Under Review
C00005,V0030,D0619,T00917,2025-09-16T22:32:00,Kozhikode,Rain,Dry,Head-on,Headlight,Major,45379,40416,No,Under Review
C00006,V0371,D0400,T04745,2025-05-13T03:12:00,Palakkad,Sunny,Dry,Side,Engine Bay,Minor,183286,176690,No,Approved
C00007,V0111,D0069,T05697,2025-08-17T17:05:00,Alappuzha,Heavy Rain,Wet,Rear-end,Door,Minor,91420,81314,No,Approved
C00008,V0091,D0493,T06752,2025-10-23T18:10:00,Kochi,Rain,Wet,Side,Front Bumper,Moderate,113242,95042,No,Approved
C00009,V0148,D0263,T00343,2025-06-25T16:22:00,Kozhikode,Rain,Dry,Rear-end,Headlight,Major,15135,13105,No,Approved
C00010,V0307,D0128,T00997,2025-08-20T01:22:00,Alappuzha,Rain,Dry,Head-on,Engine Bay,Major,203502,177173,Yes,Approved
C00011,V0198,D0131,T07537,2025-01-02T00:10:00,Kollam,Cloudy,Slippery,Single Vehicle,Rear Bumper,Major,159007,154274,No,Rejected
C00012,V0252,D0089,T06172,2025-03-23T19:19:00,Thrissur,Rain,Dry,Side,Rear Bumper,Moderate,38385,32954,No,Approved
C00013,V0354,D0317,T03403,2025-04-04T09:20:00,Palakkad,Fog,Dry,Head-on,Door,Minor,160490,148346,No,Rejected
C00014,V0118,D0696,T05741,2025-03-29T18:36:00,Kollam,Fog,Slippery,Side,Front Bumper,Major,103702,87970,Yes,Approved
C00015,V0105,D0080,T03221,2025-04-23T07:58:00,Kollam,Heavy Rain,Dry,Side,Engine Bay,Minor,227806,186779,No,Rejected
C00016,V0385,D0255,T08745,2025-02-04T14:27:00,Alappuzha,Heavy Rain,Slippery,Head-on,Door,Minor,185446,159366,No,Under Review
C00017,V0347,D0287,T06548,2025-07-01T15:13:00,Palakkad,Rain,Slippery,Side,Door,Minor,98629,94327,Yes,Rejected
C00018,V0172,D0535,T06542,2025-01-11T14:51:00,Kollam,Heavy Rain,Dry,Rear-end,Windshield,Minor,38518,36171,No,Rejected
C00019,V0040,D0117,T04458,2025-11-02T15:35:00,Kollam,Heavy Rain,Wet,Rear-end,Windshield,Minor,135153,124759,Yes,Under Review
C00020,V0110,D0073,T08554,2025-03-29T06:23:00,Thrissur,Fog,Slippery,Single Vehicle,Front Bumper,Minor,187300,162546,No,Approved
C00021,V0453,D0010,T01560,2025-05-28T22:19:00,Kozhikode,Heavy Rain,Slippery,Side,Door,Major,158131,129607,Yes,Under Review
C00022,V0084,D0633,T07662,2025-03-28T08:37:00,Alappuzha,Rain,Slippery,Single Vehicle,Front Bumper,Major,184249,178909,No,Rejected
C00023,V0165,D0510,T00552,2025-06-13T13:12:00,Kochi,Sunny,Dry,Rear-end,Front Bumper,Minor,164751,150653,No,Under Review
C00024,V0421,D0552,T04500,2025-05-19T17:49:00,Alappuzha,Cloudy,Wet,Head-on,Windshield,Major,117302,97596,No,Approved
C00025,V0350,D0533,T03283,2025-04-02T15:11:00,Kozhikode,Rain,Slippery,Single Vehicle,Rear Bumper,Moderate,128606,109241,No,Approved
C00026,V0335,D0020,T03957,2025-03-12T00:50:00,Kochi,Rain,Dry,Head-on,Windshield,Minor,178801,176396,No,Approved
C00027,V0357,D0667,T03001,2025-05-17T02:49:00,Thrissur,Sunny,Wet,Rear-end,Front Bumper,Major,140891,128815,No,Approved
C00028,V0168,D0272,T05488,2025-11-12T06:23:00,Palakkad,Fog,Dry,Side,Windshield,Minor,32576,29613,No,Rejected
C00029,V0303,D0173,T04675,2025-08-10T11:36:00,Thrissur,Rain,Wet,Head-on,Front Bumper,Major,98931,84341,Yes,Rejected
C00030,V0398,D0004,T08962,2025-01-29T23:26:00,Kochi,Sunny,Slippery,Rear-end,Windshield,Major,103255,97458,No,Rejected
C00031,V0347,D0328,T00451,2025-09-06T13:54:00,Kollam,Rain,Wet,Side,Rear Bumper,Major,53885,44444,No,Under Review
C00032,V0354,D0051,T04787,2025-03-25T22:26:00,Thrissur,Sunny,Dry,Head-on,Rear Bumper,Minor,41312,34038,No,Approved
C00033,V0382,D0456,T03804,2025-10-26T21:03:00,Thrissur,Sunny,Wet,Single Vehicle,Door,Major,88143,75476,No,Rejected
C00034,V0149,D0181,T07979,2025-02-20T02:25:00,Kollam,Cloudy,Wet,Single Vehicle,Rear Bumper,Major,23746,23140,No,Under Review
C00035,V0201,D0065,T02875,2025-09-18T19:28:00,Thrissur,Rain,Wet,Single Vehicle,Door,Minor,57715,53298,No,Under Review
C00036,V0249,D0285,T08830,2025-06-18T02:27:00,Kozhikode,Fog,Wet,Rear-end,Rear Bumper,Minor,184639,148644,No,Under Review
C00037,V0429,D0523,T00461,2025-08-30T09:39:00,Alappuzha,Cloudy,Slippery,Rear-end,Headlight,Minor,159531,133218,No,Rejected
C00038,V0387,D0269,T03808,2025-06-12T22:52:00,Alappuzha,Rain,Dry,Single Vehicle,Engine Bay,Moderate,239464,218601,No,Approved
C00039,V0090,D0412,T06083,2025-03-25T06:08:00,Kochi,Cloudy,Dry,Side,Windshield,Moderate,52981,50287,No,Under Review
C00040,V0058,D0272,T04358,2025-05-15T09:07:00,Thrissur,Heavy Rain,Slippery,Rear-end,Windshield,Minor,143362,123798,Yes,Under Review
C00041,V0342,D0019,T04292,2025-05-31T19:52:00,Kollam,Cloudy,Wet,Side,Rear Bumper,Major,121576,104693,No,Approved
C00042,V0310,D0691,T06018,2025-08-30T05:27:00,Kochi,Heavy Rain,Wet,Head-on,Front Bumper,Minor,196097,195455,No,Under Review
C00043,V0098,D0140,T08957,2025-09-01T09:24:00,Alappuzha,Sunny,Dry,Rear-end,Rear Bumper,Minor,201967,187397,No,Under Review
C00044,V0209,D0060,T02644,2025-07-31T14:42:00,Kozhikode,Sunny,Slippery,Rear-end,Door,Minor,189988,165529,No,Rejected
C00045,V0432,D0093,T08871,2025-06-01T01:35:00,Thrissur,Rain,Dry,Head-on,Headlight,Minor,177568,169250,Yes,Approved
C00046,V0110,D0510,T00349,2025-12-04T15:18:00,Alappuzha,Rain,Slippery,Head-on,Headlight,Minor,31675,25665,No,Rejected
C00047,V0270,D0302,T02160,2025-03-03T19:13:00,Kollam,Cloudy,Dry,Rear-end,Windshield,Major,203321,179260,No,Approved
C00048,V0103,D0009,T05284,2025-03-14T02:25:00,Kozhikode,Heavy Rain,Wet,Single Vehicle,Door,Major,100446,88031,No,Rejected
C00049,V0244,D0210,T08262,2025-08-31T09:14:00,Kozhikode,Cloudy,Dry,Single Vehicle,Door,Minor,15811,15562,Yes,Approved
C00050,V0217,D0524,T05949,2025-08-31T22:58:00,Palakkad,Fog,Dry,Head-on,Rear Bumper,Moderate,175385,166870,Yes,Under Review
C00051,V0040,D0409,T01789,2025-10-21T19:48:00,Kochi,Fog,Wet,Side,Front Bumper,Minor,21385,18231,No,Rejected
C00052,V0132,D0210,T00759,2025-05-04T10:31:00,Thrissur,Fog,Dry,Single Vehicle,Headlight,Major,141688,126014,Yes,Rejected
C00053,V0290,D0588,T00235,2025-11-26T19:44:00,Kochi,Heavy Rain,Slippery,Rear-end,Headlight,Major,213798,210778,Yes,Under Review
C00054,V0342,D0406,T02507,2025-11-16T11:07:00,Thrissur,Fog,Dry,Side,Door,Minor,128237,112628,Yes,Rejected
C00055,V0064,D0225,T02973,2025-07-23T22:23:00,Kochi,Sunny,Slippery,Rear-end,Headlight,Moderate,122337,113668,No,Under Review
C00056,V0413,D0045,T02447,2025-11-11T00:46:00,Kochi,Sunny,Wet,Head-on,Rear Bumper,Moderate,12212,10325,No,Under Review
C00057,V0459,D0289,T05349,2025-07-15T07:26:00,Kozhikode,Fog,Dry,Head-on,Front Bumper,Minor,191087,164807,No,Under Review
C00058,V0276,D0657,T08527,2025-10-29T01:50:00,Kochi,Rain,Dry,Head-on,Engine Bay,Moderate,106053,94955,Yes,Under Review
C00059,V0453,D0238,T07153,2025-02-09T00:38:00,Kollam,Rain,Slippery,Single Vehicle,Windshield,Moderate,52121,51454,No,Rejected
C00060,V0033,D0290,T08322,2025-03-16T21:01:00,Alappuzha,Heavy Rain,Slippery,Side,Door,Major,165337,134611,No,Approved
C00061,V0422,D0692,T03072,2025-03-29T08:10:00,Thrissur,Sunny,Dry,Rear-end,Door,Moderate,248913,221233,No,Under Review
C00062,V0368,D0270,T09888,2025-10-15T05:43:00,Kochi,Heavy Rain,Wet,Side,Rear Bumper,Moderate,62718,58310,No,Under Review
C00063,V0246,D0569,T00870,2025-11-03T01:30:00,Kozhikode,Rain,Dry,Single Vehicle,Door,Moderate,33552,30163,No,Approved
C00064,V0260,D0047,T06055,2025-09-07T15:12:00,Palakkad,Heavy Rain,Wet,Rear-end,Windshield,Major,204070,180695,No,Approved
C00065,V0088,D0114,T01137,2025-06-08T14:00:00,Kozhikode,Rain,Wet,Head-on,Engine Bay,Major,109357,98192,No,Under Review
C00066,V0472,D0074,T07954,2025-02-18T02:42:00,Palakkad,Cloudy,Wet,Single Vehicle,Headlight,Moderate,78814,65775,Yes,Rejected
C00067,V0429,D0645,T07528,2025-12-14T13:20:00,Alappuzha,Cloudy,Dry,Side,Windshield,Minor,65946,57243,No,Approved
C00068,V0172,D0683,T08682,2025-04-04T04:44:00,Palakkad,Fog,Slippery,Side,Headlight,Moderate,14473,12127,No,Approved
C00069,V0175,D0063,T05630,2025-05-18T20:01:00,Kozhikode,Sunny,Slippery,Single Vehicle,Door,Minor,39919,35326,Yes,Rejected
C00070,V0040,D0097,T04259,2025-08-14T22:51:00,Palakkad,Heavy Rain,Wet,Side,Door,Major,234431,211762,No,Rejected
C00071,V0368,D0548,T03725,2025-03-26T03:03:00,Thrissur,Heavy Rain,Wet,Side,Engine Bay,Minor,41946,40229,Yes,Rejected
C00072,V0298,D0661,T09793,2025-12-11T00:34:00,Kochi,Rain,Wet,Head-on,Front Bumper,Moderate,187365,167691,Yes,Under Review
C00073,V0094,D0169,T09658,2025-11-21T17:26:00,Alappuzha,Fog,Wet,Head-on,Rear Bumper,Minor,185268,175375,Yes,Approved
C00074,V0277,D0157,T07358,2025-05-01T23:02:00,Kozhikode,Cloudy,Wet,Side,Rear Bumper,Moderate,93038,89001,No,Under Review
C00075,V0129,D0263,T02631,2025-10-15T21:40:00,Kollam,Fog,Slippery,Single Vehicle,Engine Bay,Major,82381,72490,No,Rejected
C00076,V0022,D0253,T08115,2025-09-27T23:09:00,Thrissur,Cloudy,Wet,Single Vehicle,Rear Bumper,Moderate,233847,212715,No,Approved
C00077,V0127,D0324,T04161,2025-12-05T02:55:00,Kochi,Heavy Rain,Wet,Rear-end,Front Bumper,Moderate,116461,108528,No,Under Review
C00078,V0466,D0008,T09379,2025-01-24T06:58:00,Thrissur,Rain,Slippery,Head-on,Front Bumper,Major,217382,212630,Yes,Rejected
C00079,V0138,D0013,T09428,2025-12-09T12:35:00,Kozhikode,Cloudy,Dry,Single Vehicle,Headlight,Major,174045,150130,No,Approved
C00080,V0421,D0527,T01069,2025-01-28T14:09:00,Alappuzha,Sunny,Wet,Single Vehicle,Front Bumper,Major,27942,27205,Yes,Approved
C00081,V0215,D0337,T09097,2025-02-07T15:56:00,Thrissur,Sunny,Dry,Single Vehicle,Rear Bumper,Minor,50254,44468,No,Rejected
C00082,V0290,D0573,T05752,2025-09-09T15:20:00,Alappuzha,Rain,Dry,Side,Engine Bay,Major,168461,150019,No,Approved
C00083,V0250,D0263,T04801,2025-05-11T03:15:00,Kollam,Heavy Rain,Slippery,Head-on,Rear Bumper,Major,208897,172525,Yes,Approved
C00084,V0160,D0419,T06148,2025-10-16T07:35:00,Palakkad,Rain,Wet,Head-on,Door,Moderate,199099,172930,Yes,Approved
C00085,V0221,D0250,T03424,2025-02-27T15:52:00,Alappuzha,Cloudy,Slippery,Rear-end,Rear Bumper,Moderate,158181,149598,No,Under Review
C00086,V0428,D0249,T07631,2025-06-07T03:14:00,Palakkad,Rain,Wet,Single Vehicle,Rear Bumper,Minor,54166,44763,Yes,Rejected
C00087,V0375,D0310,T02786,2025-12-06T23:02:00,Kozhikode,Heavy Rain,Dry,Head-on,Headlight,Minor,104462,86919,No,Approved
C00088,V0495,D0258,T05911,2025-12-10T00:32:00,Thrissur,Cloudy,Wet,Head-on,Rear Bumper,Moderate,132072,120508,Yes,Rejected
C00089,V0413,D0590,T03466,2025-02-13T18:54:00,Kozhikode,Heavy Rain,Dry,Single Vehicle,Door,Moderate,154347,143169,No,Approved
C00090,V0027,D0343,T09306,2025-11-29T19:50:00,Thrissur,Heavy Rain,Wet,Side,Front Bumper,Minor,246757,204589,No,Under Review
C00091,V0137,D0540,T07839,2025-10-11T13:13:00,Thrissur,Rain,Slippery,Side,Front Bumper,Major,223208,214151,No,Rejected
C00092,V0318,D0488,T01887,2025-09-08T14:23:00,Palakkad,Rain,Dry,Rear-end,Rear Bumper,Minor,134559,113137,No,Approved
C00093,V0047,D0216,T08118,2025-11-09T17:24:00,Kollam,Fog,Slippery,Side,Headlight,Moderate,65929,59785,Yes,Under Review
C00094,V0005,D0684,T09635,2025-08-08T01:50:00,Kollam,Heavy Rain,Wet,Rear-end,Front Bumper,Major,205561,185126,No,Rejected
C00095,V0237,D0653,T05034,2025-06-23T10:26:00,Kollam,Sunny,Dry,Single Vehicle,Front Bumper,Moderate,19650,15940,No,Approved
C00096,V0465,D0608,T04433,2025-08-22T13:03:00,Palakkad,Heavy Rain,Slippery,Head-on,Engine Bay,Major,20941,18588,Yes,Approved
C00097,V0184,D0015,T00216,2025-11-02T00:05:00,Kochi,Cloudy,Dry,Rear-end,Rear Bumper,Major,42057,39682,No,Approved
C00098,V0401,D0590,T05982,2025-10-27T15:58:00,Thrissur,Heavy Rain,Slippery,Rear-end,Headlight,Moderate,224587,206868,No,Under Review
C00099,V0386,D0163,T03381,2025-09-13T03:29:00,Alappuzha,Cloudy,Dry,Single Vehicle,Engine Bay,Minor,233909,222524,Yes,Approved
C00100,V0287,D0659,T03873,2025-05-02T14:46:00,Kozhikode,Fog,Dry,Rear-end,Headlight,Major,102159,92317,No,Rejected
C00101,V0170,D0438,T09038,2025-04-06T04:05:00,Thrissur,Cloudy,Slippery,Head-on,Rear Bumper,Minor,209774,193260,No,Approved
C00102,V0407,D0215,T04146,2025-02-17T17:35:00,Thrissur,Sunny,Dry,Single Vehicle,Engine Bay,Major,140557,115558,No,Approved
C00103,V0105,D0488,T05242,2025-02-25T00:38:00,Kochi,Heavy Rain,Slippery,Rear-end,Engine Bay,Minor,73103,64245,No,Approved
C00104,V0441,D0414,T09583,2025-11-13T20:01:00,Kollam,Heavy Rain,Wet,Head-on,Headlight,Moderate,38515,31525,No,Under Review
C00105,V0346,D0518,T02279,2025-06-01T23:23:00,Alappuzha,Sunny,Wet,Side,Door,Moderate,235859,195810,No,Approved
C00106,V0239,D0659,T07645,2025-04-15T01:57:00,Kollam,Sunny,Wet,Side,Front Bumper,Major,76524,64764,No,Under Review
C00107,V0317,D0554,T05237,2025-06-02T07:51:00,Thrissur,Fog,Dry,Side,Windshield,Minor,99894,97426,Yes,Under Review
C00108,V0296,D0298,T03691,2025-04-26T06:51:00,Kollam,Fog,Wet,Rear-end,Door,Minor,104616,87563,No,Approved
C00109,V0452,D0611,T04414,2025-10-19T00:27:00,Palakkad,Sunny,Wet,Single Vehicle,Headlight,Moderate,65602,57850,Yes,Rejected
C00110,V0242,D0616,T09997,2025-06-15T14:34:00,Kochi,Heavy Rain,Dry,Rear-end,Front Bumper,Minor,192933,186911,No,Rejected
C00111,V0434,D0136,T08085,2025-03-28T13:28:00,Alappuzha,Heavy Rain,Dry,Rear-end,Headlight,Moderate,15069,12227,No,Under Review
C00112,V0483,D0277,T08844,2025-12-19T14:17:00,Alappuzha,Heavy Rain,Wet,Head-on,Headlight,Moderate,213846,196030,No,Rejected
C00113,V0175,D0487,T00982,2025-01-09T05:01:00,Thrissur,Rain,Dry,Head-on,Engine Bay,Minor,204595,195877,No,Approved
C00114,V0277,D0675,T03955,2025-06-20T07:22:00,Kollam,Rain,Dry,Single Vehicle,Rear Bumper,Moderate,174760,162364,Yes,Under Review
C00115,V0490,D0441,T05322,2025-09-11T13:03:00,Kochi,Rain,Dry,Single Vehicle,Engine Bay,Minor,166676,146197,No,Rejected
C00116,V0290,D0550,T09612,2025-02-09T14:34:00,Thrissur,Cloudy,Dry,Rear-end,Headlight,Moderate,50174,46518,No,Approved
C00117,V0289,D0405,T02655,2025-03-26T08:15:00,Thrissur,Heavy Rain,Dry,Head-on,Door,Major,142855,122912,No,Approved
C00118,V0199,D0170,T04766,2025-11-03T17:20:00,Kozhikode,Fog,Slippery,Side,Door,Minor,185601,183893,Yes,Under Review
C00119,V0219,D0345,T01918,2025-12-26T01:57:00,Thrissur,Cloudy,Wet,Rear-end,Door,Moderate,125597,115174,No,Rejected
C00120,V0073,D0688,T08837,2025-09-01T01:53:00,Kochi,Sunny,Dry,Single Vehicle,Windshield,Major,195302,185605,No,Under Review
C00121,V0291,D0554,T01328,2025-04-21T03:53:00,Thrissur,Fog,Dry,Side,Door,Moderate,221576,220543,No,Approved
C00122,V0025,D0114,T08231,2025-07-06T22:56:00,Kozhikode,Fog,Slippery,Rear-end,Rear Bumper,Minor,155689,141407,No,Under Review
C00123,V0065,D0469,T07721,2025-03-10T23:52:00,Kochi,Cloudy,Dry,Single Vehicle,Front Bumper,Major,87398,84476,Yes,Under Review
C00124,V0166,D0446,T00862,2025-04-22T05:25:00,Kozhikode,Sunny,Slippery,Single Vehicle,Windshield,Moderate,88479,73570,No,Approved
C00125,V0392,D0423,T07005,2025-09-26T04:17:00,Palakkad,Cloudy,Dry,Rear-end,Rear Bumper,Major,26418,21826,No,Under Review
C00126,V0310,D0263,T07707,2025-10-01T18:06:00,Kollam,Fog,Wet,Rear-end,Windshield,Major,247653,208008,Yes,Rejected
C00127,V0107,D0595,T02920,2025-01-27T10:12:00,Thrissur,Sunny,Wet,Rear-end,Engine Bay,Major,138095,114691,No,Under Review
C00128,V0403,D0247,T08562,2025-11-15T12:17:00,Kollam,Cloudy,Dry,Side,Windshield,Moderate,172299,149728,Yes,Rejected
C00129,V0340,D0545,T01115,2025-05-30T04:00:00,Alappuzha,Rain,Slippery,Side,Front Bumper,Minor,188813,162045,No,Under Review
C00130,V0092,D0122,T05226,2025-08-27T02:05:00,Kochi,Fog,Slippery,Single Vehicle,Door,Minor,45173,44672,No,Rejected
C00131,V0298,D0077,T09687,2025-01-17T21:28:00,Palakkad,Fog,Slippery,Rear-end,Windshield,Minor,11625,9520,No,Rejected
C00132,V0292,D0076,T02999,2025-01-04T05:17:00,Alappuzha,Cloudy,Slippery,Rear-end,Windshield,Major,156297,129423,No,Rejected
C00133,V0142,D0358,T07175,2025-06-26T03:10:00,Kozhikode,Sunny,Dry,Rear-end,Front Bumper,Major,14544,12862,No,Approved
C00134,V0047,D0190,T05143,2025-12-05T11:21:00,Kozhikode,Cloudy,Slippery,Side,Rear Bumper,Major,219113,180026,No,Under Review
C00135,V0251,D0295,T07751,2025-04-15T21:10:00,Kozhikode,Rain,Dry,Rear-end,Headlight,Major,233183,207235,No,Rejected
C00136,V0036,D0634,T09291,2025-10-28T04:52:00,Kochi,Fog,Dry,Rear-end,Windshield,Moderate,202863,189968,No,Under Review
C00137,V0316,D0444,T06922,2025-05-09T07:53:00,Kollam,Rain,Dry,Single Vehicle,Engine Bay,Minor,141044,133610,No,Rejected
C00138,V0441,D0061,T09327,2025-10-28T20:40:00,Kozhikode,Cloudy,Wet,Rear-end,Windshield,Major,30203,25001,No,Under Review
C00139,V0046,D0496,T01219,2025-01-29T11:49:00,Thrissur,Rain,Wet,Head-on,Engine Bay,Minor,76780,66396,No,Approved
C00140,V0442,D0543,T08475,2025-03-27T20:17:00,Kozhikode,Fog,Wet,Rear-end,Windshield,Minor,112803,108569,Yes,Approved
C00141,V0441,D0630,T05013,2025-03-09T10:09:00,Palakkad,Fog,Slippery,Single Vehicle,Windshield,Major,49885,43286,No,Rejected
C00142,V0425,D0674,T04901,2025-03-14T07:42:00,Kollam,Rain,Slippery,Head-on,Rear Bumper,Moderate,135421,117775,No,Approved
C00143,V0450,D0348,T04489,2025-03-31T07:06:00,Palakkad,Cloudy,Slippery,Side,Front Bumper,Major,184385,176734,No,Rejected
C00144,V0471,D0586,T06329,2025-09-27T13:04:00,Alappuzha,Sunny,Wet,Single Vehicle,Door,Moderate,97356,92013,No,Rejected
C00145,V0319,D0612,T07039,2025-04-24T02:22:00,Alappuzha,Rain,Slippery,Side,Rear Bumper,Moderate,176643,146870,No,Under Review
C00146,V0120,D0076,T00030,2025-02-28T18:15:00,Kochi,Fog,Wet,Rear-end,Rear Bumper,Moderate,161100,144086,Yes,Approved
C00147,V0229,D0382,T09802,2025-06-20T06:28:00,Kozhikode,Heavy Rain,Slippery,Side,Door,Major,89685,85630,Yes,Approved
C00148,V0201,D0270,T07713,2025-03-11T01:10:00,Alappuzha,Heavy Rain,Dry,Head-on,Engine Bay,Moderate,87261,71285,No,Rejected
C00149,V0395,D0226,T04578,2025-04-27T19:15:00,Palakkad,Fog,Wet,Single Vehicle,Rear Bumper,Moderate,12709,11239,No,Approved
C00150,V0367,D0634,T02870,2025-05-19T19:01:00,Kollam,Heavy Rain,Wet,Head-on,Door,Minor,17702,14235,Yes,Rejected
C00151,V0137,D0285,T00109,2025-01-22T13:04:00,Palakkad,Heavy Rain,Wet,Rear-end,Door,Minor,188246,164532,No,Rejected
C00152,V0458,D0033,T02340,2025-06-07T09:19:00,Kochi,Cloudy,Dry,Single Vehicle,Windshield,Moderate,68425,66521,No,Rejected
C00153,V0409,D0309,T05647,2025-01-03T20:14:00,Alappuzha,Fog,Dry,Head-on,Door,Moderate,66971,59962,No,Approved
C00154,V0079,D0523,T00944,2025-08-07T06:43:00,Palakkad,Fog,Wet,Head-on,Door,Moderate,204572,195510,No,Approved
C00155,V0104,D0356,T06965,2025-11-13T08:43:00,Alappuzha,Rain,Wet,Head-on,Engine Bay,Minor,224558,201780,Yes,Under Review
C00156,V0085,D0493,T00404,2025-07-09T21:02:00,Kollam,Heavy Rain,Dry,Side,Headlight,Minor,236359,219106,No,Rejected
C00157,V0033,D0517,T09662,2025-05-04T18:38:00,Kollam,Rain,Dry,Single Vehicle,Door,Major,186306,182859,No,Approved
C00158,V0395,D0313,T07730,2025-11-21T22:40:00,Kollam,Fog,Slippery,Single Vehicle,Engine Bay,Major,70652,58774,No,Under Review
C00159,V0437,D0508,T02763,2025-08-09T16:53:00,Kollam,Rain,Dry,Rear-end,Engine Bay,Minor,241851,221049,No,Approved
C00160,V0155,D0007,T02626,2025-07-24T10:05:00,Alappuzha,Sunny,Slippery,Rear-end,Front Bumper,Minor,102518,96787,No,Approved
C00161,V0411,D0312,T06360,2025-03-16T07:24:00,Kochi,Cloudy,Dry,Head-on,Windshield,Moderate,193939,171794,No,Rejected
C00162,V0353,D0044,T02968,2025-02-10T17:19:00,Kochi,Sunny,Wet,Single Vehicle,Door,Major,228709,194340,No,Under Review
C00163,V0238,D0139,T00993,2025-12-10T13:37:00,Alappuzha,Fog,Wet,Single Vehicle,Engine Bay,Moderate,109323,105243,Yes,Under Review
C00164,V0359,D0414,T09710,2025-07-28T02:42:00,Alappuzha,Rain,Slippery,Rear-end,Door,Moderate,128723,103325,No,Approved
C00165,V0352,D0462,T09875,2025-07-22T09:35:00,Kochi,Rain,Dry,Single Vehicle,Door,Major,204639,185396,No,Approved
C00166,V0014,D0359,T01936,2025-05-28T07:47:00,Kochi,Heavy Rain,Wet,Head-on,Rear Bumper,Moderate,144303,127894,No,Under Review
C00167,V0337,D0518,T03453,2025-10-08T13:41:00,Thrissur,Cloudy,Slippery,Rear-end,Front Bumper,Moderate,216148,211880,No,Approved
C00168,V0432,D0130,T03216,2025-07-17T17:04:00,Palakkad,Cloudy,Slippery,Single Vehicle,Windshield,Minor,65688,63075,Yes,Under Review
C00169,V0492,D0018,T01453,2025-10-11T07:03:00,Thrissur,Rain,Dry,Head-on,Rear Bumper,Major,68922,62251,No,Approved
C00170,V0071,D0590,T00098,2025-08-10T19:02:00,Alappuzha,Heavy Rain,Dry,Single Vehicle,Front Bumper,Major,110827,91855,Yes,Under Review
C00171,V0451,D0037,T08328,2025-07-08T04:21:00,Palakkad,Fog,Slippery,Single Vehicle,Windshield,Minor,158301,148923,No,Under Review
C00172,V0493,D0320,T03248,2025-10-01T01:00:00,Alappuzha,Heavy Rain,Slippery,Side,Headlight,Moderate,128395,109911,Yes,Approved
C00173,V0078,D0385,T04701,2025-03-17T07:13:00,Alappuzha,Rain,Dry,Head-on,Engine Bay,Major,227813,223219,Yes,Approved
C00174,V0257,D0347,T06436,2025-04-29T08:48:00,Kollam,Cloudy,Wet,Side,Front Bumper,Major,239132,199463,Yes,Approved
C00175,V0443,D0032,T07066,2025-07-13T18:45:00,Palakkad,Cloudy,Dry,Head-on,Engine Bay,Moderate,67314,64425,Yes,Rejected
C00176,V0444,D0425,T03888,2025-12-21T20:57:00,Alappuzha,Fog,Dry,Single Vehicle,Rear Bumper,Moderate,82975,78609,No,Approved
C00177,V0185,D0389,T05484,2025-11-12T18:21:00,Kollam,Fog,Wet,Side,Headlight,Minor,98497,90322,No,Under Review
C00178,V0407,D0236,T00538,2025-05-30T16:31:00,Kochi,Sunny,Slippery,Head-on,Rear Bumper,Major,227991,224478,No,Rejected
C00179,V0403,D0133,T09875,2025-10-09T14:11:00,Alappuzha,Heavy Rain,Wet,Rear-end,Door,Moderate,145344,124558,No,Approved
C00180,V0307,D0470,T09654,2025-12-24T08:25:00,Alappuzha,Rain,Wet,Rear-end,Door,Moderate,128775,122303,No,Rejected
C00181,V0498,D0004,T02871,2025-07-07T01:53:00,Palakkad,Sunny,Dry,Head-on,Windshield,Moderate,241934,232238,Yes,Rejected
C00182,V0384,D0412,T03435,2025-12-29T10:31:00,Kozhikode,Sunny,Dry,Single Vehicle,Rear Bumper,Moderate,218719,205160,No,Approved
C00183,V0418,D0414,T09721,2025-09-25T05:57:00,Kochi,Rain,Slippery,Head-on,Engine Bay,Minor,105362,88523,No,Under Review
C00184,V0107,D0449,T09448,2025-06-03T20:14:00,Thrissur,Fog,Slippery,Head-on,Engine Bay,Minor,230003,222836,Yes,Rejected
C00185,V0288,D0653,T03574,2025-07-30T19:43:00,Kollam,Sunny,Wet,Rear-end,Rear Bumper,Minor,199120,182818,No,Under Review
C00186,V0088,D0583,T09472,2025-11-15T04:44:00,Palakkad,Fog,Wet,Side,Headlight,Minor,229783,224278,No,Approved
C00187,V0216,D0300,T09641,2025-09-09T19:02:00,Kollam,Heavy Rain,Wet,Rear-end,Front Bumper,Moderate,218232,211714,No,Approved
C00188,V0324,D0537,T04974,2025-11-09T11:58:00,Thrissur,Fog,Slippery,Rear-end,Engine Bay,Major,196833,191690,No,Rejected
C00189,V0460,D0283,T08103,2025-09-06T06:55:00,Thrissur,Cloudy,Slippery,Side,Rear Bumper,Minor,173501,164853,No,Approved
C00190,V0398,D0610,T00389,2025-06-02T00:33:00,Palakkad,Fog,Wet,Head-on,Engine Bay,Minor,80062,68066,No,Under Review
C00191,V0145,D0060,T08976,2025-02-04T23:55:00,Kozhikode,Cloudy,Dry,Rear-end,Rear Bumper,Moderate,172029,153862,No,Approved
C00192,V0404,D0268,T01666,2025-02-18T13:34:00,Kozhikode,Cloudy,Dry,Head-on,Front Bumper,Major,131353,125817,No,Approved
C00193,V0076,D0469,T00907,2025-07-01T05:36:00,Palakkad,Cloudy,Slippery,Rear-end,Rear Bumper,Minor,201189,192965,Yes,Approved
C00194,V0376,D0030,T09168,2025-07-25T11:32:00,Kozhikode,Heavy Rain,Dry,Head-on,Door,Major,90355,78429,No,Rejected
C00195,V0219,D0348,T07082,2025-01-27T23:41:00,Kozhikode,Heavy Rain,Slippery,Rear-end,Headlight,Major,237129,209159,No,Rejected
C00196,V0377,D0056,T01552,2025-03-09T04:31:00,Kozhikode,Fog,Slippery,Side,Rear Bumper,Major,161149,130346,No,Under Review
C00197,V0418,D0102,T03578,2025-09-01T21:03:00,Kozhikode,Rain,Wet,Head-on,Door,Major,89222,77509,No,Rejected
C00198,V0449,D0209,T02145,2025-03-11T17:34:00,Thrissur,Fog,Wet,Side,Front Bumper,Major,169089,159389,Yes,Under Review
C00199,V0374,D0225,T05762,2025-06-19T21:34:00,Kochi,Cloudy,Dry,Side,Door,Major,40993,39381,No,Approved
C00200,V0202,D0016,T07919,2025-07-08T08:01:00,Kochi,Fog,Dry,Single Vehicle,Door,Moderate,121443,120274,No,Under Review
C00201,V0181,D0226,T04337,2025-09-08T11:15:00,Thrissur,Sunny,Dry,Side,Front Bumper,Moderate,169465,168785,No,Rejected
C00202,V0106,D0134,T02776,2025-05-13T02:24:00,Palakkad,Rain,Slippery,Rear-end,Windshield,Major,104919,96076,No,Rejected
C00203,V0132,D0438,T05335,2025-12-09T07:00:00,Kozhikode,Sunny,Slippery,Rear-end,Engine Bay,Major,31254,25051,No,Approved
C00204,V0378,D0551,T08445,2025-11-10T16:25:00,Palakkad,Heavy Rain,Wet,Single Vehicle,Rear Bumper,Major,135829,134459,No,Under Review
C00205,V0420,D0377,T03755,2025-07-08T22:27:00,Kollam,Rain,Slippery,Single Vehicle,Door,Major,138064,124982,Yes,Approved
C00206,V0115,D0635,T08873,2025-12-15T06:43:00,Kozhikode,Heavy Rain,Wet,Head-on,Door,Major,189066,171177,No,Approved
C00207,V0401,D0315,T08531,2025-02-23T09:54:00,Kollam,Cloudy,Wet,Head-on,Engine Bay,Moderate,197752,194217,No,Under Review
C00208,V0224,D0189,T07938,2025-03-24T01:24:00,Thrissur,Fog,Slippery,Rear-end,Headlight,Major,25302,20523,No,Approved
C00209,V0045,D0147,T00310,2025-06-29T21:46:00,Palakkad,Heavy Rain,Slippery,Head-on,Engine Bay,Moderate,237854,194756,Yes,Under Review
C00210,V0158,D0618,T02474,2025-01-26T21:32:00,Palakkad,Rain,Dry,Head-on,Engine Bay,Moderate,160658,159183,No,Approved
C00211,V0448,D0601,T05738,2025-04-02T00:10:00,Kollam,Heavy Rain,Wet,Single Vehicle,Windshield,Minor,203451,194243,No,Rejected
C00212,V0384,D0667,T08805,2025-05-01T01:49:00,Thrissur,Sunny,Slippery,Single Vehicle,Headlight,Moderate,37836,37450,No,Rejected
C00213,V0468,D0262,T03628,2025-04-22T05:52:00,Kollam,Heavy Rain,Dry,Head-on,Headlight,Major,163189,152452,No,Under Review
C00214,V0031,D0341,T06966,2025-06-14T09:04:00,Thrissur,Sunny,Dry,Side,Front Bumper,Minor,221155,199969,No,Under Review
C00215,V0252,D0361,T05648,2025-04-15T05:15:00,Thrissur,Rain,Wet,Side,Door,Moderate,45293,38253,No,Approved
C00216,V0028,D0563,T04080,2025-06-16T03:13:00,Thrissur,Cloudy,Wet,Head-on,Door,Minor,86192,79830,No,Under Review
C00217,V0488,D0414,T05241,2025-06-21T05:37:00,Kochi,Fog,Dry,Head-on,Headlight,Moderate,161743,155836,No,Approved
C00218,V0017,D0420,T01625,2025-08-19T01:53:00,Thrissur,Cloudy,Dry,Head-on,Door,Minor,23673,21784,Yes,Under Review
C00219,V0351,D0700,T04531,2025-09-22T22:52:00,Kozhikode,Rain,Dry,Side,Front Bumper,Moderate,49411,49407,No,Under Review
C00220,V0317,D0394,T07656,2025-03-16T17:09:00,Thrissur,Cloudy,Dry,Rear-end,Headlight,Major,217696,180491,Yes,Approved
C00221,V0221,D0059,T00097,2025-02-24T11:53:00,Alappuzha,Fog,Slippery,Head-on,Headlight,Minor,203532,199133,Yes,Approved
C00222,V0404,D0699,T09647,2025-12-15T14:36:00,Kochi,Cloudy,Slippery,Side,Windshield,Major,99310,82242,No,Rejected
C00223,V0008,D0121,T01097,2025-10-02T09:09:00,Kozhikode,Rain,Wet,Head-on,Rear Bumper,Major,238510,209782,No,Approved
C00224,V0249,D0464,T05697,2025-07-18T08:44:00,Thrissur,Cloudy,Wet,Single Vehicle,Front Bumper,Minor,94183,89107,No,Under Review
C00225,V0345,D0694,T00565,2025-10-13T11:34:00,Kochi,Heavy Rain,Slippery,Head-on,Rear Bumper,Minor,70097,68760,No,Approved
C00226,V0432,D0151,T04638,2025-11-21T03:05:00,Palakkad,Sunny,Slippery,Side,Door,Moderate,228816,219474,No,Approved
C00227,V0316,D0228,T01301,2025-01-25T19:03:00,Alappuzha,Sunny,Slippery,Head-on,Headlight,Moderate,97892,93225,No,Approved
C00228,V0098,D0215,T06068,2025-12-09T06:27:00,Kozhikode,Heavy Rain,Wet,Side,Door,Moderate,204495,189230,Yes,Rejected
C00229,V0270,D0326,T08961,2025-07-22T11:29:00,Thrissur,Rain,Wet,Single Vehicle,Windshield,Major,164923,133658,No,Approved
C00230,V0175,D0496,T06580,2025-04-18T18:07:00,Palakkad,Heavy Rain,Wet,Rear-end,Rear Bumper,Moderate,116390,114377,No,Under Review
C00231,V0178,D0626,T09394,2025-06-19T03:01:00,Kozhikode,Heavy Rain,Slippery,Single Vehicle,Windshield,Moderate,12334,11978,Yes,Rejected
C00232,V0429,D0039,T06944,2025-12-01T05:27:00,Alappuzha,Sunny,Slippery,Side,Headlight,Minor,128080,115173,No,Under Review
C00233,V0223,D0423,T08580,2025-07-22T01:18:00,Kochi,Fog,Dry,Single Vehicle,Engine Bay,Minor,73907,62663,No,Approved
C00234,V0024,D0088,T06224,2025-09-19T22:57:00,Kochi,Rain,Wet,Rear-end,Rear Bumper,Moderate,164616,145988,Yes,Rejected
C00235,V0228,D0003,T06252,2025-11-09T14:24:00,Kozhikode,Cloudy,Dry,Single Vehicle,Front Bumper,Minor,55676,48176,No,Rejected
C00236,V0316,D0300,T07305,2025-02-25T09:02:00,Kollam,Heavy Rain,Slippery,Head-on,Door,Minor,118177,95268,No,Rejected
C00237,V0100,D0247,T03436,2025-12-10T10:49:00,Alappuzha,Cloudy,Dry,Single Vehicle,Engine Bay,Major,191428,185733,No,Under Review
C00238,V0048,D0365,T04531,2025-04-11T22:17:00,Thrissur,Rain,Dry,Side,Engine Bay,Moderate,122649,115087,Yes,Approved
C00239,V0380,D0673,T05755,2025-07-10T23:27:00,Alappuzha,Rain,Slippery,Head-on,Door,Minor,172726,144092,Yes,Rejected
C00240,V0307,D0037,T08619,2025-12-13T21:45:00,Palakkad,Fog,Wet,Side,Windshield,Minor,52141,46776,Yes,Under Review
C00241,V0104,D0611,T02644,2025-04-29T01:18:00,Thrissur,Heavy Rain,Wet,Side,Headlight,Major,59476,52564,No,Under Review
C00242,V0470,D0230,T04600,2025-12-11T04:14:00,Palakkad,Cloudy,Wet,Single Vehicle,Windshield,Moderate,73362,68800,No,Rejected
C00243,V0103,D0673,T06783,2025-05-01T19:21:00,Thrissur,Sunny,Wet,Head-on,Headlight,Major,60980,51256,No,Under Review
C00244,V0288,D0559,T00250,2025-09-08T19:03:00,Palakkad,Sunny,Slippery,Single Vehicle,Front Bumper,Major,121404,109203,Yes,Rejected
C00245,V0425,D0677,T00574,2025-09-11T01:14:00,Alappuzha,Rain,Dry,Rear-end,Front Bumper,Moderate,232086,217331,No,Approved
C00246,V0172,D0152,T09465,2025-09-04T02:25:00,Kochi,Heavy Rain,Dry,Side,Headlight,Major,59241,52855,Yes,Approved
C00247,V0368,D0297,T02325,2025-02-04T15:23:00,Kozhikode,Sunny,Wet,Rear-end,Headlight,Major,75853,65258,No,Under Review
C00248,V0117,D0652,T07446,2025-03-27T08:01:00,Kochi,Rain,Wet,Single Vehicle,Windshield,Minor,226256,181349,Yes,Rejected
C00249,V0342,D0217,T03766,2025-02-28T16:26:00,Palakkad,Rain,Wet,Single Vehicle,Rear Bumper,Major,233627,232202,Yes,Approved
C00250,V0146,D0685,T00430,2025-08-31T18:55:00,Kollam,Sunny,Dry,Single Vehicle,Rear Bumper,Moderate,40275,36531,No,Approved
C00251,V0490,D0580,T02601,2025-04-08T19:28:00,Kozhikode,Heavy Rain,Slippery,Head-on,Engine Bay,Moderate,231713,206856,No,Approved
C00252,V0389,D0466,T03820,2025-05-05T15:09:00,Alappuzha,Heavy Rain,Dry,Side,Front Bumper,Major,93096,90418,Yes,Approved
C00253,V0367,D0340,T04423,2025-05-28T21:19:00,Thrissur,Cloudy,Dry,Head-on,Rear Bumper,Major,91739,88737,No,Under Review
C00254,V0012,D0453,T05385,2025-05-12T17:19:00,Kozhikode,Heavy Rain,Wet,Rear-end,Door,Minor,215085,210348,No,Under Review
C00255,V0357,D0276,T05001,2025-10-18T10:54:00,Thrissur,Heavy Rain,Wet,Head-on,Headlight,Major,144509,119611,No,Under Review
C00256,V0338,D0317,T02814,2025-10-25T04:20:00,Thrissur,Rain,Wet,Head-on,Rear Bumper,Minor,199007,184696,No,Rejected
C00257,V0356,D0625,T08269,2025-04-21T03:01:00,Kollam,Sunny,Dry,Single Vehicle,Door,Major,77709,72929,No,Approved
C00258,V0195,D0311,T02742,2025-05-21T20:11:00,Palakkad,Rain,Wet,Side,Rear Bumper,Moderate,36299,32643,No,Rejected
C00259,V0103,D0698,T01035,2025-10-22T05:24:00,Kozhikode,Sunny,Slippery,Rear-end,Front Bumper,Minor,208675,184567,No,Under Review
C00260,V0049,D0367,T07388,2025-07-25T16:33:00,Kozhikode,Cloudy,Slippery,Side,Windshield,Minor,29106,27924,No,Under Review
C00261,V0208,D0566,T02078,2025-08-14T20:28:00,Kozhikode,Heavy Rain,Slippery,Single Vehicle,Windshield,Moderate,197426,187566,Yes,Approved
C00262,V0086,D0362,T02840,2025-04-01T20:55:00,Kochi,Sunny,Wet,Head-on,Engine Bay,Minor,14698,13660,Yes,Under Review
C00263,V0052,D0570,T09885,2025-06-29T23:23:00,Alappuzha,Sunny,Dry,Side,Engine Bay,Moderate,145292,135911,No,Approved
C00264,V0248,D0267,T03443,2025-01-28T21:32:00,Palakkad,Heavy Rain,Slippery,Single Vehicle,Engine Bay,Major,41300,36482,Yes,Rejected
C00265,V0304,D0508,T04902,2025-12-06T21:55:00,Kollam,Rain,Slippery,Side,Windshield,Minor,212187,199536,No,Approved
C00266,V0009,D0538,T05775,2025-11-14T03:45:00,Kozhikode,Rain,Dry,Side,Rear Bumper,Minor,163997,162930,Yes,Under Review
C00267,V0458,D0575,T07757,2025-02-01T17:10:00,Alappuzha,Fog,Slippery,Single Vehicle,Door,Moderate,21734,20273,No,Approved
C00268,V0256,D0443,T07182,2025-07-12T17:17:00,Thrissur,Cloudy,Wet,Side,Front Bumper,Moderate,57461,54952,Yes,Rejected
C00269,V0371,D0226,T01393,2025-12-27T14:08:00,Kochi,Heavy Rain,Wet,Rear-end,Windshield,Moderate,77482,63476,Yes,Under Review
C00270,V0147,D0299,T08158,2025-12-21T21:50:00,Palakkad,Cloudy,Wet,Head-on,Engine Bay,Moderate,249094,224814,No,Approved
C00271,V0147,D0451,T02207,2025-02-27T20:07:00,Palakkad,Sunny,Slippery,Side,Headlight,Major,204233,188238,No,Rejected
C00272,V0387,D0361,T02780,2025-08-07T10:05:00,Kochi,Rain,Dry,Rear-end,Rear Bumper,Minor,109233,91961,No,Approved
C00273,V0212,D0204,T03353,2025-08-14T13:50:00,Alappuzha,Sunny,Wet,Side,Front Bumper,Major,29129,28829,Yes,Approved
C00274,V0277,D0603,T03545,2025-11-26T23:46:00,Kochi,Cloudy,Slippery,Head-on,Front Bumper,Major,157473,135480,No,Rejected
C00275,V0210,D0233,T01221,2025-04-11T07:46:00,Palakkad,Rain,Slippery,Side,Rear Bumper,Minor,199853,197895,Yes,Under Review
C00276,V0178,D0018,T04000,2025-08-17T07:49:00,Kollam,Sunny,Slippery,Side,Rear Bumper,Moderate,84680,68299,Yes,Under Review
C00277,V0428,D0250,T05175,2025-10-09T22:03:00,Palakkad,Rain,Slippery,Head-on,Headlight,Major,65873,63503,No,Approved
C00278,V0151,D0617,T03246,2025-10-14T06:58:00,Kochi,Rain,Dry,Single Vehicle,Rear Bumper,Moderate,177948,161650,No,Under Review
C00279,V0179,D0369,T01088,2025-10-30T15:37:00,Kochi,Heavy Rain,Dry,Side,Headlight,Major,185846,155884,Yes,Approved
C00280,V0031,D0357,T07362,2025-12-11T16:39:00,Kollam,Heavy Rain,Slippery,Single Vehicle,Headlight,Minor,69853,61732,Yes,Under Review
C00281,V0194,D0600,T05061,2025-02-27T10:58:00,Kozhikode,Heavy Rain,Slippery,Single Vehicle,Door,Moderate,119695,97906,No,Approved
C00282,V0045,D0022,T09987,2025-03-30T01:26:00,Alappuzha,Fog,Slippery,Head-on,Headlight,Minor,213753,180188,No,Approved
C00283,V0410,D0220,T01132,2025-12-10T16:49:00,Alappuzha,Heavy Rain,Wet,Head-on,Front Bumper,Major,87403,80925,No,Approved
C00284,V0443,D0670,T03099,2025-12-05T04:11:00,Thrissur,Cloudy,Slippery,Single Vehicle,Engine Bay,Moderate,94850,94140,No,Rejected
C00285,V0077,D0149,T07454,2025-02-03T13:23:00,Alappuzha,Sunny,Dry,Rear-end,Front Bumper,Minor,180548,160159,No,Under Review
C00286,V0105,D0567,T05338,2025-01-13T22:29:00,Palakkad,Rain,Slippery,Single Vehicle,Front Bumper,Moderate,31403,30215,No,Under Review
C00287,V0073,D0370,T09614,2025-09-07T18:02:00,Kollam,Cloudy,Wet,Single Vehicle,Door,Moderate,171214,147007,No,Under Review
C00288,V0062,D0367,T03829,2025-07-30T15:05:00,Thrissur,Cloudy,Slippery,Head-on,Windshield,Major,94676,91080,No,Under Review
C00289,V0135,D0429,T01525,2025-02-19T16:15:00,Kochi,Rain,Dry,Side,Rear Bumper,Minor,219763,184625,No,Rejected
C00290,V0076,D0611,T00089,2025-07-04T16:43:00,Kollam,Fog,Wet,Single Vehicle,Headlight,Moderate,13521,12297,No,Under Review
C00291,V0037,D0489,T07918,2025-10-03T16:47:00,Thrissur,Sunny,Dry,Single Vehicle,Rear Bumper,Moderate,174721,159585,Yes,Rejected
C00292,V0285,D0552,T00003,2025-02-26T17:24:00,Kozhikode,Sunny,Dry,Rear-end,Front Bumper,Moderate,121057,108794,No,Under Review
C00293,V0411,D0660,T05336,2025-12-14T15:32:00,Thrissur,Rain,Dry,Head-on,Front Bumper,Major,19855,16486,No,Under Review
C00294,V0484,D0255,T04341,2025-12-04T09:27:00,Alappuzha,Heavy Rain,Slippery,Side,Door,Major,248039,243144,Yes,Under Review
C00295,V0157,D0441,T05773,2025-11-07T21:06:00,Kozhikode,Sunny,Wet,Head-on,Headlight,Minor,78213,65599,No,Approved
C00296,V0394,D0364,T02889,2025-08-10T23:47:00,Kozhikode,Cloudy,Dry,Rear-end,Headlight,Moderate,220820,185592,Yes,Under Review
C00297,V0379,D0331,T02847,2025-02-10T11:12:00,Kochi,Rain,Dry,Rear-end,Windshield,Moderate,180722,176574,No,Rejected
C00298,V0233,D0628,T01435,2025-08-16T16:44:00,Alappuzha,Fog,Dry,Head-on,Door,Moderate,177463,151131,Yes,Approved
C00299,V0356,D0596,T02285,2025-02-12T00:34:00,Thrissur,Heavy Rain,Wet,Single Vehicle,Front Bumper,Minor,115430,97861,No,Under Review
C00300,V0097,D0179,T07630,2025-03-23T19:05:00,Thrissur,Heavy Rain,Wet,Rear-end,Door,Moderate,108556,94085,Yes,Under Review
C00301,V0147,D0562,T06507,2025-03-31T23:44:00,Palakkad,Heavy Rain,Slippery,Side,Door,Minor,153909,143491,Yes,Approved
C00302,V0323,D0174,T01605,2025-03-16T14:18:00,Alappuzha,Cloudy,Dry,Single Vehicle,Headlight,Moderate,241863,197431,Yes,Approved
C00303,V0481,D0685,T00820,2025-09-18T17:34:00,Alappuzha,Rain,Wet,Side,Windshield,Moderate,160660,153199,No,Rejected
C00304,V0241,D0002,T07663,2025-12-10T15:58:00,Thrissur,Fog,Slippery,Side,Door,Moderate,186606,173595,Yes,Under Review
C00305,V0056,D0232,T03835,2025-03-25T20:53:00,Thrissur,Fog,Slippery,Rear-end,Rear Bumper,Major,121921,108116,No,Approved
C00306,V0383,D0181,T03774,2025-04-22T08:51:00,Alappuzha,Rain,Wet,Head-on,Windshield,Moderate,196118,179928,No,Rejected
C00307,V0125,D0684,T05478,2025-03-28T13:54:00,Kollam,Sunny,Slippery,Head-on,Front Bumper,Moderate,231308,229677,No,Under Review
C00308,V0405,D0397,T09351,2025-07-20T01:58:00,Alappuzha,Rain,Wet,Head-on,Front Bumper,Minor,34907,28937,No,Rejected
C00309,V0374,D0206,T08451,2025-04-05T21:33:00,Thrissur,Rain,Slippery,Single Vehicle,Headlight,Minor,167156,154449,Yes,Under Review
C00310,V0457,D0170,T08469,2025-08-18T03:30:00,Kochi,Rain,Wet,Side,Windshield,Moderate,189079,177905,Yes,Rejected
C00311,V0434,D0114,T08516,2025-03-12T21:39:00,Palakkad,Rain,Wet,Head-on,Rear Bumper,Moderate,105882,99293,No,Approved
C00312,V0433,D0439,T01065,2025-03-31T11:33:00,Kozhikode,Rain,Wet,Side,Windshield,Moderate,154163,147229,Yes,Under Review
C00313,V0288,D0602,T08429,2025-12-01T01:32:00,Kozhikode,Fog,Wet,Rear-end,Headlight,Minor,127810,127561,No,Approved
C00314,V0479,D0214,T04934,2025-03-21T01:07:00,Palakkad,Rain,Slippery,Side,Windshield,Major,49971,49259,No,Approved
C00315,V0494,D0092,T08717,2025-08-09T23:37:00,Kozhikode,Heavy Rain,Wet,Single Vehicle,Rear Bumper,Major,206871,175827,No,Approved
C00316,V0032,D0005,T06915,2025-03-13T04:57:00,Kollam,Heavy Rain,Wet,Rear-end,Door,Major,70528,57191,Yes,Approved
C00317,V0163,D0209,T09131,2025-02-13T05:09:00,Kollam,Heavy Rain,Slippery,Side,Headlight,Major,26162,22781,No,Rejected
C00318,V0409,D0124,T07258,2025-06-21T15:03:00,Thrissur,Fog,Dry,Single Vehicle,Windshield,Moderate,107165,91664,No,Under Review
C00319,V0483,D0001,T05052,2025-08-24T10:02:00,Kozhikode,Fog,Wet,Head-on,Headlight,Moderate,238825,236796,No,Approved
C00320,V0088,D0480,T04519,2025-08-09T22:51:00,Kollam,Heavy Rain,Slippery,Single Vehicle,Door,Moderate,144011,125992,No,Rejected
C00321,V0265,D0357,T02669,2025-06-27T16:27:00,Thrissur,Sunny,Dry,Single Vehicle,Door,Major,54325,46282,Yes,Rejected
C00322,V0344,D0360,T07217,2025-08-30T03:40:00,Kochi,Fog,Dry,Head-on,Windshield,Minor,51757,43929,No,Rejected
C00323,V0446,D0531,T08401,2025-10-02T04:45:00,Kochi,Cloudy,Slippery,Rear-end,Windshield,Minor,62703,50704,No,Rejected
C00324,V0214,D0515,T02061,2025-10-12T00:02:00,Kollam,Cloudy,Dry,Head-on,Door,Major,140269,135606,No,Under Review
C00325,V0257,D0600,T08437,2025-10-03T04:43:00,Thrissur,Sunny,Slippery,Side,Windshield,Moderate,101441,95069,No,Under Review
C00326,V0084,D0152,T02767,2025-10-31T19:00:00,Kollam,Cloudy,Wet,Head-on,Door,Minor,42668,37084,No,Rejected
C00327,V0236,D0193,T03102,2025-10-15T13:22:00,Thrissur,Heavy Rain,Wet,Head-on,Rear Bumper,Moderate,196817,170657,No,Approved
C00328,V0103,D0517,T03687,2025-12-26T20:22:00,Palakkad,Cloudy,Dry,Rear-end,Headlight,Major,210102,204494,No,Approved
C00329,V0379,D0615,T05872,2025-11-24T18:46:00,Kozhikode,Rain,Wet,Rear-end,Engine Bay,Major,140239,115738,No,Approved
C00330,V0330,D0112,T08697,2025-05-27T05:12:00,Kochi,Sunny,Wet,Rear-end,Door,Minor,107160,89886,Yes,Under Review
C00331,V0349,D0653,T08230,2025-10-05T00:01:00,Kozhikode,Fog,Dry,Side,Engine Bay,Moderate,236623,210753,No,Rejected
C00332,V0220,D0431,T03815,2025-03-17T19:06:00,Kozhikode,Fog,Dry,Head-on,Headlight,Moderate,38740,36893,No,Under Review
C00333,V0499,D0164,T09067,2025-11-05T17:38:00,Alappuzha,Sunny,Slippery,Rear-end,Front Bumper,Moderate,247991,233450,Yes,Under Review
C00334,V0180,D0617,T00836,2025-10-01T15:22:00,Kochi,Sunny,Slippery,Rear-end,Door,Minor,215693,190252,No,Under Review
C00335,V0315,D0033,T04392,2025-02-10T11:53:00,Kochi,Sunny,Wet,Head-on,Front Bumper,Moderate,62364,60901,No,Under Review
C00336,V0412,D0606,T02590,2025-09-11T13:35:00,Alappuzha,Cloudy,Dry,Side,Headlight,Moderate,228528,190733,No,Approved
C00337,V0402,D0658,T02945,2025-02-02T03:01:00,Kollam,Heavy Rain,Wet,Rear-end,Windshield,Minor,71287,59770,Yes,Approved
C00338,V0120,D0549,T07926,2025-12-27T15:19:00,Palakkad,Rain,Wet,Rear-end,Rear Bumper,Major,170696,161956,Yes,Rejected
C00339,V0015,D0540,T04620,2025-04-30T00:57:00,Alappuzha,Sunny,Dry,Side,Front Bumper,Moderate,13049,11183,No,Rejected
C00340,V0477,D0201,T04186,2025-11-12T10:07:00,Kozhikode,Heavy Rain,Dry,Single Vehicle,Rear Bumper,Minor,48427,42527,No,Rejected
C00341,V0415,D0353,T02995,2025-01-30T05:53:00,Kollam,Cloudy,Dry,Rear-end,Engine Bay,Major,248150,219651,Yes,Rejected
C00342,V0048,D0175,T04374,2025-10-30T10:51:00,Kollam,Rain,Dry,Side,Rear Bumper,Moderate,194535,171170,No,Rejected
C00343,V0034,D0032,T03774,2025-11-24T20:54:00,Kochi,Sunny,Slippery,Head-on,Rear Bumper,Moderate,16797,15687,No,Approved
C00344,V0292,D0557,T08500,2025-04-03T03:33:00,Kochi,Heavy Rain,Dry,Single Vehicle,Door,Moderate,96946,87509,Yes,Rejected
C00345,V0162,D0645,T05506,2025-08-17T13:49:00,Alappuzha,Rain,Dry,Single Vehicle,Rear Bumper,Major,96222,93346,No,Under Review
C00346,V0073,D0322,T01922,2025-04-09T12:33:00,Kochi,Heavy Rain,Wet,Rear-end,Windshield,Minor,221439,189839,No,Under Review
C00347,V0132,D0365,T03112,2025-09-13T13:02:00,Kochi,Heavy Rain,Slippery,Rear-end,Windshield,Minor,178546,163270,No,Rejected
C00348,V0339,D0359,T05864,2025-12-18T20:14:00,Kollam,Rain,Wet,Single Vehicle,Door,Moderate,113468,99904,No,Under Review
C00349,V0434,D0570,T04081,2025-10-02T00:27:00,Kollam,Sunny,Slippery,Rear-end,Door,Minor,228869,218841,Yes,Rejected
C00350,V0317,D0029,T06751,2025-01-02T03:25:00,Kozhikode,Rain,Slippery,Single Vehicle,Engine Bay,Moderate,91133,81301,No,Approved
C00351,V0031,D0045,T08273,2025-11-18T05:45:00,Kozhikode,Heavy Rain,Dry,Side,Windshield,Major,168227,146441,Yes,Rejected
C00352,V0089,D0465,T00521,2025-09-04T05:42:00,Kochi,Sunny,Wet,Single Vehicle,Engine Bay,Minor,41276,36812,No,Under Review
C00353,V0490,D0039,T00744,2025-10-23T22:05:00,Alappuzha,Sunny,Slippery,Single Vehicle,Headlight,Minor,180810,177306,No,Rejected
C00354,V0169,D0600,T03999,2025-05-18T20:24:00,Alappuzha,Fog,Wet,Head-on,Front Bumper,Minor,88816,86150,No,Approved
C00355,V0096,D0579,T06068,2025-12-26T06:26:00,Kochi,Cloudy,Slippery,Rear-end,Windshield,Moderate,171041,165352,No,Rejected
C00356,V0303,D0599,T01700,2025-10-15T02:52:00,Kollam,Heavy Rain,Wet,Rear-end,Door,Minor,172954,152105,No,Rejected
C00357,V0034,D0274,T02710,2025-05-12T21:17:00,Alappuzha,Heavy Rain,Slippery,Head-on,Rear Bumper,Minor,109610,100360,No,Under Review
C00358,V0327,D0685,T06221,2025-10-18T12:12:00,Kollam,Rain,Wet,Single Vehicle,Rear Bumper,Minor,182659,149607,Yes,Rejected
C00359,V0170,D0402,T06456,2025-11-20T19:05:00,Alappuzha,Cloudy,Wet,Single Vehicle,Windshield,Minor,140641,126590,Yes,Approved
C00360,V0488,D0415,T05819,2025-08-28T07:03:00,Kozhikode,Cloudy,Dry,Side,Rear Bumper,Moderate,130247,111653,No,Approved
C00361,V0343,D0275,T05283,2025-11-11T10:12:00,Palakkad,Fog,Wet,Head-on,Headlight,Minor,175846,142564,No,Approved
C00362,V0303,D0694,T00725,2025-04-08T05:25:00,Kochi,Rain,Wet,Head-on,Rear Bumper,Minor,17148,13785,No,Approved
C00363,V0472,D0200,T04059,2025-02-19T01:22:00,Kollam,Cloudy,Wet,Side,Front Bumper,Moderate,194979,159689,No,Rejected
C00364,V0297,D0354,T01307,2025-08-03T04:37:00,Thrissur,Fog,Dry,Head-on,Front Bumper,Moderate,82399,76347,Yes,Under Review
C00365,V0377,D0365,T07967,2025-10-09T22:26:00,Thrissur,Cloudy,Slippery,Single Vehicle,Rear Bumper,Minor,72747,65216,No,Approved
C00366,V0077,D0675,T03610,2025-05-17T00:09:00,Kochi,Cloudy,Wet,Head-on,Engine Bay,Minor,204648,169434,No,Approved
C00367,V0271,D0498,T00077,2025-08-04T04:09:00,Palakkad,Fog,Wet,Head-on,Rear Bumper,Major,116466,93194,No,Under Review
C00368,V0495,D0257,T01045,2025-02-22T06:28:00,Kozhikode,Rain,Dry,Single Vehicle,Windshield,Moderate,189187,163632,Yes,Approved
C00369,V0073,D0614,T00955,2025-09-18T06:52:00,Kochi,Cloudy,Slippery,Side,Windshield,Moderate,178888,149231,Yes,Approved
C00370,V0242,D0299,T03452,2025-11-25T09:01:00,Kochi,Sunny,Slippery,Rear-end,Windshield,Minor,155769,138242,No,Under Review
C00371,V0153,D0536,T06929,2025-02-01T05:53:00,Kozhikode,Sunny,Dry,Single Vehicle,Windshield,Minor,22730,20173,Yes,Under Review
C00372,V0262,D0519,T06056,2025-05-13T19:07:00,Kozhikode,Sunny,Wet,Head-on,Engine Bay,Minor,225895,215911,Yes,Approved
C00373,V0259,D0597,T00033,2025-01-13T14:08:00,Palakkad,Heavy Rain,Slippery,Single Vehicle,Rear Bumper,Moderate,89422,79003,No,Rejected
C00374,V0288,D0210,T07882,2025-05-20T06:03:00,Kochi,Rain,Dry,Single Vehicle,Headlight,Major,240594,230581,No,Approved
C00375,V0146,D0244,T08019,2025-06-19T05:00:00,Kozhikode,Fog,Wet,Single Vehicle,Rear Bumper,Minor,217965,180927,Yes,Under Review
C00376,V0294,D0448,T08824,2025-11-22T00:13:00,Kollam,Cloudy,Slippery,Side,Front Bumper,Moderate,135306,131808,No,Approved
C00377,V0344,D0082,T00186,2025-08-17T08:33:00,Kozhikode,Cloudy,Dry,Rear-end,Rear Bumper,Moderate,123304,119243,Yes,Rejected
C00378,V0417,D0580,T06941,2025-05-05T04:13:00,Kochi,Rain,Wet,Rear-end,Engine Bay,Moderate,49483,41647,No,Rejected
C00379,V0092,D0149,T00986,2025-08-30T09:43:00,Alappuzha,Cloudy,Dry,Head-on,Headlight,Major,206503,174753,Yes,Under Review
C00380,V0293,D0520,T03278,2025-12-04T22:14:00,Kozhikode,Fog,Slippery,Single Vehicle,Rear Bumper,Minor,57334,46998,Yes,Under Review
C00381,V0411,D0592,T08001,2025-09-19T12:42:00,Kozhikode,Heavy Rain,Wet,Rear-end,Headlight,Minor,195549,191831,No,Rejected
C00382,V0297,D0029,T08319,2025-08-23T17:25:00,Palakkad,Fog,Slippery,Side,Door,Minor,181094,174060,No,Approved
C00383,V0314,D0610,T07875,2025-06-13T14:39:00,Kochi,Rain,Wet,Side,Headlight,Minor,78344,71367,No,Approved
C00384,V0247,D0006,T09825,2025-07-16T15:48:00,Kozhikode,Sunny,Wet,Side,Door,Major,150514,130834,No,Approved
C00385,V0308,D0477,T00913,2025-10-29T21:30:00,Kozhikode,Cloudy,Slippery,Side,Windshield,Minor,87516,85843,No,Under Review
C00386,V0476,D0063,T06136,2025-12-22T12:44:00,Kollam,Rain,Slippery,Side,Door,Major,91062,80382,Yes,Rejected
C00387,V0168,D0324,T06206,2025-08-29T21:26:00,Alappuzha,Fog,Wet,Side,Front Bumper,Minor,144580,122939,No,Under Review
C00388,V0207,D0658,T07966,2025-12-29T04:41:00,Kollam,Rain,Wet,Rear-end,Windshield,Major,186708,166258,No,Approved
C00389,V0260,D0488,T08291,2025-03-25T18:09:00,Kollam,Cloudy,Wet,Side,Headlight,Major,187656,157107,Yes,Rejected
C00390,V0106,D0658,T06267,2025-02-03T03:16:00,Thrissur,Rain,Dry,Side,Engine Bay,Minor,214858,195103,No,Approved
C00391,V0256,D0223,T09004,2025-04-17T20:01:00,Kollam,Heavy Rain,Dry,Rear-end,Door,Minor,10670,10190,Yes,Rejected
C00392,V0357,D0145,T04733,2025-06-16T20:41:00,Kochi,Heavy Rain,Dry,Single Vehicle,Rear Bumper,Minor,249859,208979,No,Rejected
C00393,V0271,D0241,T06682,2025-06-26T04:10:00,Palakkad,Heavy Rain,Slippery,Single Vehicle,Front Bumper,Moderate,111772,91859,No,Approved
C00394,V0420,D0088,T08517,2025-07-25T07:54:00,Kozhikode,Sunny,Dry,Rear-end,Front Bumper,Major,238698,206804,Yes,Rejected
C00395,V0170,D0583,T06164,2025-07-04T17:50:00,Thrissur,Rain,Dry,Rear-end,Door,Moderate,172708,148874,No,Under Review
C00396,V0418,D0413,T01155,2025-07-22T04:47:00,Palakkad,Fog,Dry,Head-on,Engine Bay,Moderate,207500,205768,No,Rejected
C00397,V0009,D0156,T09975,2025-09-07T16:03:00,Kollam,Cloudy,Slippery,Single Vehicle,Front Bumper,Moderate,161431,141362,No,Under Review
C00398,V0392,D0370,T07306,2025-10-19T11:27:00,Kollam,Rain,Wet,Side,Engine Bay,Minor,243640,241997,No,Rejected
C00399,V0108,D0159,T07138,2025-12-24T08:13:00,Kochi,Cloudy,Wet,Side,Windshield,Moderate,98534,80752,No,Approved
C00400,V0286,D0287,T08408,2025-02-08T19:53:00,Palakkad,Sunny,Dry,Side,Door,Moderate,161657,153391,No,Under Review
C00401,V0495,D0321,T06078,2025-06-22T07:15:00,Alappuzha,Rain,Slippery,Rear-end,Headlight,Major,170165,165024,No,Approved
C00402,V0101,D0309,T00141,2025-03-30T13:10:00,Thrissur,Heavy Rain,Dry,Head-on,Engine Bay,Moderate,129130,108419,Yes,Under Review
C00403,V0237,D0043,T06854,2025-10-05T22:00:00,Kollam,Fog,Slippery,Side,Door,Minor,129105,108258,No,Under Review
C00404,V0071,D0562,T05700,2025-12-24T12:05:00,Kochi,Fog,Wet,Single Vehicle,Rear Bumper,Major,244442,206577,Yes,Under Review
C00405,V0372,D0237,T08477,2025-04-05T20:47:00,Kollam,Cloudy,Dry,Rear-end,Door,Major,154712,132191,Yes,Rejected
C00406,V0213,D0186,T01235,2025-09-20T22:32:00,Kochi,Sunny,Wet,Side,Windshield,Moderate,68761,67658,No,Approved
C00407,V0213,D0194,T09744,2025-02-15T12:09:00,Kozhikode,Sunny,Slippery,Side,Rear Bumper,Minor,17912,14471,Yes,Under Review
C00408,V0088,D0051,T06782,2025-12-18T04:08:00,Alappuzha,Fog,Dry,Rear-end,Windshield,Major,171109,151972,Yes,Rejected
C00409,V0298,D0363,T03383,2025-04-10T12:29:00,Kochi,Fog,Wet,Single Vehicle,Windshield,Major,175897,151333,No,Under Review
C00410,V0081,D0373,T00051,2025-06-22T15:02:00,Kollam,Cloudy,Dry,Head-on,Headlight,Minor,242774,219024,No,Rejected
C00411,V0388,D0097,T08085,2025-08-24T02:52:00,Kochi,Fog,Dry,Head-on,Engine Bay,Minor,91315,78881,No,Approved
C00412,V0061,D0120,T03535,2025-01-12T16:04:00,Kozhikode,Rain,Wet,Head-on,Door,Moderate,34339,32731,No,Under Review
C00413,V0451,D0396,T00697,2025-07-01T09:23:00,Kochi,Cloudy,Wet,Single Vehicle,Rear Bumper,Moderate,203848,197795,No,Approved
C00414,V0272,D0122,T02689,2025-12-18T03:10:00,Kozhikode,Cloudy,Dry,Single Vehicle,Headlight,Major,239634,199825,No,Rejected
C00415,V0247,D0613,T08120,2025-12-11T22:39:00,Kollam,Rain,Slippery,Head-on,Door,Moderate,11036,8845,No,Approved
C00416,V0200,D0276,T03439,2025-07-07T00:34:00,Alappuzha,Sunny,Dry,Side,Door,Major,61475,57651,No,Under Review
C00417,V0016,D0174,T05076,2025-06-09T16:29:00,Palakkad,Heavy Rain,Wet,Rear-end,Door,Minor,21984,21182,No,Under Review
C00418,V0182,D0130,T01379,2025-05-16T03:28:00,Kozhikode,Fog,Slippery,Rear-end,Front Bumper,Minor,218895,176401,Yes,Approved
C00419,V0326,D0313,T09626,2025-01-21T01:31:00,Palakkad,Cloudy,Slippery,Side,Engine Bay,Moderate,142382,133226,No,Rejected
C00420,V0158,D0439,T07409,2025-07-25T17:26:00,Thrissur,Heavy Rain,Slippery,Single Vehicle,Rear Bumper,Minor,114359,93957,No,Under Review
C00421,V0240,D0599,T01704,2025-10-01T05:13:00,Kochi,Sunny,Wet,Side,Door,Major,203926,203914,No,Approved
C00422,V0496,D0655,T05969,2025-09-07T21:38:00,Kochi,Cloudy,Dry,Single Vehicle,Front Bumper,Major,85588,83256,No,Approved
C00423,V0116,D0228,T05379,2025-11-01T17:24:00,Palakkad,Rain,Wet,Rear-end,Rear Bumper,Minor,202757,181678,No,Rejected
C00424,V0376,D0217,T00282,2025-06-12T10:20:00,Kollam,Sunny,Dry,Rear-end,Headlight,Major,216231,181552,No,Approved
C00425,V0234,D0250,T00179,2025-09-15T05:49:00,Palakkad,Heavy Rain,Slippery,Rear-end,Windshield,Moderate,244897,227919,No,Under Review
C00426,V0396,D0330,T00606,2025-12-19T16:20:00,Alappuzha,Heavy Rain,Dry,Rear-end,Headlight,Minor,29042,25240,No,Approved
C00427,V0175,D0220,T03222,2025-01-28T23:38:00,Kollam,Heavy Rain,Slippery,Single Vehicle,Front Bumper,Minor,180927,167966,No,Rejected
C00428,V0267,D0070,T00209,2025-03-14T13:11:00,Kochi,Rain,Dry,Head-on,Windshield,Minor,30472,25842,No,Approved
C00429,V0495,D0348,T08281,2025-11-12T23:18:00,Alappuzha,Rain,Slippery,Rear-end,Door,Moderate,198732,173981,No,Rejected
C00430,V0030,D0090,T07694,2025-06-11T19:53:00,Palakkad,Rain,Wet,Rear-end,Engine Bay,Moderate,17959,14372,No,Approved
C00431,V0205,D0296,T00572,2025-08-17T05:46:00,Alappuzha,Sunny,Slippery,Side,Front Bumper,Moderate,190494,188181,No,Rejected
C00432,V0057,D0327,T06070,2025-02-14T16:05:00,Alappuzha,Cloudy,Dry,Rear-end,Door,Major,133368,112444,Yes,Under Review
C00433,V0014,D0194,T06022,2025-09-09T22:52:00,Kochi,Sunny,Slippery,Rear-end,Headlight,Moderate,144004,126393,No,Under Review
C00434,V0431,D0542,T05745,2025-04-22T13:09:00,Kochi,Cloudy,Slippery,Head-on,Door,Moderate,43087,35556,No,Rejected
C00435,V0424,D0423,T06498,2025-04-01T07:54:00,Kollam,Cloudy,Slippery,Head-on,Headlight,Major,171068,156360,No,Approved
C00436,V0087,D0600,T00327,2025-05-06T11:55:00,Thrissur,Rain,Wet,Rear-end,Door,Moderate,47266,41928,No,Approved
C00437,V0179,D0003,T04887,2025-04-29T23:38:00,Kollam,Sunny,Slippery,Side,Front Bumper,Minor,207496,178611,No,Under Review
C00438,V0191,D0017,T03495,2025-04-21T03:06:00,Kochi,Heavy Rain,Slippery,Head-on,Engine Bay,Moderate,164348,161706,No,Rejected
C00439,V0407,D0441,T01031,2025-04-29T06:37:00,Alappuzha,Rain,Dry,Single Vehicle,Windshield,Minor,162821,149303,No,Approved
C00440,V0012,D0444,T02600,2025-11-08T14:14:00,Palakkad,Heavy Rain,Wet,Side,Windshield,Major,121111,114574,No,Under Review
C00441,V0450,D0204,T00977,2025-09-03T10:33:00,Kozhikode,Rain,Dry,Side,Windshield,Minor,19314,18863,No,Approved
C00442,V0354,D0326,T00607,2025-09-19T07:03:00,Alappuzha,Fog,Dry,Side,Door,Minor,166414,157461,No,Rejected
C00443,V0416,D0659,T06780,2025-05-24T15:39:00,Kozhikode,Rain,Wet,Head-on,Door,Moderate,143361,124540,No,Approved
C00444,V0277,D0255,T06497,2025-08-03T12:05:00,Kozhikode,Fog,Dry,Rear-end,Engine Bay,Moderate,208213,203250,No,Under Review
C00445,V0062,D0222,T05305,2025-04-04T15:29:00,Thrissur,Cloudy,Wet,Single Vehicle,Door,Moderate,14580,13759,Yes,Under Review
C00446,V0467,D0525,T01857,2025-03-21T05:59:00,Alappuzha,Heavy Rain,Wet,Single Vehicle,Windshield,Major,28638,28156,Yes,Approved
C00447,V0029,D0415,T04788,2025-06-10T20:09:00,Palakkad,Rain,Wet,Head-on,Engine Bay,Minor,29343,28598,No,Under Review
C00448,V0254,D0430,T03607,2025-07-13T16:10:00,Kozhikode,Rain,Slippery,Single Vehicle,Door,Major,93716,76647,Yes,Approved
C00449,V0200,D0431,T05400,2025-10-22T06:17:00,Kozhikode,Rain,Wet,Rear-end,Engine Bay,Minor,85555,72888,No,Under Review
C00450,V0162,D0598,T00339,2025-03-11T04:19:00,Kozhikode,Sunny,Dry,Head-on,Rear Bumper,Moderate,51222,40993,No,Approved
C00451,V0489,D0341,T07789,2025-10-02T16:08:00,Palakkad,Fog,Dry,Head-on,Door,Minor,216820,201692,No,Approved
C00452,V0268,D0415,T00607,2025-11-20T07:05:00,Kollam,Rain,Dry,Head-on,Windshield,Major,186000,160645,No,Rejected
C00453,V0201,D0156,T00419,2025-04-16T03:59:00,Alappuzha,Sunny,Slippery,Side,Door,Minor,181403,159185,No,Under Review
C00454,V0169,D0360,T03127,2025-05-29T22:41:00,Palakkad,Rain,Wet,Side,Windshield,Major,181963,174745,No,Approved
C00455,V0196,D0300,T05902,2025-03-02T16:13:00,Kochi,Cloudy,Wet,Single Vehicle,Front Bumper,Minor,96717,89549,No,Under Review
C00456,V0491,D0176,T03804,2025-06-21T23:57:00,Kozhikode,Heavy Rain,Wet,Rear-end,Engine Bay,Moderate,13298,10943,No,Approved
C00457,V0356,D0410,T08878,2025-10-23T20:23:00,Kollam,Sunny,Slippery,Side,Headlight,Major,233502,201328,No,Under Review
C00458,V0307,D0627,T06897,2025-09-02T20:48:00,Palakkad,Rain,Slippery,Single Vehicle,Door,Moderate,13716,11504,Yes,Rejected
C00459,V0203,D0403,T02413,2025-12-22T08:30:00,Palakkad,Cloudy,Slippery,Rear-end,Windshield,Minor,104307,89466,Yes,Approved
C00460,V0400,D0502,T07937,2025-02-16T20:36:00,Kochi,Fog,Wet,Rear-end,Front Bumper,Moderate,72521,68931,No,Rejected
C00461,V0015,D0374,T08473,2025-02-21T07:55:00,Kochi,Heavy Rain,Wet,Side,Rear Bumper,Minor,137070,114014,Yes,Under Review
C00462,V0150,D0215,T03154,2025-02-27T15:57:00,Kollam,Rain,Dry,Head-on,Engine Bay,Minor,11645,9341,No,Approved
C00463,V0280,D0698,T05888,2025-12-06T21:01:00,Kozhikode,Heavy Rain,Dry,Side,Rear Bumper,Minor,75864,64649,Yes,Under Review
C00464,V0248,D0303,T08857,2025-09-29T20:41:00,Kollam,Cloudy,Wet,Rear-end,Engine Bay,Minor,62332,56394,Yes,Under Review
C00465,V0311,D0263,T05104,2025-10-07T21:32:00,Kollam,Heavy Rain,Dry,Rear-end,Headlight,Minor,146957,123338,Yes,Approved
C00466,V0301,D0049,T08095,2025-08-22T10:35:00,Kollam,Heavy Rain,Wet,Head-on,Headlight,Major,138450,123255,Yes,Rejected
C00467,V0283,D0605,T00008,2025-02-09T19:55:00,Alappuzha,Heavy Rain,Dry,Side,Headlight,Major,175411,148393,Yes,Under Review
C00468,V0453,D0652,T00011,2025-07-27T05:00:00,Thrissur,Sunny,Slippery,Single Vehicle,Door,Minor,156626,151010,No,Rejected
C00469,V0099,D0622,T09291,2025-12-04T06:43:00,Kollam,Sunny,Slippery,Rear-end,Engine Bay,Major,19826,17009,No,Rejected
C00470,V0457,D0601,T06972,2025-07-28T21:51:00,Kochi,Rain,Slippery,Single Vehicle,Door,Minor,168186,155043,No,Approved
C00471,V0293,D0383,T05531,2025-04-07T05:45:00,Alappuzha,Heavy Rain,Slippery,Rear-end,Windshield,Minor,242005,205950,Yes,Rejected
C00472,V0207,D0595,T01541,2025-05-14T02:42:00,Kozhikode,Cloudy,Slippery,Head-on,Windshield,Major,137409,114007,No,Rejected
C00473,V0112,D0214,T06261,2025-02-03T10:15:00,Kozhikode,Fog,Wet,Single Vehicle,Front Bumper,Major,36957,33419,No,Rejected
C00474,V0493,D0323,T09371,2025-05-28T01:37:00,Kozhikode,Heavy Rain,Dry,Side,Front Bumper,Moderate,79263,68969,No,Approved
C00475,V0012,D0111,T04916,2025-07-15T06:42:00,Alappuzha,Cloudy,Slippery,Head-on,Door,Minor,98719,94175,No,Rejected
C00476,V0454,D0443,T01256,2025-12-28T13:07:00,Alappuzha,Rain,Dry,Head-on,Headlight,Moderate,36300,31922,No,Under Review
C00477,V0017,D0448,T08529,2025-01-21T09:58:00,Thrissur,Sunny,Dry,Side,Door,Major,50533,47802,No,Approved
C00478,V0009,D0558,T09150,2025-04-24T21:24:00,Alappuzha,Fog,Slippery,Single Vehicle,Door,Moderate,194014,175270,No,Approved
C00479,V0160,D0067,T01863,2025-05-28T17:31:00,Kochi,Sunny,Dry,Rear-end,Front Bumper,Moderate,216925,175984,No,Under Review
C00480,V0207,D0454,T08839,2025-01-06T10:02:00,Thrissur,Heavy Rain,Wet,Head-on,Engine Bay,Major,209593,197631,No,Approved
C00481,V0098,D0351,T05328,2025-12-31T16:26:00,Thrissur,Heavy Rain,Dry,Rear-end,Door,Minor,33106,31832,No,Approved
C00482,V0441,D0350,T05554,2025-06-17T14:12:00,Thrissur,Heavy Rain,Wet,Side,Windshield,Minor,35475,28783,Yes,Under Review
C00483,V0196,D0389,T06140,2025-06-17T06:31:00,Kochi,Heavy Rain,Slippery,Side,Rear Bumper,Major,174922,160885,No,Under Review
C00484,V0342,D0164,T02727,2025-01-16T01:23:00,Kozhikode,Sunny,Dry,Rear-end,Windshield,Minor,188600,182149,No,Rejected
C00485,V0025,D0365,T09042,2025-08-20T15:51:00,Kollam,Rain,Wet,Head-on,Engine Bay,Moderate,131648,113637,Yes,Under Review
C00486,V0029,D0627,T06344,2025-08-06T05:50:00,Kochi,Heavy Rain,Slippery,Rear-end,Headlight,Minor,171468,160382,No,Under Review
C00487,V0311,D0422,T00726,2025-01-30T19:26:00,Thrissur,Rain,Wet,Single Vehicle,Windshield,Minor,72536,67958,No,Rejected
C00488,V0187,D0391,T09297,2025-05-26T10:14:00,Kollam,Cloudy,Wet,Single Vehicle,Door,Major,189608,157352,No,Under Review
C00489,V0123,D0267,T01810,2025-11-23T23:48:00,Kozhikode,Fog,Wet,Head-on,Headlight,Moderate,60492,58344,No,Rejected
C00490,V0277,D0676,T02368,2025-12-23T13:38:00,Kollam,Heavy Rain,Dry,Head-on,Windshield,Moderate,142481,136899,No,Approved
C00491,V0032,D0253,T05122,2025-03-07T04:10:00,Alappuzha,Heavy Rain,Wet,Side,Rear Bumper,Minor,240836,212443,No,Approved
C00492,V0002,D0324,T08239,2025-04-13T07:29:00,Palakkad,Fog,Dry,Rear-end,Headlight,Moderate,56587,51988,No,Approved
C00493,V0013,D0644,T06274,2025-02-08T05:18:00,Alappuzha,Rain,Wet,Side,Headlight,Minor,177748,168447,No,Rejected
C00494,V0108,D0525,T07421,2025-06-01T04:59:00,Alappuzha,Cloudy,Dry,Head-on,Rear Bumper,Major,166106,136930,Yes,Rejected
C00495,V0367,D0375,T02449,2025-05-17T02:50:00,Palakkad,Cloudy,Slippery,Side,Door,Major,141612,114902,No,Under Review
C00496,V0115,D0019,T03881,2025-07-29T10:44:00,Kochi,Heavy Rain,Wet,Rear-end,Engine Bay,Major,234839,198882,No,Under Review
C00497,V0363,D0614,T02508,2025-05-06T20:29:00,Thrissur,Sunny,Wet,Single Vehicle,Windshield,Minor,174440,164117,No,Under Review
C00498,V0203,D0610,T05192,2025-11-11T05:17:00,Alappuzha,Heavy Rain,Slippery,Rear-end,Headlight,Major,11616,10621,No,Approved
C00499,V0191,D0618,T09282,2025-03-18T01:26:00,Palakkad,Cloudy,Dry,Single Vehicle,Headlight,Moderate,127731,119916,No,Rejected
C00500,V0051,D0220,T02344,2025-04-06T22:46:00,Palakkad,Rain,Dry,Side,Rear Bumper,Major,41321,34242,No,Under Review
C00501,V0448,D0665,T05375,2025-03-13T00:36:00,Thrissur,Cloudy,Wet,Side,Rear Bumper,Major,222244,210572,No,Under Review
C00502,V0279,D0342,T06093,2025-12-21T09:11:00,Alappuzha,Heavy Rain,Wet,Side,Rear Bumper,Minor,68118,63494,Yes,Under Review
C00503,V0107,D0420,T04606,2025-12-06T08:11:00,Kozhikode,Sunny,Slippery,Head-on,Front Bumper,Major,142178,120330,No,Approved
C00504,V0015,D0317,T08609,2025-02-17T09:42:00,Kollam,Sunny,Dry,Rear-end,Engine Bay,Moderate,176542,141617,No,Approved
C00505,V0128,D0601,T06084,2025-10-26T07:00:00,Kochi,Cloudy,Dry,Single Vehicle,Rear Bumper,Minor,115378,94983,Yes,Under Review
C00506,V0088,D0585,T00275,2025-10-08T23:39:00,Alappuzha,Heavy Rain,Dry,Side,Front Bumper,Moderate,31230,26815,No,Rejected
C00507,V0250,D0672,T00467,2025-06-04T20:13:00,Kollam,Fog,Slippery,Rear-end,Windshield,Minor,201499,171137,No,Under Review
C00508,V0175,D0622,T09838,2025-02-18T17:04:00,Alappuzha,Heavy Rain,Dry,Head-on,Door,Moderate,35724,34785,No,Approved
C00509,V0140,D0272,T04130,2025-05-31T23:50:00,Palakkad,Cloudy,Slippery,Side,Front Bumper,Minor,102385,84394,No,Rejected
C00510,V0188,D0323,T00807,2025-03-14T06:50:00,Palakkad,Rain,Wet,Single Vehicle,Front Bumper,Moderate,141311,117693,No,Approved
C00511,V0159,D0696,T09677,2025-05-25T14:52:00,Kochi,Cloudy,Wet,Single Vehicle,Engine Bay,Minor,67239,64143,No,Approved
C00512,V0281,D0692,T01726,2025-04-19T10:05:00,Alappuzha,Fog,Dry,Head-on,Engine Bay,Major,94297,78346,No,Under Review
C00513,V0449,D0602,T06856,2025-10-13T01:50:00,Alappuzha,Heavy Rain,Slippery,Side,Rear Bumper,Minor,46797,46078,No,Under Review
C00514,V0143,D0357,T05601,2025-02-22T01:28:00,Thrissur,Rain,Wet,Rear-end,Door,Minor,123895,106295,Yes,Rejected
C00515,V0391,D0245,T07483,2025-05-14T23:13:00,Kozhikode,Sunny,Dry,Rear-end,Engine Bay,Major,154276,137272,No,Approved
C00516,V0387,D0236,T09304,2025-09-17T22:27:00,Thrissur,Fog,Wet,Single Vehicle,Door,Major,77562,65734,No,Under Review
C00517,V0418,D0272,T03226,2025-08-14T04:00:00,Palakkad,Fog,Wet,Side,Engine Bay,Major,215891,201202,Yes,Approved
C00518,V0295,D0631,T05365,2025-10-26T18:43:00,Palakkad,Sunny,Wet,Rear-end,Engine Bay,Moderate,59452,51860,No,Approved
C00519,V0367,D0067,T01197,2025-12-15T02:21:00,Kochi,Sunny,Slippery,Side,Headlight,Minor,169013,165652,Yes,Rejected
C00520,V0497,D0630,T04524,2025-07-12T21:51:00,Kollam,Fog,Wet,Side,Front Bumper,Minor,26516,22967,No,Approved
C00521,V0033,D0392,T06869,2025-11-19T01:51:00,Alappuzha,Sunny,Slippery,Single Vehicle,Engine Bay,Moderate,69131,56807,No,Approved
C00522,V0116,D0590,T04868,2025-04-10T08:44:00,Thrissur,Fog,Dry,Side,Door,Minor,86471,71356,No,Approved
C00523,V0394,D0635,T08140,2025-01-30T13:34:00,Kollam,Fog,Slippery,Rear-end,Headlight,Major,42060,36886,Yes,Under Review
C00524,V0174,D0031,T00049,2025-05-25T00:40:00,Palakkad,Sunny,Dry,Rear-end,Door,Major,85566,70909,No,Under Review
C00525,V0085,D0184,T02164,2025-10-10T14:26:00,Kochi,Sunny,Wet,Rear-end,Windshield,Moderate,215543,189994,No,Approved
C00526,V0038,D0228,T01171,2025-02-05T08:42:00,Palakkad,Rain,Slippery,Single Vehicle,Rear Bumper,Minor,199089,181579,No,Under Review
C00527,V0199,D0465,T05289,2025-11-07T00:35:00,Palakkad,Fog,Dry,Rear-end,Headlight,Major,118956,96667,No,Rejected
C00528,V0016,D0534,T08302,2025-06-03T12:32:00,Alappuzha,Cloudy,Wet,Side,Front Bumper,Moderate,218560,196929,No,Under Review
C00529,V0128,D0244,T07661,2025-05-15T05:08:00,Kollam,Heavy Rain,Slippery,Side,Front Bumper,Minor,161359,138002,No,Approved
C00530,V0296,D0687,T04152,2025-08-01T11:10:00,Thrissur,Rain,Wet,Side,Engine Bay,Minor,230960,219736,Yes,Approved
C00531,V0328,D0027,T06788,2025-08-26T10:36:00,Kollam,Cloudy,Wet,Side,Door,Minor,217735,201036,No,Approved
C00532,V0059,D0646,T01241,2025-11-06T09:00:00,Palakkad,Cloudy,Wet,Rear-end,Door,Minor,123479,116141,No,Under Review
C00533,V0103,D0194,T04814,2025-10-10T03:40:00,Kochi,Sunny,Dry,Head-on,Engine Bay,Moderate,41370,33359,No,Approved
C00534,V0436,D0619,T00789,2025-02-03T22:52:00,Kozhikode,Heavy Rain,Wet,Head-on,Front Bumper,Minor,68686,68140,No,Approved
C00535,V0406,D0557,T08762,2025-12-21T10:34:00,Palakkad,Fog,Slippery,Side,Engine Bay,Minor,63256,51405,No,Approved
C00536,V0494,D0518,T01420,2025-08-30T02:49:00,Kochi,Fog,Dry,Rear-end,Door,Moderate,232112,225054,No,Under Review
C00537,V0305,D0235,T00190,2025-12-03T10:17:00,Thrissur,Fog,Wet,Rear-end,Windshield,Minor,73092,62518,No,Rejected
C00538,V0353,D0341,T07628,2025-05-24T01:37:00,Palakkad,Rain,Dry,Head-on,Front Bumper,Major,134132,109290,No,Under Review
C00539,V0206,D0397,T09749,2025-05-03T04:55:00,Kozhikode,Sunny,Slippery,Head-on,Front Bumper,Minor,210159,195901,No,Approved
C00540,V0499,D0054,T05789,2025-03-14T17:42:00,Kochi,Cloudy,Wet,Rear-end,Rear Bumper,Moderate,142102,127280,No,Rejected
C00541,V0109,D0115,T02118,2025-12-05T03:51:00,Alappuzha,Heavy Rain,Slippery,Side,Engine Bay,Moderate,100753,90942,No,Under Review
C00542,V0230,D0282,T02342,2025-08-23T19:02:00,Thrissur,Cloudy,Slippery,Rear-end,Windshield,Minor,226684,222817,No,Under Review
C00543,V0451,D0208,T03909,2025-10-23T02:13:00,Kollam,Fog,Dry,Head-on,Headlight,Moderate,44635,38629,Yes,Rejected
C00544,V0127,D0543,T07157,2025-09-17T19:52:00,Palakkad,Rain,Slippery,Head-on,Rear Bumper,Minor,150203,125554,Yes,Under Review
C00545,V0263,D0167,T03675,2025-05-01T20:37:00,Kozhikode,Rain,Wet,Rear-end,Door,Major,109928,104939,No,Rejected
C00546,V0211,D0209,T07504,2025-03-16T12:33:00,Thrissur,Rain,Dry,Rear-end,Door,Major,51064,49819,Yes,Rejected
C00547,V0338,D0388,T06645,2025-03-05T01:41:00,Kochi,Cloudy,Wet,Rear-end,Rear Bumper,Minor,139189,115071,No,Under Review
C00548,V0443,D0136,T07834,2025-01-31T21:02:00,Alappuzha,Cloudy,Wet,Rear-end,Headlight,Minor,89902,85713,No,Approved
C00549,V0021,D0439,T05073,2025-12-07T15:04:00,Alappuzha,Rain,Wet,Rear-end,Windshield,Minor,86308,84232,No,Approved
C00550,V0383,D0517,T07121,2025-10-14T05:27:00,Alappuzha,Rain,Wet,Single Vehicle,Front Bumper,Major,134093,110759,Yes,Under Review
C00551,V0201,D0354,T07565,2025-01-13T12:42:00,Alappuzha,Cloudy,Slippery,Side,Engine Bay,Moderate,239821,207667,No,Approved
C00552,V0248,D0482,T04744,2025-08-15T23:04:00,Kollam,Heavy Rain,Wet,Single Vehicle,Door,Major,181642,147324,No,Under Review
C00553,V0205,D0339,T09432,2025-04-16T05:43:00,Kozhikode,Sunny,Slippery,Side,Door,Minor,100164,97373,No,Rejected
C00554,V0159,D0031,T04164,2025-03-19T16:37:00,Kozhikode,Sunny,Slippery,Single Vehicle,Front Bumper,Minor,232508,217473,No,Approved
C00555,V0429,D0441,T03335,2025-09-09T19:17:00,Thrissur,Cloudy,Wet,Side,Headlight,Minor,13553,11114,Yes,Approved
C00556,V0172,D0092,T05821,2025-10-11T08:11:00,Kochi,Sunny,Wet,Rear-end,Rear Bumper,Major,100588,83267,No,Under Review
C00557,V0151,D0679,T07202,2025-06-02T00:44:00,Kochi,Cloudy,Slippery,Head-on,Rear Bumper,Minor,169192,138585,Yes,Rejected
C00558,V0473,D0391,T05468,2025-03-18T21:51:00,Alappuzha,Cloudy,Slippery,Side,Front Bumper,Moderate,188843,183501,No,Approved
C00559,V0277,D0137,T00362,2025-08-14T11:39:00,Kochi,Heavy Rain,Wet,Head-on,Door,Major,247755,208649,No,Approved
C00560,V0422,D0058,T01231,2025-07-19T06:54:00,Palakkad,Sunny,Wet,Rear-end,Headlight,Major,180605,148369,No,Rejected
C00561,V0195,D0559,T01716,2025-07-31T06:19:00,Kollam,Fog,Wet,Side,Front Bumper,Major,228335,226574,No,Under Review
C00562,V0105,D0525,T06546,2025-07-04T21:28:00,Kollam,Fog,Dry,Head-on,Engine Bay,Minor,186249,150688,Yes,Rejected
C00563,V0269,D0016,T05910,2025-08-06T11:01:00,Palakkad,Heavy Rain,Slippery,Single Vehicle,Rear Bumper,Moderate,110974,95261,No,Approved
C00564,V0257,D0172,T05749,2025-04-19T06:48:00,Thrissur,Cloudy,Dry,Side,Headlight,Minor,192068,190186,No,Rejected
C00565,V0468,D0419,T04984,2025-01-02T15:17:00,Alappuzha,Fog,Slippery,Side,Rear Bumper,Moderate,191066,163346,Yes,Under Review
C00566,V0140,D0164,T00113,2025-10-18T07:18:00,Palakkad,Cloudy,Dry,Head-on,Windshield,Major,65590,55878,Yes,Rejected
C00567,V0010,D0156,T06829,2025-07-07T03:57:00,Kollam,Rain,Slippery,Single Vehicle,Rear Bumper,Moderate,21018,20198,No,Approved
C00568,V0360,D0199,T09580,2025-10-07T11:41:00,Thrissur,Fog,Dry,Rear-end,Rear Bumper,Major,137335,130503,No,Approved
C00569,V0280,D0205,T09668,2025-04-20T06:58:00,Alappuzha,Cloudy,Wet,Head-on,Windshield,Minor,111135,104895,No,Rejected
C00570,V0330,D0615,T08788,2025-02-15T15:25:00,Kollam,Cloudy,Dry,Head-on,Windshield,Moderate,126552,116708,No,Under Review
C00571,V0240,D0088,T05059,2025-06-01T18:12:00,Palakkad,Cloudy,Dry,Single Vehicle,Door,Minor,245209,208598,No,Rejected
C00572,V0328,D0073,T00780,2025-03-31T14:04:00,Kollam,Fog,Dry,Single Vehicle,Front Bumper,Minor,217916,185857,No,Under Review
C00573,V0068,D0090,T09910,2025-12-19T16:33:00,Kozhikode,Rain,Slippery,Rear-end,Windshield,Moderate,59173,55602,No,Rejected
C00574,V0049,D0147,T06745,2025-07-04T22:32:00,Thrissur,Rain,Slippery,Head-on,Rear Bumper,Major,231661,222396,Yes,Approved
C00575,V0128,D0574,T06472,2025-07-23T00:06:00,Kollam,Fog,Slippery,Single Vehicle,Headlight,Minor,236311,218240,No,Approved
C00576,V0306,D0649,T01765,2025-03-13T05:45:00,Palakkad,Heavy Rain,Wet,Rear-end,Front Bumper,Major,39693,35320,Yes,Under Review
C00577,V0216,D0624,T06215,2025-08-22T07:43:00,Palakkad,Cloudy,Slippery,Single Vehicle,Door,Moderate,237984,196235,No,Under Review
C00578,V0200,D0010,T08383,2025-10-19T15:09:00,Kochi,Fog,Dry,Head-on,Door,Major,231143,201833,No,Under Review
C00579,V0340,D0535,T02905,2025-05-15T04:25:00,Kochi,Cloudy,Slippery,Head-on,Engine Bay,Minor,112914,108591,No,Approved
C00580,V0267,D0259,T08119,2025-09-06T18:13:00,Kochi,Rain,Dry,Rear-end,Rear Bumper,Major,176406,171935,No,Rejected
C00581,V0119,D0271,T06305,2025-06-05T07:40:00,Kozhikode,Cloudy,Dry,Single Vehicle,Door,Major,247148,216617,No,Approved
C00582,V0406,D0119,T07329,2025-06-21T10:29:00,Kozhikode,Sunny,Slippery,Head-on,Rear Bumper,Moderate,114121,91565,No,Under Review
C00583,V0408,D0571,T01679,2025-09-03T16:31:00,Kochi,Cloudy,Dry,Head-on,Rear Bumper,Minor,249091,225527,Yes,Approved
C00584,V0253,D0182,T01594,2025-05-24T14:44:00,Kollam,Heavy Rain,Dry,Side,Headlight,Major,187154,177802,No,Under Review
C00585,V0181,D0441,T00245,2025-04-05T06:40:00,Kozhikode,Sunny,Wet,Rear-end,Door,Major,111787,96400,No,Rejected
C00586,V0340,D0398,T02956,2025-09-14T09:41:00,Alappuzha,Fog,Slippery,Head-on,Rear Bumper,Minor,217993,188267,Yes,Approved
C00587,V0135,D0309,T05641,2025-08-27T11:16:00,Thrissur,Fog,Dry,Single Vehicle,Engine Bay,Moderate,15689,13660,No,Approved
C00588,V0085,D0183,T06855,2025-11-21T17:21:00,Kollam,Sunny,Slippery,Rear-end,Rear Bumper,Moderate,111014,89447,No,Approved
C00589,V0111,D0097,T01929,2025-07-04T03:38:00,Kochi,Fog,Wet,Side,Rear Bumper,Major,57583,55785,No,Approved
C00590,V0287,D0412,T01668,2025-11-10T15:09:00,Kollam,Fog,Slippery,Rear-end,Windshield,Moderate,11522,10520,No,Rejected
C00591,V0403,D0489,T08100,2025-12-19T07:18:00,Kochi,Cloudy,Dry,Side,Headlight,Moderate,145698,136884,No,Rejected
C00592,V0267,D0192,T09082,2025-01-16T20:12:00,Kollam,Heavy Rain,Wet,Single Vehicle,Front Bumper,Moderate,124880,120199,No,Rejected
C00593,V0403,D0136,T06362,2025-01-01T14:53:00,Palakkad,Rain,Slippery,Head-on,Door,Minor,230962,198416,Yes,Under Review
C00594,V0101,D0030,T03956,2025-09-24T05:16:00,Kochi,Cloudy,Wet,Rear-end,Rear Bumper,Minor,132089,116217,No,Approved
C00595,V0288,D0416,T06645,2025-12-04T13:00:00,Kollam,Fog,Slippery,Head-on,Front Bumper,Moderate,146937,125751,Yes,Approved
C00596,V0339,D0505,T04842,2025-04-18T07:51:00,Kozhikode,Sunny,Slippery,Head-on,Windshield,Moderate,56321,50068,No,Approved
C00597,V0418,D0440,T08712,2025-12-03T23:49:00,Kochi,Rain,Slippery,Rear-end,Front Bumper,Moderate,61996,54529,Yes,Rejected
C00598,V0319,D0435,T01695,2025-10-06T04:38:00,Alappuzha,Sunny,Slippery,Single Vehicle,Rear Bumper,Minor,214823,195778,Yes,Under Review
C00599,V0080,D0261,T06460,2025-06-06T03:22:00,Kollam,Rain,Slippery,Rear-end,Windshield,Moderate,138826,130240,No,Under Review
C00600,V0465,D0607,T07657,2025-03-16T18:52:00,Thrissur,Sunny,Dry,Side,Rear Bumper,Minor,245684,199870,Yes,Approved
C00601,V0273,D0186,T08819,2025-02-05T22:13:00,Palakkad,Sunny,Slippery,Rear-end,Front Bumper,Minor,165047,154768,Yes,Approved
C00602,V0069,D0181,T00231,2025-08-28T12:00:00,Palakkad,Sunny,Dry,Single Vehicle,Headlight,Major,217726,195181,Yes,Under Review
C00603,V0204,D0422,T02716,2025-08-16T01:42:00,Kochi,Rain,Dry,Side,Front Bumper,Moderate,129967,104097,No,Approved
C00604,V0296,D0688,T06487,2025-04-19T07:57:00,Alappuzha,Fog,Wet,Head-on,Rear Bumper,Moderate,119004,98446,Yes,Under Review
C00605,V0147,D0577,T03135,2025-01-06T02:14:00,Thrissur,Sunny,Wet,Side,Rear Bumper,Minor,37752,33001,No,Under Review
C00606,V0169,D0151,T00664,2025-08-22T19:03:00,Thrissur,Heavy Rain,Slippery,Head-on,Door,Major,160189,160070,No,Rejected
C00607,V0367,D0340,T03012,2025-12-08T23:17:00,Kollam,Fog,Wet,Head-on,Windshield,Moderate,200251,191670,No,Approved
C00608,V0411,D0259,T04350,2025-11-17T10:27:00,Thrissur,Heavy Rain,Slippery,Single Vehicle,Engine Bay,Minor,92967,89984,Yes,Under Review
C00609,V0269,D0236,T09673,2025-11-05T12:52:00,Palakkad,Rain,Wet,Side,Headlight,Major,179947,161368,Yes,Under Review
C00610,V0332,D0422,T07539,2025-02-07T06:09:00,Kozhikode,Heavy Rain,Slippery,Single Vehicle,Windshield,Major,219695,214546,No,Rejected
C00611,V0205,D0199,T02976,2025-10-14T23:34:00,Kochi,Rain,Wet,Side,Door,Minor,183687,174865,Yes,Approved
C00612,V0377,D0025,T03538,2025-06-26T04:05:00,Palakkad,Sunny,Dry,Rear-end,Door,Moderate,152005,128828,No,Rejected
C00613,V0112,D0359,T07265,2025-01-30T09:36:00,Alappuzha,Rain,Dry,Side,Windshield,Major,212289,172281,No,Under Review
C00614,V0205,D0342,T09815,2025-06-19T08:32:00,Thrissur,Heavy Rain,Slippery,Head-on,Headlight,Major,176179,150578,No,Rejected
C00615,V0119,D0353,T01310,2025-10-10T00:55:00,Alappuzha,Sunny,Slippery,Rear-end,Rear Bumper,Moderate,217074,179340,No,Approved
C00616,V0170,D0164,T05867,2025-06-07T11:55:00,Kollam,Sunny,Slippery,Head-on,Headlight,Moderate,113030,91337,Yes,Under Review
C00617,V0379,D0236,T05042,2025-09-17T22:07:00,Palakkad,Sunny,Dry,Single Vehicle,Headlight,Moderate,228612,198897,No,Rejected
C00618,V0231,D0247,T06134,2025-10-15T16:40:00,Alappuzha,Rain,Wet,Head-on,Door,Moderate,51660,46073,No,Rejected
C00619,V0067,D0324,T05717,2025-09-11T22:41:00,Kollam,Fog,Slippery,Side,Rear Bumper,Moderate,170402,136408,No,Under Review
C00620,V0198,D0175,T08729,2025-12-26T18:19:00,Alappuzha,Fog,Wet,Side,Windshield,Major,213040,170851,No,Under Review
C00621,V0155,D0542,T09955,2025-12-03T07:10:00,Alappuzha,Heavy Rain,Wet,Single Vehicle,Front Bumper,Minor,63066,62867,No,Rejected
C00622,V0294,D0612,T07352,2025-03-19T06:21:00,Thrissur,Rain,Slippery,Single Vehicle,Rear Bumper,Major,72174,64010,No,Rejected
C00623,V0417,D0386,T08762,2025-04-09T08:09:00,Kozhikode,Sunny,Wet,Rear-end,Windshield,Major,67763,59427,No,Approved
C00624,V0195,D0123,T09731,2025-04-13T23:38:00,Palakkad,Heavy Rain,Dry,Rear-end,Rear Bumper,Minor,219624,215395,No,Approved
C00625,V0491,D0005,T05072,2025-05-03T07:03:00,Palakkad,Heavy Rain,Slippery,Single Vehicle,Front Bumper,Minor,200387,177951,Yes,Rejected
C00626,V0358,D0500,T00904,2025-07-20T19:38:00,Kollam,Cloudy,Slippery,Single Vehicle,Windshield,Minor,40490,39061,No,Approved
C00627,V0166,D0189,T09322,2025-09-27T21:54:00,Alappuzha,Rain,Wet,Side,Rear Bumper,Major,30392,27622,No,Approved
C00628,V0339,D0226,T06441,2025-09-28T20:06:00,Palakkad,Cloudy,Slippery,Head-on,Front Bumper,Minor,134049,133714,No,Approved
C00629,V0083,D0662,T08251,2025-05-08T22:35:00,Kozhikode,Cloudy,Wet,Side,Windshield,Moderate,123495,121115,No,Rejected
C00630,V0322,D0109,T03292,2025-02-15T11:08:00,Thrissur,Sunny,Dry,Side,Door,Major,163215,152144,No,Approved
C00631,V0088,D0609,T01946,2025-01-28T13:14:00,Thrissur,Rain,Dry,Side,Engine Bay,Major,88973,86212,Yes,Under Review
C00632,V0327,D0501,T03052,2025-07-24T16:24:00,Kollam,Sunny,Slippery,Head-on,Door,Major,99369,84298,No,Under Review
C00633,V0123,D0239,T04100,2025-10-22T05:54:00,Palakkad,Heavy Rain,Slippery,Head-on,Headlight,Minor,67258,54180,Yes,Approved
C00634,V0212,D0282,T07454,2025-05-01T13:27:00,Kollam,Rain,Wet,Side,Front Bumper,Major,24487,21096,No,Under Review
C00635,V0167,D0642,T01571,2025-06-22T14:00:00,Kochi,Sunny,Dry,Head-on,Door,Major,21501,21086,Yes,Approved
C00636,V0228,D0466,T01313,2025-11-05T14:08:00,Thrissur,Cloudy,Dry,Side,Engine Bay,Moderate,155369,134364,No,Approved
C00637,V0310,D0157,T09454,2025-10-20T17:24:00,Kollam,Heavy Rain,Dry,Side,Windshield,Moderate,246421,239835,No,Rejected
C00638,V0469,D0266,T01346,2025-12-29T09:51:00,Palakkad,Heavy Rain,Dry,Side,Headlight,Minor,155883,142484,No,Approved
C00639,V0219,D0410,T00416,2025-08-27T01:51:00,Kollam,Cloudy,Slippery,Head-on,Rear Bumper,Minor,214680,201559,No,Rejected
C00640,V0389,D0564,T09599,2025-10-02T00:25:00,Kollam,Fog,Wet,Rear-end,Engine Bay,Major,240270,238899,No,Rejected
C00641,V0339,D0499,T09030,2025-07-28T00:11:00,Kollam,Cloudy,Slippery,Head-on,Engine Bay,Major,119731,117370,No,Approved
C00642,V0222,D0052,T09963,2025-07-05T11:11:00,Kollam,Heavy Rain,Dry,Rear-end,Engine Bay,Minor,219334,198741,No,Approved
C00643,V0036,D0662,T08231,2025-06-09T17:24:00,Kollam,Rain,Slippery,Rear-end,Windshield,Minor,24986,24930,No,Approved
C00644,V0391,D0489,T02375,2025-03-15T11:56:00,Alappuzha,Cloudy,Wet,Rear-end,Windshield,Minor,89207,75792,No,Approved
C00645,V0290,D0507,T02280,2025-05-11T15:09:00,Thrissur,Sunny,Wet,Single Vehicle,Engine Bay,Moderate,160949,153118,No,Rejected
C00646,V0031,D0294,T00988,2025-12-26T22:12:00,Palakkad,Rain,Slippery,Rear-end,Windshield,Moderate,237007,229951,No,Under Review
C00647,V0321,D0588,T05177,2025-01-23T16:41:00,Palakkad,Sunny,Wet,Head-on,Front Bumper,Minor,102647,90176,No,Rejected
C00648,V0357,D0292,T06737,2025-04-21T07:22:00,Palakkad,Sunny,Slippery,Head-on,Door,Major,211644,184914,No,Under Review
C00649,V0328,D0096,T05403,2025-10-22T14:57:00,Kozhikode,Cloudy,Slippery,Head-on,Windshield,Moderate,152466,127978,No,Approved
C00650,V0176,D0303,T04993,2025-05-31T12:55:00,Kozhikode,Sunny,Dry,Head-on,Rear Bumper,Moderate,133379,114741,No,Approved
C00651,V0167,D0025,T08241,2025-07-27T05:40:00,Kochi,Cloudy,Dry,Rear-end,Headlight,Moderate,220563,215246,No,Under Review
C00652,V0356,D0172,T07781,2025-03-19T13:56:00,Kozhikode,Rain,Dry,Side,Windshield,Major,99553,90248,No,Rejected
C00653,V0097,D0208,T05888,2025-12-07T14:30:00,Kozhikode,Rain,Slippery,Side,Rear Bumper,Moderate,102460,90069,No,Rejected
C00654,V0207,D0066,T02815,2025-07-09T21:46:00,Kollam,Fog,Wet,Single Vehicle,Windshield,Major,118698,97990,No,Rejected
C00655,V0473,D0033,T07602,2025-02-15T08:36:00,Thrissur,Rain,Wet,Rear-end,Rear Bumper,Moderate,209206,175913,No,Approved
C00656,V0244,D0637,T04493,2025-07-15T02:57:00,Kochi,Heavy Rain,Wet,Rear-end,Headlight,Moderate,125346,120159,No,Under Review
C00657,V0201,D0484,T03834,2025-03-12T01:57:00,Thrissur,Rain,Wet,Head-on,Headlight,Minor,183243,161783,No,Rejected
C00658,V0183,D0188,T02247,2025-09-27T17:19:00,Alappuzha,Cloudy,Wet,Rear-end,Windshield,Major,159739,138707,No,Approved
C00659,V0194,D0237,T07440,2025-07-15T09:38:00,Alappuzha,Fog,Dry,Rear-end,Rear Bumper,Major,121247,101570,Yes,Approved
C00660,V0363,D0327,T06071,2025-06-11T13:13:00,Thrissur,Sunny,Wet,Rear-end,Engine Bay,Major,73160,67753,Yes,Approved
C00661,V0155,D0186,T09702,2025-12-11T11:01:00,Kochi,Sunny,Wet,Single Vehicle,Windshield,Moderate,137997,125603,No,Under Review
C00662,V0333,D0278,T01554,2025-10-24T14:28:00,Kollam,Fog,Wet,Single Vehicle,Rear Bumper,Moderate,230678,230002,No,Rejected
C00663,V0413,D0544,T03689,2025-12-07T00:19:00,Palakkad,Sunny,Wet,Side,Headlight,Minor,83702,77939,No,Approved
C00664,V0268,D0621,T00996,2025-03-28T15:26:00,Kollam,Cloudy,Dry,Rear-end,Windshield,Major,204054,184936,No,Under Review
C00665,V0427,D0550,T04918,2025-07-07T11:03:00,Kochi,Cloudy,Dry,Single Vehicle,Rear Bumper,Moderate,58277,51535,Yes,Approved
C00666,V0022,D0571,T02051,2025-10-24T15:27:00,Alappuzha,Heavy Rain,Dry,Rear-end,Headlight,Major,207102,179527,No,Rejected
C00667,V0032,D0254,T04880,2025-05-13T07:33:00,Palakkad,Cloudy,Dry,Rear-end,Windshield,Minor,202490,186622,No,Under Review
C00668,V0051,D0662,T04061,2025-12-08T21:18:00,Thrissur,Fog,Wet,Rear-end,Headlight,Major,27235,23032,Yes,Under Review
C00669,V0188,D0391,T00903,2025-09-16T18:20:00,Alappuzha,Rain,Slippery,Head-on,Rear Bumper,Minor,92895,91698,No,Approved
C00670,V0439,D0107,T01065,2025-05-07T23:58:00,Kozhikode,Cloudy,Dry,Rear-end,Door,Major,56893,54387,Yes,Rejected
C00671,V0061,D0511,T05650,2025-02-07T14:05:00,Kochi,Sunny,Wet,Single Vehicle,Front Bumper,Major,131426,130164,No,Approved
C00672,V0299,D0495,T05524,2025-11-15T11:10:00,Alappuzha,Fog,Wet,Single Vehicle,Door,Major,66329,58193,No,Rejected
C00673,V0131,D0351,T01822,2025-02-21T00:26:00,Thrissur,Fog,Dry,Rear-end,Engine Bay,Minor,135844,124739,No,Approved
C00674,V0224,D0155,T06436,2025-04-11T10:06:00,Thrissur,Heavy Rain,Slippery,Rear-end,Headlight,Moderate,101722,94469,Yes,Under Review
C00675,V0395,D0217,T09765,2025-01-06T11:03:00,Kochi,Rain,Dry,Side,Rear Bumper,Minor,232343,218014,No,Rejected
C00676,V0448,D0113,T00570,2025-04-19T20:53:00,Thrissur,Heavy Rain,Wet,Head-on,Headlight,Minor,82262,79020,Yes,Rejected
C00677,V0410,D0194,T00265,2025-12-24T20:42:00,Kozhikode,Sunny,Slippery,Rear-end,Windshield,Minor,112817,106335,No,Approved
C00678,V0028,D0306,T06419,2025-04-07T14:42:00,Alappuzha,Rain,Wet,Single Vehicle,Engine Bay,Minor,59548,49074,No,Approved
C00679,V0054,D0300,T02638,2025-06-29T06:05:00,Kochi,Fog,Wet,Single Vehicle,Windshield,Major,141144,130003,No,Approved
C00680,V0095,D0695,T06585,2025-06-19T16:38:00,Palakkad,Sunny,Dry,Side,Headlight,Major,182999,171336,No,Approved
C00681,V0300,D0021,T04759,2025-03-19T08:52:00,Alappuzha,Fog,Dry,Rear-end,Door,Major,215442,193405,No,Approved
C00682,V0343,D0356,T03013,2025-12-28T07:22:00,Kozhikode,Fog,Wet,Rear-end,Rear Bumper,Major,190182,159212,Yes,Under Review
C00683,V0024,D0035,T05753,2025-03-06T22:14:00,Kollam,Heavy Rain,Slippery,Rear-end,Headlight,Moderate,169693,143411,No,Under Review
C00684,V0161,D0351,T09566,2025-06-26T06:31:00,Kollam,Fog,Dry,Single Vehicle,Engine Bay,Minor,54600,44781,Yes,Under Review
C00685,V0049,D0583,T06291,2025-07-26T00:11:00,Thrissur,Rain,Slippery,Single Vehicle,Front Bumper,Major,134512,117447,No,Rejected
C00686,V0331,D0011,T03599,2025-05-14T02:29:00,Kollam,Fog,Slippery,Side,Front Bumper,Major,90185,81213,No,Approved
C00687,V0452,D0461,T03290,2025-11-12T03:47:00,Palakkad,Cloudy,Dry,Rear-end,Engine Bay,Moderate,105376,94670,No,Under Review
C00688,V0296,D0091,T09578,2025-01-28T01:39:00,Alappuzha,Sunny,Dry,Head-on,Door,Major,11792,10007,No,Rejected
C00689,V0348,D0177,T07540,2025-09-24T10:24:00,Kochi,Fog,Wet,Single Vehicle,Engine Bay,Moderate,88507,82363,No,Rejected
C00690,V0432,D0464,T03836,2025-10-16T18:43:00,Kochi,Rain,Dry,Single Vehicle,Headlight,Major,117697,110694,No,Under Review
C00691,V0199,D0269,T06783,2025-06-26T10:24:00,Kollam,Sunny,Dry,Head-on,Front Bumper,Major,188308,160726,No,Under Review
C00692,V0401,D0311,T07387,2025-06-12T23:17:00,Kollam,Rain,Wet,Single Vehicle,Door,Moderate,209167,185968,No,Under Review
C00693,V0463,D0699,T02192,2025-10-18T11:58:00,Kozhikode,Sunny,Slippery,Rear-end,Engine Bay,Minor,135397,128308,No,Approved
C00694,V0057,D0426,T09904,2025-06-20T10:05:00,Kozhikode,Sunny,Slippery,Single Vehicle,Engine Bay,Major,51302,46368,No,Under Review
C00695,V0135,D0488,T08226,2025-01-17T07:10:00,Kochi,Rain,Wet,Head-on,Door,Moderate,238659,218053,No,Rejected
C00696,V0205,D0101,T09538,2025-02-14T12:22:00,Kollam,Fog,Wet,Head-on,Headlight,Minor,92326,76580,No,Approved
C00697,V0251,D0316,T04088,2025-05-02T14:23:00,Alappuzha,Rain,Slippery,Side,Door,Moderate,155705,152391,No,Rejected
C00698,V0244,D0413,T04185,2025-02-18T16:36:00,Kozhikode,Sunny,Wet,Head-on,Door,Moderate,39452,31594,No,Approved
C00699,V0397,D0401,T02160,2025-04-12T19:35:00,Kozhikode,Fog,Dry,Single Vehicle,Rear Bumper,Major,222759,205371,No,Rejected
C00700,V0252,D0688,T06666,2025-06-02T04:03:00,Alappuzha,Sunny,Wet,Rear-end,Headlight,Major,65890,65135,No,Approved
C00701,V0282,D0694,T00432,2025-07-20T03:43:00,Kozhikode,Heavy Rain,Slippery,Single Vehicle,Engine Bay,Minor,233016,199374,Yes,Under Review
C00702,V0180,D0175,T02854,2025-03-13T02:51:00,Kochi,Cloudy,Dry,Head-on,Rear Bumper,Moderate,216323,189703,No,Under Review
C00703,V0424,D0117,T00268,2025-12-14T11:15:00,Kozhikode,Rain,Wet,Side,Headlight,Moderate,59490,59262,No,Approved
C00704,V0159,D0693,T09640,2025-03-10T09:21:00,Thrissur,Cloudy,Slippery,Single Vehicle,Rear Bumper,Minor,137098,132537,No,Rejected
C00705,V0089,D0619,T04729,2025-07-19T09:30:00,Kozhikode,Fog,Slippery,Side,Headlight,Minor,181960,168652,Yes,Under Review
C00706,V0132,D0609,T00379,2025-12-11T16:01:00,Alappuzha,Rain,Slippery,Head-on,Windshield,Minor,29757,24714,No,Approved
C00707,V0396,D0166,T08252,2025-04-28T02:14:00,Palakkad,Cloudy,Dry,Side,Headlight,Major,152023,124524,No,Rejected
C00708,V0042,D0687,T02695,2025-02-04T00:47:00,Kochi,Cloudy,Wet,Single Vehicle,Headlight,Moderate,15736,15437,No,Under Review
C00709,V0224,D0229,T05035,2025-04-09T02:46:00,Kozhikode,Heavy Rain,Slippery,Head-on,Door,Moderate,52734,50020,No,Rejected
C00710,V0430,D0208,T08248,2025-09-05T19:18:00,Kochi,Sunny,Slippery,Single Vehicle,Engine Bay,Minor,108986,90454,No,Under Review
C00711,V0078,D0245,T06850,2025-05-01T15:07:00,Thrissur,Cloudy,Dry,Side,Front Bumper,Minor,121722,112054,No,Rejected
C00712,V0113,D0495,T09991,2025-10-12T06:16:00,Kozhikode,Rain,Dry,Rear-end,Engine Bay,Major,13663,11936,No,Under Review
C00713,V0457,D0382,T08349,2025-05-30T18:45:00,Thrissur,Fog,Dry,Head-on,Front Bumper,Moderate,211504,189746,No,Approved
C00714,V0350,D0600,T02191,2025-01-06T10:45:00,Kochi,Rain,Dry,Single Vehicle,Engine Bay,Minor,208843,167084,No,Under Review
C00715,V0127,D0523,T05407,2025-08-20T16:44:00,Alappuzha,Fog,Wet,Side,Rear Bumper,Major,240730,238595,No,Approved
C00716,V0439,D0533,T02409,2025-03-31T07:21:00,Kollam,Rain,Slippery,Single Vehicle,Engine Bay,Major,220210,212097,Yes,Rejected
C00717,V0079,D0617,T07706,2025-06-29T23:08:00,Kochi,Cloudy,Wet,Single Vehicle,Front Bumper,Major,100312,98830,No,Under Review
C00718,V0479,D0296,T03836,2025-04-09T21:15:00,Alappuzha,Cloudy,Wet,Rear-end,Front Bumper,Major,243631,240065,No,Rejected
C00719,V0034,D0151,T03238,2025-09-21T17:57:00,Kollam,Rain,Dry,Head-on,Rear Bumper,Major,112480,100665,No,Approved
C00720,V0329,D0421,T01705,2025-10-08T20:42:00,Thrissur,Heavy Rain,Wet,Single Vehicle,Rear Bumper,Moderate,24860,21499,No,Rejected
C00721,V0472,D0530,T08482,2025-07-18T13:10:00,Alappuzha,Rain,Wet,Rear-end,Engine Bay,Minor,73026,66389,No,Approved
C00722,V0145,D0273,T05766,2025-11-28T14:14:00,Palakkad,Heavy Rain,Wet,Head-on,Windshield,Moderate,21277,19549,No,Approved
C00723,V0263,D0098,T03082,2025-04-13T05:43:00,Kozhikode,Sunny,Slippery,Side,Headlight,Major,88517,76242,No,Approved
C00724,V0328,D0509,T00351,2025-07-01T01:56:00,Alappuzha,Sunny,Slippery,Rear-end,Rear Bumper,Moderate,206860,177798,No,Approved
C00725,V0319,D0601,T00264,2025-08-14T08:39:00,Kozhikode,Sunny,Wet,Rear-end,Door,Major,122636,122631,No,Approved
C00726,V0258,D0694,T07812,2025-02-21T20:29:00,Palakkad,Heavy Rain,Wet,Single Vehicle,Headlight,Major,190065,165827,No,Approved
C00727,V0169,D0648,T05049,2025-04-26T07:53:00,Alappuzha,Fog,Dry,Rear-end,Windshield,Moderate,34750,28045,No,Under Review
C00728,V0342,D0347,T06469,2025-01-08T07:15:00,Palakkad,Fog,Wet,Single Vehicle,Rear Bumper,Major,121866,103858,No,Under Review
C00729,V0099,D0649,T09479,2025-08-02T06:10:00,Kochi,Heavy Rain,Dry,Rear-end,Engine Bay,Minor,81217,72253,Yes,Rejected
C00730,V0411,D0588,T04505,2025-07-18T02:22:00,Kozhikode,Fog,Wet,Side,Headlight,Minor,57074,50848,Yes,Rejected
C00731,V0323,D0116,T05439,2025-09-01T04:55:00,Kollam,Cloudy,Wet,Single Vehicle,Windshield,Major,46928,41972,No,Under Review
C00732,V0239,D0282,T05136,2025-05-29T14:51:00,Alappuzha,Rain,Wet,Side,Engine Bay,Minor,89051,84691,Yes,Under Review
C00733,V0331,D0102,T05129,2025-09-18T23:47:00,Kollam,Heavy Rain,Slippery,Single Vehicle,Rear Bumper,Moderate,204106,202076,No,Approved
C00734,V0047,D0470,T08709,2025-05-06T04:06:00,Kollam,Cloudy,Slippery,Single Vehicle,Rear Bumper,Minor,133227,112110,No,Approved
C00735,V0025,D0514,T00596,2025-07-31T21:43:00,Kochi,Sunny,Wet,Side,Headlight,Major,30101,27204,No,Approved
C00736,V0100,D0064,T00965,2025-06-25T14:04:00,Kollam,Heavy Rain,Slippery,Head-on,Door,Major,81391,71790,No,Rejected
C00737,V0486,D0385,T07160,2025-03-27T20:36:00,Alappuzha,Sunny,Wet,Rear-end,Windshield,Major,156413,151333,No,Under Review
C00738,V0030,D0225,T06704,2025-12-03T00:22:00,Kozhikode,Sunny,Dry,Side,Door,Major,14706,14197,No,Under Review
C00739,V0087,D0539,T02327,2025-12-11T06:39:00,Palakkad,Fog,Slippery,Head-on,Windshield,Moderate,127010,107166,No,Under Review
C00740,V0091,D0567,T05535,2025-01-01T21:35:00,Thrissur,Fog,Slippery,Side,Front Bumper,Moderate,50366,43311,No,Approved
C00741,V0168,D0087,T00705,2025-12-07T17:34:00,Kozhikode,Cloudy,Dry,Head-on,Rear Bumper,Major,116965,97035,Yes,Approved
C00742,V0493,D0516,T08533,2025-10-01T12:51:00,Kollam,Rain,Wet,Rear-end,Engine Bay,Moderate,175757,158476,Yes,Approved
C00743,V0423,D0276,T05024,2025-11-29T17:07:00,Kollam,Rain,Wet,Single Vehicle,Headlight,Major,188579,168390,No,Rejected
C00744,V0204,D0467,T06466,2025-08-23T00:45:00,Kollam,Heavy Rain,Wet,Side,Headlight,Major,22428,18513,No,Under Review
C00745,V0122,D0568,T01785,2025-12-13T18:21:00,Kochi,Cloudy,Slippery,Single Vehicle,Door,Moderate,17446,14153,No,Rejected
C00746,V0369,D0614,T01043,2025-03-24T15:06:00,Alappuzha,Rain,Dry,Head-on,Rear Bumper,Moderate,27989,27772,No,Under Review
C00747,V0262,D0122,T03580,2025-02-23T16:58:00,Alappuzha,Rain,Wet,Side,Front Bumper,Moderate,180899,162925,No,Approved
C00748,V0055,D0401,T01041,2025-06-07T19:52:00,Kochi,Cloudy,Dry,Head-on,Rear Bumper,Minor,121043,114593,Yes,Under Review
C00749,V0099,D0446,T04302,2025-08-06T17:05:00,Kozhikode,Sunny,Dry,Rear-end,Headlight,Minor,115113,99730,No,Rejected
C00750,V0093,D0225,T07438,2025-10-17T11:20:00,Thrissur,Fog,Wet,Head-on,Rear Bumper,Minor,115955,97834,No,Rejected
C00751,V0263,D0664,T09158,2025-08-13T10:48:00,Kollam,Rain,Slippery,Single Vehicle,Engine Bay,Minor,132285,106598,No,Rejected
C00752,V0150,D0450,T04803,2025-10-20T21:39:00,Kollam,Cloudy,Wet,Head-on,Rear Bumper,Moderate,114946,107596,No,Rejected
C00753,V0082,D0253,T09507,2025-06-06T10:03:00,Kozhikode,Fog,Dry,Single Vehicle,Engine Bay,Moderate,214044,213683,No,Under Review
C00754,V0433,D0686,T00220,2025-09-26T18:45:00,Kozhikode,Heavy Rain,Wet,Single Vehicle,Engine Bay,Minor,141944,132075,Yes,Under Review
C00755,V0498,D0183,T09637,2025-10-06T22:33:00,Palakkad,Fog,Slippery,Head-on,Engine Bay,Minor,154384,139997,No,Under Review
C00756,V0345,D0243,T09768,2025-07-05T13:26:00,Kollam,Cloudy,Slippery,Single Vehicle,Front Bumper,Major,69895,63059,Yes,Under Review
C00757,V0326,D0459,T08786,2025-12-14T06:37:00,Kollam,Sunny,Wet,Rear-end,Rear Bumper,Moderate,225579,219669,No,Approved
C00758,V0134,D0067,T08760,2025-05-15T05:25:00,Alappuzha,Fog,Slippery,Side,Rear Bumper,Major,100809,94838,No,Rejected
C00759,V0340,D0167,T04934,2025-08-02T04:22:00,Kochi,Rain,Dry,Side,Front Bumper,Minor,128994,103712,No,Rejected
C00760,V0078,D0559,T03744,2025-02-28T13:12:00,Kollam,Sunny,Dry,Side,Rear Bumper,Minor,89464,89217,No,Approved
C00761,V0039,D0598,T09610,2025-10-30T16:44:00,Alappuzha,Heavy Rain,Wet,Rear-end,Front Bumper,Moderate,129156,118812,Yes,Approved
C00762,V0065,D0018,T01319,2025-06-13T02:28:00,Kochi,Cloudy,Slippery,Rear-end,Front Bumper,Moderate,201125,190203,No,Under Review
C00763,V0238,D0561,T09482,2025-05-01T14:01:00,Kochi,Rain,Slippery,Side,Headlight,Minor,51308,49022,No,Approved
C00764,V0330,D0230,T04898,2025-04-01T22:29:00,Kollam,Heavy Rain,Slippery,Side,Windshield,Moderate,184417,183679,No,Rejected
C00765,V0350,D0133,T07234,2025-02-09T16:18:00,Thrissur,Heavy Rain,Dry,Side,Front Bumper,Major,199735,197279,Yes,Rejected
C00766,V0227,D0231,T01579,2025-10-02T09:31:00,Thrissur,Cloudy,Slippery,Rear-end,Door,Minor,158258,153692,No,Rejected
C00767,V0461,D0259,T00710,2025-04-20T15:01:00,Kochi,Sunny,Dry,Rear-end,Windshield,Moderate,68238,63564,No,Approved
C00768,V0115,D0335,T03163,2025-08-08T05:59:00,Kochi,Sunny,Wet,Head-on,Front Bumper,Major,234292,203682,No,Approved
C00769,V0279,D0038,T02292,2025-09-09T18:55:00,Thrissur,Cloudy,Wet,Side,Rear Bumper,Moderate,83708,69531,No,Under Review
C00770,V0150,D0686,T09586,2025-12-02T10:33:00,Kochi,Fog,Dry,Side,Door,Minor,125117,116068,No,Under Review
C00771,V0403,D0060,T06669,2025-04-28T05:56:00,Alappuzha,Fog,Dry,Head-on,Door,Major,51575,46911,No,Rejected
C00772,V0161,D0277,T01114,2025-06-11T19:56:00,Kollam,Cloudy,Wet,Head-on,Engine Bay,Minor,122546,115386,No,Approved
C00773,V0430,D0217,T02154,2025-02-28T09:19:00,Kozhikode,Fog,Slippery,Rear-end,Engine Bay,Moderate,230593,198884,No,Approved
C00774,V0374,D0334,T03782,2025-05-11T00:55:00,Kochi,Heavy Rain,Dry,Rear-end,Rear Bumper,Major,61689,54734,No,Under Review
C00775,V0184,D0193,T00977,2025-11-06T00:37:00,Kollam,Fog,Wet,Rear-end,Engine Bay,Major,15972,13119,No,Rejected
C00776,V0245,D0590,T09362,2025-11-19T13:24:00,Palakkad,Fog,Slippery,Side,Front Bumper,Major,209430,205049,No,Rejected
C00777,V0213,D0397,T08225,2025-11-09T02:07:00,Kozhikode,Rain,Dry,Rear-end,Front Bumper,Moderate,161373,131143,Yes,Under Review
C00778,V0314,D0274,T02108,2025-01-16T07:42:00,Kochi,Heavy Rain,Slippery,Side,Front Bumper,Moderate,213927,204823,No,Rejected
C00779,V0259,D0532,T04813,2025-04-01T02:57:00,Alappuzha,Heavy Rain,Dry,Rear-end,Headlight,Major,165831,151889,No,Under Review
C00780,V0452,D0016,T08387,2025-06-03T17:23:00,Thrissur,Sunny,Slippery,Head-on,Door,Major,55420,52523,Yes,Approved
C00781,V0004,D0330,T09046,2025-11-27T15:10:00,Thrissur,Heavy Rain,Dry,Side,Headlight,Major,197531,192592,No,Approved
C00782,V0204,D0524,T04279,2025-10-07T00:36:00,Kollam,Cloudy,Wet,Side,Headlight,Major,234564,217946,No,Approved
C00783,V0323,D0042,T06002,2025-11-06T06:42:00,Alappuzha,Cloudy,Slippery,Rear-end,Front Bumper,Minor,104170,101050,No,Under Review
C00784,V0157,D0631,T05931,2025-05-28T13:41:00,Palakkad,Rain,Dry,Head-on,Headlight,Minor,18885,16525,No,Approved
C00785,V0271,D0617,T00183,2025-10-31T17:41:00,Palakkad,Cloudy,Dry,Rear-end,Headlight,Minor,17204,14741,Yes,Under Review
C00786,V0235,D0171,T09325,2025-03-08T08:49:00,Kollam,Sunny,Slippery,Rear-end,Engine Bay,Major,172823,161184,No,Approved
C00787,V0007,D0568,T05458,2025-05-22T02:53:00,Kochi,Fog,Wet,Head-on,Door,Moderate,77277,63491,No,Under Review
C00788,V0460,D0246,T00283,2025-02-06T20:07:00,Alappuzha,Fog,Dry,Head-on,Front Bumper,Moderate,197059,164432,No,Under Review
C00789,V0118,D0299,T08309,2025-07-20T02:25:00,Kollam,Sunny,Slippery,Rear-end,Front Bumper,Moderate,186014,166897,Yes,Rejected
C00790,V0202,D0646,T00756,2025-11-06T00:00:00,Palakkad,Fog,Dry,Head-on,Headlight,Major,113788,106295,No,Under Review
C00791,V0411,D0210,T03072,2025-05-09T13:21:00,Palakkad,Sunny,Dry,Single Vehicle,Windshield,Minor,167949,143786,No,Approved
C00792,V0307,D0212,T06419,2025-03-07T10:16:00,Alappuzha,Heavy Rain,Dry,Single Vehicle,Rear Bumper,Major,191016,171957,No,Approved
C00793,V0277,D0044,T02429,2025-03-22T02:43:00,Kollam,Heavy Rain,Wet,Side,Rear Bumper,Moderate,77064,72339,No,Approved
C00794,V0277,D0448,T06777,2025-09-27T17:42:00,Thrissur,Cloudy,Wet,Head-on,Door,Moderate,118135,101320,No,Under Review
C00795,V0033,D0379,T09765,2025-05-14T01:18:00,Kozhikode,Fog,Wet,Single Vehicle,Headlight,Moderate,141981,115218,No,Under Review
C00796,V0364,D0611,T02132,2025-10-30T14:06:00,Kozhikode,Fog,Slippery,Rear-end,Engine Bay,Moderate,236630,235746,No,Under Review
C00797,V0130,D0357,T01577,2025-03-21T15:18:00,Kozhikode,Sunny,Dry,Single Vehicle,Windshield,Moderate,107835,106668,No,Approved
C00798,V0428,D0499,T02635,2025-02-15T19:06:00,Kozhikode,Sunny,Slippery,Head-on,Front Bumper,Moderate,44249,43585,No,Rejected
C00799,V0393,D0048,T06629,2025-05-06T02:40:00,Kollam,Fog,Wet,Single Vehicle,Windshield,Major,129711,104343,No,Approved
C00800,V0464,D0452,T01887,2025-06-04T18:17:00,Kochi,Fog,Dry,Single Vehicle,Headlight,Moderate,159671,144689,No,Rejected
C00801,V0421,D0274,T00342,2025-09-27T22:14:00,Kozhikode,Cloudy,Wet,Rear-end,Windshield,Minor,219745,182448,No,Under Review
C00802,V0324,D0457,T08856,2025-09-11T12:03:00,Kozhikode,Heavy Rain,Dry,Head-on,Door,Moderate,171562,138635,No,Under Review
C00803,V0137,D0231,T08423,2025-04-25T00:42:00,Thrissur,Sunny,Dry,Single Vehicle,Headlight,Major,150342,136836,Yes,Rejected
C00804,V0118,D0151,T00821,2025-01-31T18:54:00,Kochi,Heavy Rain,Dry,Single Vehicle,Engine Bay,Minor,105134,97216,Yes,Under Review
C00805,V0146,D0570,T01943,2025-03-05T09:51:00,Kollam,Heavy Rain,Wet,Rear-end,Windshield,Major,30551,30291,No,Approved
C00806,V0460,D0136,T08968,2025-08-31T20:35:00,Kozhikode,Rain,Dry,Single Vehicle,Door,Minor,128597,104039,No,Approved
C00807,V0046,D0018,T09631,2025-12-12T18:00:00,Kozhikode,Cloudy,Slippery,Head-on,Engine Bay,Major,55671,45806,No,Under Review
C00808,V0411,D0375,T04378,2025-05-28T17:46:00,Alappuzha,Rain,Slippery,Single Vehicle,Rear Bumper,Major,62256,59110,Yes,Under Review
C00809,V0069,D0469,T09043,2025-02-04T05:58:00,Palakkad,Heavy Rain,Slippery,Side,Windshield,Minor,31253,28029,No,Rejected
C00810,V0169,D0026,T07438,2025-10-01T09:12:00,Kozhikode,Rain,Wet,Side,Front Bumper,Moderate,72675,61849,No,Under Review
C00811,V0100,D0544,T09838,2025-02-27T19:49:00,Kozhikode,Rain,Slippery,Single Vehicle,Engine Bay,Major,26317,23943,No,Rejected
C00812,V0401,D0060,T08180,2025-11-14T06:12:00,Alappuzha,Cloudy,Dry,Rear-end,Door,Moderate,63050,54015,No,Approved
C00813,V0008,D0592,T05210,2025-03-11T09:38:00,Palakkad,Rain,Dry,Side,Windshield,Minor,110820,101422,No,Approved
C00814,V0405,D0228,T03469,2025-11-16T12:54:00,Thrissur,Fog,Slippery,Head-on,Rear Bumper,Minor,17976,17288,No,Rejected
C00815,V0037,D0267,T03985,2025-02-24T11:02:00,Kollam,Rain,Slippery,Single Vehicle,Windshield,Major,14110,11677,No,Approved
C00816,V0368,D0310,T07882,2025-04-07T14:55:00,Palakkad,Rain,Dry,Single Vehicle,Engine Bay,Moderate,247469,216752,No,Under Review
C00817,V0263,D0579,T06287,2025-08-29T18:01:00,Alappuzha,Heavy Rain,Wet,Side,Engine Bay,Minor,21379,18346,Yes,Rejected
C00818,V0028,D0192,T07884,2025-06-19T19:14:00,Palakkad,Heavy Rain,Dry,Side,Windshield,Major,10177,8407,No,Approved
C00819,V0356,D0099,T05025,2025-02-22T07:40:00,Palakkad,Heavy Rain,Slippery,Side,Rear Bumper,Moderate,49004,46452,No,Under Review
C00820,V0132,D0659,T00930,2025-02-16T10:59:00,Alappuzha,Cloudy,Wet,Head-on,Front Bumper,Minor,73031,61744,No,Rejected
C00821,V0143,D0184,T05443,2025-11-15T05:02:00,Thrissur,Heavy Rain,Wet,Rear-end,Engine Bay,Moderate,67250,63313,No,Approved
C00822,V0285,D0672,T04518,2025-12-17T08:07:00,Kochi,Sunny,Dry,Rear-end,Rear Bumper,Major,20262,18999,No,Approved
C00823,V0067,D0654,T02783,2025-02-11T10:02:00,Kozhikode,Fog,Wet,Side,Windshield,Major,87130,72126,No,Rejected
C00824,V0396,D0699,T04496,2025-03-25T04:29:00,Kochi,Cloudy,Wet,Single Vehicle,Headlight,Moderate,111515,107145,No,Rejected
C00825,V0424,D0538,T08517,2025-12-21T06:23:00,Alappuzha,Cloudy,Wet,Single Vehicle,Headlight,Minor,70026,65428,Yes,Rejected
C00826,V0340,D0070,T09302,2025-05-20T15:21:00,Alappuzha,Rain,Wet,Single Vehicle,Front Bumper,Minor,77659,64592,Yes,Rejected
C00827,V0404,D0262,T00497,2025-07-23T13:57:00,Thrissur,Heavy Rain,Dry,Head-on,Engine Bay,Minor,218241,204123,No,Rejected
C00828,V0316,D0572,T00843,2025-01-17T22:07:00,Thrissur,Fog,Wet,Rear-end,Headlight,Moderate,249618,215825,No,Approved
C00829,V0259,D0366,T06975,2025-01-08T13:56:00,Kochi,Heavy Rain,Slippery,Side,Front Bumper,Major,206764,179391,No,Rejected
C00830,V0469,D0575,T01779,2025-04-28T17:28:00,Kozhikode,Fog,Dry,Side,Front Bumper,Minor,140245,122921,No,Approved
C00831,V0465,D0234,T01893,2025-04-20T03:21:00,Kochi,Rain,Dry,Head-on,Front Bumper,Major,183209,155248,No,Under Review
C00832,V0149,D0516,T02547,2025-03-18T18:58:00,Kozhikode,Fog,Slippery,Single Vehicle,Rear Bumper,Major,14119,13169,No,Rejected
C00833,V0317,D0274,T06845,2025-10-01T11:24:00,Kollam,Heavy Rain,Wet,Rear-end,Front Bumper,Moderate,206289,169954,No,Under Review
C00834,V0268,D0472,T07066,2025-06-14T18:00:00,Kochi,Cloudy,Slippery,Single Vehicle,Rear Bumper,Major,72153,68458,No,Rejected
C00835,V0061,D0241,T07188,2025-08-28T04:14:00,Thrissur,Heavy Rain,Wet,Rear-end,Door,Major,237548,219488,No,Approved
C00836,V0170,D0147,T01004,2025-07-25T17:16:00,Thrissur,Rain,Wet,Head-on,Rear Bumper,Moderate,42406,39471,Yes,Under Review
C00837,V0112,D0212,T05255,2025-12-18T07:30:00,Alappuzha,Cloudy,Dry,Single Vehicle,Windshield,Major,192743,176637,No,Approved
C00838,V0081,D0097,T01675,2025-08-08T08:49:00,Alappuzha,Rain,Slippery,Rear-end,Front Bumper,Minor,21395,17667,Yes,Under Review
C00839,V0482,D0672,T08649,2025-02-05T12:39:00,Kollam,Cloudy,Slippery,Single Vehicle,Rear Bumper,Moderate,170461,136923,No,Under Review
C00840,V0328,D0219,T06329,2025-09-13T20:03:00,Alappuzha,Cloudy,Slippery,Head-on,Headlight,Major,30578,27037,Yes,Rejected
C00841,V0133,D0139,T01668,2025-06-04T12:23:00,Kollam,Fog,Slippery,Single Vehicle,Headlight,Major,93392,81693,No,Under Review
C00842,V0311,D0192,T07661,2025-11-30T12:24:00,Kollam,Fog,Slippery,Rear-end,Headlight,Moderate,125507,105970,No,Under Review
C00843,V0444,D0677,T00799,2025-04-05T09:25:00,Thrissur,Sunny,Wet,Head-on,Windshield,Minor,187072,177920,No,Rejected
C00844,V0115,D0240,T08242,2025-10-02T08:53:00,Kochi,Sunny,Slippery,Single Vehicle,Rear Bumper,Minor,135646,116538,No,Approved
C00845,V0016,D0178,T01351,2025-11-24T12:02:00,Kozhikode,Sunny,Slippery,Single Vehicle,Door,Minor,80182,74232,No,Approved
C00846,V0491,D0511,T09720,2025-10-16T22:28:00,Thrissur,Sunny,Dry,Side,Rear Bumper,Moderate,182921,165729,No,Rejected
C00847,V0283,D0502,T01020,2025-11-30T20:43:00,Alappuzha,Cloudy,Slippery,Rear-end,Rear Bumper,Moderate,200416,176537,No,Under Review
C00848,V0158,D0054,T08623,2025-01-16T04:32:00,Kochi,Cloudy,Slippery,Single Vehicle,Rear Bumper,Moderate,91284,80091,Yes,Approved
C00849,V0206,D0293,T07144,2025-01-21T16:59:00,Alappuzha,Rain,Wet,Head-on,Front Bumper,Moderate,240795,238152,No,Under Review
C00850,V0028,D0638,T07522,2025-06-08T02:16:00,Thrissur,Heavy Rain,Dry,Head-on,Rear Bumper,Moderate,102216,89396,Yes,Rejected
C00851,V0347,D0375,T09918,2025-10-24T01:31:00,Palakkad,Cloudy,Slippery,Single Vehicle,Engine Bay,Major,205603,197065,Yes,Approved
C00852,V0179,D0199,T04138,2025-11-02T09:33:00,Alappuzha,Heavy Rain,Dry,Rear-end,Rear Bumper,Moderate,236787,224205,No,Under Review
C00853,V0104,D0384,T02189,2025-06-15T05:18:00,Kollam,Cloudy,Dry,Rear-end,Headlight,Minor,230207,227806,No,Rejected
C00854,V0306,D0688,T00879,2025-12-10T09:40:00,Palakkad,Cloudy,Slippery,Side,Rear Bumper,Minor,14826,13451,No,Under Review
C00855,V0315,D0229,T07768,2025-03-27T07:27:00,Alappuzha,Rain,Wet,Rear-end,Rear Bumper,Moderate,183122,167419,No,Rejected
C00856,V0399,D0167,T07386,2025-09-06T18:05:00,Palakkad,Sunny,Slippery,Head-on,Windshield,Minor,96936,95141,Yes,Rejected
C00857,V0452,D0100,T00217,2025-10-02T11:58:00,Thrissur,Rain,Dry,Head-on,Rear Bumper,Moderate,109304,108993,Yes,Rejected
C00858,V0284,D0611,T04146,2025-07-17T16:16:00,Kozhikode,Cloudy,Slippery,Single Vehicle,Windshield,Moderate,90131,80786,Yes,Under Review
C00859,V0258,D0141,T00152,2025-03-28T17:12:00,Palakkad,Cloudy,Wet,Rear-end,Windshield,Minor,211789,177477,No,Approved
C00860,V0236,D0328,T05638,2025-05-04T07:52:00,Palakkad,Rain,Wet,Single Vehicle,Windshield,Moderate,89501,80340,No,Rejected
C00861,V0268,D0647,T09596,2025-03-03T00:44:00,Palakkad,Sunny,Slippery,Rear-end,Front Bumper,Major,49847,39896,No,Rejected
C00862,V0262,D0076,T06114,2025-12-29T09:03:00,Kollam,Rain,Slippery,Head-on,Engine Bay,Major,162899,132369,No,Rejected
C00863,V0054,D0126,T07026,2025-07-23T10:22:00,Alappuzha,Heavy Rain,Dry,Side,Engine Bay,Moderate,202210,187953,No,Rejected
C00864,V0183,D0293,T06841,2025-10-18T11:00:00,Kollam,Fog,Wet,Rear-end,Rear Bumper,Moderate,25087,24499,No,Approved
C00865,V0488,D0700,T00138,2025-10-01T18:05:00,Thrissur,Sunny,Dry,Head-on,Rear Bumper,Major,161183,156596,No,Approved
C00866,V0081,D0471,T07895,2025-11-14T08:33:00,Alappuzha,Cloudy,Wet,Head-on,Door,Moderate,17576,15424,Yes,Rejected
C00867,V0025,D0469,T01168,2025-08-08T13:54:00,Kozhikode,Rain,Slippery,Side,Rear Bumper,Moderate,129064,113840,No,Rejected
C00868,V0427,D0599,T03707,2025-07-14T10:15:00,Kochi,Fog,Slippery,Side,Engine Bay,Minor,194231,187214,No,Approved
C00869,V0338,D0242,T05730,2025-05-01T22:02:00,Kozhikode,Cloudy,Wet,Side,Door,Moderate,74764,65420,No,Approved
C00870,V0245,D0606,T02346,2025-04-19T12:50:00,Kollam,Rain,Slippery,Head-on,Headlight,Major,69445,68151,Yes,Approved
C00871,V0114,D0621,T04631,2025-03-12T16:20:00,Kollam,Fog,Wet,Rear-end,Headlight,Major,98366,92193,No,Approved
C00872,V0096,D0247,T04845,2025-02-06T19:53:00,Kollam,Heavy Rain,Dry,Side,Engine Bay,Moderate,59023,57758,No,Approved
C00873,V0422,D0223,T06587,2025-07-10T09:13:00,Kollam,Rain,Dry,Side,Windshield,Major,170573,168106,No,Rejected
C00874,V0045,D0462,T06686,2025-09-17T13:34:00,Kozhikode,Sunny,Wet,Single Vehicle,Engine Bay,Minor,172236,145017,No,Rejected
C00875,V0364,D0241,T07447,2025-09-20T03:25:00,Kollam,Rain,Wet,Rear-end,Door,Major,195595,178576,No,Under Review
C00876,V0353,D0630,T01526,2025-12-24T15:39:00,Kozhikode,Heavy Rain,Dry,Rear-end,Headlight,Moderate,94011,75945,Yes,Approved
C00877,V0488,D0379,T00113,2025-04-25T09:26:00,Alappuzha,Sunny,Wet,Side,Headlight,Major,185068,156925,No,Under Review
C00878,V0395,D0024,T02728,2025-01-31T08:36:00,Alappuzha,Rain,Wet,Side,Windshield,Major,196654,168433,No,Approved
C00879,V0449,D0063,T07390,2025-01-07T16:08:00,Palakkad,Rain,Dry,Single Vehicle,Rear Bumper,Major,14292,11753,No,Approved
C00880,V0251,D0093,T08050,2025-12-25T16:49:00,Kollam,Cloudy,Slippery,Side,Headlight,Moderate,46119,38270,No,Under Review
C00881,V0130,D0184,T04228,2025-06-27T16:32:00,Palakkad,Sunny,Slippery,Single Vehicle,Rear Bumper,Moderate,54353,45339,No,Under Review
C00882,V0265,D0546,T04445,2025-01-17T07:04:00,Thrissur,Cloudy,Wet,Single Vehicle,Front Bumper,Minor,169365,142131,No,Under Review
C00883,V0453,D0224,T03644,2025-12-04T22:07:00,Kollam,Cloudy,Dry,Side,Front Bumper,Minor,132445,127854,No,Approved
C00884,V0280,D0342,T00342,2025-12-28T10:54:00,Kozhikode,Cloudy,Dry,Single Vehicle,Engine Bay,Minor,92165,89128,No,Approved
C00885,V0282,D0328,T06537,2025-07-03T13:22:00,Palakkad,Sunny,Wet,Side,Engine Bay,Moderate,246435,228738,No,Rejected
C00886,V0334,D0562,T08331,2025-03-18T19:48:00,Kollam,Heavy Rain,Slippery,Rear-end,Engine Bay,Major,139054,123695,No,Rejected
C00887,V0203,D0396,T02184,2025-01-27T21:49:00,Kozhikode,Sunny,Slippery,Single Vehicle,Door,Major,223122,186233,Yes,Under Review
C00888,V0482,D0592,T05499,2025-03-16T18:32:00,Palakkad,Sunny,Dry,Head-on,Headlight,Major,155762,125475,No,Rejected
C00889,V0012,D0108,T05122,2025-08-08T20:02:00,Palakkad,Rain,Slippery,Head-on,Rear Bumper,Moderate,196951,176978,Yes,Under Review
C00890,V0031,D0496,T01755,2025-03-29T09:14:00,Thrissur,Sunny,Slippery,Head-on,Engine Bay,Minor,139982,118096,Yes,Approved
C00891,V0416,D0354,T05651,2025-01-27T05:25:00,Thrissur,Fog,Dry,Side,Front Bumper,Minor,217369,174273,No,Under Review
C00892,V0128,D0165,T05559,2025-09-25T07:17:00,Thrissur,Heavy Rain,Dry,Side,Front Bumper,Major,159030,156583,No,Approved
C00893,V0147,D0488,T00627,2025-12-18T19:14:00,Kochi,Sunny,Wet,Single Vehicle,Rear Bumper,Minor,203031,196877,No,Approved
C00894,V0198,D0698,T08596,2025-05-31T16:27:00,Kochi,Cloudy,Slippery,Side,Headlight,Minor,43472,35958,No,Under Review
C00895,V0098,D0687,T01380,2025-06-23T17:19:00,Kozhikode,Fog,Dry,Side,Headlight,Major,13444,12152,Yes,Under Review
C00896,V0008,D0071,T04807,2025-01-27T01:15:00,Palakkad,Heavy Rain,Dry,Side,Door,Minor,113899,109143,Yes,Rejected
C00897,V0029,D0622,T03226,2025-02-03T16:24:00,Palakkad,Rain,Slippery,Rear-end,Engine Bay,Major,32080,29738,Yes,Under Review
C00898,V0418,D0678,T01060,2025-05-11T09:14:00,Kochi,Heavy Rain,Wet,Head-on,Front Bumper,Major,217181,175402,No,Rejected
C00899,V0208,D0046,T07176,2025-04-16T09:17:00,Kozhikode,Heavy Rain,Slippery,Side,Rear Bumper,Moderate,125999,110222,No,Under Review
C00900,V0412,D0470,T07225,2025-09-12T01:27:00,Thrissur,Heavy Rain,Slippery,Side,Engine Bay,Major,246063,199230,No,Under Review
C00901,V0197,D0443,T07008,2025-01-23T06:31:00,Kozhikode,Rain,Slippery,Side,Door,Moderate,77130,71903,No,Approved
C00902,V0055,D0558,T09556,2025-03-16T12:21:00,Thrissur,Heavy Rain,Slippery,Single Vehicle,Front Bumper,Major,171181,157069,No,Approved
C00903,V0253,D0056,T00148,2025-02-14T18:05:00,Kochi,Sunny,Wet,Single Vehicle,Front Bumper,Moderate,13069,11247,No,Rejected
C00904,V0434,D0209,T06360,2025-05-01T21:42:00,Kozhikode,Rain,Slippery,Side,Engine Bay,Major,109002,103358,No,Under Review
C00905,V0196,D0520,T03308,2025-02-05T23:38:00,Kochi,Rain,Wet,Side,Front Bumper,Minor,113394,112770,No,Approved
C00906,V0398,D0503,T04119,2025-12-25T21:46:00,Kozhikode,Rain,Wet,Head-on,Door,Major,39138,35875,Yes,Approved
C00907,V0103,D0162,T03913,2025-08-20T07:38:00,Kozhikode,Rain,Dry,Head-on,Rear Bumper,Major,95997,95237,No,Rejected
C00908,V0397,D0412,T07184,2025-10-08T09:44:00,Kollam,Rain,Slippery,Rear-end,Door,Moderate,151780,136322,Yes,Rejected
C00909,V0100,D0210,T02767,2025-03-08T07:44:00,Kollam,Rain,Wet,Rear-end,Headlight,Moderate,224465,201232,No,Rejected
C00910,V0493,D0508,T01553,2025-05-18T13:16:00,Alappuzha,Cloudy,Wet,Rear-end,Front Bumper,Moderate,72625,62202,No,Approved
C00911,V0430,D0487,T06910,2025-06-18T21:59:00,Kollam,Heavy Rain,Dry,Single Vehicle,Headlight,Moderate,97612,85750,No,Under Review
C00912,V0498,D0065,T03521,2025-10-25T04:37:00,Alappuzha,Fog,Dry,Head-on,Rear Bumper,Moderate,109618,88502,No,Rejected
C00913,V0113,D0607,T03155,2025-10-17T02:38:00,Alappuzha,Rain,Dry,Side,Rear Bumper,Major,11911,10611,No,Approved
C00914,V0412,D0103,T01939,2025-09-22T12:03:00,Kozhikode,Heavy Rain,Slippery,Side,Door,Minor,210376,208171,Yes,Under Review
C00915,V0060,D0471,T02912,2025-11-20T13:36:00,Palakkad,Sunny,Dry,Head-on,Rear Bumper,Major,240941,211899,No,Rejected
C00916,V0042,D0520,T07746,2025-12-21T16:59:00,Kochi,Sunny,Wet,Rear-end,Windshield,Minor,156285,136802,No,Approved
C00917,V0417,D0215,T05821,2025-07-25T05:38:00,Kochi,Fog,Dry,Side,Rear Bumper,Major,124376,115814,Yes,Approved
C00918,V0231,D0641,T01309,2025-09-07T09:27:00,Kollam,Fog,Dry,Single Vehicle,Engine Bay,Major,112329,97300,Yes,Under Review
C00919,V0131,D0152,T01801,2025-08-03T15:05:00,Kozhikode,Cloudy,Wet,Rear-end,Windshield,Major,53710,47467,Yes,Under Review
C00920,V0008,D0393,T00696,2025-05-22T08:40:00,Kochi,Fog,Slippery,Rear-end,Door,Major,41230,41159,No,Under Review
C00921,V0073,D0587,T00069,2025-11-30T21:13:00,Kollam,Rain,Slippery,Head-on,Rear Bumper,Minor,121339,114523,No,Approved
C00922,V0498,D0331,T05968,2025-06-13T03:18:00,Alappuzha,Rain,Wet,Single Vehicle,Front Bumper,Moderate,39552,34036,No,Rejected
C00923,V0113,D0259,T00278,2025-10-05T04:52:00,Palakkad,Cloudy,Wet,Side,Door,Moderate,161586,148679,Yes,Approved
C00924,V0447,D0668,T09897,2025-04-21T01:52:00,Thrissur,Fog,Slippery,Side,Headlight,Major,144167,126311,No,Under Review
C00925,V0372,D0018,T08457,2025-08-29T00:42:00,Kozhikode,Cloudy,Slippery,Rear-end,Engine Bay,Minor,31055,28020,No,Under Review
C00926,V0055,D0474,T00563,2025-07-24T15:54:00,Palakkad,Rain,Slippery,Single Vehicle,Rear Bumper,Minor,212022,190190,No,Rejected
C00927,V0476,D0103,T00614,2025-05-01T18:22:00,Palakkad,Cloudy,Slippery,Rear-end,Door,Moderate,164676,142088,No,Under Review
C00928,V0475,D0487,T09352,2025-05-28T04:22:00,Alappuzha,Rain,Dry,Side,Door,Major,157193,129185,Yes,Under Review
C00929,V0410,D0549,T09943,2025-04-28T06:29:00,Thrissur,Sunny,Wet,Rear-end,Front Bumper,Minor,78448,74422,No,Approved
C00930,V0479,D0437,T06375,2025-05-06T22:26:00,Palakkad,Rain,Slippery,Rear-end,Windshield,Minor,177299,177162,No,Rejected
C00931,V0151,D0557,T06715,2025-01-03T23:34:00,Palakkad,Sunny,Wet,Side,Engine Bay,Minor,20328,17672,No,Under Review
C00932,V0105,D0555,T06387,2025-12-25T19:00:00,Thrissur,Sunny,Wet,Head-on,Door,Minor,140037,118408,No,Approved
C00933,V0124,D0121,T08019,2025-05-17T23:49:00,Alappuzha,Heavy Rain,Dry,Side,Engine Bay,Minor,79187,74089,No,Under Review
C00934,V0135,D0451,T03022,2025-12-02T02:00:00,Kollam,Sunny,Dry,Head-on,Door,Moderate,65604,61620,No,Approved
C00935,V0355,D0259,T01348,2025-10-22T08:05:00,Kozhikode,Fog,Slippery,Head-on,Engine Bay,Minor,87589,83797,No,Rejected
C00936,V0403,D0148,T03856,2025-11-24T07:36:00,Thrissur,Cloudy,Slippery,Head-on,Front Bumper,Major,197348,176215,Yes,Rejected
C00937,V0372,D0278,T08362,2025-11-20T14:42:00,Kochi,Rain,Wet,Single Vehicle,Door,Major,240318,219409,No,Under Review
C00938,V0011,D0010,T05999,2025-05-06T18:46:00,Alappuzha,Sunny,Wet,Head-on,Door,Major,216621,191847,Yes,Approved
C00939,V0033,D0672,T03601,2025-07-07T00:56:00,Kollam,Fog,Slippery,Rear-end,Windshield,Moderate,117939,105313,No,Approved
C00940,V0192,D0259,T05817,2025-07-08T19:25:00,Palakkad,Rain,Slippery,Head-on,Front Bumper,Major,168578,150603,No,Rejected
C00941,V0046,D0360,T07800,2025-12-08T18:56:00,Palakkad,Sunny,Wet,Single Vehicle,Front Bumper,Moderate,124672,122405,No,Approved
C00942,V0216,D0038,T08144,2025-10-21T22:51:00,Palakkad,Sunny,Slippery,Single Vehicle,Engine Bay,Moderate,238699,236341,No,Rejected
C00943,V0446,D0278,T08547,2025-09-26T22:53:00,Palakkad,Rain,Slippery,Head-on,Front Bumper,Moderate,32932,30110,No,Under Review
C00944,V0043,D0059,T09228,2025-10-31T18:31:00,Kochi,Rain,Dry,Single Vehicle,Rear Bumper,Moderate,55149,46350,Yes,Rejected
C00945,V0064,D0585,T00546,2025-01-04T10:10:00,Kochi,Sunny,Slippery,Rear-end,Windshield,Major,97441,85632,No,Approved
C00946,V0435,D0464,T03840,2025-04-12T15:48:00,Palakkad,Sunny,Slippery,Side,Door,Major,109492,95123,No,Under Review
C00947,V0402,D0101,T09952,2025-08-22T21:22:00,Kochi,Sunny,Dry,Side,Front Bumper,Moderate,69743,58240,No,Under Review
C00948,V0461,D0508,T07314,2025-11-20T17:13:00,Kochi,Sunny,Wet,Single Vehicle,Door,Moderate,132354,118781,No,Under Review
C00949,V0408,D0148,T04860,2025-08-30T17:26:00,Kollam,Fog,Wet,Side,Engine Bay,Moderate,200204,163397,No,Approved
C00950,V0072,D0425,T01183,2025-01-29T15:39:00,Thrissur,Sunny,Slippery,Head-on,Door,Minor,63827,63086,No,Rejected
C00951,V0392,D0274,T06796,2025-03-26T12:20:00,Alappuzha,Rain,Slippery,Rear-end,Front Bumper,Minor,61923,58238,No,Under Review
C00952,V0070,D0231,T07313,2025-03-29T20:33:00,Palakkad,Sunny,Wet,Head-on,Engine Bay,Moderate,194339,165344,No,Approved
C00953,V0261,D0358,T07665,2025-02-09T18:43:00,Palakkad,Sunny,Slippery,Head-on,Front Bumper,Moderate,247491,212832,Yes,Approved
C00954,V0335,D0069,T03447,2025-05-28T03:22:00,Kochi,Heavy Rain,Dry,Side,Door,Major,182565,154666,No,Rejected
C00955,V0343,D0265,T07606,2025-01-08T12:30:00,Thrissur,Heavy Rain,Dry,Side,Door,Moderate,27995,23665,No,Under Review
C00956,V0002,D0088,T06606,2025-12-08T14:53:00,Kollam,Heavy Rain,Dry,Side,Rear Bumper,Major,174419,141294,No,Approved
C00957,V0016,D0105,T04127,2025-11-28T06:44:00,Palakkad,Rain,Dry,Head-on,Door,Moderate,12939,12546,No,Approved
C00958,V0406,D0356,T03517,2025-01-03T09:49:00,Alappuzha,Sunny,Wet,Single Vehicle,Rear Bumper,Major,140824,127517,No,Approved
C00959,V0283,D0518,T09319,2025-07-25T15:26:00,Kochi,Fog,Slippery,Side,Headlight,Major,137185,136147,Yes,Under Review
C00960,V0063,D0118,T08575,2025-10-07T07:04:00,Alappuzha,Cloudy,Dry,Side,Door,Moderate,49220,47240,No,Under Review
C00961,V0466,D0606,T07681,2025-07-09T16:59:00,Alappuzha,Fog,Dry,Side,Rear Bumper,Moderate,34685,30426,Yes,Approved
C00962,V0143,D0415,T02504,2025-09-19T12:53:00,Kochi,Heavy Rain,Dry,Side,Windshield,Moderate,35174,28471,No,Approved
C00963,V0119,D0481,T00518,2025-07-05T12:40:00,Alappuzha,Sunny,Wet,Side,Headlight,Major,232263,215687,No,Approved
C00964,V0209,D0682,T01151,2025-11-21T08:29:00,Palakkad,Fog,Wet,Head-on,Door,Moderate,171174,161116,No,Rejected
C00965,V0274,D0108,T05140,2025-07-19T16:41:00,Alappuzha,Sunny,Dry,Single Vehicle,Front Bumper,Major,113130,107786,No,Approved
C00966,V0377,D0520,T06376,2025-12-29T13:33:00,Kozhikode,Rain,Dry,Rear-end,Rear Bumper,Major,197553,163392,No,Approved
C00967,V0450,D0113,T01894,2025-08-12T22:25:00,Kozhikode,Sunny,Dry,Head-on,Engine Bay,Moderate,202228,194062,Yes,Under Review
C00968,V0425,D0675,T00876,2025-09-03T15:37:00,Kollam,Rain,Dry,Head-on,Headlight,Minor,96623,86947,No,Under Review
C00969,V0028,D0078,T01197,2025-11-07T15:28:00,Palakkad,Cloudy,Wet,Rear-end,Rear Bumper,Moderate,74458,64442,No,Approved
C00970,V0425,D0488,T04250,2025-09-29T23:48:00,Kochi,Heavy Rain,Slippery,Rear-end,Engine Bay,Minor,73196,69862,No,Under Review
C00971,V0210,D0094,T05593,2025-11-14T22:27:00,Palakkad,Sunny,Slippery,Single Vehicle,Front Bumper,Major,239585,212365,No,Rejected
C00972,V0276,D0456,T00275,2025-09-19T13:06:00,Kollam,Heavy Rain,Dry,Head-on,Front Bumper,Minor,80454,69782,No,Under Review
C00973,V0268,D0644,T08386,2025-11-01T18:19:00,Thrissur,Cloudy,Slippery,Rear-end,Front Bumper,Moderate,169779,138541,No,Under Review
C00974,V0068,D0597,T02855,2025-05-02T12:12:00,Kochi,Cloudy,Wet,Head-on,Front Bumper,Moderate,206166,192762,Yes,Rejected
C00975,V0006,D0384,T09254,2025-05-13T13:59:00,Palakkad,Cloudy,Dry,Side,Engine Bay,Major,19486,18293,No,Rejected
C00976,V0240,D0010,T05827,2025-01-14T08:49:00,Thrissur,Cloudy,Wet,Head-on,Headlight,Moderate,226127,207297,No,Under Review
C00977,V0312,D0063,T05740,2025-11-13T14:16:00,Thrissur,Fog,Dry,Rear-end,Rear Bumper,Moderate,31006,26768,No,Under Review
C00978,V0073,D0006,T06430,2025-01-25T21:21:00,Palakkad,Sunny,Wet,Head-on,Front Bumper,Moderate,238894,228249,No,Under Review
C00979,V0387,D0026,T06139,2025-09-21T01:37:00,Kollam,Fog,Wet,Rear-end,Rear Bumper,Moderate,46775,46177,Yes,Approved
C00980,V0442,D0064,T03578,2025-08-11T01:59:00,Kollam,Cloudy,Slippery,Rear-end,Rear Bumper,Minor,207810,180923,No,Approved
C00981,V0115,D0290,T01439,2025-08-16T01:10:00,Alappuzha,Rain,Wet,Head-on,Windshield,Moderate,13573,12919,No,Approved
C00982,V0250,D0530,T00976,2025-06-20T19:35:00,Palakkad,Sunny,Wet,Single Vehicle,Door,Major,38951,33217,No,Rejected
C00983,V0372,D0674,T03240,2025-07-09T21:25:00,Alappuzha,Fog,Dry,Side,Front Bumper,Moderate,109763,94490,No,Rejected
C00984,V0017,D0536,T09211,2025-09-11T20:24:00,Kollam,Fog,Dry,Rear-end,Headlight,Minor,179075,159101,No,Under Review
C00985,V0265,D0561,T06853,2025-11-05T07:49:00,Kochi,Rain,Slippery,Single Vehicle,Front Bumper,Moderate,38259,35566,Yes,Under Review
C00986,V0330,D0032,T04922,2025-09-07T03:35:00,Kollam,Fog,Wet,Head-on,Rear Bumper,Moderate,70168,68141,No,Rejected
C00987,V0378,D0460,T02676,2025-11-26T06:00:00,Kozhikode,Sunny,Slippery,Single Vehicle,Door,Moderate,186515,167403,Yes,Rejected
C00988,V0074,D0517,T09994,2025-05-14T17:56:00,Palakkad,Cloudy,Dry,Head-on,Rear Bumper,Minor,224805,204181,No,Under Review
C00989,V0433,D0582,T06736,2025-06-12T12:52:00,Thrissur,Cloudy,Slippery,Single Vehicle,Front Bumper,Minor,240702,230689,No,Under Review
C00990,V0130,D0601,T07208,2025-03-04T13:46:00,Thrissur,Sunny,Slippery,Side,Rear Bumper,Minor,15888,14315,No,Approved
C00991,V0188,D0571,T01526,2025-10-28T03:56:00,Alappuzha,Cloudy,Dry,Single Vehicle,Headlight,Minor,31556,29417,No,Rejected
C00992,V0345,D0254,T01172,2025-11-07T17:14:00,Thrissur,Cloudy,Slippery,Single Vehicle,Windshield,Moderate,197379,187444,No,Approved
C00993,V0272,D0415,T02083,2025-11-25T22:03:00,Thrissur,Sunny,Slippery,Side,Engine Bay,Minor,57636,48787,No,Approved
C00994,V0098,D0575,T01928,2025-08-22T15:33:00,Kochi,Sunny,Dry,Head-on,Headlight,Moderate,204574,202026,No,Under Review
C00995,V0460,D0413,T01735,2025-11-05T16:36:00,Alappuzha,Rain,Slippery,Side,Windshield,Major,198651,186828,No,Rejected
C00996,V0181,D0222,T02594,2025-01-20T20:53:00,Alappuzha,Cloudy,Slippery,Side,Rear Bumper,Major,143355,130089,Yes,Rejected
C00997,V0245,D0267,T05036,2025-12-16T23:50:00,Palakkad,Cloudy,Wet,Side,Headlight,Moderate,76887,64892,No,Under Review
C00998,V0039,D0276,T05089,2025-02-28T16:58:00,Kollam,Heavy Rain,Slippery,Head-on,Windshield,Minor,155436,132600,No,Rejected
C00999,V0386,D0237,T00858,2025-04-02T19:29:00,Thrissur,Cloudy,Slippery,Head-on,Engine Bay,Major,93453,91310,No,Approved
C01000,V0143,D0165,T07735,2025-07-17T10:29:00,Kochi,Cloudy,Wet,Single Vehicle,Rear Bumper,Minor,167573,137413,No,Approved
C01001,V0172,D0241,T00363,2025-02-06T17:04:00,Kochi,Fog,Slippery,Side,Windshield,Minor,206616,174072,No,Rejected
C01002,V0299,D0413,T05147,2025-10-24T09:50:00,Alappuzha,Cloudy,Slippery,Rear-end,Front Bumper,Major,216773,200666,No,Rejected
C01003,V0211,D0491,T06569,2025-07-22T17:51:00,Thrissur,Rain,Wet,Side,Front Bumper,Moderate,22589,22283,No,Under Review
C01004,V0117,D0411,T07443,2025-09-01T20:09:00,Kochi,Cloudy,Slippery,Head-on,Front Bumper,Minor,167903,158357,Yes,Rejected
C01005,V0353,D0294,T09639,2025-05-08T20:13:00,Kochi,Sunny,Wet,Rear-end,Headlight,Major,149583,146902,No,Under Review
C01006,V0472,D0685,T01834,2025-11-21T08:48:00,Kollam,Sunny,Wet,Rear-end,Front Bumper,Moderate,228282,217234,No,Under Review
C01007,V0253,D0109,T02772,2025-07-09T05:39:00,Kollam,Rain,Dry,Single Vehicle,Rear Bumper,Minor,222907,198237,No,Rejected
C01008,V0263,D0202,T07526,2025-01-04T09:18:00,Alappuzha,Fog,Dry,Side,Windshield,Moderate,89275,82952,No,Approved
C01009,V0473,D0516,T05155,2025-05-31T08:32:00,Kochi,Fog,Dry,Side,Windshield,Major,165778,139763,No,Rejected
C01010,V0132,D0020,T00665,2025-11-03T04:20:00,Thrissur,Fog,Wet,Single Vehicle,Windshield,Major,60636,58703,No,Under Review
C01011,V0167,D0173,T03171,2025-10-28T23:55:00,Alappuzha,Rain,Dry,Single Vehicle,Headlight,Major,149477,137876,Yes,Rejected
C01012,V0146,D0169,T02413,2025-11-12T06:36:00,Kollam,Heavy Rain,Dry,Head-on,Door,Moderate,234280,190563,No,Under Review
C01013,V0047,D0133,T08873,2025-09-23T13:17:00,Palakkad,Sunny,Dry,Rear-end,Rear Bumper,Moderate,48908,44575,No,Rejected
C01014,V0267,D0429,T01030,2025-05-26T09:48:00,Thrissur,Cloudy,Dry,Single Vehicle,Headlight,Minor,176075,163762,Yes,Under Review
C01015,V0023,D0533,T07448,2025-03-15T10:58:00,Kozhikode,Rain,Wet,Head-on,Headlight,Moderate,56531,52213,No,Approved
C01016,V0158,D0219,T02303,2025-04-03T08:06:00,Alappuzha,Rain,Slippery,Rear-end,Engine Bay,Moderate,241301,213011,Yes,Rejected
C01017,V0259,D0676,T02209,2025-11-01T10:01:00,Alappuzha,Rain,Wet,Rear-end,Engine Bay,Major,163528,155727,Yes,Approved
C01018,V0215,D0202,T07952,2025-04-01T22:21:00,Kozhikode,Heavy Rain,Slippery,Head-on,Front Bumper,Minor,157734,146489,Yes,Approved
C01019,V0142,D0294,T06692,2025-07-19T10:23:00,Kochi,Cloudy,Slippery,Side,Engine Bay,Minor,73853,67059,No,Under Review
C01020,V0035,D0307,T01634,2025-01-25T16:34:00,Kochi,Cloudy,Dry,Head-on,Door,Major,182856,175503,No,Under Review
C01021,V0310,D0664,T01507,2025-11-05T17:58:00,Kochi,Rain,Slippery,Side,Front Bumper,Major,85659,69585,No,Rejected
C01022,V0476,D0070,T00354,2025-04-04T09:05:00,Kozhikode,Rain,Wet,Rear-end,Door,Major,183862,166554,Yes,Approved
C01023,V0036,D0094,T08057,2025-06-29T19:30:00,Kochi,Fog,Wet,Single Vehicle,Windshield,Major,79697,74274,No,Approved
C01024,V0252,D0364,T02119,2025-09-26T01:49:00,Alappuzha,Sunny,Slippery,Side,Headlight,Moderate,136634,119736,No,Approved
C01025,V0315,D0675,T03745,2025-03-02T13:03:00,Palakkad,Fog,Dry,Head-on,Rear Bumper,Moderate,242119,222555,No,Approved
C01026,V0421,D0344,T00311,2025-10-22T14:56:00,Thrissur,Sunny,Slippery,Single Vehicle,Door,Minor,73594,72982,No,Under Review
C01027,V0345,D0183,T06718,2025-02-10T05:12:00,Kollam,Sunny,Slippery,Head-on,Rear Bumper,Minor,101032,100139,No,Approved
C01028,V0357,D0575,T05503,2025-06-05T20:03:00,Kochi,Fog,Dry,Single Vehicle,Windshield,Major,107705,99334,No,Approved
C01029,V0211,D0419,T07459,2025-07-17T13:42:00,Thrissur,Heavy Rain,Dry,Side,Engine Bay,Major,227777,201458,No,Approved
C01030,V0476,D0391,T01836,2025-04-17T21:52:00,Kozhikode,Sunny,Slippery,Side,Front Bumper,Moderate,72160,58064,No,Approved
C01031,V0497,D0617,T01487,2025-06-10T10:09:00,Palakkad,Sunny,Wet,Rear-end,Front Bumper,Moderate,177758,170676,No,Under Review
C01032,V0404,D0460,T08153,2025-11-19T00:11:00,Kollam,Fog,Wet,Side,Headlight,Moderate,185621,164210,Yes,Approved
C01033,V0122,D0043,T05216,2025-06-20T04:00:00,Kozhikode,Heavy Rain,Dry,Single Vehicle,Engine Bay,Major,18630,15811,No,Rejected
C01034,V0297,D0428,T03005,2025-03-16T04:44:00,Thrissur,Cloudy,Wet,Side,Windshield,Moderate,167939,139320,No,Under Review
C01035,V0335,D0190,T04587,2025-04-02T03:06:00,Thrissur,Fog,Wet,Side,Front Bumper,Minor,40690,33570,No,Approved
C01036,V0306,D0660,T04847,2025-12-05T20:28:00,Kollam,Fog,Wet,Single Vehicle,Headlight,Major,76621,75987,No,Rejected
C01037,V0216,D0590,T03363,2025-12-03T00:02:00,Thrissur,Rain,Slippery,Side,Rear Bumper,Minor,137041,120588,No,Under Review
C01038,V0090,D0519,T08940,2025-01-23T08:33:00,Thrissur,Heavy Rain,Slippery,Side,Front Bumper,Minor,90707,73982,No,Under Review
C01039,V0274,D0422,T00803,2025-10-21T15:27:00,Thrissur,Sunny,Slippery,Side,Headlight,Moderate,51969,50294,Yes,Under Review
C01040,V0414,D0319,T03581,2025-11-08T02:03:00,Thrissur,Sunny,Dry,Side,Door,Minor,116867,111308,Yes,Approved
C01041,V0102,D0007,T01676,2025-07-28T05:00:00,Kochi,Sunny,Wet,Single Vehicle,Rear Bumper,Minor,47899,45468,No,Rejected
C01042,V0117,D0018,T08398,2025-07-12T23:37:00,Palakkad,Rain,Wet,Single Vehicle,Engine Bay,Major,208621,204250,No,Rejected
C01043,V0199,D0534,T00337,2025-01-14T07:46:00,Kozhikode,Sunny,Dry,Side,Engine Bay,Moderate,202088,185393,No,Under Review
C01044,V0101,D0311,T02890,2025-08-06T15:01:00,Palakkad,Sunny,Slippery,Head-on,Headlight,Minor,209142,179884,Yes,Rejected
C01045,V0409,D0471,T09645,2025-02-17T08:50:00,Thrissur,Heavy Rain,Slippery,Head-on,Front Bumper,Moderate,214473,184724,No,Under Review
C01046,V0429,D0193,T09546,2025-11-11T08:36:00,Palakkad,Fog,Slippery,Head-on,Door,Major,213773,194338,No,Approved
C01047,V0318,D0083,T01170,2025-03-04T12:45:00,Alappuzha,Heavy Rain,Slippery,Side,Headlight,Major,36931,30227,No,Under Review
C01048,V0074,D0360,T02099,2025-12-17T08:44:00,Thrissur,Sunny,Slippery,Rear-end,Door,Major,102248,101180,No,Approved
C01049,V0430,D0226,T03580,2025-08-12T15:05:00,Kollam,Heavy Rain,Wet,Head-on,Engine Bay,Minor,11815,9661,No,Rejected
C01050,V0209,D0614,T03045,2025-04-13T23:05:00,Palakkad,Fog,Dry,Rear-end,Windshield,Moderate,24576,22563,No,Under Review
C01051,V0431,D0054,T05365,2025-10-22T21:51:00,Alappuzha,Fog,Dry,Side,Rear Bumper,Moderate,182141,181138,No,Rejected
C01052,V0472,D0307,T09627,2025-12-07T11:18:00,Kollam,Heavy Rain,Dry,Head-on,Engine Bay,Moderate,238248,191398,No,Rejected
C01053,V0205,D0305,T08909,2025-05-01T00:09:00,Kollam,Rain,Wet,Head-on,Headlight,Minor,161716,160768,No,Approved
C01054,V0206,D0012,T06192,2025-11-02T03:40:00,Kozhikode,Sunny,Wet,Rear-end,Rear Bumper,Major,96264,94986,Yes,Approved
C01055,V0173,D0355,T01195,2025-03-19T22:25:00,Kollam,Heavy Rain,Slippery,Rear-end,Door,Minor,218849,201710,No,Rejected
C01056,V0121,D0087,T00428,2025-07-10T00:56:00,Kozhikode,Heavy Rain,Wet,Head-on,Front Bumper,Major,24319,22078,Yes,Under Review
C01057,V0485,D0607,T04547,2025-12-02T21:06:00,Thrissur,Fog,Wet,Head-on,Engine Bay,Major,56833,46219,No,Approved
C01058,V0479,D0557,T06439,2025-02-23T09:04:00,Alappuzha,Heavy Rain,Slippery,Rear-end,Front Bumper,Minor,98798,81461,No,Rejected
C01059,V0055,D0202,T04730,2025-04-28T02:57:00,Palakkad,Fog,Slippery,Single Vehicle,Engine Bay,Moderate,58905,55699,No,Approved
C01060,V0494,D0535,T01934,2025-03-21T08:58:00,Kollam,Fog,Dry,Head-on,Windshield,Major,108552,91470,No,Under Review
C01061,V0442,D0334,T09282,2025-12-10T01:01:00,Thrissur,Sunny,Slippery,Side,Front Bumper,Moderate,153704,140203,Yes,Rejected
C01062,V0412,D0275,T02225,2025-04-21T10:03:00,Kochi,Cloudy,Slippery,Rear-end,Front Bumper,Major,50034,45126,No,Rejected
C01063,V0325,D0290,T00994,2025-07-17T19:36:00,Kozhikode,Heavy Rain,Slippery,Side,Rear Bumper,Major,154206,135470,No,Under Review
C01064,V0372,D0066,T05235,2025-09-22T08:10:00,Thrissur,Sunny,Wet,Single Vehicle,Windshield,Minor,207692,174227,No,Approved
C01065,V0138,D0668,T09912,2025-10-11T02:58:00,Thrissur,Rain,Slippery,Side,Headlight,Major,97221,84086,No,Rejected
C01066,V0241,D0246,T06959,2025-07-24T16:34:00,Palakkad,Cloudy,Wet,Head-on,Rear Bumper,Minor,100433,91072,Yes,Approved
C01067,V0208,D0552,T01488,2025-12-30T22:10:00,Kollam,Cloudy,Slippery,Head-on,Rear Bumper,Minor,210345,172305,Yes,Rejected
C01068,V0442,D0361,T09050,2025-11-02T00:45:00,Kochi,Heavy Rain,Slippery,Single Vehicle,Rear Bumper,Major,31262,29039,No,Under Review
C01069,V0368,D0423,T07375,2025-02-03T02:53:00,Palakkad,Sunny,Dry,Single Vehicle,Engine Bay,Moderate,42948,41892,Yes,Approved
C01070,V0107,D0492,T05105,2025-11-05T06:21:00,Palakkad,Cloudy,Slippery,Side,Front Bumper,Moderate,32402,27754,No,Under Review
C01071,V0317,D0446,T09921,2025-01-07T11:51:00,Kozhikode,Heavy Rain,Slippery,Side,Headlight,Major,204591,179565,No,Rejected
C01072,V0211,D0310,T06138,2025-01-01T13:47:00,Kollam,Sunny,Dry,Single Vehicle,Door,Major,114052,103660,Yes,Approved
C01073,V0434,D0585,T05852,2025-02-13T13:10:00,Kochi,Fog,Wet,Head-on,Windshield,Major,152761,132744,No,Under Review
C01074,V0301,D0307,T06243,2025-12-11T03:12:00,Kollam,Sunny,Wet,Head-on,Engine Bay,Minor,24364,24047,No,Rejected
C01075,V0250,D0530,T09795,2025-12-23T16:56:00,Palakkad,Sunny,Dry,Head-on,Front Bumper,Moderate,91351,78849,No,Approved
C01076,V0106,D0463,T00782,2025-12-02T07:47:00,Palakkad,Fog,Wet,Single Vehicle,Headlight,Moderate,166072,165551,No,Approved
C01077,V0308,D0322,T09949,2025-04-01T01:14:00,Kochi,Fog,Wet,Rear-end,Rear Bumper,Major,65712,63388,No,Rejected
C01078,V0341,D0344,T09282,2025-11-05T16:15:00,Kochi,Cloudy,Slippery,Head-on,Door,Major,184958,164853,Yes,Approved
C01079,V0119,D0546,T00815,2025-08-11T14:47:00,Kozhikode,Sunny,Dry,Head-on,Front Bumper,Major,143480,115156,Yes,Under Review
C01080,V0301,D0623,T06080,2025-03-09T00:38:00,Kollam,Sunny,Wet,Single Vehicle,Windshield,Moderate,117555,109683,No,Approved
C01081,V0142,D0452,T08348,2025-10-15T08:00:00,Kochi,Fog,Slippery,Side,Engine Bay,Major,173335,171395,No,Under Review
C01082,V0164,D0597,T00484,2025-12-11T09:16:00,Kollam,Cloudy,Dry,Head-on,Front Bumper,Moderate,55930,48848,Yes,Under Review
C01083,V0169,D0145,T03709,2025-12-07T22:03:00,Palakkad,Rain,Wet,Single Vehicle,Windshield,Moderate,202182,196293,No,Rejected
C01084,V0308,D0089,T07063,2025-09-01T15:56:00,Kochi,Heavy Rain,Slippery,Single Vehicle,Engine Bay,Minor,24153,20808,Yes,Rejected
C01085,V0273,D0488,T02280,2025-06-06T12:48:00,Alappuzha,Rain,Wet,Head-on,Engine Bay,Major,132725,117741,No,Approved
C01086,V0397,D0650,T00431,2025-08-28T21:23:00,Palakkad,Heavy Rain,Dry,Rear-end,Rear Bumper,Moderate,177161,173734,No,Under Review
C01087,V0228,D0481,T09913,2025-07-05T03:51:00,Kozhikode,Rain,Dry,Side,Windshield,Minor,63968,57426,No,Under Review
C01088,V0044,D0041,T08855,2025-01-25T10:07:00,Kochi,Rain,Slippery,Single Vehicle,Door,Moderate,163133,143682,No,Under Review
C01089,V0303,D0226,T09500,2025-07-23T06:04:00,Alappuzha,Rain,Dry,Single Vehicle,Engine Bay,Major,180113,153431,No,Under Review
C01090,V0350,D0464,T08670,2025-09-05T03:59:00,Alappuzha,Sunny,Dry,Rear-end,Windshield,Minor,87069,73672,No,Rejected
C01091,V0415,D0412,T09354,2025-09-03T07:06:00,Palakkad,Fog,Slippery,Head-on,Windshield,Major,51746,44535,No,Rejected
C01092,V0410,D0575,T07066,2025-10-18T09:39:00,Kozhikode,Fog,Wet,Rear-end,Engine Bay,Moderate,233888,208676,Yes,Approved
C01093,V0369,D0324,T01585,2025-07-07T10:00:00,Kollam,Heavy Rain,Wet,Head-on,Headlight,Minor,155761,132985,Yes,Approved
C01094,V0320,D0169,T00116,2025-08-29T19:32:00,Kollam,Cloudy,Slippery,Side,Front Bumper,Moderate,161185,133004,Yes,Rejected
C01095,V0047,D0700,T04461,2025-11-25T03:26:00,Thrissur,Sunny,Dry,Head-on,Front Bumper,Moderate,189366,164620,No,Under Review
C01096,V0485,D0171,T02819,2025-10-17T08:04:00,Alappuzha,Rain,Wet,Side,Door,Major,231351,216014,No,Rejected
C01097,V0145,D0074,T04140,2025-11-26T06:58:00,Kollam,Fog,Dry,Rear-end,Rear Bumper,Minor,181089,168301,Yes,Approved
C01098,V0211,D0332,T06331,2025-03-19T15:40:00,Alappuzha,Sunny,Wet,Rear-end,Engine Bay,Major,243780,216875,No,Approved
C01099,V0007,D0376,T09929,2025-10-05T05:07:00,Alappuzha,Fog,Wet,Head-on,Headlight,Major,188795,186021,No,Rejected
C01100,V0271,D0517,T04320,2025-06-30T09:10:00,Thrissur,Fog,Wet,Side,Rear Bumper,Moderate,44510,43560,No,Rejected
C01101,V0297,D0361,T05477,2025-06-08T07:02:00,Alappuzha,Cloudy,Dry,Single Vehicle,Headlight,Major,170275,153824,No,Rejected
C01102,V0175,D0122,T00731,2025-10-11T23:52:00,Kollam,Cloudy,Dry,Rear-end,Door,Major,20829,18863,No,Approved
C01103,V0243,D0023,T02019,2025-08-08T19:52:00,Thrissur,Cloudy,Slippery,Side,Front Bumper,Minor,90111,88867,Yes,Under Review
C01104,V0021,D0360,T03789,2025-05-30T04:48:00,Kollam,Rain,Wet,Single Vehicle,Front Bumper,Minor,228342,196247,No,Approved
C01105,V0437,D0498,T02640,2025-04-04T08:24:00,Thrissur,Sunny,Dry,Side,Windshield,Moderate,228530,186990,No,Under Review
C01106,V0146,D0348,T07967,2025-02-11T00:37:00,Thrissur,Heavy Rain,Slippery,Head-on,Front Bumper,Moderate,211430,199095,No,Approved
C01107,V0104,D0327,T04592,2025-07-18T22:14:00,Kollam,Heavy Rain,Wet,Side,Headlight,Moderate,39036,32344,No,Under Review
C01108,V0130,D0140,T08019,2025-03-16T11:40:00,Kozhikode,Cloudy,Dry,Single Vehicle,Headlight,Minor,34427,31138,No,Approved
C01109,V0342,D0469,T08157,2025-01-15T19:11:00,Kochi,Cloudy,Slippery,Rear-end,Headlight,Major,126041,115011,Yes,Rejected
C01110,V0040,D0030,T05163,2025-09-21T11:34:00,Palakkad,Rain,Slippery,Head-on,Engine Bay,Moderate,49076,46550,No,Rejected
C01111,V0370,D0493,T06365,2025-12-30T06:58:00,Thrissur,Cloudy,Dry,Head-on,Headlight,Major,240861,194000,No,Approved
C01112,V0262,D0273,T04895,2025-12-20T18:20:00,Thrissur,Rain,Wet,Head-on,Windshield,Moderate,27155,25421,No,Under Review
C01113,V0419,D0198,T02194,2025-12-29T10:17:00,Kollam,Sunny,Slippery,Head-on,Front Bumper,Minor,69367,63181,No,Rejected
C01114,V0279,D0350,T00703,2025-02-11T17:24:00,Palakkad,Fog,Wet,Head-on,Headlight,Minor,68135,60839,No,Approved
C01115,V0342,D0516,T05198,2025-03-25T04:47:00,Alappuzha,Sunny,Wet,Single Vehicle,Front Bumper,Major,57285,48161,No,Rejected
C01116,V0346,D0268,T04415,2025-07-09T22:18:00,Kochi,Heavy Rain,Dry,Single Vehicle,Front Bumper,Moderate,17011,14782,No,Under Review
C01117,V0374,D0580,T07002,2025-07-25T21:06:00,Palakkad,Fog,Slippery,Single Vehicle,Rear Bumper,Moderate,37420,31421,No,Approved
C01118,V0445,D0573,T02675,2025-11-17T07:01:00,Kozhikode,Cloudy,Slippery,Side,Windshield,Moderate,238657,234266,No,Under Review
C01119,V0207,D0210,T00526,2025-12-26T22:17:00,Kochi,Sunny,Slippery,Single Vehicle,Front Bumper,Major,23874,22768,Yes,Approved
C01120,V0160,D0295,T04229,2025-06-23T08:42:00,Kollam,Fog,Dry,Side,Headlight,Major,99740,82825,No,Under Review
C01121,V0334,D0610,T07308,2025-08-01T02:18:00,Thrissur,Fog,Dry,Single Vehicle,Headlight,Moderate,227933,193774,No,Approved
C01122,V0190,D0139,T04990,2025-02-23T01:15:00,Kochi,Rain,Dry,Single Vehicle,Headlight,Minor,165972,164976,No,Approved
C01123,V0009,D0493,T07805,2025-12-03T00:52:00,Kozhikode,Fog,Dry,Rear-end,Engine Bay,Moderate,38041,33217,No,Rejected
C01124,V0340,D0033,T09687,2025-10-06T23:22:00,Kozhikode,Fog,Slippery,Side,Headlight,Moderate,80005,71925,No,Approved
C01125,V0469,D0628,T07884,2025-08-22T06:20:00,Kollam,Sunny,Dry,Side,Door,Moderate,229207,212445,No,Under Review
C01126,V0202,D0639,T05174,2025-09-16T12:57:00,Alappuzha,Cloudy,Dry,Head-on,Front Bumper,Major,197213,194005,No,Approved
C01127,V0154,D0179,T00555,2025-04-03T05:10:00,Alappuzha,Cloudy,Wet,Single Vehicle,Front Bumper,Major,246532,239049,No,Under Review
C01128,V0295,D0370,T05225,2025-08-13T09:53:00,Kozhikode,Fog,Dry,Single Vehicle,Door,Major,159033,155825,No,Approved
C01129,V0348,D0404,T02251,2025-06-21T17:00:00,Alappuzha,Heavy Rain,Wet,Side,Headlight,Major,46396,39006,No,Under Review
C01130,V0165,D0600,T02582,2025-03-10T17:42:00,Kochi,Sunny,Wet,Single Vehicle,Windshield,Moderate,140527,123975,Yes,Rejected
C01131,V0233,D0219,T02692,2025-09-04T19:10:00,Kochi,Sunny,Slippery,Head-on,Windshield,Moderate,68207,56500,No,Rejected
C01132,V0302,D0475,T01993,2025-10-04T21:30:00,Palakkad,Fog,Slippery,Rear-end,Windshield,Major,128386,106711,No,Approved
C01133,V0120,D0152,T06434,2025-04-06T15:44:00,Alappuzha,Fog,Wet,Single Vehicle,Headlight,Major,120130,106640,No,Under Review
C01134,V0254,D0416,T02001,2025-12-20T03:32:00,Kochi,Heavy Rain,Slippery,Side,Windshield,Minor,153839,147733,No,Approved
C01135,V0463,D0366,T07403,2025-02-23T09:20:00,Kollam,Heavy Rain,Slippery,Side,Rear Bumper,Minor,129590,126386,Yes,Rejected
C01136,V0172,D0115,T00501,2025-10-26T15:58:00,Palakkad,Rain,Dry,Single Vehicle,Door,Major,41281,35068,Yes,Rejected
C01137,V0412,D0297,T08670,2025-12-22T03:35:00,Palakkad,Heavy Rain,Wet,Single Vehicle,Rear Bumper,Minor,74576,61149,No,Approved
C01138,V0394,D0611,T06868,2025-10-02T23:33:00,Kozhikode,Rain,Wet,Side,Engine Bay,Major,45056,42169,Yes,Under Review
C01139,V0100,D0219,T02820,2025-01-22T16:27:00,Palakkad,Fog,Wet,Rear-end,Windshield,Moderate,112332,97946,No,Approved
C01140,V0333,D0520,T08976,2025-10-04T13:39:00,Alappuzha,Sunny,Dry,Single Vehicle,Rear Bumper,Major,41699,34748,Yes,Under Review
C01141,V0050,D0119,T01883,2025-02-08T13:56:00,Kochi,Fog,Slippery,Side,Rear Bumper,Minor,12940,11164,Yes,Approved
C01142,V0396,D0567,T07339,2025-06-28T07:05:00,Kozhikode,Cloudy,Slippery,Head-on,Windshield,Moderate,207400,170706,No,Approved
C01143,V0358,D0201,T05169,2025-04-12T15:19:00,Thrissur,Cloudy,Slippery,Head-on,Front Bumper,Major,224000,204115,No,Under Review
C01144,V0460,D0274,T07990,2025-10-29T16:40:00,Kollam,Cloudy,Dry,Rear-end,Door,Major,247670,234132,No,Approved
C01145,V0408,D0379,T01535,2025-06-16T22:47:00,Thrissur,Sunny,Wet,Rear-end,Headlight,Major,190424,179974,No,Rejected
C01146,V0469,D0497,T05199,2025-09-13T11:15:00,Kollam,Sunny,Wet,Rear-end,Rear Bumper,Moderate,218783,208115,Yes,Approved
C01147,V0297,D0229,T08626,2025-10-07T17:54:00,Thrissur,Sunny,Wet,Rear-end,Engine Bay,Moderate,49200,46154,No,Under Review
C01148,V0498,D0031,T01424,2025-06-29T22:38:00,Palakkad,Rain,Wet,Head-on,Windshield,Moderate,58358,53618,No,Under Review
C01149,V0312,D0585,T09018,2025-10-18T06:40:00,Kollam,Heavy Rain,Dry,Side,Headlight,Major,66516,60695,Yes,Rejected
C01150,V0281,D0455,T06035,2025-05-23T08:58:00,Kochi,Rain,Dry,Side,Headlight,Moderate,101625,92520,Yes,Rejected
C01151,V0424,D0304,T00800,2025-03-30T11:50:00,Thrissur,Cloudy,Wet,Rear-end,Door,Major,149243,130072,No,Under Review
C01152,V0078,D0293,T00950,2025-07-23T22:16:00,Palakkad,Cloudy,Dry,Head-on,Windshield,Moderate,110709,95666,No,Rejected
C01153,V0309,D0546,T09474,2025-04-24T00:54:00,Kochi,Cloudy,Wet,Single Vehicle,Headlight,Moderate,183592,172196,No,Under Review
C01154,V0391,D0098,T01504,2025-06-14T05:18:00,Kozhikode,Fog,Wet,Rear-end,Engine Bay,Moderate,60191,50040,No,Under Review
C01155,V0377,D0317,T06508,2025-07-08T01:36:00,Kollam,Heavy Rain,Wet,Single Vehicle,Windshield,Moderate,180763,175577,No,Approved
C01156,V0432,D0290,T03098,2025-08-02T21:42:00,Kollam,Heavy Rain,Slippery,Side,Engine Bay,Minor,191027,153019,No,Approved
C01157,V0210,D0532,T01216,2025-12-24T14:25:00,Kozhikode,Sunny,Dry,Rear-end,Door,Major,91370,88912,Yes,Under Review
C01158,V0383,D0017,T00694,2025-09-09T07:40:00,Kozhikode,Sunny,Wet,Side,Engine Bay,Moderate,184653,172572,No,Rejected
C01159,V0334,D0386,T01652,2025-05-29T10:20:00,Thrissur,Cloudy,Dry,Rear-end,Engine Bay,Moderate,134657,117818,Yes,Under Review
C01160,V0130,D0109,T02933,2025-05-04T06:02:00,Palakkad,Fog,Slippery,Rear-end,Rear Bumper,Moderate,159882,154975,No,Approved
C01161,V0492,D0258,T05364,2025-08-21T07:34:00,Kochi,Sunny,Slippery,Single Vehicle,Windshield,Major,230057,217308,No,Approved
C01162,V0213,D0623,T05405,2025-09-01T11:17:00,Palakkad,Fog,Dry,Rear-end,Rear Bumper,Minor,176904,168088,Yes,Approved
C01163,V0003,D0646,T09417,2025-05-21T11:30:00,Thrissur,Heavy Rain,Slippery,Side,Headlight,Major,188670,176865,Yes,Rejected
C01164,V0313,D0423,T08853,2025-09-30T13:02:00,Alappuzha,Fog,Slippery,Side,Headlight,Moderate,31992,28442,No,Rejected
C01165,V0283,D0499,T07606,2025-11-13T15:36:00,Kollam,Heavy Rain,Dry,Head-on,Front Bumper,Minor,23598,20152,Yes,Under Review
C01166,V0311,D0238,T01832,2025-08-13T04:53:00,Palakkad,Sunny,Wet,Side,Door,Moderate,191436,179843,No,Under Review
C01167,V0268,D0001,T00574,2025-06-25T01:12:00,Kollam,Cloudy,Slippery,Rear-end,Windshield,Moderate,215378,207254,No,Approved
C01168,V0377,D0628,T06295,2025-11-27T19:19:00,Kollam,Heavy Rain,Dry,Single Vehicle,Door,Minor,104154,92970,No,Under Review
C01169,V0468,D0681,T06560,2025-02-12T14:38:00,Kozhikode,Rain,Wet,Side,Engine Bay,Major,25813,23660,Yes,Under Review
C01170,V0410,D0674,T09864,2025-10-27T12:33:00,Kochi,Sunny,Slippery,Head-on,Windshield,Minor,221879,190045,Yes,Rejected
C01171,V0328,D0639,T02282,2025-01-04T09:43:00,Kollam,Cloudy,Slippery,Rear-end,Door,Major,239133,227435,No,Approved
C01172,V0005,D0641,T06602,2025-02-14T21:56:00,Alappuzha,Fog,Wet,Head-on,Engine Bay,Moderate,186798,164826,No,Rejected
C01173,V0320,D0013,T04916,2025-03-04T06:42:00,Thrissur,Fog,Slippery,Head-on,Front Bumper,Moderate,244404,201542,No,Rejected
C01174,V0261,D0081,T04358,2025-05-09T18:23:00,Palakkad,Cloudy,Slippery,Side,Door,Major,14163,14117,No,Approved
C01175,V0030,D0510,T04006,2025-09-01T20:04:00,Palakkad,Fog,Wet,Side,Rear Bumper,Minor,92450,84937,No,Rejected
C01176,V0015,D0684,T08022,2025-11-17T02:04:00,Kollam,Heavy Rain,Wet,Head-on,Windshield,Major,137235,118544,Yes,Rejected
C01177,V0264,D0567,T05071,2025-08-13T09:52:00,Kozhikode,Cloudy,Slippery,Head-on,Engine Bay,Moderate,238884,205757,Yes,Under Review
C01178,V0078,D0013,T00733,2025-02-01T23:37:00,Kollam,Rain,Dry,Side,Front Bumper,Minor,208514,178565,No,Approved
C01179,V0236,D0248,T00055,2025-12-19T22:46:00,Palakkad,Heavy Rain,Dry,Head-on,Front Bumper,Moderate,126405,107057,No,Rejected
C01180,V0233,D0647,T05264,2025-04-17T08:00:00,Thrissur,Heavy Rain,Dry,Single Vehicle,Engine Bay,Minor,95476,90824,No,Approved
C01181,V0021,D0089,T03751,2025-08-05T13:25:00,Kochi,Fog,Dry,Head-on,Windshield,Minor,82332,81776,Yes,Approved
C01182,V0114,D0280,T02668,2025-09-06T22:57:00,Thrissur,Rain,Dry,Side,Headlight,Major,153274,132818,No,Approved
C01183,V0489,D0489,T02788,2025-05-04T04:55:00,Thrissur,Cloudy,Wet,Rear-end,Windshield,Major,54702,53964,Yes,Under Review
C01184,V0346,D0103,T05425,2025-07-26T13:56:00,Palakkad,Rain,Wet,Rear-end,Rear Bumper,Moderate,86157,83712,No,Under Review
C01185,V0212,D0666,T00883,2025-01-31T05:28:00,Kozhikode,Rain,Slippery,Side,Door,Major,227800,191847,No,Approved
C01186,V0470,D0565,T09150,2025-02-24T13:45:00,Kochi,Heavy Rain,Dry,Head-on,Windshield,Major,47042,40604,No,Under Review
C01187,V0227,D0072,T03396,2025-06-09T05:33:00,Kozhikode,Cloudy,Slippery,Head-on,Rear Bumper,Moderate,238577,237844,No,Approved
C01188,V0174,D0537,T01801,2025-12-18T22:08:00,Palakkad,Rain,Dry,Single Vehicle,Headlight,Minor,154325,141892,No,Rejected
C01189,V0425,D0400,T05938,2025-07-31T08:07:00,Kozhikode,Heavy Rain,Wet,Rear-end,Headlight,Major,203416,184190,Yes,Under Review
C01190,V0151,D0217,T02000,2025-03-23T14:26:00,Alappuzha,Heavy Rain,Wet,Side,Front Bumper,Major,220410,194525,No,Approved
C01191,V0148,D0225,T03877,2025-12-17T08:28:00,Alappuzha,Heavy Rain,Dry,Rear-end,Front Bumper,Moderate,246637,223681,No,Rejected
C01192,V0177,D0048,T08205,2025-05-17T15:16:00,Kozhikode,Sunny,Slippery,Head-on,Door,Minor,116757,113854,No,Rejected
C01193,V0286,D0265,T05901,2025-08-18T11:07:00,Alappuzha,Rain,Dry,Rear-end,Rear Bumper,Major,166439,164253,No,Rejected
C01194,V0128,D0528,T04563,2025-02-13T01:31:00,Palakkad,Rain,Wet,Rear-end,Windshield,Major,160135,156488,Yes,Under Review
C01195,V0084,D0023,T09339,2025-10-25T13:40:00,Thrissur,Heavy Rain,Dry,Head-on,Engine Bay,Minor,51760,49544,No,Approved
C01196,V0385,D0435,T08067,2025-12-14T18:07:00,Kochi,Fog,Dry,Head-on,Headlight,Minor,224213,192596,No,Under Review
C01197,V0220,D0634,T04624,2025-04-01T08:45:00,Thrissur,Heavy Rain,Dry,Rear-end,Headlight,Major,200999,194978,No,Under Review
C01198,V0311,D0068,T03238,2025-12-02T09:10:00,Thrissur,Cloudy,Wet,Head-on,Windshield,Major,133324,122807,No,Rejected
C01199,V0052,D0046,T01518,2025-09-10T23:01:00,Kozhikode,Fog,Dry,Rear-end,Rear Bumper,Moderate,183295,151395,No,Under Review
C01200,V0394,D0349,T08554,2025-09-04T04:05:00,Thrissur,Cloudy,Wet,Side,Engine Bay,Major,46519,38826,Yes,Under Review
C01201,V0498,D0017,T02538,2025-04-27T02:15:00,Thrissur,Heavy Rain,Dry,Single Vehicle,Windshield,Minor,200069,176393,No,Rejected
C01202,V0424,D0493,T06885,2025-09-17T05:34:00,Kochi,Fog,Slippery,Head-on,Front Bumper,Moderate,224051,199559,No,Rejected
C01203,V0376,D0313,T08643,2025-12-03T17:40:00,Kozhikode,Rain,Slippery,Rear-end,Rear Bumper,Moderate,222791,179116,Yes,Rejected
C01204,V0313,D0497,T03925,2025-05-31T05:38:00,Kollam,Rain,Dry,Side,Front Bumper,Moderate,204353,199260,No,Approved
C01205,V0296,D0505,T04440,2025-04-11T05:59:00,Kollam,Fog,Slippery,Rear-end,Headlight,Minor,120069,97415,No,Under Review
C01206,V0160,D0620,T07373,2025-02-10T03:51:00,Palakkad,Heavy Rain,Slippery,Head-on,Headlight,Moderate,65243,54851,Yes,Rejected
C01207,V0184,D0554,T09704,2025-09-10T17:41:00,Kollam,Rain,Slippery,Rear-end,Headlight,Major,102391,89829,Yes,Approved
C01208,V0160,D0636,T00978,2025-01-23T17:01:00,Kozhikode,Cloudy,Wet,Head-on,Engine Bay,Moderate,191116,189390,Yes,Rejected
C01209,V0213,D0305,T03006,2025-09-09T03:42:00,Kozhikode,Heavy Rain,Dry,Side,Headlight,Moderate,19422,18152,No,Rejected
C01210,V0215,D0546,T07994,2025-03-27T17:36:00,Alappuzha,Cloudy,Dry,Rear-end,Front Bumper,Minor,218030,191334,No,Rejected
C01211,V0149,D0115,T02619,2025-09-04T12:46:00,Alappuzha,Cloudy,Dry,Head-on,Windshield,Minor,192513,185379,No,Rejected
C01212,V0450,D0664,T08781,2025-09-27T17:28:00,Thrissur,Fog,Dry,Head-on,Front Bumper,Moderate,91584,86336,No,Approved
C01213,V0432,D0257,T00351,2025-10-03T21:18:00,Palakkad,Fog,Wet,Single Vehicle,Rear Bumper,Major,162736,156164,No,Rejected
C01214,V0490,D0374,T08735,2025-07-30T17:36:00,Thrissur,Fog,Wet,Head-on,Front Bumper,Moderate,213176,199895,Yes,Approved
C01215,V0170,D0462,T06046,2025-05-05T14:18:00,Kollam,Heavy Rain,Slippery,Rear-end,Engine Bay,Major,229177,204334,Yes,Under Review
C01216,V0207,D0242,T01970,2025-05-14T12:01:00,Kollam,Cloudy,Wet,Rear-end,Door,Minor,45323,37453,No,Under Review
C01217,V0319,D0017,T05858,2025-03-14T05:34:00,Kochi,Sunny,Wet,Single Vehicle,Rear Bumper,Moderate,193131,192034,No,Under Review
C01218,V0149,D0240,T00097,2025-01-01T06:45:00,Palakkad,Rain,Dry,Side,Windshield,Moderate,108974,97987,No,Rejected
C01219,V0061,D0688,T09917,2025-08-12T09:24:00,Alappuzha,Heavy Rain,Dry,Single Vehicle,Headlight,Minor,10769,10672,Yes,Approved
C01220,V0083,D0630,T03847,2025-07-15T13:15:00,Palakkad,Cloudy,Wet,Head-on,Engine Bay,Moderate,38707,31021,No,Rejected
C01221,V0136,D0595,T06360,2025-10-27T16:09:00,Kozhikode,Cloudy,Slippery,Rear-end,Door,Moderate,160136,158077,No,Approved
C01222,V0076,D0610,T07858,2025-11-10T23:48:00,Alappuzha,Heavy Rain,Wet,Rear-end,Front Bumper,Moderate,229509,204417,No,Rejected
C01223,V0132,D0266,T08059,2025-03-20T20:16:00,Kochi,Cloudy,Dry,Head-on,Front Bumper,Moderate,171558,147218,Yes,Under Review
C01224,V0376,D0114,T09345,2025-01-22T06:32:00,Kochi,Rain,Wet,Side,Windshield,Major,210718,189341,No,Under Review
C01225,V0174,D0478,T07379,2025-02-04T04:44:00,Thrissur,Heavy Rain,Wet,Single Vehicle,Headlight,Major,81587,75674,No,Approved
C01226,V0114,D0631,T07341,2025-05-06T23:07:00,Kollam,Sunny,Wet,Rear-end,Windshield,Major,76248,63485,No,Approved
C01227,V0175,D0574,T00517,2025-07-19T16:09:00,Alappuzha,Sunny,Slippery,Side,Windshield,Major,57980,57837,Yes,Under Review
C01228,V0137,D0274,T08115,2025-08-12T05:16:00,Kollam,Cloudy,Slippery,Head-on,Windshield,Major,91539,88038,No,Rejected
C01229,V0232,D0288,T08324,2025-10-12T17:01:00,Palakkad,Rain,Slippery,Rear-end,Engine Bay,Moderate,249302,211624,Yes,Rejected
C01230,V0477,D0435,T04159,2025-06-18T07:41:00,Palakkad,Fog,Dry,Single Vehicle,Engine Bay,Minor,235385,195012,No,Under Review
C01231,V0446,D0062,T02951,2025-02-18T09:34:00,Kollam,Cloudy,Dry,Rear-end,Engine Bay,Moderate,166490,162830,Yes,Under Review
C01232,V0076,D0115,T04901,2025-01-11T23:25:00,Kochi,Fog,Wet,Rear-end,Windshield,Major,223533,220369,No,Approved
C01233,V0205,D0649,T03281,2025-10-24T11:14:00,Kollam,Sunny,Dry,Head-on,Door,Major,36019,32325,No,Rejected
C01234,V0429,D0055,T08284,2025-10-30T03:25:00,Kollam,Fog,Dry,Single Vehicle,Rear Bumper,Minor,138492,127149,Yes,Rejected
C01235,V0061,D0044,T08709,2025-02-14T16:03:00,Alappuzha,Heavy Rain,Wet,Rear-end,Door,Major,143243,118201,No,Rejected
C01236,V0012,D0202,T00600,2025-11-14T09:40:00,Palakkad,Sunny,Dry,Head-on,Engine Bay,Minor,69534,60965,No,Approved
C01237,V0135,D0258,T00680,2025-03-31T12:32:00,Thrissur,Heavy Rain,Wet,Rear-end,Door,Minor,171542,138305,No,Approved
C01238,V0181,D0349,T04805,2025-01-21T01:30:00,Kollam,Fog,Wet,Rear-end,Headlight,Moderate,39132,36031,No,Rejected
C01239,V0290,D0312,T05110,2025-05-08T17:24:00,Thrissur,Cloudy,Wet,Side,Engine Bay,Moderate,91974,85588,No,Approved
C01240,V0426,D0555,T01826,2025-11-24T06:09:00,Kochi,Sunny,Slippery,Side,Headlight,Major,222377,185264,Yes,Rejected
C01241,V0100,D0384,T01195,2025-01-04T19:26:00,Alappuzha,Sunny,Dry,Side,Front Bumper,Major,191199,165518,Yes,Rejected
C01242,V0206,D0444,T09849,2025-11-28T03:17:00,Kozhikode,Heavy Rain,Dry,Single Vehicle,Front Bumper,Minor,58657,53800,Yes,Rejected
C01243,V0297,D0459,T04897,2025-01-14T02:32:00,Kollam,Fog,Slippery,Single Vehicle,Windshield,Moderate,210607,185842,No,Approved
C01244,V0246,D0407,T03505,2025-07-27T05:35:00,Kozhikode,Rain,Slippery,Rear-end,Front Bumper,Major,243296,240746,No,Under Review
C01245,V0185,D0312,T01903,2025-01-21T12:36:00,Kochi,Sunny,Wet,Single Vehicle,Headlight,Moderate,177540,158016,No,Rejected
C01246,V0104,D0113,T09650,2025-06-14T03:35:00,Kozhikode,Sunny,Dry,Single Vehicle,Windshield,Minor,135759,121983,Yes,Approved
C01247,V0260,D0456,T04712,2025-11-27T11:48:00,Alappuzha,Heavy Rain,Dry,Rear-end,Headlight,Minor,249460,236882,Yes,Approved
C01248,V0284,D0399,T00726,2025-08-30T07:08:00,Kollam,Cloudy,Wet,Side,Rear Bumper,Moderate,115313,108296,No,Under Review
C01249,V0437,D0548,T03781,2025-02-23T19:40:00,Kozhikode,Heavy Rain,Wet,Single Vehicle,Door,Minor,13997,12802,Yes,Under Review
C01250,V0211,D0577,T01805,2025-06-23T12:36:00,Kollam,Rain,Slippery,Head-on,Engine Bay,Minor,64100,57645,No,Under Review
C01251,V0160,D0322,T09730,2025-07-06T15:13:00,Kollam,Cloudy,Dry,Side,Engine Bay,Minor,234915,204099,No,Rejected
C01252,V0245,D0372,T08524,2025-09-21T07:02:00,Kozhikode,Sunny,Wet,Rear-end,Rear Bumper,Minor,198305,159384,No,Approved
C01253,V0413,D0670,T07079,2025-11-24T13:46:00,Kozhikode,Sunny,Wet,Rear-end,Headlight,Moderate,59262,49203,Yes,Rejected
C01254,V0498,D0458,T01215,2025-06-08T01:42:00,Palakkad,Cloudy,Dry,Single Vehicle,Windshield,Moderate,59722,59438,Yes,Rejected
C01255,V0259,D0685,T06638,2025-10-10T06:05:00,Kozhikode,Sunny,Dry,Side,Engine Bay,Moderate,121506,97436,No,Under Review
C01256,V0037,D0342,T03083,2025-01-02T10:14:00,Kochi,Fog,Slippery,Head-on,Engine Bay,Major,132476,108526,Yes,Approved
C01257,V0469,D0153,T01543,2025-10-10T17:04:00,Kochi,Fog,Slippery,Single Vehicle,Rear Bumper,Major,31633,30917,No,Approved
C01258,V0239,D0623,T02541,2025-03-24T04:20:00,Thrissur,Fog,Slippery,Head-on,Windshield,Major,69711,69334,Yes,Approved
C01259,V0443,D0633,T01947,2025-02-26T07:57:00,Kochi,Cloudy,Wet,Side,Headlight,Major,54707,46652,Yes,Approved
C01260,V0338,D0511,T09219,2025-01-17T05:32:00,Palakkad,Rain,Wet,Head-on,Windshield,Minor,26668,22350,Yes,Rejected
C01261,V0070,D0104,T06012,2025-02-10T20:17:00,Kollam,Sunny,Slippery,Side,Door,Minor,228306,215863,No,Approved
C01262,V0451,D0400,T00189,2025-08-01T12:39:00,Alappuzha,Fog,Dry,Single Vehicle,Engine Bay,Moderate,86602,78307,No,Rejected
C01263,V0476,D0028,T04781,2025-12-05T23:26:00,Thrissur,Fog,Dry,Head-on,Engine Bay,Minor,211434,189758,No,Rejected
C01264,V0237,D0092,T03887,2025-08-19T06:23:00,Kollam,Fog,Slippery,Rear-end,Rear Bumper,Minor,189142,171589,Yes,Under Review
C01265,V0421,D0258,T05800,2025-01-06T20:03:00,Kollam,Sunny,Slippery,Rear-end,Engine Bay,Minor,189330,185554,No,Rejected
C01266,V0057,D0088,T05911,2025-08-13T17:19:00,Kollam,Rain,Dry,Side,Windshield,Major,54773,48218,No,Under Review
C01267,V0018,D0356,T06082,2025-02-22T11:06:00,Kozhikode,Rain,Wet,Rear-end,Headlight,Moderate,114482,106991,No,Under Review
C01268,V0350,D0639,T05386,2025-02-25T04:45:00,Alappuzha,Sunny,Slippery,Side,Front Bumper,Major,245937,212184,No,Approved
C01269,V0063,D0242,T00503,2025-03-27T08:37:00,Kochi,Heavy Rain,Slippery,Side,Rear Bumper,Major,198426,171004,No,Approved
C01270,V0475,D0269,T04071,2025-09-02T04:52:00,Kozhikode,Heavy Rain,Slippery,Single Vehicle,Engine Bay,Minor,144583,136967,No,Rejected
C01271,V0384,D0131,T04165,2025-10-22T18:58:00,Kozhikode,Heavy Rain,Dry,Single Vehicle,Rear Bumper,Major,194790,180988,Yes,Approved
C01272,V0235,D0195,T04781,2025-04-01T18:34:00,Alappuzha,Fog,Wet,Head-on,Engine Bay,Minor,42458,34424,No,Approved
C01273,V0331,D0425,T04333,2025-08-22T23:16:00,Kollam,Cloudy,Slippery,Single Vehicle,Windshield,Major,113633,95493,No,Approved
C01274,V0235,D0495,T01332,2025-06-25T19:45:00,Alappuzha,Sunny,Slippery,Head-on,Front Bumper,Minor,168818,168618,No,Under Review
C01275,V0356,D0394,T03082,2025-01-15T18:31:00,Kollam,Cloudy,Dry,Side,Front Bumper,Minor,45858,44805,Yes,Under Review
C01276,V0444,D0035,T06388,2025-01-19T02:31:00,Kozhikode,Rain,Wet,Side,Engine Bay,Minor,132796,118275,No,Under Review
C01277,V0147,D0145,T03698,2025-11-29T10:21:00,Kozhikode,Heavy Rain,Wet,Single Vehicle,Windshield,Moderate,39561,36575,Yes,Approved
C01278,V0140,D0211,T02577,2025-03-17T18:16:00,Kochi,Cloudy,Wet,Side,Headlight,Moderate,206426,203092,No,Rejected
C01279,V0495,D0393,T03586,2025-06-25T12:10:00,Palakkad,Sunny,Slippery,Single Vehicle,Rear Bumper,Moderate,155272,127520,No,Under Review
C01280,V0242,D0177,T06912,2025-03-14T07:42:00,Palakkad,Sunny,Slippery,Rear-end,Engine Bay,Moderate,228557,190450,No,Rejected
C01281,V0433,D0646,T03240,2025-05-06T13:21:00,Kozhikode,Heavy Rain,Dry,Side,Rear Bumper,Minor,225800,220792,No,Under Review
C01282,V0236,D0384,T07894,2025-07-22T06:22:00,Palakkad,Fog,Wet,Single Vehicle,Front Bumper,Major,143517,134088,Yes,Under Review
C01283,V0089,D0477,T01740,2025-07-10T00:31:00,Kollam,Rain,Wet,Head-on,Front Bumper,Moderate,40292,38423,No,Under Review
C01284,V0349,D0573,T09803,2025-09-07T08:05:00,Palakkad,Sunny,Wet,Head-on,Door,Major,98825,85907,Yes,Approved
C01285,V0374,D0104,T05975,2025-09-22T07:36:00,Palakkad,Fog,Slippery,Side,Headlight,Minor,219641,178702,No,Under Review
C01286,V0119,D0343,T08247,2025-07-05T12:44:00,Alappuzha,Rain,Dry,Head-on,Rear Bumper,Minor,66169,61302,No,Approved
C01287,V0087,D0216,T00680,2025-09-22T00:12:00,Alappuzha,Sunny,Wet,Head-on,Front Bumper,Major,11925,10520,No,Under Review
C01288,V0258,D0645,T04989,2025-08-20T03:18:00,Thrissur,Sunny,Wet,Side,Windshield,Moderate,215331,174596,Yes,Under Review
C01289,V0030,D0636,T00893,2025-12-20T11:11:00,Kozhikode,Cloudy,Wet,Side,Headlight,Minor,240450,201196,No,Rejected
C01290,V0434,D0582,T02589,2025-12-27T16:03:00,Thrissur,Cloudy,Dry,Single Vehicle,Engine Bay,Major,126482,110628,No,Under Review
C01291,V0269,D0467,T07753,2025-03-29T06:33:00,Kollam,Fog,Wet,Side,Rear Bumper,Minor,97378,82711,Yes,Approved
C01292,V0357,D0009,T06347,2025-02-24T14:11:00,Kollam,Sunny,Wet,Side,Door,Moderate,235076,226410,No,Rejected
C01293,V0204,D0408,T05358,2025-12-20T21:39:00,Palakkad,Heavy Rain,Wet,Side,Engine Bay,Moderate,185681,179873,No,Rejected
C01294,V0221,D0586,T02736,2025-06-30T17:48:00,Kochi,Heavy Rain,Dry,Side,Windshield,Moderate,132381,123654,Yes,Under Review
C01295,V0087,D0049,T09500,2025-04-02T07:14:00,Kozhikode,Fog,Slippery,Single Vehicle,Headlight,Moderate,98956,88028,No,Rejected
C01296,V0029,D0639,T01711,2025-02-26T23:16:00,Kollam,Fog,Slippery,Side,Windshield,Minor,222420,194670,No,Under Review
C01297,V0404,D0667,T07711,2025-02-17T01:09:00,Kochi,Heavy Rain,Slippery,Single Vehicle,Headlight,Moderate,138882,131374,No,Rejected
C01298,V0462,D0245,T01803,2025-02-13T02:44:00,Kollam,Sunny,Slippery,Rear-end,Door,Minor,230935,223828,Yes,Under Review
C01299,V0261,D0619,T06074,2025-10-22T19:29:00,Thrissur,Heavy Rain,Wet,Side,Windshield,Minor,230934,192752,No,Under Review
C01300,V0448,D0700,T07480,2025-01-02T10:26:00,Kollam,Heavy Rain,Slippery,Single Vehicle,Headlight,Moderate,143362,139039,No,Rejected
C01301,V0038,D0624,T04481,2025-04-15T05:31:00,Kozhikode,Rain,Slippery,Side,Headlight,Minor,173060,167867,No,Approved
C01302,V0349,D0468,T03491,2025-03-15T18:43:00,Kochi,Sunny,Wet,Head-on,Engine Bay,Major,36682,33172,Yes,Rejected
C01303,V0325,D0691,T07311,2025-11-23T21:08:00,Palakkad,Heavy Rain,Slippery,Rear-end,Door,Moderate,34518,31670,Yes,Rejected
C01304,V0368,D0114,T07089,2025-01-18T15:57:00,Kozhikode,Sunny,Slippery,Single Vehicle,Front Bumper,Moderate,177446,172569,No,Under Review
C01305,V0230,D0030,T02099,2025-05-06T13:22:00,Alappuzha,Sunny,Wet,Single Vehicle,Door,Major,98198,86392,No,Approved
C01306,V0172,D0629,T09569,2025-12-08T01:00:00,Kollam,Rain,Slippery,Head-on,Headlight,Major,226661,225201,Yes,Approved
C01307,V0246,D0382,T04839,2025-11-15T00:40:00,Kollam,Cloudy,Slippery,Single Vehicle,Door,Minor,30635,30311,No,Approved
C01308,V0001,D0193,T06733,2025-04-17T22:33:00,Thrissur,Rain,Wet,Single Vehicle,Rear Bumper,Moderate,244633,206737,No,Rejected
C01309,V0075,D0532,T02335,2025-02-05T07:15:00,Kochi,Fog,Dry,Head-on,Door,Moderate,141300,120526,No,Under Review
C01310,V0380,D0351,T08358,2025-12-13T13:38:00,Kochi,Fog,Wet,Head-on,Headlight,Moderate,84543,75672,No,Approved
C01311,V0013,D0408,T08683,2025-03-06T13:48:00,Thrissur,Sunny,Slippery,Rear-end,Headlight,Major,161616,130670,Yes,Under Review
C01312,V0303,D0226,T06922,2025-07-25T10:25:00,Kozhikode,Cloudy,Dry,Side,Headlight,Major,104401,84791,Yes,Approved
C01313,V0433,D0592,T08492,2025-11-28T17:52:00,Kochi,Heavy Rain,Wet,Head-on,Windshield,Moderate,186054,168729,No,Approved
C01314,V0415,D0598,T03043,2025-07-20T22:30:00,Kollam,Sunny,Wet,Head-on,Door,Moderate,83457,67437,Yes,Rejected
C01315,V0064,D0061,T05256,2025-10-07T15:35:00,Alappuzha,Rain,Dry,Head-on,Rear Bumper,Moderate,168461,152216,Yes,Approved
C01316,V0313,D0294,T07777,2025-03-03T14:09:00,Kollam,Heavy Rain,Dry,Rear-end,Front Bumper,Moderate,205004,168634,No,Rejected
C01317,V0087,D0474,T03142,2025-08-30T21:04:00,Palakkad,Cloudy,Dry,Rear-end,Rear Bumper,Minor,147425,127792,Yes,Approved
C01318,V0280,D0642,T01510,2025-01-08T16:24:00,Palakkad,Fog,Dry,Single Vehicle,Rear Bumper,Moderate,152139,138039,No,Approved
C01319,V0156,D0433,T03778,2025-02-23T18:06:00,Palakkad,Heavy Rain,Dry,Rear-end,Front Bumper,Major,130394,115714,No,Under Review
C01320,V0174,D0189,T04711,2025-05-27T17:58:00,Alappuzha,Sunny,Dry,Rear-end,Rear Bumper,Major,161060,141938,No,Rejected
C01321,V0269,D0401,T00856,2025-10-19T13:55:00,Kozhikode,Sunny,Wet,Head-on,Engine Bay,Major,71626,69436,No,Rejected
C01322,V0132,D0265,T02343,2025-09-09T05:32:00,Alappuzha,Heavy Rain,Slippery,Single Vehicle,Door,Major,75213,68794,No,Under Review
C01323,V0008,D0474,T02080,2025-03-14T11:05:00,Palakkad,Sunny,Dry,Side,Door,Moderate,126517,125692,No,Approved
C01324,V0201,D0658,T08585,2025-06-03T03:48:00,Thrissur,Sunny,Wet,Rear-end,Engine Bay,Major,78352,67143,No,Approved
C01325,V0464,D0500,T03466,2025-08-19T17:11:00,Alappuzha,Fog,Dry,Single Vehicle,Door,Moderate,141245,123442,No,Approved
C01326,V0447,D0089,T01523,2025-01-06T02:30:00,Kozhikode,Sunny,Wet,Single Vehicle,Front Bumper,Moderate,217001,196945,Yes,Approved
C01327,V0317,D0504,T06136,2025-02-03T17:03:00,Kollam,Sunny,Wet,Head-on,Headlight,Moderate,23417,19359,Yes,Under Review
C01328,V0048,D0582,T02171,2025-08-02T13:32:00,Kollam,Fog,Wet,Single Vehicle,Door,Major,41424,36754,No,Under Review
C01329,V0058,D0286,T01261,2025-11-10T13:28:00,Kochi,Sunny,Slippery,Head-on,Windshield,Moderate,187072,154322,No,Under Review
C01330,V0235,D0453,T01412,2025-01-24T11:24:00,Thrissur,Fog,Slippery,Side,Rear Bumper,Major,179292,148967,No,Rejected
C01331,V0339,D0700,T07797,2025-05-19T15:39:00,Kozhikode,Heavy Rain,Slippery,Single Vehicle,Engine Bay,Moderate,133259,113054,No,Approved
C01332,V0373,D0113,T03812,2025-08-04T23:42:00,Kozhikode,Sunny,Dry,Side,Headlight,Moderate,219561,217494,No,Rejected
C01333,V0416,D0433,T03684,2025-11-17T02:44:00,Alappuzha,Cloudy,Slippery,Side,Rear Bumper,Moderate,179658,155238,No,Rejected
C01334,V0481,D0098,T09226,2025-11-09T02:01:00,Kollam,Heavy Rain,Dry,Single Vehicle,Headlight,Major,65795,55330,Yes,Rejected
C01335,V0017,D0083,T06350,2025-11-06T15:08:00,Palakkad,Sunny,Slippery,Single Vehicle,Front Bumper,Moderate,188429,188010,No,Under Review
C01336,V0059,D0691,T07057,2025-04-14T13:07:00,Kochi,Heavy Rain,Dry,Side,Windshield,Major,107376,100345,No,Approved
C01337,V0231,D0015,T07738,2025-08-25T06:47:00,Palakkad,Heavy Rain,Dry,Side,Rear Bumper,Minor,198520,170285,No,Under Review
C01338,V0241,D0442,T04848,2025-05-16T02:20:00,Kochi,Rain,Slippery,Head-on,Rear Bumper,Minor,41023,34509,No,Under Review
C01339,V0449,D0249,T00843,2025-06-04T07:32:00,Kozhikode,Sunny,Slippery,Side,Front Bumper,Moderate,104171,86038,No,Approved
C01340,V0240,D0061,T06725,2025-12-27T10:42:00,Kollam,Fog,Wet,Single Vehicle,Front Bumper,Minor,121927,109388,Yes,Under Review
C01341,V0315,D0107,T04852,2025-01-23T12:31:00,Kozhikode,Heavy Rain,Slippery,Rear-end,Windshield,Moderate,233086,220258,No,Under Review
C01342,V0203,D0210,T04079,2025-04-16T12:23:00,Kollam,Rain,Slippery,Single Vehicle,Rear Bumper,Moderate,93006,82192,No,Approved
C01343,V0181,D0009,T07389,2025-10-31T23:12:00,Kozhikode,Heavy Rain,Dry,Head-on,Front Bumper,Major,221445,191193,No,Approved
C01344,V0371,D0507,T02718,2025-06-21T15:43:00,Kollam,Sunny,Dry,Side,Engine Bay,Major,173514,169228,Yes,Under Review
C01345,V0235,D0038,T03674,2025-09-30T08:32:00,Kochi,Sunny,Slippery,Side,Door,Minor,90152,82120,Yes,Approved
C01346,V0117,D0613,T03199,2025-12-25T07:01:00,Kochi,Cloudy,Dry,Rear-end,Windshield,Minor,165349,139445,Yes,Approved
C01347,V0360,D0428,T03118,2025-09-02T16:29:00,Kochi,Cloudy,Dry,Rear-end,Door,Moderate,71672,57470,Yes,Approved
C01348,V0070,D0536,T06480,2025-04-20T16:22:00,Kochi,Heavy Rain,Slippery,Head-on,Rear Bumper,Moderate,42415,38477,No,Rejected
C01349,V0023,D0050,T05370,2025-03-14T11:29:00,Kozhikode,Fog,Wet,Rear-end,Rear Bumper,Moderate,237406,193409,No,Under Review
C01350,V0176,D0646,T03156,2025-01-07T21:59:00,Palakkad,Heavy Rain,Wet,Head-on,Front Bumper,Minor,126328,113909,No,Rejected
C01351,V0253,D0456,T02299,2025-03-02T05:12:00,Palakkad,Cloudy,Wet,Side,Front Bumper,Moderate,148770,127556,No,Approved
C01352,V0053,D0448,T06818,2025-10-30T13:09:00,Kollam,Fog,Slippery,Single Vehicle,Headlight,Minor,157101,148645,No,Approved
C01353,V0055,D0018,T03633,2025-03-28T01:31:00,Kozhikode,Fog,Dry,Head-on,Windshield,Major,201325,180455,Yes,Approved
C01354,V0144,D0441,T08824,2025-01-17T17:43:00,Palakkad,Heavy Rain,Dry,Head-on,Rear Bumper,Major,56393,47164,No,Approved
C01355,V0258,D0490,T08734,2025-05-03T16:10:00,Alappuzha,Fog,Dry,Head-on,Front Bumper,Moderate,14946,12694,No,Approved
C01356,V0063,D0607,T08379,2025-02-14T21:31:00,Thrissur,Cloudy,Slippery,Single Vehicle,Door,Moderate,198061,180664,Yes,Approved
C01357,V0164,D0688,T01361,2025-06-10T13:45:00,Alappuzha,Heavy Rain,Slippery,Single Vehicle,Front Bumper,Moderate,49836,42543,No,Approved
C01358,V0260,D0049,T04786,2025-11-09T11:25:00,Palakkad,Fog,Slippery,Rear-end,Headlight,Minor,25975,23378,Yes,Approved
C01359,V0272,D0413,T06516,2025-05-09T04:41:00,Kollam,Sunny,Slippery,Rear-end,Engine Bay,Major,238381,224294,No,Approved
C01360,V0215,D0333,T06567,2025-01-03T08:41:00,Kollam,Heavy Rain,Slippery,Head-on,Headlight,Major,68298,56914,No,Under Review
C01361,V0257,D0571,T02727,2025-11-17T13:32:00,Kozhikode,Fog,Dry,Rear-end,Door,Major,28326,24730,No,Approved
C01362,V0490,D0044,T00602,2025-01-10T16:19:00,Palakkad,Rain,Dry,Head-on,Rear Bumper,Minor,244670,237107,No,Rejected
C01363,V0372,D0636,T06334,2025-07-30T15:35:00,Kozhikode,Cloudy,Dry,Head-on,Windshield,Minor,130728,129304,Yes,Under Review
C01364,V0064,D0308,T00764,2025-09-25T00:42:00,Thrissur,Sunny,Wet,Side,Engine Bay,Moderate,19780,17866,Yes,Rejected
C01365,V0482,D0540,T06268,2025-01-24T07:24:00,Palakkad,Rain,Wet,Single Vehicle,Headlight,Major,232738,201909,No,Approved
C01366,V0285,D0533,T09018,2025-07-21T18:58:00,Palakkad,Cloudy,Slippery,Head-on,Door,Moderate,232532,197583,No,Rejected
C01367,V0420,D0206,T05540,2025-08-31T09:21:00,Kollam,Cloudy,Dry,Rear-end,Front Bumper,Minor,174968,158185,No,Approved
C01368,V0214,D0669,T08435,2025-04-02T00:35:00,Palakkad,Sunny,Wet,Rear-end,Headlight,Moderate,103312,90592,No,Rejected
C01369,V0415,D0379,T07393,2025-04-07T07:59:00,Kozhikode,Sunny,Slippery,Head-on,Door,Moderate,249229,221525,No,Approved
C01370,V0481,D0691,T07629,2025-02-02T00:30:00,Thrissur,Heavy Rain,Dry,Single Vehicle,Front Bumper,Minor,154599,139914,No,Approved
C01371,V0285,D0040,T05207,2025-12-10T01:25:00,Kochi,Cloudy,Slippery,Rear-end,Rear Bumper,Minor,37647,35857,No,Approved
C01372,V0084,D0692,T03554,2025-10-17T12:00:00,Kochi,Cloudy,Wet,Single Vehicle,Front Bumper,Minor,249038,219397,No,Under Review
C01373,V0252,D0262,T04601,2025-09-11T23:21:00,Kochi,Fog,Slippery,Side,Headlight,Moderate,192513,154845,Yes,Approved
C01374,V0142,D0250,T00676,2025-12-21T05:14:00,Alappuzha,Cloudy,Dry,Single Vehicle,Headlight,Minor,230023,228007,Yes,Rejected
C01375,V0079,D0077,T08971,2025-05-29T05:29:00,Thrissur,Heavy Rain,Slippery,Side,Engine Bay,Minor,78010,72572,No,Approved
C01376,V0401,D0574,T05390,2025-10-20T12:05:00,Kollam,Sunny,Wet,Head-on,Front Bumper,Moderate,181818,153005,No,Approved
C01377,V0461,D0323,T03672,2025-05-09T02:07:00,Alappuzha,Sunny,Dry,Single Vehicle,Engine Bay,Minor,118553,109707,No,Under Review
C01378,V0116,D0084,T09772,2025-11-28T01:05:00,Kollam,Heavy Rain,Dry,Rear-end,Engine Bay,Moderate,179213,146640,No,Approved
C01379,V0346,D0217,T08665,2025-08-16T03:22:00,Kozhikode,Cloudy,Wet,Rear-end,Rear Bumper,Major,67463,55865,No,Under Review
C01380,V0161,D0469,T06086,2025-07-27T04:17:00,Kollam,Rain,Wet,Side,Front Bumper,Moderate,246029,237820,No,Rejected
C01381,V0166,D0281,T05900,2025-03-29T20:50:00,Kochi,Rain,Slippery,Single Vehicle,Front Bumper,Major,183122,152024,Yes,Rejected
C01382,V0130,D0602,T00964,2025-02-14T13:45:00,Alappuzha,Heavy Rain,Slippery,Side,Front Bumper,Moderate,227205,208567,Yes,Approved
C01383,V0229,D0190,T06218,2025-12-05T13:25:00,Kochi,Cloudy,Wet,Side,Windshield,Moderate,36249,30846,No,Under Review
C01384,V0230,D0084,T04587,2025-06-07T22:28:00,Kochi,Fog,Wet,Rear-end,Rear Bumper,Minor,40564,39143,No,Rejected
C01385,V0173,D0309,T00699,2025-05-28T18:27:00,Kozhikode,Rain,Slippery,Side,Door,Major,173234,171393,No,Approved
C01386,V0067,D0157,T06093,2025-01-03T17:39:00,Thrissur,Rain,Dry,Rear-end,Headlight,Major,225716,204292,No,Under Review
C01387,V0133,D0215,T03838,2025-11-27T19:19:00,Alappuzha,Rain,Slippery,Single Vehicle,Door,Major,153245,139399,No,Rejected
C01388,V0188,D0420,T07157,2025-11-08T15:41:00,Thrissur,Rain,Wet,Side,Engine Bay,Major,195626,165504,No,Under Review
C01389,V0081,D0099,T06216,2025-12-19T21:36:00,Kochi,Fog,Slippery,Head-on,Engine Bay,Minor,129903,116330,Yes,Under Review
C01390,V0492,D0164,T09035,2025-11-06T20:23:00,Kochi,Fog,Dry,Single Vehicle,Engine Bay,Minor,97167,80206,No,Rejected
C01391,V0432,D0657,T01239,2025-10-01T13:24:00,Kochi,Heavy Rain,Wet,Head-on,Rear Bumper,Minor,75153,60518,No,Rejected
C01392,V0165,D0183,T02320,2025-04-21T23:36:00,Kozhikode,Sunny,Slippery,Side,Windshield,Minor,197702,166195,No,Under Review
C01393,V0241,D0595,T02712,2025-01-30T18:58:00,Palakkad,Cloudy,Dry,Head-on,Door,Minor,121728,107879,Yes,Under Review
C01394,V0401,D0606,T02942,2025-05-23T15:47:00,Kozhikode,Heavy Rain,Dry,Head-on,Headlight,Minor,37048,30006,No,Rejected
C01395,V0434,D0135,T06071,2025-01-22T12:14:00,Kollam,Sunny,Dry,Single Vehicle,Rear Bumper,Moderate,166117,134425,No,Approved
C01396,V0438,D0423,T06661,2025-05-12T11:56:00,Alappuzha,Heavy Rain,Wet,Head-on,Front Bumper,Major,23066,19120,Yes,Under Review
C01397,V0228,D0160,T08677,2025-10-18T23:41:00,Kochi,Heavy Rain,Wet,Single Vehicle,Engine Bay,Major,147207,117837,No,Under Review
C01398,V0214,D0201,T01174,2025-08-21T15:26:00,Palakkad,Heavy Rain,Wet,Single Vehicle,Headlight,Minor,67664,67345,No,Approved
C01399,V0037,D0637,T09866,2025-08-20T03:56:00,Kozhikode,Fog,Slippery,Rear-end,Headlight,Major,99503,87313,No,Under Review
C01400,V0350,D0647,T06849,2025-04-20T10:41:00,Alappuzha,Sunny,Wet,Head-on,Front Bumper,Minor,43634,38483,No,Approved
C01401,V0145,D0276,T08173,2025-08-22T22:59:00,Palakkad,Sunny,Dry,Side,Engine Bay,Moderate,202064,165921,No,Approved
C01402,V0442,D0072,T04495,2025-09-01T18:23:00,Palakkad,Fog,Dry,Single Vehicle,Headlight,Moderate,46456,43826,No,Under Review
C01403,V0488,D0600,T06143,2025-10-31T19:18:00,Thrissur,Fog,Dry,Single Vehicle,Front Bumper,Major,214862,214151,Yes,Under Review
C01404,V0053,D0515,T08654,2025-12-07T17:23:00,Thrissur,Rain,Slippery,Rear-end,Rear Bumper,Minor,245961,241789,No,Approved
C01405,V0174,D0590,T00759,2025-09-03T03:01:00,Kollam,Cloudy,Dry,Rear-end,Door,Moderate,193083,184600,No,Rejected
C01406,V0282,D0025,T03804,2025-06-24T23:13:00,Kozhikode,Heavy Rain,Slippery,Side,Engine Bay,Major,26100,23940,No,Approved
C01407,V0197,D0109,T06407,2025-01-07T20:55:00,Kozhikode,Heavy Rain,Slippery,Side,Windshield,Major,52077,50667,No,Under Review
C01408,V0207,D0044,T08110,2025-12-11T21:09:00,Kochi,Cloudy,Wet,Head-on,Rear Bumper,Minor,58995,49408,No,Under Review
C01409,V0361,D0480,T00560,2025-05-09T23:39:00,Thrissur,Sunny,Slippery,Side,Engine Bay,Minor,84358,72517,No,Approved
C01410,V0061,D0175,T03032,2025-06-21T23:59:00,Kochi,Fog,Wet,Head-on,Headlight,Minor,170342,167643,No,Rejected
C01411,V0155,D0175,T01253,2025-02-08T03:28:00,Thrissur,Sunny,Slippery,Head-on,Door,Minor,98947,95763,No,Under Review
C01412,V0456,D0223,T05492,2025-11-19T15:42:00,Kochi,Cloudy,Dry,Head-on,Door,Minor,220539,206701,No,Approved
C01413,V0488,D0282,T03144,2025-03-02T01:26:00,Alappuzha,Rain,Wet,Side,Headlight,Major,172169,163530,No,Under Review
C01414,V0035,D0055,T08540,2025-04-25T12:43:00,Kollam,Rain,Wet,Side,Rear Bumper,Moderate,246973,233124,No,Approved
C01415,V0017,D0351,T02113,2025-06-30T05:50:00,Kochi,Rain,Slippery,Single Vehicle,Door,Moderate,28612,28325,No,Approved
C01416,V0284,D0649,T03448,2025-07-29T15:32:00,Kochi,Cloudy,Dry,Side,Front Bumper,Minor,35681,31232,No,Rejected
C01417,V0155,D0331,T02861,2025-09-18T15:57:00,Thrissur,Cloudy,Wet,Rear-end,Windshield,Moderate,174141,168129,No,Rejected
C01418,V0035,D0617,T09528,2025-08-26T09:44:00,Kozhikode,Rain,Wet,Head-on,Rear Bumper,Minor,238683,237745,No,Under Review
C01419,V0165,D0336,T04123,2025-12-13T12:56:00,Palakkad,Rain,Wet,Head-on,Headlight,Major,125701,119818,No,Approved
C01420,V0279,D0140,T06594,2025-02-03T02:45:00,Kochi,Heavy Rain,Wet,Rear-end,Engine Bay,Minor,178829,169338,No,Approved
C01421,V0217,D0094,T03400,2025-06-16T16:39:00,Kollam,Heavy Rain,Slippery,Side,Engine Bay,Moderate,66989,65507,No,Approved
C01422,V0427,D0374,T06085,2025-05-10T22:26:00,Kochi,Heavy Rain,Dry,Single Vehicle,Windshield,Minor,126142,123907,Yes,Rejected
C01423,V0029,D0439,T05952,2025-05-28T15:05:00,Palakkad,Cloudy,Dry,Rear-end,Engine Bay,Moderate,131689,121157,No,Rejected
C01424,V0360,D0347,T09625,2025-12-04T11:23:00,Kochi,Heavy Rain,Dry,Rear-end,Door,Moderate,170339,149480,Yes,Under Review
C01425,V0097,D0449,T02729,2025-05-04T20:43:00,Palakkad,Heavy Rain,Dry,Side,Headlight,Minor,219736,183960,No,Approved
C01426,V0126,D0626,T08970,2025-01-27T03:17:00,Thrissur,Cloudy,Slippery,Head-on,Rear Bumper,Minor,26014,25621,No,Under Review
C01427,V0068,D0614,T04821,2025-10-20T02:18:00,Alappuzha,Sunny,Slippery,Rear-end,Rear Bumper,Moderate,114583,95954,No,Under Review
C01428,V0342,D0229,T08222,2025-02-21T07:21:00,Kollam,Fog,Wet,Side,Front Bumper,Minor,226713,224099,No,Approved
C01429,V0433,D0628,T06745,2025-06-15T21:35:00,Kollam,Sunny,Wet,Single Vehicle,Windshield,Moderate,191363,185097,No,Rejected
C01430,V0177,D0263,T09239,2025-02-07T12:34:00,Alappuzha,Cloudy,Slippery,Single Vehicle,Door,Minor,193637,193485,No,Approved
C01431,V0158,D0549,T02058,2025-01-28T00:49:00,Thrissur,Fog,Dry,Rear-end,Door,Moderate,102573,84158,No,Under Review
C01432,V0299,D0428,T08686,2025-08-06T22:31:00,Alappuzha,Sunny,Wet,Side,Windshield,Major,211890,197953,No,Rejected
C01433,V0143,D0374,T01771,2025-09-25T16:45:00,Kozhikode,Rain,Dry,Side,Front Bumper,Minor,78890,68832,Yes,Rejected
C01434,V0457,D0662,T05369,2025-10-09T03:23:00,Alappuzha,Heavy Rain,Wet,Head-on,Headlight,Moderate,98646,84429,No,Under Review
C01435,V0261,D0641,T08664,2025-04-03T16:34:00,Thrissur,Sunny,Dry,Rear-end,Headlight,Moderate,134879,128140,No,Rejected
C01436,V0276,D0415,T07435,2025-06-22T19:29:00,Kochi,Rain,Slippery,Head-on,Engine Bay,Minor,76398,70955,No,Rejected
C01437,V0342,D0388,T02286,2025-05-22T05:39:00,Thrissur,Rain,Dry,Head-on,Door,Major,75166,67787,No,Approved
C01438,V0004,D0033,T05281,2025-02-01T09:52:00,Kollam,Fog,Wet,Rear-end,Rear Bumper,Moderate,131292,123897,Yes,Under Review
C01439,V0121,D0411,T03021,2025-10-02T18:35:00,Alappuzha,Fog,Wet,Head-on,Engine Bay,Minor,117895,108399,No,Approved
C01440,V0124,D0240,T04541,2025-03-25T16:32:00,Kollam,Fog,Dry,Head-on,Headlight,Major,56987,51351,Yes,Approved
C01441,V0256,D0063,T00256,2025-12-28T11:25:00,Alappuzha,Cloudy,Dry,Head-on,Windshield,Moderate,96577,94592,No,Under Review
C01442,V0003,D0049,T09060,2025-06-15T07:01:00,Thrissur,Heavy Rain,Wet,Single Vehicle,Rear Bumper,Major,92351,83449,No,Rejected
C01443,V0021,D0299,T04661,2025-05-05T11:40:00,Palakkad,Fog,Slippery,Single Vehicle,Door,Major,240378,229998,Yes,Approved
C01444,V0306,D0591,T04165,2025-08-12T16:15:00,Kochi,Cloudy,Slippery,Single Vehicle,Windshield,Minor,157822,153397,No,Rejected
C01445,V0002,D0251,T00084,2025-12-10T09:07:00,Kozhikode,Sunny,Wet,Single Vehicle,Rear Bumper,Major,66737,60000,No,Rejected
C01446,V0378,D0008,T07853,2025-09-13T16:54:00,Alappuzha,Rain,Wet,Rear-end,Headlight,Major,105019,87806,Yes,Approved
C01447,V0098,D0338,T07926,2025-07-26T20:09:00,Kochi,Heavy Rain,Slippery,Side,Rear Bumper,Minor,202541,194083,Yes,Rejected
C01448,V0104,D0555,T03435,2025-05-25T13:59:00,Alappuzha,Sunny,Wet,Rear-end,Rear Bumper,Moderate,155379,126847,No,Rejected
C01449,V0177,D0214,T09510,2025-07-30T09:18:00,Alappuzha,Heavy Rain,Dry,Single Vehicle,Headlight,Moderate,141796,120641,Yes,Approved
C01450,V0069,D0696,T09151,2025-07-20T04:45:00,Kozhikode,Rain,Dry,Single Vehicle,Door,Major,220093,189595,Yes,Rejected
C01451,V0173,D0340,T09986,2025-01-09T21:14:00,Thrissur,Rain,Slippery,Side,Rear Bumper,Minor,47827,44488,No,Rejected
C01452,V0492,D0514,T01244,2025-04-18T11:40:00,Thrissur,Rain,Slippery,Single Vehicle,Headlight,Major,141942,132731,No,Under Review
C01453,V0477,D0145,T07778,2025-10-19T15:17:00,Kochi,Heavy Rain,Wet,Side,Rear Bumper,Minor,248831,216875,Yes,Rejected
C01454,V0453,D0033,T06634,2025-07-21T16:42:00,Kollam,Fog,Dry,Side,Headlight,Minor,212716,176774,No,Under Review
C01455,V0382,D0525,T05879,2025-01-08T07:41:00,Kollam,Rain,Slippery,Single Vehicle,Windshield,Moderate,229387,202752,No,Under Review
C01456,V0040,D0183,T00917,2025-03-23T12:29:00,Kollam,Fog,Wet,Single Vehicle,Headlight,Major,47542,38694,Yes,Approved
C01457,V0446,D0388,T05303,2025-02-06T18:50:00,Kozhikode,Rain,Slippery,Single Vehicle,Headlight,Major,151801,138811,Yes,Approved
C01458,V0120,D0263,T05810,2025-01-26T01:24:00,Alappuzha,Heavy Rain,Dry,Rear-end,Door,Moderate,55253,50906,No,Under Review
C01459,V0264,D0685,T03181,2025-08-19T18:18:00,Palakkad,Rain,Dry,Rear-end,Front Bumper,Moderate,248326,200774,No,Under Review
C01460,V0415,D0384,T02980,2025-05-24T09:05:00,Thrissur,Fog,Slippery,Rear-end,Door,Major,65387,54497,No,Rejected
C01461,V0181,D0437,T09067,2025-03-06T07:06:00,Thrissur,Fog,Dry,Single Vehicle,Windshield,Major,83289,79372,No,Under Review
C01462,V0450,D0631,T05876,2025-02-06T07:53:00,Kollam,Fog,Slippery,Head-on,Headlight,Moderate,225384,213191,No,Rejected
C01463,V0138,D0524,T07333,2025-10-12T19:01:00,Palakkad,Rain,Slippery,Rear-end,Front Bumper,Minor,109710,107237,Yes,Rejected
C01464,V0417,D0624,T02238,2025-03-17T23:28:00,Alappuzha,Rain,Dry,Rear-end,Windshield,Major,170355,145058,No,Under Review
C01465,V0347,D0597,T05471,2025-07-02T11:11:00,Kozhikode,Rain,Slippery,Side,Door,Major,27788,24984,No,Under Review
C01466,V0329,D0048,T02521,2025-11-21T12:31:00,Alappuzha,Fog,Slippery,Side,Front Bumper,Major,175035,159036,Yes,Under Review
C01467,V0144,D0534,T04730,2025-09-15T15:19:00,Palakkad,Fog,Slippery,Single Vehicle,Headlight,Major,164973,141398,No,Rejected
C01468,V0328,D0235,T04593,2025-08-31T22:51:00,Kochi,Sunny,Wet,Side,Front Bumper,Major,168153,143282,No,Under Review
C01469,V0474,D0021,T03819,2025-08-25T14:29:00,Kochi,Fog,Wet,Rear-end,Headlight,Major,115662,94288,Yes,Approved
C01470,V0100,D0675,T06336,2025-07-15T14:53:00,Kozhikode,Fog,Slippery,Single Vehicle,Rear Bumper,Major,76521,63267,No,Approved
C01471,V0413,D0487,T08722,2025-09-20T10:19:00,Alappuzha,Sunny,Slippery,Side,Headlight,Major,119738,109737,No,Under Review
C01472,V0060,D0034,T01887,2025-12-10T08:49:00,Kozhikode,Rain,Dry,Rear-end,Engine Bay,Major,242169,205466,No,Under Review
C01473,V0096,D0376,T07203,2025-10-15T11:33:00,Kozhikode,Cloudy,Slippery,Single Vehicle,Front Bumper,Moderate,187795,187005,No,Rejected
C01474,V0138,D0145,T01056,2025-05-26T01:49:00,Kochi,Cloudy,Dry,Single Vehicle,Front Bumper,Minor,229610,219972,No,Under Review
C01475,V0225,D0039,T08995,2025-10-10T03:22:00,Alappuzha,Rain,Slippery,Head-on,Windshield,Moderate,73785,73530,Yes,Rejected
C01476,V0284,D0565,T04980,2025-09-17T21:36:00,Kozhikode,Rain,Slippery,Head-on,Front Bumper,Minor,101582,99106,No,Under Review
C01477,V0410,D0577,T07903,2025-04-27T04:54:00,Alappuzha,Cloudy,Slippery,Rear-end,Rear Bumper,Minor,216372,202476,No,Rejected
C01478,V0480,D0318,T08747,2025-05-31T11:25:00,Kochi,Heavy Rain,Wet,Side,Front Bumper,Major,75212,71944,No,Approved
C01479,V0050,D0547,T04993,2025-08-04T20:53:00,Kozhikode,Rain,Wet,Single Vehicle,Headlight,Minor,98302,82828,Yes,Rejected
C01480,V0422,D0296,T07921,2025-02-21T21:03:00,Kochi,Sunny,Dry,Single Vehicle,Engine Bay,Major,129818,107211,Yes,Under Review
C01481,V0182,D0460,T02035,2025-05-18T19:51:00,Palakkad,Fog,Dry,Rear-end,Windshield,Minor,227835,193356,No,Under Review
C01482,V0256,D0191,T06430,2025-06-11T05:23:00,Alappuzha,Cloudy,Dry,Rear-end,Door,Minor,179259,153615,Yes,Under Review
C01483,V0283,D0017,T00051,2025-05-26T01:45:00,Kozhikode,Fog,Dry,Head-on,Headlight,Major,136828,130201,No,Rejected
C01484,V0398,D0158,T06806,2025-05-01T23:00:00,Alappuzha,Rain,Wet,Head-on,Front Bumper,Moderate,132561,107619,No,Under Review
C01485,V0404,D0299,T03596,2025-07-08T22:41:00,Thrissur,Rain,Slippery,Rear-end,Headlight,Minor,217539,210314,No,Rejected
C01486,V0474,D0244,T07460,2025-07-13T07:19:00,Kochi,Sunny,Wet,Head-on,Windshield,Moderate,242821,218735,No,Under Review
C01487,V0087,D0576,T04835,2025-12-18T20:05:00,Alappuzha,Rain,Dry,Head-on,Headlight,Minor,219325,216209,No,Rejected
C01488,V0043,D0534,T02882,2025-02-15T14:00:00,Kochi,Heavy Rain,Wet,Single Vehicle,Door,Major,152085,145373,No,Approved
C01489,V0229,D0587,T06216,2025-06-14T21:24:00,Kollam,Heavy Rain,Wet,Side,Rear Bumper,Major,55951,46772,No,Approved
C01490,V0397,D0030,T00123,2025-12-25T12:45:00,Kollam,Heavy Rain,Slippery,Head-on,Engine Bay,Minor,218623,187753,Yes,Approved
C01491,V0006,D0090,T02817,2025-08-23T14:53:00,Kochi,Cloudy,Wet,Single Vehicle,Rear Bumper,Minor,26024,25402,No,Approved
C01492,V0414,D0074,T08803,2025-08-22T12:22:00,Kochi,Heavy Rain,Wet,Side,Engine Bay,Moderate,138375,132463,No,Rejected
C01493,V0175,D0479,T05210,2025-03-22T15:48:00,Kochi,Cloudy,Wet,Single Vehicle,Headlight,Major,103808,86343,No,Rejected
C01494,V0246,D0303,T05848,2025-11-21T11:49:00,Kollam,Rain,Wet,Rear-end,Engine Bay,Major,12121,11867,No,Rejected
C01495,V0372,D0432,T04676,2025-02-02T02:23:00,Kochi,Cloudy,Slippery,Side,Engine Bay,Moderate,43998,36271,No,Under Review
C01496,V0071,D0290,T08633,2025-06-17T10:09:00,Palakkad,Sunny,Slippery,Head-on,Windshield,Moderate,226566,221355,No,Rejected
C01497,V0100,D0597,T02707,2025-11-22T01:07:00,Kochi,Sunny,Slippery,Side,Headlight,Moderate,148371,144402,No,Approved
C01498,V0304,D0469,T02470,2025-11-24T15:38:00,Palakkad,Rain,Wet,Single Vehicle,Windshield,Moderate,248030,219067,No,Rejected
C01499,V0465,D0052,T03702,2025-07-10T09:00:00,Palakkad,Heavy Rain,Wet,Side,Door,Major,89833,76666,No,Rejected
C01500,V0498,D0540,T03681,2025-04-02T00:37:00,Kozhikode,Fog,Wet,Side,Door,Moderate,213089,208845,No,Approved
C01501,V0417,D0661,T06866,2025-07-12T07:06:00,Kollam,Fog,Wet,Rear-end,Front Bumper,Major,243190,234642,Yes,Under Review
C01502,V0402,D0476,T08953,2025-08-04T19:12:00,Kochi,Sunny,Dry,Side,Headlight,Major,90835,76307,No,Rejected
C01503,V0349,D0550,T04179,2025-06-12T04:18:00,Kozhikode,Heavy Rain,Wet,Side,Headlight,Major,197004,196628,No,Rejected
C01504,V0275,D0190,T05287,2025-10-17T18:53:00,Thrissur,Rain,Dry,Head-on,Front Bumper,Moderate,43777,40280,No,Rejected
C01505,V0251,D0662,T04531,2025-05-18T05:30:00,Palakkad,Heavy Rain,Dry,Side,Rear Bumper,Moderate,85156,82359,No,Approved
C01506,V0199,D0283,T00358,2025-07-26T16:12:00,Kochi,Heavy Rain,Dry,Rear-end,Rear Bumper,Major,87739,78723,No,Rejected
C01507,V0104,D0027,T09905,2025-09-11T11:56:00,Thrissur,Cloudy,Wet,Side,Headlight,Minor,62804,61778,No,Rejected
C01508,V0300,D0545,T03575,2025-06-29T23:59:00,Kochi,Sunny,Slippery,Single Vehicle,Headlight,Moderate,59380,50087,No,Rejected
C01509,V0448,D0026,T02356,2025-05-30T01:24:00,Kollam,Cloudy,Wet,Rear-end,Rear Bumper,Major,128450,113046,No,Under Review
C01510,V0322,D0222,T02189,2025-10-10T12:04:00,Kochi,Cloudy,Slippery,Side,Engine Bay,Moderate,180057,164332,No,Approved
C01511,V0312,D0186,T08511,2025-09-07T19:27:00,Kozhikode,Cloudy,Dry,Head-on,Headlight,Moderate,141693,132410,Yes,Rejected
C01512,V0151,D0070,T09643,2025-09-25T00:19:00,Alappuzha,Fog,Slippery,Single Vehicle,Windshield,Major,106567,98140,No,Under Review
C01513,V0214,D0600,T00824,2025-09-15T12:58:00,Kollam,Heavy Rain,Wet,Single Vehicle,Front Bumper,Moderate,214058,179812,Yes,Rejected
C01514,V0476,D0627,T06852,2025-08-03T16:08:00,Kollam,Heavy Rain,Dry,Single Vehicle,Windshield,Moderate,127106,112347,Yes,Approved
C01515,V0269,D0050,T06806,2025-01-11T04:03:00,Palakkad,Rain,Dry,Single Vehicle,Door,Major,166115,161728,No,Under Review
C01516,V0314,D0657,T09167,2025-04-03T00:05:00,Alappuzha,Fog,Slippery,Rear-end,Headlight,Moderate,34393,27725,No,Rejected
C01517,V0413,D0319,T00868,2025-10-13T12:30:00,Alappuzha,Rain,Wet,Side,Headlight,Moderate,117184,94225,No,Under Review
C01518,V0060,D0548,T04519,2025-10-03T12:45:00,Alappuzha,Sunny,Dry,Single Vehicle,Rear Bumper,Major,244156,203822,Yes,Rejected
C01519,V0279,D0612,T07479,2025-03-31T13:53:00,Palakkad,Sunny,Wet,Side,Engine Bay,Minor,50539,46736,No,Rejected
C01520,V0028,D0597,T02107,2025-02-19T05:38:00,Kollam,Sunny,Dry,Side,Rear Bumper,Minor,206730,182080,No,Rejected
C01521,V0447,D0626,T06617,2025-11-06T05:50:00,Thrissur,Fog,Slippery,Head-on,Headlight,Moderate,162736,132713,No,Under Review
C01522,V0098,D0353,T09066,2025-10-25T18:39:00,Kochi,Heavy Rain,Dry,Single Vehicle,Rear Bumper,Major,17886,15167,No,Rejected
C01523,V0038,D0030,T08120,2025-01-19T14:25:00,Kollam,Heavy Rain,Wet,Single Vehicle,Rear Bumper,Major,186231,155180,Yes,Approved
C01524,V0435,D0593,T07304,2025-08-10T17:17:00,Alappuzha,Heavy Rain,Wet,Single Vehicle,Rear Bumper,Moderate,202510,182148,No,Approved
C01525,V0352,D0064,T07280,2025-05-11T10:44:00,Palakkad,Heavy Rain,Slippery,Rear-end,Windshield,Major,23343,20026,Yes,Rejected
C01526,V0059,D0321,T01899,2025-05-10T15:19:00,Palakkad,Sunny,Slippery,Side,Door,Major,122443,119770,No,Rejected
C01527,V0368,D0034,T06075,2025-11-08T08:08:00,Kochi,Cloudy,Slippery,Head-on,Windshield,Moderate,39795,36902,No,Rejected
C01528,V0225,D0477,T09530,2025-06-17T10:29:00,Kozhikode,Cloudy,Slippery,Head-on,Windshield,Moderate,78227,69332,Yes,Approved
C01529,V0324,D0604,T03365,2025-08-09T16:27:00,Kollam,Cloudy,Slippery,Rear-end,Front Bumper,Minor,75660,72254,No,Rejected
C01530,V0354,D0573,T07699,2025-09-22T17:09:00,Kozhikode,Sunny,Wet,Rear-end,Headlight,Minor,47873,47813,No,Under Review
C01531,V0422,D0314,T02082,2025-08-16T08:26:00,Palakkad,Cloudy,Dry,Side,Door,Major,60511,56988,No,Under Review
C01532,V0430,D0406,T01142,2025-05-22T17:34:00,Alappuzha,Cloudy,Slippery,Rear-end,Front Bumper,Major,107419,87619,No,Approved
C01533,V0201,D0609,T06920,2025-11-30T03:41:00,Kollam,Rain,Wet,Single Vehicle,Door,Moderate,71089,68413,Yes,Approved
C01534,V0064,D0426,T05221,2025-01-10T11:43:00,Alappuzha,Cloudy,Wet,Head-on,Windshield,Moderate,101347,82659,No,Approved
C01535,V0337,D0418,T03127,2025-11-27T17:04:00,Alappuzha,Sunny,Dry,Head-on,Door,Major,69746,63874,No,Under Review
C01536,V0122,D0472,T06286,2025-12-14T00:26:00,Kollam,Cloudy,Slippery,Rear-end,Engine Bay,Major,28940,25235,No,Approved
C01537,V0030,D0584,T08089,2025-09-10T10:19:00,Palakkad,Heavy Rain,Slippery,Head-on,Door,Moderate,209823,169306,No,Under Review
C01538,V0183,D0292,T07176,2025-04-01T23:41:00,Palakkad,Fog,Slippery,Single Vehicle,Front Bumper,Minor,194551,160414,No,Rejected
C01539,V0022,D0034,T02555,2025-02-12T23:30:00,Kozhikode,Fog,Slippery,Rear-end,Front Bumper,Minor,85115,76024,No,Under Review
C01540,V0145,D0358,T03544,2025-09-05T13:03:00,Alappuzha,Cloudy,Dry,Single Vehicle,Headlight,Minor,71184,60275,No,Under Review
C01541,V0439,D0283,T04116,2025-08-28T23:22:00,Kozhikode,Fog,Wet,Side,Windshield,Minor,99364,89080,No,Rejected
C01542,V0187,D0696,T01903,2025-12-27T18:57:00,Kochi,Heavy Rain,Dry,Rear-end,Front Bumper,Minor,226186,193509,No,Approved
C01543,V0024,D0278,T07280,2025-12-11T07:21:00,Palakkad,Fog,Dry,Single Vehicle,Windshield,Major,12362,12011,No,Under Review
C01544,V0198,D0077,T07936,2025-05-29T11:13:00,Kochi,Sunny,Dry,Side,Windshield,Major,12110,10465,No,Approved
C01545,V0095,D0504,T03917,2025-05-29T06:54:00,Kollam,Cloudy,Wet,Side,Engine Bay,Major,105933,91312,No,Approved
C01546,V0445,D0449,T05698,2025-02-13T08:21:00,Kollam,Fog,Dry,Rear-end,Front Bumper,Moderate,178932,144908,No,Approved
C01547,V0237,D0095,T01309,2025-09-29T09:04:00,Palakkad,Heavy Rain,Wet,Rear-end,Headlight,Minor,154037,125173,No,Rejected
C01548,V0266,D0127,T05404,2025-12-29T13:02:00,Palakkad,Fog,Dry,Side,Front Bumper,Major,174774,145538,Yes,Under Review
C01549,V0371,D0662,T01139,2025-11-19T10:30:00,Kollam,Rain,Slippery,Head-on,Front Bumper,Minor,120676,108683,Yes,Rejected
C01550,V0403,D0263,T01647,2025-09-25T23:04:00,Kollam,Sunny,Slippery,Head-on,Door,Minor,47020,37910,No,Approved
C01551,V0071,D0090,T07924,2025-09-16T20:27:00,Kollam,Rain,Dry,Side,Engine Bay,Major,242763,241056,No,Under Review
C01552,V0451,D0535,T06645,2025-06-17T04:26:00,Thrissur,Sunny,Dry,Head-on,Headlight,Major,245431,209873,No,Rejected
C01553,V0221,D0585,T08094,2025-08-16T03:54:00,Palakkad,Sunny,Slippery,Head-on,Door,Minor,31638,29516,No,Rejected
C01554,V0161,D0171,T00865,2025-05-19T01:21:00,Kochi,Rain,Wet,Single Vehicle,Windshield,Major,23352,18849,No,Under Review
C01555,V0305,D0004,T09431,2025-04-05T04:09:00,Kozhikode,Cloudy,Dry,Head-on,Front Bumper,Minor,92293,75903,No,Under Review
C01556,V0093,D0275,T07780,2025-03-11T18:39:00,Kollam,Cloudy,Wet,Head-on,Headlight,Minor,52692,52368,No,Approved
C01557,V0040,D0484,T06376,2025-06-27T17:43:00,Kollam,Sunny,Slippery,Side,Front Bumper,Moderate,80637,71732,Yes,Approved
C01558,V0443,D0153,T06394,2025-02-14T12:35:00,Kozhikode,Cloudy,Slippery,Head-on,Headlight,Moderate,11511,10825,No,Under Review
C01559,V0265,D0118,T04547,2025-09-09T05:10:00,Thrissur,Sunny,Wet,Side,Headlight,Moderate,118168,112212,No,Approved
C01560,V0028,D0517,T06050,2025-11-13T17:40:00,Kochi,Fog,Wet,Side,Engine Bay,Moderate,69916,69195,No,Rejected
C01561,V0423,D0158,T04808,2025-08-10T21:48:00,Kollam,Rain,Slippery,Side,Windshield,Major,168267,165927,No,Under Review
C01562,V0240,D0349,T07322,2025-04-26T06:50:00,Thrissur,Sunny,Slippery,Side,Windshield,Minor,186059,180669,No,Under Review
C01563,V0358,D0187,T00166,2025-01-22T03:03:00,Alappuzha,Fog,Slippery,Side,Windshield,Major,236650,225292,No,Under Review
C01564,V0240,D0622,T06018,2025-12-18T14:11:00,Kollam,Heavy Rain,Dry,Head-on,Engine Bay,Moderate,173602,151266,No,Under Review
C01565,V0357,D0699,T08059,2025-10-29T01:34:00,Thrissur,Fog,Dry,Side,Windshield,Moderate,218388,204301,No,Under Review
C01566,V0370,D0085,T05568,2025-09-02T16:26:00,Kollam,Rain,Dry,Rear-end,Front Bumper,Minor,32771,28741,Yes,Approved
C01567,V0313,D0654,T08686,2025-11-01T04:41:00,Alappuzha,Rain,Slippery,Single Vehicle,Engine Bay,Major,69737,63246,No,Rejected
C01568,V0091,D0084,T09241,2025-12-07T14:38:00,Kollam,Cloudy,Wet,Side,Windshield,Minor,242671,224089,No,Rejected
C01569,V0405,D0466,T05791,2025-10-28T14:58:00,Kollam,Fog,Slippery,Single Vehicle,Rear Bumper,Minor,236251,229615,Yes,Under Review
C01570,V0402,D0642,T02239,2025-04-20T19:34:00,Kollam,Fog,Dry,Side,Engine Bay,Major,215960,211771,No,Approved
C01571,V0469,D0294,T05139,2025-12-16T02:24:00,Thrissur,Cloudy,Wet,Single Vehicle,Windshield,Major,202306,178463,No,Approved
C01572,V0073,D0327,T02183,2025-02-07T07:44:00,Kozhikode,Fog,Slippery,Head-on,Windshield,Minor,142847,116725,No,Rejected
C01573,V0221,D0145,T07094,2025-06-05T07:15:00,Kochi,Heavy Rain,Wet,Rear-end,Windshield,Moderate,154047,141890,No,Rejected
C01574,V0235,D0149,T04381,2025-11-04T05:52:00,Kozhikode,Cloudy,Dry,Side,Door,Major,146030,145757,No,Under Review
C01575,V0030,D0611,T04467,2025-02-26T22:22:00,Alappuzha,Cloudy,Dry,Single Vehicle,Front Bumper,Minor,21019,18674,Yes,Under Review
C01576,V0415,D0605,T09327,2025-01-24T02:06:00,Kochi,Rain,Wet,Single Vehicle,Engine Bay,Moderate,112297,108249,No,Rejected
C01577,V0111,D0409,T06939,2025-11-16T07:35:00,Alappuzha,Cloudy,Wet,Head-on,Engine Bay,Major,193323,191486,No,Approved
C01578,V0020,D0653,T09212,2025-02-12T11:57:00,Palakkad,Rain,Dry,Rear-end,Rear Bumper,Moderate,215049,175521,Yes,Approved
C01579,V0081,D0243,T03129,2025-02-11T00:03:00,Thrissur,Heavy Rain,Dry,Single Vehicle,Headlight,Moderate,97737,83378,No,Rejected
C01580,V0016,D0630,T08484,2025-01-29T05:27:00,Alappuzha,Heavy Rain,Slippery,Rear-end,Door,Moderate,132717,124289,No,Under Review
C01581,V0276,D0422,T00493,2025-08-07T23:45:00,Thrissur,Cloudy,Slippery,Side,Door,Minor,90608,84691,No,Rejected
C01582,V0032,D0037,T07751,2025-11-14T06:32:00,Palakkad,Heavy Rain,Wet,Single Vehicle,Windshield,Minor,216987,194114,No,Under Review
C01583,V0008,D0486,T09305,2025-03-18T15:14:00,Palakkad,Rain,Slippery,Rear-end,Engine Bay,Moderate,171739,139960,Yes,Approved
C01584,V0031,D0030,T03537,2025-01-08T17:30:00,Kozhikode,Rain,Slippery,Head-on,Headlight,Major,47684,44291,No,Rejected
C01585,V0469,D0118,T00092,2025-07-12T03:57:00,Kollam,Sunny,Dry,Side,Front Bumper,Minor,195057,180500,No,Approved
C01586,V0437,D0589,T05000,2025-10-24T22:08:00,Kollam,Rain,Wet,Side,Door,Minor,160660,138649,Yes,Approved
C01587,V0405,D0121,T00938,2025-08-20T02:13:00,Kollam,Fog,Dry,Single Vehicle,Headlight,Moderate,34405,32470,Yes,Approved
C01588,V0001,D0520,T00346,2025-03-19T22:15:00,Thrissur,Heavy Rain,Wet,Rear-end,Door,Minor,19067,16860,No,Approved
C01589,V0195,D0421,T01467,2025-04-05T05:05:00,Thrissur,Sunny,Wet,Rear-end,Rear Bumper,Minor,248380,236090,No,Under Review
C01590,V0454,D0075,T02256,2025-06-15T08:34:00,Kozhikode,Heavy Rain,Wet,Rear-end,Front Bumper,Moderate,22464,22355,Yes,Under Review
C01591,V0016,D0167,T04819,2025-12-02T18:00:00,Thrissur,Fog,Wet,Single Vehicle,Headlight,Major,97142,90396,No,Rejected
C01592,V0093,D0574,T00271,2025-03-06T10:39:00,Kozhikode,Cloudy,Slippery,Side,Door,Major,31121,30032,Yes,Under Review
C01593,V0150,D0487,T05540,2025-01-23T23:10:00,Kollam,Heavy Rain,Slippery,Side,Front Bumper,Moderate,106544,96684,No,Under Review
C01594,V0343,D0061,T01476,2025-11-26T19:05:00,Palakkad,Sunny,Dry,Side,Front Bumper,Minor,116281,97196,No,Approved
C01595,V0315,D0683,T02280,2025-01-14T22:14:00,Alappuzha,Cloudy,Dry,Head-on,Engine Bay,Moderate,197610,174403,No,Under Review
C01596,V0189,D0203,T04016,2025-09-21T02:20:00,Kochi,Heavy Rain,Wet,Side,Windshield,Major,132614,106564,No,Under Review
C01597,V0338,D0402,T02229,2025-06-10T04:02:00,Kochi,Fog,Slippery,Side,Rear Bumper,Major,235636,217676,No,Under Review
C01598,V0446,D0235,T00856,2025-03-30T00:19:00,Alappuzha,Heavy Rain,Slippery,Rear-end,Headlight,Major,44609,43313,No,Rejected
C01599,V0140,D0021,T05522,2025-05-12T00:40:00,Palakkad,Sunny,Dry,Side,Engine Bay,Moderate,52840,50254,Yes,Under Review
C01600,V0188,D0203,T06469,2025-09-01T20:51:00,Kollam,Fog,Dry,Rear-end,Rear Bumper,Major,178390,165218,No,Under Review
C01601,V0114,D0487,T08718,2025-10-23T08:04:00,Alappuzha,Cloudy,Wet,Rear-end,Rear Bumper,Major,158764,136314,No,Approved
C01602,V0043,D0635,T06112,2025-03-11T11:25:00,Thrissur,Heavy Rain,Slippery,Head-on,Door,Minor,28693,23227,Yes,Approved
C01603,V0440,D0362,T03938,2025-08-03T05:44:00,Thrissur,Fog,Slippery,Side,Rear Bumper,Minor,138770,114731,No,Rejected
C01604,V0329,D0137,T07972,2025-01-01T22:27:00,Thrissur,Fog,Slippery,Rear-end,Engine Bay,Major,98316,83876,Yes,Approved
C01605,V0334,D0679,T09103,2025-12-05T05:46:00,Kollam,Fog,Wet,Rear-end,Door,Moderate,39899,36791,Yes,Approved
C01606,V0226,D0188,T08223,2025-05-29T15:45:00,Alappuzha,Cloudy,Dry,Side,Windshield,Major,143106,117693,No,Under Review
C01607,V0497,D0475,T05735,2025-05-14T13:35:00,Palakkad,Sunny,Wet,Single Vehicle,Front Bumper,Minor,72151,66436,No,Rejected
C01608,V0500,D0196,T04733,2025-07-08T23:39:00,Kochi,Fog,Dry,Side,Headlight,Major,144285,127549,Yes,Approved
C01609,V0007,D0226,T08680,2025-07-20T04:44:00,Alappuzha,Sunny,Wet,Rear-end,Door,Major,46333,45045,No,Rejected
C01610,V0018,D0189,T01324,2025-10-06T10:33:00,Alappuzha,Sunny,Wet,Head-on,Windshield,Major,137947,126800,No,Under Review
C01611,V0097,D0245,T01528,2025-04-04T20:02:00,Kollam,Heavy Rain,Slippery,Head-on,Door,Major,71553,60503,No,Approved
C01612,V0037,D0470,T06853,2025-07-14T08:49:00,Kollam,Rain,Dry,Rear-end,Front Bumper,Moderate,141804,119902,No,Under Review
C01613,V0394,D0157,T05243,2025-01-15T04:05:00,Alappuzha,Cloudy,Dry,Single Vehicle,Headlight,Minor,124554,102531,No,Under Review
C01614,V0158,D0338,T00428,2025-05-31T08:29:00,Thrissur,Heavy Rain,Dry,Rear-end,Engine Bay,Major,42043,38217,Yes,Approved
C01615,V0394,D0279,T03314,2025-02-07T05:53:00,Alappuzha,Sunny,Dry,Side,Front Bumper,Moderate,128619,123970,Yes,Approved
C01616,V0091,D0490,T08237,2025-04-04T03:13:00,Kollam,Fog,Dry,Single Vehicle,Door,Major,78832,65795,No,Under Review
C01617,V0490,D0518,T06513,2025-02-12T15:36:00,Thrissur,Heavy Rain,Wet,Rear-end,Headlight,Major,114456,97338,No,Approved
C01618,V0107,D0382,T03822,2025-10-23T04:24:00,Kozhikode,Fog,Slippery,Side,Engine Bay,Moderate,180258,146764,Yes,Approved
C01619,V0139,D0371,T05442,2025-05-15T14:06:00,Kochi,Sunny,Slippery,Single Vehicle,Engine Bay,Major,226050,208517,No,Under Review
C01620,V0071,D0087,T06476,2025-09-10T12:38:00,Kozhikode,Fog,Dry,Side,Door,Minor,28111,26408,No,Rejected
C01621,V0145,D0016,T01532,2025-04-11T14:52:00,Alappuzha,Sunny,Wet,Rear-end,Windshield,Minor,106265,101507,No,Rejected
C01622,V0239,D0519,T05899,2025-10-20T07:11:00,Kozhikode,Fog,Wet,Single Vehicle,Headlight,Moderate,66076,58914,No,Approved
C01623,V0390,D0163,T01997,2025-04-11T11:16:00,Kochi,Cloudy,Slippery,Rear-end,Rear Bumper,Major,205555,168606,No,Rejected
C01624,V0406,D0206,T08520,2025-08-18T17:13:00,Kozhikode,Fog,Dry,Head-on,Rear Bumper,Minor,45387,44686,No,Under Review
C01625,V0082,D0396,T01719,2025-03-02T13:39:00,Alappuzha,Rain,Dry,Single Vehicle,Windshield,Moderate,119437,100522,No,Rejected
C01626,V0054,D0425,T07687,2025-07-03T02:37:00,Kozhikode,Heavy Rain,Dry,Head-on,Rear Bumper,Major,207468,182487,No,Rejected
C01627,V0107,D0638,T03286,2025-03-17T05:55:00,Alappuzha,Fog,Dry,Single Vehicle,Door,Minor,213979,213410,No,Rejected
C01628,V0103,D0642,T00012,2025-09-28T03:52:00,Kochi,Cloudy,Wet,Rear-end,Headlight,Moderate,131082,121959,No,Under Review
C01629,V0470,D0329,T05665,2025-08-13T12:01:00,Kollam,Heavy Rain,Wet,Rear-end,Front Bumper,Moderate,148605,135036,No,Rejected
C01630,V0178,D0329,T09802,2025-04-21T10:17:00,Palakkad,Sunny,Slippery,Single Vehicle,Rear Bumper,Minor,112272,95779,Yes,Rejected
C01631,V0126,D0154,T08138,2025-09-23T05:29:00,Kollam,Cloudy,Wet,Head-on,Headlight,Major,85342,68731,Yes,Rejected
C01632,V0253,D0674,T06955,2025-01-16T17:54:00,Thrissur,Fog,Slippery,Side,Headlight,Moderate,239178,197792,No,Approved
C01633,V0141,D0034,T09680,2025-08-24T14:57:00,Thrissur,Cloudy,Dry,Side,Engine Bay,Major,243660,240153,No,Rejected
C01634,V0199,D0368,T09948,2025-10-02T20:05:00,Kochi,Cloudy,Slippery,Side,Rear Bumper,Moderate,192595,182681,No,Under Review
C01635,V0247,D0159,T02195,2025-05-09T01:25:00,Kollam,Fog,Wet,Side,Headlight,Major,194657,159888,No,Rejected
C01636,V0308,D0163,T01686,2025-02-17T03:31:00,Kozhikode,Sunny,Slippery,Side,Rear Bumper,Major,73173,67035,Yes,Under Review
C01637,V0470,D0126,T01779,2025-01-17T21:20:00,Thrissur,Heavy Rain,Wet,Single Vehicle,Headlight,Major,71143,64321,No,Under Review
C01638,V0276,D0039,T00359,2025-04-03T13:55:00,Thrissur,Sunny,Wet,Head-on,Engine Bay,Major,233110,203030,Yes,Under Review
C01639,V0423,D0060,T06321,2025-04-16T17:22:00,Kollam,Rain,Dry,Head-on,Headlight,Major,101731,96909,Yes,Approved
C01640,V0315,D0664,T02621,2025-07-28T02:10:00,Palakkad,Sunny,Wet,Head-on,Front Bumper,Major,94754,81795,No,Under Review
C01641,V0164,D0112,T05325,2025-07-11T09:36:00,Palakkad,Fog,Dry,Side,Rear Bumper,Major,87556,86393,No,Rejected
C01642,V0029,D0589,T05584,2025-12-11T06:59:00,Kozhikode,Heavy Rain,Slippery,Single Vehicle,Headlight,Moderate,123192,103985,No,Rejected
C01643,V0027,D0700,T04767,2025-10-20T04:59:00,Thrissur,Fog,Slippery,Side,Front Bumper,Moderate,220754,182107,No,Rejected
C01644,V0340,D0259,T01195,2025-06-06T15:08:00,Kochi,Fog,Wet,Rear-end,Door,Minor,172260,146923,No,Rejected
C01645,V0107,D0489,T04268,2025-12-26T00:11:00,Kozhikode,Sunny,Wet,Side,Windshield,Minor,22146,20943,Yes,Under Review
C01646,V0024,D0559,T09516,2025-01-25T22:31:00,Kozhikode,Rain,Dry,Side,Headlight,Moderate,80952,80583,No,Approved
C01647,V0130,D0607,T05325,2025-05-09T01:02:00,Kollam,Sunny,Slippery,Head-on,Rear Bumper,Minor,45641,43583,No,Under Review
C01648,V0043,D0179,T02338,2025-09-05T21:37:00,Kollam,Cloudy,Dry,Rear-end,Front Bumper,Moderate,79247,69960,Yes,Approved
C01649,V0044,D0516,T04396,2025-02-21T02:07:00,Kollam,Fog,Wet,Head-on,Door,Major,202696,170613,No,Approved
C01650,V0247,D0138,T01753,2025-01-05T17:33:00,Kollam,Rain,Dry,Single Vehicle,Rear Bumper,Moderate,26704,22167,No,Rejected
C01651,V0305,D0315,T04964,2025-02-28T13:48:00,Kozhikode,Heavy Rain,Dry,Head-on,Engine Bay,Minor,40405,38153,No,Approved
C01652,V0204,D0330,T08591,2025-02-18T19:59:00,Kochi,Sunny,Wet,Single Vehicle,Rear Bumper,Minor,103928,93743,No,Rejected
C01653,V0121,D0527,T06018,2025-05-12T08:33:00,Thrissur,Cloudy,Slippery,Head-on,Windshield,Minor,116902,113665,Yes,Approved
C01654,V0475,D0422,T08798,2025-04-16T01:39:00,Palakkad,Cloudy,Slippery,Single Vehicle,Front Bumper,Minor,179952,159441,No,Rejected
C01655,V0340,D0434,T09065,2025-08-27T07:55:00,Alappuzha,Fog,Wet,Side,Door,Moderate,101895,99272,No,Under Review
C01656,V0141,D0345,T06292,2025-11-25T00:10:00,Thrissur,Sunny,Dry,Rear-end,Headlight,Major,180268,173962,No,Rejected
C01657,V0051,D0699,T09405,2025-05-19T15:33:00,Kozhikode,Rain,Slippery,Single Vehicle,Door,Moderate,247390,229613,Yes,Under Review
C01658,V0210,D0166,T07234,2025-07-22T19:25:00,Kollam,Rain,Wet,Single Vehicle,Headlight,Minor,21091,17710,No,Approved
C01659,V0440,D0378,T08284,2025-08-13T09:30:00,Kollam,Fog,Dry,Head-on,Rear Bumper,Moderate,229877,209106,No,Under Review
C01660,V0013,D0545,T00722,2025-08-31T19:16:00,Kozhikode,Cloudy,Dry,Single Vehicle,Rear Bumper,Major,66928,62924,No,Approved
C01661,V0137,D0378,T09279,2025-12-22T06:07:00,Palakkad,Heavy Rain,Wet,Rear-end,Front Bumper,Moderate,129753,124707,No,Approved
C01662,V0046,D0239,T08416,2025-11-26T21:41:00,Thrissur,Fog,Wet,Rear-end,Rear Bumper,Major,36754,32515,No,Under Review
C01663,V0344,D0215,T06423,2025-02-13T12:21:00,Kollam,Cloudy,Dry,Side,Door,Major,12838,10442,Yes,Rejected
C01664,V0396,D0161,T05146,2025-10-13T19:20:00,Thrissur,Fog,Slippery,Head-on,Front Bumper,Major,192000,177887,No,Approved
C01665,V0200,D0342,T08016,2025-10-14T16:55:00,Kochi,Sunny,Dry,Head-on,Headlight,Moderate,39337,37690,Yes,Approved
C01666,V0010,D0547,T00348,2025-05-03T19:08:00,Kozhikode,Fog,Wet,Single Vehicle,Front Bumper,Moderate,169047,162756,Yes,Approved
C01667,V0289,D0263,T09791,2025-11-14T07:17:00,Alappuzha,Sunny,Slippery,Side,Headlight,Minor,141586,119517,No,Rejected
C01668,V0411,D0018,T09473,2025-01-02T01:15:00,Alappuzha,Fog,Wet,Side,Engine Bay,Moderate,207806,192532,No,Rejected
C01669,V0138,D0220,T07001,2025-04-20T15:44:00,Kozhikode,Cloudy,Dry,Rear-end,Headlight,Moderate,158947,137060,No,Under Review
C01670,V0340,D0125,T04753,2025-08-13T13:53:00,Kollam,Sunny,Dry,Side,Rear Bumper,Major,204156,173091,No,Approved
C01671,V0382,D0041,T03097,2025-09-15T23:21:00,Kochi,Rain,Wet,Head-on,Front Bumper,Major,62435,56674,No,Under Review
C01672,V0281,D0614,T04984,2025-11-12T09:28:00,Alappuzha,Heavy Rain,Dry,Single Vehicle,Door,Minor,156483,150197,No,Approved
C01673,V0085,D0471,T07038,2025-01-16T12:36:00,Palakkad,Heavy Rain,Dry,Side,Windshield,Moderate,207514,182099,No,Approved
C01674,V0149,D0327,T02427,2025-07-29T16:54:00,Thrissur,Fog,Slippery,Single Vehicle,Rear Bumper,Moderate,157566,140714,Yes,Under Review
C01675,V0427,D0495,T01220,2025-12-30T10:55:00,Kozhikode,Cloudy,Slippery,Side,Windshield,Minor,106886,89067,No,Under Review
C01676,V0415,D0130,T02850,2025-03-09T05:08:00,Kozhikode,Fog,Dry,Single Vehicle,Headlight,Minor,107129,97448,No,Approved
C01677,V0024,D0444,T04475,2025-08-15T06:49:00,Kozhikode,Fog,Wet,Side,Windshield,Moderate,211659,208290,Yes,Under Review
C01678,V0364,D0275,T02041,2025-08-28T13:39:00,Alappuzha,Cloudy,Dry,Head-on,Rear Bumper,Moderate,163132,132374,No,Under Review
C01679,V0201,D0224,T09484,2025-10-15T22:40:00,Alappuzha,Rain,Dry,Single Vehicle,Front Bumper,Moderate,82438,80191,Yes,Approved
C01680,V0392,D0014,T00211,2025-09-29T17:53:00,Thrissur,Cloudy,Wet,Head-on,Engine Bay,Moderate,108051,86928,No,Rejected
C01681,V0125,D0078,T04379,2025-06-10T11:55:00,Palakkad,Rain,Wet,Single Vehicle,Front Bumper,Minor,108603,91078,Yes,Under Review
C01682,V0142,D0246,T07639,2025-01-25T10:49:00,Alappuzha,Fog,Slippery,Rear-end,Headlight,Minor,158482,128256,Yes,Approved
C01683,V0030,D0623,T03121,2025-01-07T15:58:00,Alappuzha,Rain,Dry,Head-on,Front Bumper,Minor,178872,172433,No,Under Review
C01684,V0009,D0367,T06622,2025-03-19T18:18:00,Thrissur,Fog,Dry,Rear-end,Rear Bumper,Minor,247086,222994,No,Approved
C01685,V0163,D0546,T03907,2025-02-10T14:50:00,Kochi,Heavy Rain,Slippery,Rear-end,Rear Bumper,Minor,68589,64744,No,Approved
C01686,V0059,D0149,T03093,2025-04-30T16:29:00,Kochi,Cloudy,Wet,Head-on,Rear Bumper,Moderate,176093,173712,Yes,Under Review
C01687,V0311,D0099,T02521,2025-11-14T11:24:00,Kozhikode,Heavy Rain,Wet,Rear-end,Front Bumper,Moderate,96064,88728,No,Rejected
C01688,V0191,D0223,T03169,2025-09-20T08:18:00,Palakkad,Fog,Dry,Head-on,Rear Bumper,Minor,178300,149934,Yes,Approved
C01689,V0430,D0116,T04336,2025-01-28T22:51:00,Kozhikode,Rain,Slippery,Rear-end,Engine Bay,Major,120966,100969,Yes,Rejected
C01690,V0178,D0479,T09573,2025-11-20T16:10:00,Thrissur,Cloudy,Dry,Rear-end,Door,Minor,12273,11068,Yes,Under Review
C01691,V0340,D0093,T01213,2025-01-04T11:21:00,Kollam,Heavy Rain,Dry,Head-on,Rear Bumper,Major,93911,75493,Yes,Rejected
C01692,V0328,D0652,T09478,2025-08-23T23:50:00,Kozhikode,Fog,Wet,Rear-end,Headlight,Moderate,152471,131027,No,Under Review
C01693,V0455,D0066,T09496,2025-02-14T19:48:00,Thrissur,Fog,Wet,Rear-end,Front Bumper,Moderate,218908,200261,No,Under Review
C01694,V0347,D0441,T04057,2025-07-30T07:53:00,Alappuzha,Fog,Wet,Head-on,Windshield,Moderate,10508,9631,No,Approved
C01695,V0290,D0365,T07395,2025-02-18T02:58:00,Kollam,Sunny,Slippery,Side,Door,Moderate,193837,161559,No,Rejected
C01696,V0052,D0411,T08249,2025-07-08T05:13:00,Kollam,Fog,Wet,Head-on,Front Bumper,Moderate,242111,215632,No,Approved
C01697,V0176,D0120,T07539,2025-05-20T11:32:00,Palakkad,Cloudy,Dry,Rear-end,Windshield,Moderate,46966,40267,Yes,Rejected
C01698,V0158,D0503,T01580,2025-01-04T13:37:00,Palakkad,Heavy Rain,Dry,Single Vehicle,Windshield,Minor,22987,22435,Yes,Under Review
C01699,V0003,D0699,T01893,2025-06-21T10:02:00,Thrissur,Rain,Slippery,Single Vehicle,Door,Minor,122276,121799,No,Under Review
C01700,V0054,D0056,T00010,2025-10-24T17:42:00,Thrissur,Heavy Rain,Dry,Rear-end,Rear Bumper,Major,73946,71004,No,Under Review
C01701,V0375,D0205,T02944,2025-08-08T23:15:00,Thrissur,Rain,Slippery,Rear-end,Rear Bumper,Major,227601,192431,Yes,Under Review
C01702,V0094,D0088,T02656,2025-02-24T20:52:00,Thrissur,Fog,Wet,Head-on,Engine Bay,Minor,114465,99204,No,Rejected
C01703,V0402,D0628,T06180,2025-06-28T03:45:00,Kollam,Cloudy,Dry,Head-on,Engine Bay,Major,152236,135038,Yes,Under Review
C01704,V0336,D0549,T00416,2025-02-06T10:09:00,Kozhikode,Cloudy,Wet,Side,Rear Bumper,Minor,235804,193544,No,Under Review
C01705,V0212,D0646,T03135,2025-02-04T05:56:00,Alappuzha,Cloudy,Wet,Side,Windshield,Major,112415,91253,No,Rejected
C01706,V0231,D0302,T07085,2025-12-02T14:24:00,Kozhikode,Fog,Slippery,Head-on,Door,Moderate,213794,186742,No,Approved
C01707,V0232,D0445,T07242,2025-12-23T22:13:00,Alappuzha,Rain,Dry,Rear-end,Engine Bay,Minor,24500,24274,No,Under Review
C01708,V0185,D0471,T07218,2025-12-18T00:49:00,Kochi,Heavy Rain,Wet,Head-on,Door,Minor,149353,137946,No,Rejected
C01709,V0129,D0673,T09168,2025-06-21T02:20:00,Kozhikode,Fog,Dry,Head-on,Door,Minor,160321,154480,No,Approved
C01710,V0383,D0093,T08807,2025-12-08T03:25:00,Kochi,Fog,Dry,Single Vehicle,Door,Moderate,164054,143876,No,Under Review
C01711,V0260,D0093,T07982,2025-12-28T22:18:00,Kozhikode,Cloudy,Wet,Rear-end,Rear Bumper,Minor,41393,38635,Yes,Under Review
C01712,V0348,D0680,T08842,2025-09-23T17:18:00,Kollam,Heavy Rain,Slippery,Side,Engine Bay,Minor,173006,156084,No,Approved
C01713,V0097,D0469,T03139,2025-04-06T05:36:00,Kollam,Sunny,Dry,Single Vehicle,Headlight,Moderate,36673,29724,No,Under Review
C01714,V0149,D0259,T04470,2025-11-22T06:40:00,Thrissur,Cloudy,Slippery,Single Vehicle,Rear Bumper,Minor,25524,25067,No,Approved
C01715,V0070,D0536,T08298,2025-07-31T01:54:00,Kochi,Sunny,Dry,Rear-end,Door,Moderate,29287,27808,No,Rejected
C01716,V0334,D0322,T07338,2025-11-11T02:48:00,Kochi,Heavy Rain,Slippery,Head-on,Front Bumper,Minor,130712,130190,No,Under Review
C01717,V0296,D0211,T05927,2025-03-05T04:52:00,Thrissur,Sunny,Dry,Rear-end,Front Bumper,Minor,188599,185354,No,Approved
C01718,V0194,D0183,T02824,2025-10-05T07:31:00,Alappuzha,Fog,Dry,Rear-end,Door,Moderate,159535,136204,Yes,Under Review
C01719,V0375,D0485,T04725,2025-06-22T08:43:00,Thrissur,Fog,Dry,Rear-end,Headlight,Moderate,130715,109440,No,Under Review
C01720,V0230,D0518,T06163,2025-06-20T18:11:00,Kollam,Fog,Slippery,Side,Headlight,Moderate,188491,172963,No,Approved
C01721,V0296,D0520,T00637,2025-03-31T22:24:00,Thrissur,Sunny,Slippery,Single Vehicle,Headlight,Minor,117942,103953,No,Under Review
C01722,V0299,D0650,T05185,2025-08-18T09:55:00,Kollam,Sunny,Wet,Head-on,Engine Bay,Minor,132173,119259,No,Approved
C01723,V0035,D0264,T02480,2025-08-23T15:07:00,Kollam,Rain,Slippery,Single Vehicle,Door,Minor,240880,228132,No,Under Review
C01724,V0336,D0582,T05456,2025-11-26T02:51:00,Kochi,Sunny,Wet,Rear-end,Rear Bumper,Major,184739,162428,Yes,Under Review
C01725,V0123,D0335,T09059,2025-08-16T17:57:00,Kochi,Fog,Dry,Single Vehicle,Headlight,Moderate,79726,72056,No,Rejected
C01726,V0170,D0347,T08514,2025-01-17T18:44:00,Thrissur,Sunny,Slippery,Head-on,Engine Bay,Minor,15186,14047,No,Under Review
C01727,V0067,D0143,T06205,2025-09-20T05:34:00,Thrissur,Sunny,Wet,Rear-end,Windshield,Major,217830,199752,Yes,Under Review
C01728,V0368,D0311,T08331,2025-06-22T23:42:00,Kollam,Cloudy,Slippery,Head-on,Rear Bumper,Minor,224024,221505,Yes,Rejected
C01729,V0230,D0327,T05493,2025-08-05T00:05:00,Palakkad,Heavy Rain,Wet,Head-on,Door,Major,27839,25148,No,Under Review
C01730,V0066,D0678,T09580,2025-01-26T11:51:00,Kochi,Rain,Slippery,Rear-end,Door,Moderate,67715,60945,No,Rejected
C01731,V0342,D0298,T04376,2025-08-26T18:07:00,Alappuzha,Rain,Wet,Side,Headlight,Major,52124,41788,Yes,Approved
C01732,V0067,D0596,T04005,2025-07-01T21:50:00,Kochi,Fog,Dry,Side,Front Bumper,Major,27651,26517,No,Under Review
C01733,V0152,D0496,T00024,2025-05-29T11:42:00,Palakkad,Rain,Dry,Side,Engine Bay,Major,85163,79448,No,Under Review
C01734,V0379,D0627,T07736,2025-09-12T20:32:00,Kozhikode,Sunny,Dry,Head-on,Rear Bumper,Major,39844,33164,Yes,Under Review
C01735,V0466,D0115,T04362,2025-03-10T12:59:00,Kochi,Fog,Slippery,Side,Windshield,Moderate,209282,193512,No,Under Review
C01736,V0346,D0699,T07577,2025-10-09T12:37:00,Kochi,Sunny,Dry,Single Vehicle,Headlight,Moderate,81527,75999,No,Under Review
C01737,V0495,D0143,T09953,2025-06-09T06:07:00,Kochi,Fog,Wet,Head-on,Door,Moderate,47468,38395,No,Approved
C01738,V0173,D0600,T03176,2025-04-18T14:21:00,Thrissur,Rain,Wet,Rear-end,Headlight,Minor,52863,44647,Yes,Approved
C01739,V0494,D0198,T07397,2025-03-18T06:12:00,Palakkad,Cloudy,Slippery,Head-on,Door,Major,226105,210401,Yes,Under Review
C01740,V0344,D0589,T05397,2025-07-16T19:44:00,Palakkad,Rain,Wet,Head-on,Front Bumper,Minor,129870,119743,No,Under Review
C01741,V0136,D0255,T04487,2025-07-22T14:44:00,Kochi,Rain,Slippery,Single Vehicle,Engine Bay,Major,77456,68600,Yes,Rejected
C01742,V0140,D0380,T07516,2025-02-01T01:56:00,Alappuzha,Fog,Slippery,Rear-end,Door,Minor,187723,166547,No,Approved
C01743,V0086,D0328,T04745,2025-10-12T14:10:00,Thrissur,Heavy Rain,Dry,Side,Engine Bay,Moderate,136019,133771,No,Rejected
C01744,V0452,D0492,T01051,2025-08-14T12:34:00,Alappuzha,Heavy Rain,Wet,Side,Front Bumper,Minor,157958,134958,No,Under Review
C01745,V0064,D0634,T07844,2025-01-17T23:35:00,Kochi,Cloudy,Wet,Head-on,Rear Bumper,Major,40793,38249,Yes,Approved
C01746,V0449,D0370,T07899,2025-05-22T19:33:00,Alappuzha,Sunny,Dry,Single Vehicle,Windshield,Major,51142,45888,No,Rejected
C01747,V0293,D0412,T01627,2025-05-01T06:00:00,Thrissur,Heavy Rain,Slippery,Side,Rear Bumper,Minor,26358,24313,No,Under Review
C01748,V0054,D0058,T01131,2025-09-27T16:34:00,Alappuzha,Heavy Rain,Dry,Rear-end,Engine Bay,Moderate,28210,26953,No,Approved
C01749,V0482,D0221,T06631,2025-08-20T14:52:00,Palakkad,Heavy Rain,Dry,Head-on,Front Bumper,Moderate,229821,227296,No,Rejected
C01750,V0036,D0367,T01642,2025-04-06T23:14:00,Kochi,Heavy Rain,Wet,Single Vehicle,Headlight,Minor,225587,190560,No,Under Review
C01751,V0376,D0001,T05749,2025-01-17T17:32:00,Alappuzha,Cloudy,Dry,Side,Engine Bay,Moderate,214783,204896,No,Under Review
C01752,V0090,D0321,T06593,2025-06-13T05:05:00,Kochi,Heavy Rain,Slippery,Single Vehicle,Rear Bumper,Major,223187,180623,Yes,Under Review
C01753,V0377,D0095,T06954,2025-05-09T10:05:00,Kochi,Sunny,Wet,Head-on,Rear Bumper,Minor,219384,189189,No,Under Review
C01754,V0341,D0468,T06767,2025-02-13T09:21:00,Kozhikode,Rain,Wet,Rear-end,Rear Bumper,Major,34430,31711,Yes,Rejected
C01755,V0468,D0671,T09356,2025-12-27T09:18:00,Palakkad,Fog,Wet,Side,Rear Bumper,Major,74471,61673,No,Under Review
C01756,V0025,D0692,T02230,2025-05-03T22:19:00,Kozhikode,Cloudy,Dry,Rear-end,Engine Bay,Major,61908,53064,Yes,Approved
C01757,V0271,D0328,T08079,2025-10-31T12:15:00,Kochi,Sunny,Slippery,Single Vehicle,Rear Bumper,Major,214450,206682,Yes,Under Review
C01758,V0479,D0264,T03267,2025-03-22T14:58:00,Kollam,Rain,Slippery,Single Vehicle,Engine Bay,Minor,44436,37646,No,Approved
C01759,V0385,D0496,T02322,2025-07-11T23:09:00,Kozhikode,Sunny,Slippery,Head-on,Rear Bumper,Minor,212382,208315,Yes,Approved
C01760,V0232,D0626,T05666,2025-10-16T22:53:00,Palakkad,Heavy Rain,Wet,Head-on,Front Bumper,Major,124205,111950,No,Under Review
C01761,V0144,D0098,T05830,2025-05-03T15:52:00,Alappuzha,Fog,Dry,Rear-end,Headlight,Moderate,230922,190591,No,Under Review
C01762,V0290,D0136,T00725,2025-06-17T15:34:00,Kozhikode,Sunny,Dry,Side,Engine Bay,Major,85164,77407,No,Under Review
C01763,V0139,D0118,T04308,2025-10-29T12:44:00,Kochi,Cloudy,Slippery,Side,Door,Major,26890,24926,Yes,Rejected
C01764,V0219,D0356,T00540,2025-03-14T04:59:00,Alappuzha,Fog,Dry,Head-on,Front Bumper,Major,124018,109299,No,Under Review
C01765,V0125,D0542,T01619,2025-06-07T02:47:00,Palakkad,Fog,Wet,Head-on,Headlight,Moderate,227781,187090,No,Under Review
C01766,V0105,D0675,T07860,2025-02-27T04:43:00,Kochi,Heavy Rain,Slippery,Single Vehicle,Engine Bay,Minor,35318,33217,No,Approved
C01767,V0181,D0294,T00628,2025-04-28T08:22:00,Palakkad,Heavy Rain,Slippery,Single Vehicle,Rear Bumper,Moderate,196807,179541,No,Approved
C01768,V0195,D0536,T08802,2025-09-14T10:30:00,Alappuzha,Heavy Rain,Dry,Rear-end,Front Bumper,Minor,226715,204032,Yes,Approved
C01769,V0262,D0653,T06471,2025-03-30T04:51:00,Kozhikode,Rain,Dry,Head-on,Windshield,Moderate,30282,28410,No,Under Review
C01770,V0427,D0338,T02806,2025-02-15T05:11:00,Kozhikode,Rain,Dry,Head-on,Engine Bay,Moderate,112757,109404,No,Approved
C01771,V0435,D0516,T09861,2025-05-17T23:44:00,Kollam,Sunny,Wet,Single Vehicle,Windshield,Major,35217,33756,No,Under Review
C01772,V0330,D0469,T01742,2025-10-24T01:02:00,Kochi,Fog,Dry,Head-on,Engine Bay,Minor,75342,66272,No,Rejected
C01773,V0312,D0060,T03421,2025-10-02T01:52:00,Palakkad,Cloudy,Dry,Side,Engine Bay,Major,155352,137203,Yes,Rejected
C01774,V0457,D0179,T00807,2025-11-25T01:21:00,Kochi,Rain,Wet,Rear-end,Door,Minor,47118,38832,No,Approved
C01775,V0335,D0118,T01875,2025-06-07T10:21:00,Kochi,Fog,Wet,Side,Front Bumper,Minor,37528,35229,No,Under Review
C01776,V0126,D0558,T05575,2025-06-30T07:02:00,Kozhikode,Rain,Slippery,Single Vehicle,Windshield,Minor,121997,115866,No,Approved
C01777,V0321,D0578,T05300,2025-07-03T05:26:00,Thrissur,Rain,Wet,Single Vehicle,Rear Bumper,Major,44276,44159,Yes,Approved
C01778,V0322,D0140,T06029,2025-11-30T23:26:00,Alappuzha,Rain,Slippery,Head-on,Door,Major,96828,90479,Yes,Approved
C01779,V0193,D0276,T07417,2025-05-05T07:57:00,Alappuzha,Heavy Rain,Dry,Side,Windshield,Major,140315,128320,No,Approved
C01780,V0401,D0675,T00712,2025-12-28T23:43:00,Kozhikode,Cloudy,Slippery,Single Vehicle,Engine Bay,Moderate,170447,166235,No,Rejected
C01781,V0474,D0294,T05240,2025-10-03T10:32:00,Alappuzha,Fog,Dry,Single Vehicle,Windshield,Moderate,91656,84334,No,Rejected
C01782,V0008,D0544,T01941,2025-03-03T13:55:00,Kozhikode,Rain,Dry,Rear-end,Front Bumper,Major,97018,86672,No,Under Review
C01783,V0078,D0592,T07716,2025-01-10T19:50:00,Palakkad,Sunny,Wet,Single Vehicle,Front Bumper,Minor,158963,143557,No,Rejected
C01784,V0262,D0634,T08713,2025-03-23T22:06:00,Kochi,Fog,Dry,Single Vehicle,Engine Bay,Major,26419,21807,Yes,Approved
C01785,V0255,D0066,T04419,2025-11-10T11:16:00,Kollam,Sunny,Dry,Single Vehicle,Rear Bumper,Major,180821,150005,Yes,Rejected
C01786,V0488,D0192,T06382,2025-03-10T18:04:00,Kochi,Rain,Slippery,Single Vehicle,Rear Bumper,Moderate,134843,118327,No,Approved
C01787,V0010,D0332,T09323,2025-03-20T05:27:00,Thrissur,Heavy Rain,Slippery,Single Vehicle,Front Bumper,Minor,150650,135788,No,Under Review
C01788,V0122,D0010,T06209,2025-03-11T10:32:00,Palakkad,Rain,Dry,Rear-end,Windshield,Minor,59003,56644,No,Rejected
C01789,V0151,D0682,T02224,2025-06-30T01:30:00,Alappuzha,Fog,Slippery,Side,Windshield,Moderate,18501,15525,No,Approved
C01790,V0276,D0592,T01755,2025-05-30T06:52:00,Kozhikode,Rain,Dry,Side,Engine Bay,Moderate,169800,157991,No,Under Review
C01791,V0325,D0481,T02292,2025-03-13T17:25:00,Thrissur,Heavy Rain,Slippery,Head-on,Windshield,Major,116130,102936,No,Under Review
C01792,V0289,D0227,T06763,2025-07-07T09:12:00,Kollam,Cloudy,Dry,Head-on,Headlight,Major,41335,35730,No,Rejected
C01793,V0035,D0097,T08649,2025-06-19T17:40:00,Kochi,Cloudy,Wet,Rear-end,Door,Moderate,228978,189013,Yes,Under Review
C01794,V0200,D0310,T00325,2025-10-11T08:14:00,Kochi,Cloudy,Dry,Rear-end,Headlight,Major,145208,120692,No,Approved
C01795,V0334,D0581,T07562,2025-08-22T17:32:00,Palakkad,Heavy Rain,Dry,Side,Engine Bay,Minor,101812,96372,No,Under Review
C01796,V0328,D0206,T08519,2025-10-11T12:12:00,Palakkad,Sunny,Wet,Rear-end,Headlight,Moderate,158958,128438,No,Under Review
C01797,V0100,D0551,T04545,2025-12-13T07:09:00,Thrissur,Fog,Dry,Single Vehicle,Windshield,Major,130299,121713,No,Approved
C01798,V0318,D0365,T08042,2025-03-17T03:45:00,Palakkad,Fog,Wet,Rear-end,Engine Bay,Minor,218102,208589,Yes,Approved
C01799,V0339,D0602,T04143,2025-08-07T13:08:00,Thrissur,Cloudy,Dry,Head-on,Engine Bay,Minor,185381,159310,No,Under Review
C01800,V0265,D0463,T09999,2025-09-29T11:23:00,Thrissur,Rain,Wet,Rear-end,Front Bumper,Minor,30621,24908,Yes,Rejected
C01801,V0116,D0313,T05219,2025-02-07T00:27:00,Palakkad,Fog,Wet,Single Vehicle,Rear Bumper,Minor,32910,26670,Yes,Under Review
C01802,V0274,D0194,T02548,2025-12-28T22:31:00,Kozhikode,Sunny,Dry,Single Vehicle,Engine Bay,Minor,58093,49382,Yes,Approved
C01803,V0473,D0532,T03489,2025-08-29T05:53:00,Kollam,Heavy Rain,Dry,Head-on,Door,Minor,200345,169169,Yes,Rejected
C01804,V0017,D0461,T00816,2025-07-15T01:41:00,Kozhikode,Sunny,Wet,Side,Rear Bumper,Moderate,77120,74847,Yes,Approved
C01805,V0391,D0565,T01395,2025-06-30T07:58:00,Alappuzha,Sunny,Wet,Rear-end,Engine Bay,Major,220486,203621,No,Under Review
C01806,V0138,D0607,T03754,2025-03-29T21:00:00,Kozhikode,Rain,Slippery,Single Vehicle,Headlight,Major,240414,213785,No,Rejected
C01807,V0313,D0470,T09361,2025-08-27T02:36:00,Kollam,Heavy Rain,Dry,Rear-end,Engine Bay,Moderate,27344,25448,Yes,Rejected
C01808,V0056,D0484,T04913,2025-10-30T16:19:00,Palakkad,Sunny,Dry,Single Vehicle,Windshield,Minor,92885,84603,No,Rejected
C01809,V0172,D0481,T02681,2025-11-06T20:51:00,Kozhikode,Sunny,Wet,Single Vehicle,Rear Bumper,Moderate,219073,193143,No,Approved
C01810,V0195,D0085,T00315,2025-01-09T20:06:00,Thrissur,Heavy Rain,Dry,Single Vehicle,Door,Major,189587,169217,No,Approved
C01811,V0495,D0355,T09039,2025-02-25T21:30:00,Alappuzha,Sunny,Slippery,Single Vehicle,Front Bumper,Major,37971,31160,No,Under Review
C01812,V0252,D0447,T00398,2025-05-08T14:59:00,Thrissur,Sunny,Wet,Rear-end,Front Bumper,Moderate,198588,159792,No,Under Review
C01813,V0418,D0295,T06973,2025-09-01T15:22:00,Kochi,Heavy Rain,Dry,Side,Door,Major,200777,193777,Yes,Rejected
C01814,V0341,D0177,T08289,2025-03-29T16:11:00,Kozhikode,Fog,Dry,Head-on,Headlight,Major,191359,168090,No,Under Review
C01815,V0329,D0472,T00628,2025-05-26T21:10:00,Thrissur,Cloudy,Dry,Side,Door,Major,101437,95687,No,Under Review
C01816,V0420,D0500,T07958,2025-08-07T12:35:00,Palakkad,Rain,Wet,Side,Rear Bumper,Minor,46854,43873,Yes,Under Review
C01817,V0350,D0513,T06348,2025-05-30T19:51:00,Kozhikode,Rain,Wet,Head-on,Windshield,Moderate,142879,129912,No,Approved
C01818,V0435,D0351,T03207,2025-06-15T21:51:00,Kollam,Rain,Slippery,Head-on,Headlight,Major,49734,49186,No,Under Review
C01819,V0336,D0201,T00312,2025-03-01T11:56:00,Kochi,Fog,Dry,Single Vehicle,Engine Bay,Minor,237207,190634,No,Under Review
C01820,V0337,D0419,T05102,2025-04-21T11:03:00,Kollam,Rain,Dry,Single Vehicle,Rear Bumper,Minor,95632,84168,No,Under Review
C01821,V0138,D0684,T04807,2025-03-14T13:24:00,Palakkad,Rain,Slippery,Single Vehicle,Door,Major,91687,85513,No,Under Review
C01822,V0373,D0129,T09672,2025-03-06T23:03:00,Kochi,Cloudy,Slippery,Side,Door,Major,222144,219006,Yes,Rejected
C01823,V0308,D0526,T05561,2025-03-19T13:41:00,Kollam,Cloudy,Slippery,Head-on,Headlight,Minor,179178,164549,No,Under Review
C01824,V0023,D0047,T05797,2025-03-25T16:06:00,Kochi,Rain,Slippery,Side,Headlight,Major,246280,200811,No,Rejected
C01825,V0241,D0110,T09366,2025-02-06T16:54:00,Kochi,Rain,Slippery,Head-on,Front Bumper,Moderate,123503,120111,No,Approved
C01826,V0471,D0631,T08930,2025-02-26T05:05:00,Alappuzha,Sunny,Wet,Head-on,Door,Moderate,220140,179571,No,Under Review
C01827,V0411,D0424,T06584,2025-01-03T16:30:00,Kochi,Cloudy,Wet,Side,Windshield,Minor,81072,75861,No,Approved
C01828,V0177,D0268,T07438,2025-12-15T19:19:00,Kochi,Rain,Slippery,Single Vehicle,Door,Major,195016,184754,No,Rejected
C01829,V0117,D0671,T06870,2025-05-03T14:55:00,Palakkad,Cloudy,Dry,Head-on,Headlight,Major,55635,50548,No,Approved
C01830,V0201,D0372,T02447,2025-08-31T04:49:00,Kozhikode,Heavy Rain,Slippery,Single Vehicle,Headlight,Major,130157,122900,Yes,Rejected
C01831,V0189,D0663,T09404,2025-04-07T10:21:00,Thrissur,Cloudy,Dry,Side,Door,Minor,104555,91849,Yes,Under Review
C01832,V0423,D0323,T02131,2025-04-10T11:11:00,Kollam,Heavy Rain,Dry,Side,Front Bumper,Moderate,162254,142615,No,Under Review
C01833,V0292,D0284,T04957,2025-08-26T22:23:00,Thrissur,Sunny,Dry,Single Vehicle,Door,Minor,11624,10612,No,Under Review
C01834,V0267,D0696,T08570,2025-11-25T05:33:00,Alappuzha,Sunny,Dry,Rear-end,Door,Minor,81306,68952,No,Rejected
C01835,V0412,D0669,T10000,2025-04-23T12:26:00,Alappuzha,Rain,Dry,Side,Front Bumper,Moderate,240817,225478,No,Under Review
C01836,V0102,D0360,T07938,2025-03-03T02:55:00,Kollam,Cloudy,Slippery,Single Vehicle,Headlight,Moderate,94710,76259,No,Rejected
C01837,V0275,D0347,T02924,2025-11-19T08:50:00,Kollam,Heavy Rain,Slippery,Single Vehicle,Door,Major,88257,87747,No,Under Review
C01838,V0269,D0347,T08281,2025-11-01T19:14:00,Thrissur,Rain,Slippery,Head-on,Headlight,Moderate,177247,166474,No,Rejected
C01839,V0094,D0650,T08794,2025-06-07T22:38:00,Alappuzha,Rain,Slippery,Side,Engine Bay,Moderate,45135,41707,No,Under Review
C01840,V0039,D0057,T06888,2025-04-18T10:44:00,Palakkad,Sunny,Slippery,Head-on,Front Bumper,Minor,138081,134633,Yes,Approved
C01841,V0273,D0333,T04061,2025-01-11T20:12:00,Kozhikode,Sunny,Wet,Head-on,Rear Bumper,Moderate,234714,232782,No,Under Review
C01842,V0399,D0486,T01910,2025-08-08T09:41:00,Palakkad,Rain,Slippery,Single Vehicle,Engine Bay,Moderate,120173,101246,No,Rejected
C01843,V0181,D0329,T06622,2025-09-10T03:22:00,Kollam,Fog,Slippery,Single Vehicle,Rear Bumper,Moderate,95150,93264,No,Under Review
C01844,V0340,D0700,T02761,2025-09-15T17:08:00,Alappuzha,Sunny,Wet,Head-on,Front Bumper,Minor,98126,90658,No,Under Review
C01845,V0413,D0119,T01561,2025-10-24T05:14:00,Thrissur,Heavy Rain,Wet,Single Vehicle,Door,Minor,194668,158523,No,Under Review
C01846,V0425,D0608,T00734,2025-05-08T05:20:00,Thrissur,Sunny,Wet,Side,Front Bumper,Minor,47557,38259,No,Approved
C01847,V0161,D0496,T06269,2025-04-12T01:58:00,Thrissur,Cloudy,Dry,Single Vehicle,Headlight,Moderate,197189,188840,No,Under Review
C01848,V0212,D0040,T03996,2025-11-27T20:03:00,Kollam,Rain,Dry,Rear-end,Windshield,Major,85629,72135,Yes,Approved
C01849,V0496,D0408,T04907,2025-08-10T18:58:00,Alappuzha,Heavy Rain,Slippery,Head-on,Front Bumper,Major,147672,133067,No,Under Review
C01850,V0007,D0301,T00109,2025-01-07T05:20:00,Thrissur,Heavy Rain,Slippery,Rear-end,Rear Bumper,Moderate,38644,34433,No,Rejected
C01851,V0462,D0252,T07508,2025-10-18T18:36:00,Kochi,Cloudy,Dry,Head-on,Door,Major,109938,92587,No,Approved
C01852,V0455,D0261,T00651,2025-01-15T16:50:00,Palakkad,Heavy Rain,Dry,Single Vehicle,Rear Bumper,Moderate,90753,77247,No,Rejected
C01853,V0433,D0400,T08611,2025-12-31T23:55:00,Kozhikode,Cloudy,Slippery,Head-on,Front Bumper,Major,128660,117466,No,Rejected
C01854,V0490,D0245,T04076,2025-04-15T09:24:00,Kollam,Rain,Wet,Single Vehicle,Engine Bay,Minor,206727,180517,No,Rejected
C01855,V0223,D0386,T04444,2025-09-20T12:40:00,Kollam,Sunny,Slippery,Head-on,Headlight,Minor,156815,152956,Yes,Rejected
C01856,V0187,D0695,T08323,2025-01-11T05:22:00,Alappuzha,Fog,Dry,Single Vehicle,Engine Bay,Minor,164276,138420,Yes,Approved
C01857,V0139,D0098,T09261,2025-10-10T13:25:00,Palakkad,Sunny,Slippery,Rear-end,Headlight,Major,145384,123031,Yes,Under Review
C01858,V0106,D0014,T09225,2025-01-12T09:32:00,Thrissur,Heavy Rain,Dry,Single Vehicle,Door,Minor,185218,175243,No,Under Review
C01859,V0234,D0246,T09648,2025-11-05T01:17:00,Kollam,Sunny,Dry,Head-on,Rear Bumper,Minor,156770,145848,No,Approved
C01860,V0368,D0599,T04706,2025-01-18T06:25:00,Alappuzha,Sunny,Wet,Head-on,Headlight,Moderate,52838,46982,No,Approved
C01861,V0018,D0220,T08447,2025-12-07T18:18:00,Kollam,Cloudy,Slippery,Rear-end,Engine Bay,Major,188732,183211,No,Approved
C01862,V0327,D0394,T05859,2025-10-31T09:45:00,Kollam,Cloudy,Wet,Head-on,Rear Bumper,Major,182988,174960,No,Under Review
C01863,V0209,D0586,T08347,2025-04-22T13:27:00,Kochi,Cloudy,Wet,Head-on,Headlight,Major,205883,191034,No,Approved
C01864,V0335,D0699,T07003,2025-10-13T17:50:00,Kollam,Heavy Rain,Wet,Head-on,Door,Major,244357,244076,No,Under Review
C01865,V0383,D0300,T07886,2025-03-12T00:41:00,Thrissur,Fog,Dry,Head-on,Rear Bumper,Moderate,44313,42008,No,Under Review
C01866,V0337,D0179,T04123,2025-08-04T04:45:00,Alappuzha,Sunny,Slippery,Side,Front Bumper,Moderate,148797,132395,No,Approved
C01867,V0057,D0199,T01731,2025-09-27T09:53:00,Kochi,Rain,Dry,Single Vehicle,Front Bumper,Minor,151760,128769,No,Under Review
C01868,V0373,D0333,T00188,2025-02-17T22:56:00,Kollam,Rain,Wet,Head-on,Door,Moderate,186237,173888,Yes,Under Review
C01869,V0165,D0160,T05158,2025-06-23T03:16:00,Kochi,Cloudy,Wet,Side,Headlight,Major,78540,71398,No,Rejected
C01870,V0255,D0546,T01698,2025-03-12T02:55:00,Palakkad,Cloudy,Slippery,Single Vehicle,Windshield,Major,193842,175039,No,Approved
C01871,V0330,D0680,T08919,2025-01-27T13:48:00,Kozhikode,Cloudy,Slippery,Rear-end,Rear Bumper,Moderate,29100,27261,No,Approved
C01872,V0317,D0569,T07655,2025-11-16T02:09:00,Kozhikode,Cloudy,Wet,Side,Rear Bumper,Minor,96952,89839,Yes,Under Review
C01873,V0068,D0271,T07966,2025-09-13T17:30:00,Alappuzha,Fog,Slippery,Side,Front Bumper,Moderate,237203,199164,No,Under Review
C01874,V0177,D0307,T02769,2025-06-20T04:20:00,Thrissur,Heavy Rain,Dry,Head-on,Door,Major,141271,124202,No,Under Review
C01875,V0401,D0635,T01771,2025-06-30T11:09:00,Thrissur,Rain,Dry,Head-on,Windshield,Major,170100,149811,No,Under Review
C01876,V0390,D0286,T08601,2025-03-08T21:24:00,Palakkad,Sunny,Dry,Head-on,Rear Bumper,Moderate,78243,74171,No,Approved
C01877,V0001,D0055,T02448,2025-07-26T14:55:00,Kochi,Fog,Slippery,Single Vehicle,Engine Bay,Minor,155104,124798,Yes,Rejected
C01878,V0377,D0362,T07891,2025-08-01T20:33:00,Kochi,Heavy Rain,Dry,Rear-end,Windshield,Moderate,45958,45466,Yes,Approved
C01879,V0155,D0521,T06718,2025-07-27T00:13:00,Alappuzha,Sunny,Slippery,Rear-end,Engine Bay,Minor,39129,34905,No,Approved
C01880,V0042,D0579,T00578,2025-09-06T03:35:00,Kozhikode,Sunny,Slippery,Rear-end,Engine Bay,Moderate,121816,111538,No,Rejected
C01881,V0275,D0150,T07237,2025-04-16T23:24:00,Thrissur,Heavy Rain,Slippery,Side,Front Bumper,Minor,103032,99385,Yes,Under Review
C01882,V0249,D0592,T00158,2025-07-03T16:37:00,Kozhikode,Fog,Slippery,Side,Front Bumper,Major,216954,176609,No,Approved
C01883,V0075,D0066,T08645,2025-01-05T06:29:00,Alappuzha,Fog,Wet,Single Vehicle,Engine Bay,Moderate,217224,215020,No,Rejected
C01884,V0300,D0283,T06994,2025-05-25T02:36:00,Kollam,Cloudy,Dry,Single Vehicle,Headlight,Moderate,101043,93182,No,Under Review
C01885,V0388,D0559,T00234,2025-05-07T23:47:00,Kollam,Heavy Rain,Wet,Single Vehicle,Engine Bay,Minor,239924,205807,No,Rejected
C01886,V0076,D0665,T02112,2025-04-15T17:08:00,Thrissur,Fog,Dry,Side,Engine Bay,Moderate,58702,48683,No,Under Review
C01887,V0245,D0598,T04701,2025-03-26T14:45:00,Kollam,Heavy Rain,Wet,Head-on,Rear Bumper,Minor,229904,217018,No,Rejected
C01888,V0438,D0261,T02749,2025-08-23T04:49:00,Kochi,Rain,Slippery,Head-on,Door,Major,135702,113087,No,Approved
C01889,V0421,D0667,T01196,2025-03-21T22:57:00,Kozhikode,Rain,Slippery,Head-on,Engine Bay,Moderate,151070,150788,Yes,Under Review
C01890,V0054,D0465,T04222,2025-05-20T05:53:00,Palakkad,Heavy Rain,Slippery,Head-on,Door,Minor,222069,198118,No,Approved
C01891,V0340,D0345,T09836,2025-10-17T11:43:00,Palakkad,Rain,Wet,Side,Headlight,Moderate,171935,141690,Yes,Rejected
C01892,V0258,D0636,T08822,2025-11-13T21:50:00,Alappuzha,Sunny,Wet,Side,Rear Bumper,Moderate,232356,206765,Yes,Approved
C01893,V0145,D0393,T02982,2025-11-14T21:30:00,Alappuzha,Cloudy,Slippery,Rear-end,Rear Bumper,Major,28822,24194,No,Approved
C01894,V0240,D0214,T01530,2025-04-22T16:00:00,Kollam,Rain,Slippery,Side,Engine Bay,Moderate,214613,207405,No,Approved
C01895,V0298,D0402,T01403,2025-03-19T05:37:00,Kochi,Rain,Dry,Head-on,Headlight,Moderate,208178,205638,No,Rejected
C01896,V0356,D0002,T02201,2025-04-10T13:03:00,Palakkad,Rain,Dry,Single Vehicle,Rear Bumper,Minor,43945,40650,No,Rejected
C01897,V0053,D0185,T09641,2025-10-23T15:34:00,Kollam,Sunny,Dry,Single Vehicle,Engine Bay,Minor,233604,190185,No,Under Review
C01898,V0057,D0132,T03444,2025-05-24T21:24:00,Palakkad,Sunny,Dry,Single Vehicle,Rear Bumper,Moderate,182984,152428,No,Under Review
C01899,V0366,D0339,T07787,2025-04-08T02:24:00,Alappuzha,Cloudy,Dry,Rear-end,Headlight,Moderate,246593,197925,No,Approved
C01900,V0121,D0481,T08206,2025-03-14T09:08:00,Kozhikode,Rain,Wet,Rear-end,Front Bumper,Moderate,244608,236669,No,Rejected
C01901,V0298,D0162,T00349,2025-09-21T08:26:00,Palakkad,Sunny,Wet,Head-on,Headlight,Major,79546,68732,No,Rejected
C01902,V0138,D0388,T01352,2025-02-28T00:04:00,Alappuzha,Fog,Slippery,Head-on,Front Bumper,Major,178592,173714,Yes,Under Review
C01903,V0276,D0564,T01694,2025-03-19T03:49:00,Alappuzha,Heavy Rain,Slippery,Single Vehicle,Rear Bumper,Minor,158360,155092,Yes,Under Review
C01904,V0458,D0308,T02630,2025-11-07T11:56:00,Kollam,Heavy Rain,Slippery,Side,Engine Bay,Minor,39507,37744,No,Approved
C01905,V0317,D0699,T00965,2025-07-15T04:07:00,Thrissur,Cloudy,Slippery,Side,Windshield,Moderate,68721,59951,No,Under Review
C01906,V0115,D0182,T03580,2025-02-28T16:55:00,Thrissur,Heavy Rain,Wet,Rear-end,Front Bumper,Major,49224,44457,No,Rejected
C01907,V0352,D0389,T08133,2025-10-25T08:50:00,Palakkad,Rain,Wet,Head-on,Door,Minor,175815,156298,Yes,Rejected
C01908,V0021,D0649,T08806,2025-08-29T21:11:00,Kozhikode,Sunny,Slippery,Single Vehicle,Headlight,Moderate,167651,158125,Yes,Approved
C01909,V0336,D0700,T07536,2025-10-22T13:33:00,Kollam,Fog,Slippery,Rear-end,Windshield,Minor,42380,34200,No,Under Review
C01910,V0499,D0187,T06650,2025-06-02T23:27:00,Palakkad,Heavy Rain,Dry,Side,Engine Bay,Major,191160,179544,Yes,Approved
C01911,V0130,D0046,T00647,2025-08-03T20:58:00,Kozhikode,Sunny,Wet,Single Vehicle,Headlight,Minor,200763,192685,Yes,Under Review
C01912,V0125,D0429,T02613,2025-01-03T14:36:00,Kollam,Cloudy,Wet,Single Vehicle,Headlight,Moderate,27200,24892,No,Approved
C01913,V0470,D0072,T02527,2025-02-16T01:07:00,Kozhikode,Rain,Slippery,Single Vehicle,Rear Bumper,Minor,132554,131755,No,Rejected
C01914,V0372,D0690,T09403,2025-08-16T23:33:00,Kollam,Fog,Wet,Head-on,Engine Bay,Major,247997,229256,No,Under Review
C01915,V0218,D0043,T04952,2025-06-29T17:12:00,Thrissur,Rain,Slippery,Rear-end,Headlight,Minor,105445,91487,No,Rejected
C01916,V0349,D0116,T03932,2025-03-02T19:02:00,Kochi,Fog,Dry,Rear-end,Rear Bumper,Major,230648,227521,No,Under Review
C01917,V0183,D0695,T02371,2025-10-01T12:56:00,Kollam,Fog,Wet,Head-on,Windshield,Moderate,233901,230854,No,Approved
C01918,V0098,D0169,T05813,2025-05-17T19:41:00,Kollam,Fog,Wet,Single Vehicle,Rear Bumper,Minor,69616,68565,No,Under Review
C01919,V0358,D0482,T07044,2025-10-13T07:56:00,Kollam,Heavy Rain,Wet,Rear-end,Front Bumper,Moderate,139851,121992,No,Under Review
C01920,V0367,D0162,T07996,2025-10-08T02:49:00,Kollam,Fog,Dry,Single Vehicle,Front Bumper,Minor,31416,26276,No,Approved
C01921,V0251,D0253,T05894,2025-04-11T07:42:00,Kozhikode,Heavy Rain,Slippery,Single Vehicle,Engine Bay,Major,50098,47100,Yes,Rejected
C01922,V0109,D0278,T09091,2025-12-20T08:51:00,Kozhikode,Fog,Slippery,Single Vehicle,Rear Bumper,Minor,108131,90500,No,Approved
C01923,V0321,D0463,T05726,2025-06-28T01:46:00,Thrissur,Heavy Rain,Wet,Side,Rear Bumper,Major,12157,11650,No,Under Review
C01924,V0148,D0402,T07072,2025-04-14T14:19:00,Palakkad,Cloudy,Slippery,Side,Windshield,Minor,166626,136173,No,Under Review
C01925,V0040,D0513,T07756,2025-01-25T16:39:00,Alappuzha,Fog,Dry,Rear-end,Door,Major,243382,230150,Yes,Approved
C01926,V0495,D0578,T09410,2025-01-25T22:59:00,Palakkad,Fog,Slippery,Side,Windshield,Major,157779,142376,Yes,Approved
C01927,V0400,D0621,T02407,2025-05-06T09:04:00,Alappuzha,Fog,Wet,Single Vehicle,Front Bumper,Minor,123801,114144,No,Rejected
C01928,V0035,D0648,T04044,2025-06-07T03:10:00,Palakkad,Rain,Wet,Side,Rear Bumper,Major,91732,86738,No,Approved
C01929,V0032,D0450,T09812,2025-03-28T07:45:00,Thrissur,Rain,Wet,Rear-end,Front Bumper,Moderate,161672,147183,Yes,Rejected
C01930,V0244,D0225,T02662,2025-01-25T00:15:00,Palakkad,Fog,Slippery,Head-on,Engine Bay,Major,225296,189520,Yes,Under Review
C01931,V0198,D0023,T07967,2025-06-07T15:58:00,Palakkad,Rain,Wet,Single Vehicle,Windshield,Major,107665,101293,Yes,Under Review
C01932,V0170,D0370,T02242,2025-03-05T13:17:00,Palakkad,Heavy Rain,Slippery,Rear-end,Front Bumper,Major,180102,175823,No,Rejected
C01933,V0159,D0160,T02401,2025-05-30T05:22:00,Alappuzha,Cloudy,Wet,Rear-end,Door,Minor,238718,237930,No,Approved
C01934,V0286,D0113,T01008,2025-08-01T06:34:00,Thrissur,Heavy Rain,Wet,Side,Rear Bumper,Major,46277,42172,Yes,Rejected
C01935,V0196,D0636,T06822,2025-06-07T22:57:00,Palakkad,Cloudy,Dry,Side,Windshield,Minor,21919,20454,Yes,Rejected
C01936,V0213,D0100,T00183,2025-02-14T17:53:00,Palakkad,Fog,Wet,Head-on,Rear Bumper,Major,67710,63170,Yes,Rejected
C01937,V0175,D0418,T07366,2025-06-01T17:35:00,Kochi,Fog,Dry,Rear-end,Rear Bumper,Moderate,246403,208437,No,Rejected
C01938,V0260,D0305,T06330,2025-01-09T14:50:00,Alappuzha,Fog,Slippery,Rear-end,Headlight,Major,35953,35752,No,Under Review
C01939,V0001,D0655,T07483,2025-05-11T13:50:00,Kollam,Sunny,Slippery,Single Vehicle,Headlight,Moderate,144127,118669,No,Approved
C01940,V0236,D0080,T03287,2025-02-10T20:17:00,Kozhikode,Heavy Rain,Dry,Single Vehicle,Headlight,Moderate,141931,121161,No,Rejected
C01941,V0008,D0559,T02560,2025-12-16T22:38:00,Thrissur,Heavy Rain,Dry,Rear-end,Windshield,Moderate,195753,179864,No,Approved
C01942,V0264,D0080,T03913,2025-09-08T16:09:00,Kochi,Cloudy,Dry,Head-on,Windshield,Moderate,39201,35943,Yes,Rejected
C01943,V0416,D0373,T05404,2025-11-06T15:59:00,Kollam,Heavy Rain,Dry,Head-on,Engine Bay,Major,178595,170360,No,Rejected
C01944,V0168,D0060,T01898,2025-05-27T05:52:00,Kollam,Heavy Rain,Slippery,Head-on,Windshield,Moderate,230662,224187,No,Rejected
C01945,V0146,D0415,T09952,2025-02-11T07:48:00,Kochi,Fog,Wet,Single Vehicle,Engine Bay,Minor,230465,218737,No,Under Review
C01946,V0346,D0436,T02328,2025-05-17T03:56:00,Palakkad,Sunny,Slippery,Head-on,Headlight,Major,108480,95504,Yes,Rejected
C01947,V0205,D0272,T05482,2025-09-16T20:13:00,Kochi,Cloudy,Slippery,Side,Engine Bay,Moderate,10167,9314,No,Approved
C01948,V0238,D0679,T01084,2025-02-27T06:33:00,Kollam,Fog,Wet,Rear-end,Rear Bumper,Moderate,239865,221716,Yes,Rejected
C01949,V0119,D0079,T05422,2025-06-29T16:50:00,Alappuzha,Sunny,Wet,Head-on,Door,Moderate,223483,217016,No,Approved
C01950,V0239,D0588,T08031,2025-10-13T06:03:00,Kollam,Sunny,Dry,Rear-end,Door,Major,246359,219171,No,Approved
C01951,V0102,D0607,T06566,2025-05-23T06:02:00,Thrissur,Sunny,Slippery,Rear-end,Headlight,Minor,186992,160411,Yes,Approved
C01952,V0027,D0244,T07375,2025-01-16T21:25:00,Thrissur,Heavy Rain,Slippery,Head-on,Windshield,Minor,133811,133295,No,Under Review
C01953,V0238,D0266,T09776,2025-11-05T00:39:00,Kollam,Sunny,Dry,Rear-end,Front Bumper,Major,83715,79500,No,Rejected
C01954,V0496,D0459,T04829,2025-11-18T10:23:00,Thrissur,Rain,Slippery,Rear-end,Windshield,Minor,114663,93150,No,Under Review
C01955,V0019,D0175,T00106,2025-04-24T16:18:00,Thrissur,Heavy Rain,Dry,Single Vehicle,Rear Bumper,Moderate,63295,63235,No,Approved
C01956,V0427,D0387,T01392,2025-12-06T04:47:00,Kochi,Heavy Rain,Wet,Rear-end,Door,Moderate,74998,71226,Yes,Approved
C01957,V0122,D0376,T02617,2025-01-09T04:31:00,Alappuzha,Cloudy,Wet,Rear-end,Front Bumper,Major,68341,62850,No,Rejected
C01958,V0255,D0263,T06175,2025-03-18T01:51:00,Alappuzha,Sunny,Dry,Head-on,Front Bumper,Major,216846,197627,No,Approved
C01959,V0241,D0680,T03938,2025-02-24T22:04:00,Palakkad,Heavy Rain,Wet,Single Vehicle,Headlight,Moderate,171774,144046,No,Rejected
C01960,V0122,D0169,T03722,2025-05-06T13:53:00,Alappuzha,Heavy Rain,Wet,Rear-end,Engine Bay,Major,14525,14507,No,Rejected
C01961,V0272,D0234,T00221,2025-08-22T08:04:00,Kozhikode,Sunny,Dry,Single Vehicle,Rear Bumper,Moderate,246852,240768,No,Approved
C01962,V0111,D0181,T05201,2025-06-26T23:26:00,Palakkad,Rain,Wet,Single Vehicle,Engine Bay,Moderate,165074,151423,No,Approved
C01963,V0430,D0282,T07308,2025-06-29T15:07:00,Kozhikode,Sunny,Dry,Single Vehicle,Windshield,Moderate,123329,102579,Yes,Under Review
C01964,V0292,D0548,T09601,2025-04-27T23:01:00,Thrissur,Sunny,Slippery,Single Vehicle,Front Bumper,Minor,33751,28199,Yes,Under Review
C01965,V0004,D0545,T03181,2025-05-06T15:23:00,Kollam,Cloudy,Wet,Single Vehicle,Rear Bumper,Major,117048,102074,No,Under Review
C01966,V0219,D0479,T06660,2025-05-21T17:25:00,Alappuzha,Cloudy,Dry,Side,Windshield,Major,121778,99472,No,Approved
C01967,V0269,D0442,T08482,2025-03-02T10:58:00,Kochi,Fog,Dry,Single Vehicle,Rear Bumper,Moderate,159801,159779,No,Approved
C01968,V0258,D0270,T00840,2025-01-07T11:17:00,Kollam,Heavy Rain,Slippery,Rear-end,Windshield,Moderate,155946,150597,No,Rejected
C01969,V0408,D0533,T06967,2025-04-19T23:31:00,Kollam,Cloudy,Dry,Rear-end,Front Bumper,Moderate,151950,128391,No,Under Review
C01970,V0194,D0041,T04289,2025-01-09T16:43:00,Alappuzha,Heavy Rain,Dry,Single Vehicle,Headlight,Moderate,185671,150151,No,Under Review
C01971,V0192,D0495,T07887,2025-09-05T03:11:00,Kollam,Sunny,Wet,Rear-end,Front Bumper,Minor,168594,141702,Yes,Approved
C01972,V0028,D0498,T09752,2025-09-18T05:48:00,Alappuzha,Rain,Slippery,Head-on,Door,Moderate,34633,27920,No,Under Review
C01973,V0287,D0645,T05639,2025-09-03T13:28:00,Kollam,Fog,Dry,Side,Windshield,Major,37294,35633,Yes,Rejected
C01974,V0062,D0283,T04299,2025-02-22T04:15:00,Kochi,Sunny,Wet,Rear-end,Engine Bay,Moderate,24417,23211,Yes,Rejected
C01975,V0260,D0160,T01798,2025-09-07T16:19:00,Alappuzha,Cloudy,Dry,Head-on,Rear Bumper,Moderate,90728,73018,No,Approved
C01976,V0224,D0256,T09875,2025-09-01T20:06:00,Alappuzha,Rain,Slippery,Single Vehicle,Headlight,Moderate,38280,34031,Yes,Rejected
C01977,V0055,D0228,T01229,2025-12-13T17:35:00,Alappuzha,Sunny,Slippery,Head-on,Windshield,Moderate,23788,22518,No,Under Review
C01978,V0146,D0045,T07858,2025-12-18T16:22:00,Thrissur,Sunny,Slippery,Side,Rear Bumper,Major,247651,201172,Yes,Under Review
C01979,V0061,D0493,T00377,2025-01-21T15:19:00,Kochi,Heavy Rain,Wet,Single Vehicle,Door,Minor,201624,181799,No,Under Review
C01980,V0437,D0382,T03092,2025-04-21T08:45:00,Kochi,Rain,Slippery,Side,Front Bumper,Minor,74798,70286,No,Rejected
C01981,V0490,D0641,T08834,2025-07-01T06:46:00,Alappuzha,Heavy Rain,Slippery,Rear-end,Windshield,Moderate,183957,167717,No,Approved
C01982,V0042,D0399,T04040,2025-06-01T05:40:00,Kollam,Fog,Wet,Single Vehicle,Front Bumper,Minor,224107,183639,No,Under Review
C01983,V0048,D0279,T00897,2025-01-05T09:43:00,Palakkad,Fog,Wet,Side,Door,Minor,44718,37211,No,Under Review
C01984,V0271,D0693,T00704,2025-03-01T16:48:00,Palakkad,Fog,Dry,Single Vehicle,Rear Bumper,Major,219088,188692,No,Approved
C01985,V0158,D0596,T05970,2025-11-11T07:10:00,Kollam,Heavy Rain,Dry,Side,Rear Bumper,Major,229536,206778,Yes,Rejected
C01986,V0263,D0396,T07796,2025-02-24T04:46:00,Palakkad,Cloudy,Slippery,Side,Front Bumper,Major,76488,69344,No,Approved
C01987,V0424,D0584,T02610,2025-10-26T06:41:00,Alappuzha,Sunny,Wet,Single Vehicle,Door,Major,222747,206060,No,Under Review
C01988,V0277,D0610,T00117,2025-02-19T20:57:00,Kochi,Cloudy,Wet,Side,Headlight,Moderate,61014,53310,No,Rejected
C01989,V0316,D0613,T02424,2025-03-10T22:41:00,Alappuzha,Rain,Wet,Single Vehicle,Front Bumper,Moderate,12286,12109,Yes,Approved
C01990,V0371,D0680,T01854,2025-05-23T05:57:00,Palakkad,Cloudy,Wet,Rear-end,Headlight,Major,118397,96395,No,Rejected
C01991,V0094,D0583,T09651,2025-05-23T03:29:00,Alappuzha,Heavy Rain,Dry,Side,Headlight,Minor,46354,45474,Yes,Rejected
C01992,V0075,D0529,T00352,2025-06-04T04:05:00,Palakkad,Cloudy,Wet,Side,Front Bumper,Moderate,39625,38480,No,Under Review
C01993,V0310,D0222,T05152,2025-06-04T03:25:00,Kozhikode,Rain,Wet,Side,Front Bumper,Minor,119834,114257,No,Under Review
C01994,V0270,D0101,T04415,2025-03-15T20:08:00,Alappuzha,Cloudy,Dry,Single Vehicle,Rear Bumper,Minor,191112,157657,Yes,Under Review
C01995,V0332,D0335,T03088,2025-01-10T06:34:00,Kochi,Cloudy,Dry,Rear-end,Front Bumper,Moderate,50265,49150,No,Under Review
C01996,V0011,D0265,T08517,2025-10-18T22:48:00,Kollam,Fog,Dry,Side,Door,Moderate,14236,12130,No,Approved
C01997,V0048,D0014,T04786,2025-06-03T23:29:00,Palakkad,Fog,Dry,Single Vehicle,Door,Moderate,50654,48428,Yes,Under Review
C01998,V0135,D0386,T09682,2025-10-28T01:14:00,Kochi,Cloudy,Dry,Side,Door,Moderate,229895,183952,No,Under Review
C01999,V0406,D0471,T03682,2025-05-30T21:50:00,Kollam,Fog,Slippery,Single Vehicle,Engine Bay,Moderate,34467,27863,Yes,Rejected
C02000,V0135,D0046,T03007,2025-05-21T19:42:00,Kollam,Rain,Wet,Side,Rear Bumper,Major,119370,106359,No,Approved
