service_id,vehicle_id,engine_serial_no,service_date,service_type,service_category,fault_code,diagnosis,technician,workshop,parts_replaced,labour_cost,parts_cost,total_cost,downtime_hours,next_service_due,warranty_claim,service_status
S00001,V0168,ESN818145,2025-07-09,Battery Replacement,Corrective,P0420,Battery degradation,TECH312,AutoMind Central,Oil Filter,3911,8501,12412,10.2,2026-01-05,No,Completed
S00002,V0093,ESN254085,2025-05-13,Engine Diagnostics,Emergency,P0171,Brake wear,TECH723,AutoMind Central,Air Filter,4355,19114,23469,9.4,2025-11-09,No,Pending
S00003,V0158,ESN629185,2025-01-09,Brake Service,Preventive,P0300,Low oil pressure,TECH153,Kerala Truck Service,Air Filter,4680,10040,14720,5.3,2025-07-08,No,Pending
S00004,V0402,ESN232328,2025-01-19,Battery Replacement,Preventive,P0171,Brake wear,TECH230,Kerala Truck Service,Brake Pads,885,18710,19595,7.8,2025-07-18,No,Completed
S00005,V0287,ESN855823,2025-07-18,Engine Diagnostics,Corrective,P0171,Brake wear,TECH832,Kerala Truck Service,Brake Pads,5291,1282,6573,6.9,2026-01-14,No,Completed
S00006,V0082,ESN509796,2025-03-31,Routine Service,Emergency,P0000,Engine overheating,TECH703,Kerala Truck Service,Battery,4843,17694,22537,8.1,2025-09-27,No,Pending
S00007,V0080,ESN344262,2025-12-23,Routine Service,Emergency,P0420,Routine inspection,TECH119,Kerala Truck Service,Brake Pads,2250,15905,18155,4.4,2026-06-21,No,Pending
S00008,V0457,ESN275476,2025-10-03,Engine Diagnostics,Preventive,P0171,Engine overheating,TECH530,FleetCare Kochi,Air Filter,4617,2503,7120,6.5,2026-04-01,No,Pending
S00009,V0363,ESN568255,2025-02-11,Routine Service,Corrective,P0012,Battery degradation,TECH668,FleetCare Kochi,Battery,2015,7921,9936,2.9,2025-08-10,Yes,Pending
S00010,V0174,ESN740933,2025-08-04,Battery Replacement,Emergency,P0300,Low oil pressure,TECH102,FleetCare Kochi,Spark Plug,1278,17467,18745,3.2,2026-01-31,Yes,Completed
S00011,V0310,ESN404921,2025-12-09,Battery Replacement,Corrective,P0000,Low oil pressure,TECH384,FleetCare Kochi,Brake Pads,5029,1274,6303,5.8,2026-06-07,No,Completed
S00012,V0420,ESN715036,2025-01-20,Engine Diagnostics,Corrective,P0012,Engine overheating,TECH647,AutoMind Central,Battery,1423,15259,16682,5.7,2025-07-19,No,Completed
S00013,V0100,ESN279816,2025-03-16,Battery Replacement,Corrective,P0171,Low oil pressure,TECH106,FleetCare Kochi,Brake Pads,5298,19551,24849,2.6,2025-09-12,Yes,Pending
S00014,V0041,ESN143316,2025-08-10,Battery Replacement,Corrective,P0300,Engine overheating,TECH723,Prime Motors,Brake Pads,4666,9742,14408,5.4,2026-02-06,No,Completed
S00015,V0242,ESN765716,2025-08-01,Routine Service,Emergency,P0300,Routine inspection,TECH312,Kerala Truck Service,Oil Filter,1861,16506,18367,7.2,2026-01-28,Yes,Pending
S00016,V0249,ESN409971,2025-12-24,Oil Change,Emergency,P0300,Battery degradation,TECH709,FleetCare Kochi,Spark Plug,2424,13145,15569,5.9,2026-06-22,Yes,Pending
S00017,V0298,ESN777445,2025-07-29,Battery Replacement,Emergency,P0171,Battery degradation,TECH608,AutoMind Central,Spark Plug,4574,7997,12571,6.6,2026-01-25,No,Pending
S00018,V0265,ESN365834,2025-02-06,Brake Service,Emergency,P0012,Engine overheating,TECH781,Kerala Truck Service,Oil Filter,4140,8969,13109,3.4,2025-08-05,Yes,Pending
S00019,V0174,ESN386559,2025-01-22,Cooling System,Corrective,P0420,Engine overheating,TECH402,FleetCare Kochi,Air Filter,2617,4964,7581,8.8,2025-07-21,No,Pending
S00020,V0317,ESN786673,2025-01-07,Oil Change,Emergency,P0012,Routine inspection,TECH794,Kerala Truck Service,Coolant Hose,4179,9825,14004,8.3,2025-07-06,No,Completed
S00021,V0237,ESN705320,2025-09-29,Battery Replacement,Preventive,P0012,Battery degradation,TECH157,AutoMind Central,Battery,1860,894,2754,1.6,2026-03-28,No,Completed
S00022,V0061,ESN397587,2025-11-29,Cooling System,Corrective,P0000,Brake wear,TECH472,AutoMind Central,Coolant Hose,2496,10695,13191,8.0,2026-05-28,Yes,Pending
S00023,V0234,ESN183706,2025-01-30,Routine Service,Corrective,P0300,Battery degradation,TECH209,AutoMind Central,Oil Filter,1728,14373,16101,1.4,2025-07-29,Yes,Completed
S00024,V0435,ESN819898,2025-05-17,Engine Diagnostics,Preventive,P0000,Battery degradation,TECH986,Kerala Truck Service,Coolant Hose,2051,6543,8594,6.3,2025-11-13,Yes,Pending
S00025,V0134,ESN748606,2025-08-27,Battery Replacement,Corrective,P0300,Brake wear,TECH903,FleetCare Kochi,Coolant Hose,5021,15327,20348,3.3,2026-02-23,No,Completed
S00026,V0331,ESN518550,2025-12-31,Engine Diagnostics,Corrective,P0012,Routine inspection,TECH938,FleetCare Kochi,Coolant Hose,4221,5374,9595,5.6,2026-06-29,Yes,Pending
S00027,V0410,ESN807983,2025-04-05,Oil Change,Emergency,P0300,Battery degradation,TECH843,AutoMind Central,Brake Pads,1389,16361,17750,6.9,2025-10-02,Yes,Pending
S00028,V0051,ESN358166,2025-12-19,Battery Replacement,Corrective,P0012,Routine inspection,TECH429,FleetCare Kochi,Coolant Hose,2053,11267,13320,4.7,2026-06-17,Yes,Pending
S00029,V0083,ESN376942,2025-06-24,Battery Replacement,Preventive,P0000,Battery degradation,TECH641,AutoMind Central,Spark Plug,2840,4821,7661,6.7,2025-12-21,Yes,Completed
S00030,V0057,ESN637919,2025-12-18,Cooling System,Emergency,P0420,Brake wear,TECH622,FleetCare Kochi,Air Filter,2071,5375,7446,11.1,2026-06-16,No,Pending
S00031,V0340,ESN997648,2025-06-24,Cooling System,Emergency,P0300,Brake wear,TECH592,FleetCare Kochi,Coolant Hose,1198,19875,21073,8.6,2025-12-21,No,Completed
S00032,V0147,ESN897184,2025-06-29,Oil Change,Preventive,P0300,Low oil pressure,TECH586,AutoMind Central,Spark Plug,905,10981,11886,9.0,2025-12-26,No,Completed
S00033,V0175,ESN561298,2025-09-07,Battery Replacement,Corrective,P0300,Battery degradation,TECH568,Kerala Truck Service,Oil Filter,3942,7787,11729,4.4,2026-03-06,Yes,Pending
S00034,V0089,ESN364886,2025-03-09,Cooling System,Emergency,P0012,Battery degradation,TECH552,AutoMind Central,Coolant Hose,4288,16651,20939,5.8,2025-09-05,No,Completed
S00035,V0407,ESN226277,2025-02-02,Brake Service,Corrective,P0012,Routine inspection,TECH958,AutoMind Central,Air Filter,4190,3414,7604,6.9,2025-08-01,Yes,Pending
S00036,V0382,ESN347939,2025-01-09,Cooling System,Emergency,P0012,Brake wear,TECH442,Prime Motors,Air Filter,1605,6557,8162,6.9,2025-07-08,No,Completed
S00037,V0460,ESN874477,2025-03-15,Battery Replacement,Preventive,P0171,Engine overheating,TECH893,FleetCare Kochi,Air Filter,5964,11906,17870,8.0,2025-09-11,Yes,Completed
S00038,V0081,ESN499972,2025-06-25,Engine Diagnostics,Emergency,P0012,Low oil pressure,TECH106,FleetCare Kochi,Coolant Hose,3519,5674,9193,6.0,2025-12-22,No,Completed
S00039,V0412,ESN627707,2025-04-02,Battery Replacement,Preventive,P0300,Low oil pressure,TECH914,FleetCare Kochi,Air Filter,3899,16110,20009,11.1,2025-09-29,No,Pending
S00040,V0414,ESN774274,2025-05-07,Cooling System,Corrective,P0171,Brake wear,TECH816,Kerala Truck Service,Oil Filter,2752,1522,4274,6.4,2025-11-03,No,Pending
S00041,V0278,ESN602930,2025-03-07,Routine Service,Preventive,P0300,Battery degradation,TECH373,AutoMind Central,Air Filter,4353,17018,21371,1.9,2025-09-03,No,Pending
S00042,V0067,ESN799060,2025-11-23,Cooling System,Preventive,P0300,Engine overheating,TECH142,FleetCare Kochi,Brake Pads,5002,11551,16553,1.7,2026-05-22,Yes,Pending
S00043,V0362,ESN849440,2025-02-02,Brake Service,Corrective,P0420,Engine overheating,TECH248,Kerala Truck Service,Spark Plug,3343,969,4312,11.0,2025-08-01,No,Pending
S00044,V0163,ESN153265,2025-01-01,Routine Service,Emergency,P0171,Engine overheating,TECH786,Prime Motors,Brake Pads,1378,11092,12470,9.1,2025-06-30,No,Pending
S00045,V0034,ESN931840,2025-12-23,Battery Replacement,Corrective,P0000,Brake wear,TECH302,Kerala Truck Service,Brake Pads,5748,7517,13265,5.3,2026-06-21,Yes,Pending
S00046,V0238,ESN927621,2025-06-26,Engine Diagnostics,Preventive,P0171,Engine overheating,TECH819,AutoMind Central,Brake Pads,4137,14102,18239,6.4,2025-12-23,Yes,Completed
S00047,V0025,ESN532661,2025-04-29,Routine Service,Emergency,P0300,Low oil pressure,TECH968,Kerala Truck Service,Brake Pads,1404,8114,9518,7.3,2025-10-26,Yes,Completed
S00048,V0120,ESN487674,2025-10-07,Routine Service,Emergency,P0300,Battery degradation,TECH110,AutoMind Central,Battery,5183,11024,16207,7.9,2026-04-05,Yes,Pending
S00049,V0179,ESN609790,2025-08-03,Brake Service,Preventive,P0000,Routine inspection,TECH791,AutoMind Central,Spark Plug,5181,8314,13495,3.6,2026-01-30,Yes,Pending
S00050,V0206,ESN712249,2025-04-10,Routine Service,Preventive,P0420,Brake wear,TECH279,FleetCare Kochi,Air Filter,5300,10743,16043,5.3,2025-10-07,No,Pending
S00051,V0367,ESN364490,2025-01-22,Battery Replacement,Preventive,P0000,Engine overheating,TECH418,Kerala Truck Service,Coolant Hose,1568,16527,18095,9.3,2025-07-21,No,Completed
S00052,V0163,ESN173090,2025-04-06,Brake Service,Corrective,P0000,Low oil pressure,TECH220,Kerala Truck Service,Oil Filter,4679,13270,17949,12.0,2025-10-03,No,Completed
S00053,V0245,ESN754239,2025-03-29,Cooling System,Corrective,P0300,Low oil pressure,TECH678,AutoMind Central,Coolant Hose,5219,2100,7319,1.0,2025-09-25,No,Completed
S00054,V0047,ESN311562,2025-01-16,Brake Service,Preventive,P0012,Low oil pressure,TECH386,Kerala Truck Service,Oil Filter,4082,13708,17790,2.6,2025-07-15,Yes,Completed
S00055,V0041,ESN517379,2025-01-02,Oil Change,Corrective,P0000,Battery degradation,TECH563,AutoMind Central,Spark Plug,3966,8260,12226,9.7,2025-07-01,No,Pending
S00056,V0116,ESN546582,2025-04-23,Oil Change,Preventive,P0012,Battery degradation,TECH208,AutoMind Central,Air Filter,3644,15301,18945,9.9,2025-10-20,No,Pending
S00057,V0117,ESN397745,2025-03-27,Brake Service,Emergency,P0171,Battery degradation,TECH638,Prime Motors,Coolant Hose,3162,2430,5592,1.9,2025-09-23,Yes,Pending
S00058,V0052,ESN814555,2025-12-06,Cooling System,Corrective,P0000,Engine overheating,TECH900,Kerala Truck Service,Brake Pads,1097,15078,16175,5.6,2026-06-04,Yes,Pending
S00059,V0149,ESN441759,2025-05-31,Battery Replacement,Corrective,P0300,Battery degradation,TECH220,FleetCare Kochi,Air Filter,5246,7864,13110,6.1,2025-11-27,Yes,Completed
S00060,V0411,ESN570129,2025-01-24,Brake Service,Corrective,P0000,Battery degradation,TECH992,Kerala Truck Service,Air Filter,1353,6488,7841,3.4,2025-07-23,Yes,Pending
S00061,V0153,ESN546077,2025-01-23,Battery Replacement,Corrective,P0000,Low oil pressure,TECH331,AutoMind Central,Spark Plug,2575,2222,4797,11.8,2025-07-22,Yes,Completed
S00062,V0049,ESN558165,2025-12-05,Battery Replacement,Preventive,P0171,Battery degradation,TECH649,Prime Motors,Brake Pads,3593,19444,23037,5.0,2026-06-03,No,Pending
S00063,V0141,ESN225655,2025-07-07,Brake Service,Corrective,P0012,Brake wear,TECH375,AutoMind Central,Coolant Hose,4195,2973,7168,7.7,2026-01-03,No,Completed
S00064,V0193,ESN342508,2025-05-10,Routine Service,Emergency,P0420,Battery degradation,TECH353,Prime Motors,Oil Filter,5546,10679,16225,1.1,2025-11-06,No,Completed
S00065,V0485,ESN770991,2025-10-06,Engine Diagnostics,Emergency,P0300,Brake wear,TECH243,Prime Motors,Air Filter,1984,4525,6509,4.3,2026-04-04,No,Completed
S00066,V0256,ESN254046,2025-10-05,Battery Replacement,Corrective,P0420,Routine inspection,TECH868,FleetCare Kochi,Air Filter,1801,15720,17521,5.4,2026-04-03,No,Pending
S00067,V0070,ESN322532,2025-05-29,Cooling System,Corrective,P0012,Engine overheating,TECH591,AutoMind Central,Spark Plug,2539,7204,9743,11.7,2025-11-25,Yes,Completed
S00068,V0115,ESN390297,2025-01-02,Routine Service,Emergency,P0012,Low oil pressure,TECH631,AutoMind Central,Battery,2106,5417,7523,1.7,2025-07-01,Yes,Completed
S00069,V0300,ESN458560,2025-04-26,Engine Diagnostics,Corrective,P0000,Low oil pressure,TECH562,Prime Motors,Air Filter,1480,1672,3152,7.3,2025-10-23,Yes,Pending
S00070,V0071,ESN258198,2025-05-14,Oil Change,Corrective,P0300,Engine overheating,TECH745,Kerala Truck Service,Spark Plug,4066,18305,22371,6.8,2025-11-10,No,Completed
S00071,V0099,ESN150072,2025-08-04,Battery Replacement,Emergency,P0171,Low oil pressure,TECH894,FleetCare Kochi,Brake Pads,1852,17346,19198,11.3,2026-01-31,No,Pending
S00072,V0357,ESN330181,2025-09-22,Engine Diagnostics,Emergency,P0012,Battery degradation,TECH321,Prime Motors,Brake Pads,3913,18804,22717,6.9,2026-03-21,No,Pending
S00073,V0442,ESN606406,2025-03-18,Oil Change,Corrective,P0420,Battery degradation,TECH457,Prime Motors,Oil Filter,2545,13596,16141,5.8,2025-09-14,Yes,Completed
S00074,V0381,ESN617939,2025-07-04,Engine Diagnostics,Preventive,P0000,Brake wear,TECH597,Kerala Truck Service,Brake Pads,3222,4215,7437,6.7,2025-12-31,No,Completed
S00075,V0246,ESN694356,2025-05-20,Cooling System,Emergency,P0012,Battery degradation,TECH124,AutoMind Central,Air Filter,1912,16823,18735,7.7,2025-11-16,No,Pending
S00076,V0179,ESN255806,2025-11-15,Routine Service,Emergency,P0012,Brake wear,TECH208,FleetCare Kochi,Coolant Hose,2561,6102,8663,2.1,2026-05-14,Yes,Pending
S00077,V0307,ESN151448,2025-04-26,Battery Replacement,Emergency,P0171,Brake wear,TECH388,FleetCare Kochi,Oil Filter,2777,17876,20653,6.6,2025-10-23,No,Completed
S00078,V0275,ESN224747,2025-06-11,Oil Change,Emergency,P0420,Engine overheating,TECH561,Prime Motors,Spark Plug,5042,4940,9982,10.6,2025-12-08,Yes,Completed
S00079,V0168,ESN165299,2025-03-06,Cooling System,Preventive,P0300,Routine inspection,TECH275,FleetCare Kochi,Oil Filter,5298,2530,7828,4.5,2025-09-02,No,Pending
S00080,V0015,ESN139980,2025-09-12,Brake Service,Preventive,P0300,Battery degradation,TECH332,Kerala Truck Service,Brake Pads,3822,6514,10336,6.7,2026-03-11,Yes,Completed
S00081,V0479,ESN603811,2025-04-24,Battery Replacement,Corrective,P0420,Routine inspection,TECH972,Kerala Truck Service,Spark Plug,4823,9014,13837,2.8,2025-10-21,No,Pending
S00082,V0187,ESN871150,2025-07-28,Engine Diagnostics,Corrective,P0420,Routine inspection,TECH590,AutoMind Central,Coolant Hose,1712,11968,13680,7.3,2026-01-24,No,Completed
S00083,V0073,ESN801458,2025-04-16,Battery Replacement,Emergency,P0420,Battery degradation,TECH488,Prime Motors,Brake Pads,3238,3710,6948,2.2,2025-10-13,No,Completed
S00084,V0264,ESN196436,2025-04-05,Brake Service,Corrective,P0420,Battery degradation,TECH887,Kerala Truck Service,Battery,965,1094,2059,3.8,2025-10-02,Yes,Pending
S00085,V0294,ESN351648,2025-03-31,Oil Change,Corrective,P0012,Routine inspection,TECH495,FleetCare Kochi,Brake Pads,1438,18893,20331,4.0,2025-09-27,Yes,Pending
S00086,V0404,ESN804351,2025-03-02,Cooling System,Corrective,P0012,Engine overheating,TECH125,AutoMind Central,Air Filter,2782,19170,21952,2.8,2025-08-29,No,Completed
S00087,V0004,ESN468066,2025-06-15,Cooling System,Emergency,P0012,Low oil pressure,TECH993,Prime Motors,Oil Filter,1158,5587,6745,5.0,2025-12-12,Yes,Completed
S00088,V0232,ESN653896,2025-02-18,Routine Service,Preventive,P0420,Low oil pressure,TECH548,AutoMind Central,Air Filter,5389,10509,15898,3.5,2025-08-17,Yes,Completed
S00089,V0143,ESN116311,2025-02-16,Brake Service,Corrective,P0420,Engine overheating,TECH536,Kerala Truck Service,Spark Plug,3697,19436,23133,1.7,2025-08-15,Yes,Pending
S00090,V0359,ESN998436,2025-04-24,Oil Change,Emergency,P0012,Brake wear,TECH857,Kerala Truck Service,Oil Filter,3867,12677,16544,11.7,2025-10-21,Yes,Pending
S00091,V0088,ESN335114,2025-07-17,Brake Service,Corrective,P0000,Engine overheating,TECH191,AutoMind Central,Battery,2257,15830,18087,9.3,2026-01-13,Yes,Pending
S00092,V0192,ESN214751,2025-04-14,Oil Change,Emergency,P0300,Low oil pressure,TECH850,Prime Motors,Air Filter,5611,17932,23543,3.0,2025-10-11,Yes,Completed
S00093,V0448,ESN689771,2025-01-31,Oil Change,Corrective,P0171,Engine overheating,TECH953,Kerala Truck Service,Spark Plug,1938,17232,19170,1.2,2025-07-30,No,Completed
S00094,V0038,ESN555790,2025-12-15,Oil Change,Emergency,P0300,Low oil pressure,TECH728,FleetCare Kochi,Battery,2980,8415,11395,9.9,2026-06-13,Yes,Pending
S00095,V0323,ESN528832,2025-01-10,Routine Service,Corrective,P0012,Low oil pressure,TECH434,AutoMind Central,Brake Pads,2416,1643,4059,3.9,2025-07-09,No,Completed
S00096,V0335,ESN144956,2025-05-01,Battery Replacement,Emergency,P0000,Routine inspection,TECH560,Kerala Truck Service,Oil Filter,4843,16479,21322,1.2,2025-10-28,Yes,Pending
S00097,V0396,ESN952182,2025-03-21,Cooling System,Preventive,P0000,Brake wear,TECH457,AutoMind Central,Oil Filter,3908,10592,14500,1.1,2025-09-17,Yes,Completed
S00098,V0469,ESN979626,2025-06-11,Engine Diagnostics,Corrective,P0420,Engine overheating,TECH199,FleetCare Kochi,Brake Pads,1341,4758,6099,7.9,2025-12-08,Yes,Pending
S00099,V0449,ESN796433,2025-05-11,Battery Replacement,Preventive,P0000,Routine inspection,TECH269,Kerala Truck Service,Brake Pads,1823,1568,3391,8.1,2025-11-07,No,Pending
S00100,V0189,ESN475575,2025-05-25,Brake Service,Emergency,P0171,Low oil pressure,TECH914,FleetCare Kochi,Battery,5606,10165,15771,4.5,2025-11-21,No,Completed
S00101,V0079,ESN985782,2025-04-17,Engine Diagnostics,Corrective,P0420,Brake wear,TECH783,Kerala Truck Service,Coolant Hose,1581,17547,19128,9.1,2025-10-14,Yes,Pending
S00102,V0201,ESN884790,2025-08-06,Engine Diagnostics,Corrective,P0000,Engine overheating,TECH991,AutoMind Central,Brake Pads,3943,10853,14796,11.0,2026-02-02,Yes,Pending
S00103,V0244,ESN555904,2025-05-30,Routine Service,Emergency,P0171,Low oil pressure,TECH422,FleetCare Kochi,Oil Filter,4213,5711,9924,2.9,2025-11-26,No,Pending
S00104,V0292,ESN279863,2025-01-10,Cooling System,Corrective,P0000,Brake wear,TECH568,FleetCare Kochi,Brake Pads,5893,10993,16886,3.2,2025-07-09,No,Pending
S00105,V0338,ESN268444,2025-07-29,Battery Replacement,Corrective,P0420,Battery degradation,TECH138,Prime Motors,Oil Filter,5192,11242,16434,7.3,2026-01-25,No,Pending
S00106,V0325,ESN722619,2025-01-25,Routine Service,Preventive,P0012,Routine inspection,TECH359,Kerala Truck Service,Oil Filter,3399,6532,9931,2.3,2025-07-24,Yes,Pending
S00107,V0243,ESN413682,2025-03-15,Battery Replacement,Preventive,P0420,Battery degradation,TECH211,Prime Motors,Coolant Hose,3986,5285,9271,3.3,2025-09-11,Yes,Completed
S00108,V0133,ESN992800,2025-05-25,Battery Replacement,Preventive,P0012,Low oil pressure,TECH941,FleetCare Kochi,Air Filter,1068,8906,9974,11.1,2025-11-21,No,Pending
S00109,V0164,ESN745003,2025-04-23,Brake Service,Preventive,P0012,Engine overheating,TECH509,FleetCare Kochi,Spark Plug,5792,15031,20823,6.9,2025-10-20,No,Pending
S00110,V0044,ESN798639,2025-01-13,Routine Service,Preventive,P0420,Routine inspection,TECH285,AutoMind Central,Battery,1991,6309,8300,4.0,2025-07-12,Yes,Completed
S00111,V0021,ESN539670,2025-06-02,Engine Diagnostics,Preventive,P0420,Battery degradation,TECH583,Prime Motors,Coolant Hose,3091,18841,21932,4.2,2025-11-29,Yes,Completed
S00112,V0053,ESN793567,2025-06-26,Battery Replacement,Corrective,P0000,Brake wear,TECH927,Kerala Truck Service,Coolant Hose,2103,9714,11817,11.3,2025-12-23,No,Pending
S00113,V0018,ESN144607,2025-01-31,Routine Service,Preventive,P0000,Brake wear,TECH730,Kerala Truck Service,Spark Plug,4451,9484,13935,2.9,2025-07-30,Yes,Completed
S00114,V0202,ESN430103,2025-11-16,Battery Replacement,Corrective,P0300,Battery degradation,TECH232,AutoMind Central,Coolant Hose,5034,7285,12319,5.8,2026-05-15,No,Pending
S00115,V0049,ESN870358,2025-11-18,Engine Diagnostics,Corrective,P0171,Low oil pressure,TECH603,FleetCare Kochi,Coolant Hose,2683,14053,16736,7.9,2026-05-17,Yes,Completed
S00116,V0153,ESN861456,2025-11-13,Oil Change,Preventive,P0000,Routine inspection,TECH821,Kerala Truck Service,Spark Plug,1913,16498,18411,8.5,2026-05-12,No,Completed
S00117,V0425,ESN619427,2025-07-14,Brake Service,Corrective,P0420,Brake wear,TECH684,AutoMind Central,Battery,5410,19811,25221,10.1,2026-01-10,No,Completed
S00118,V0294,ESN648914,2025-07-10,Battery Replacement,Preventive,P0300,Routine inspection,TECH513,AutoMind Central,Battery,2121,14030,16151,7.4,2026-01-06,No,Pending
S00119,V0307,ESN810121,2025-10-15,Routine Service,Corrective,P0420,Low oil pressure,TECH215,Kerala Truck Service,Brake Pads,1843,2480,4323,10.0,2026-04-13,Yes,Pending
S00120,V0173,ESN182507,2025-01-16,Routine Service,Corrective,P0420,Routine inspection,TECH844,AutoMind Central,Coolant Hose,3400,14020,17420,4.4,2025-07-15,Yes,Pending
S00121,V0167,ESN599970,2025-05-05,Battery Replacement,Emergency,P0300,Routine inspection,TECH244,FleetCare Kochi,Air Filter,3065,2185,5250,7.4,2025-11-01,No,Pending
S00122,V0292,ESN709805,2025-07-28,Cooling System,Corrective,P0300,Low oil pressure,TECH825,FleetCare Kochi,Brake Pads,4225,10370,14595,4.7,2026-01-24,No,Completed
S00123,V0378,ESN764845,2025-04-12,Brake Service,Corrective,P0300,Brake wear,TECH356,Prime Motors,Brake Pads,1132,1584,2716,5.3,2025-10-09,Yes,Pending
S00124,V0302,ESN188187,2025-01-05,Oil Change,Corrective,P0300,Low oil pressure,TECH392,FleetCare Kochi,Brake Pads,4294,13275,17569,10.6,2025-07-04,Yes,Completed
S00125,V0442,ESN560294,2025-05-10,Battery Replacement,Corrective,P0420,Routine inspection,TECH672,Kerala Truck Service,Spark Plug,962,8838,9800,8.7,2025-11-06,No,Pending
S00126,V0191,ESN737745,2025-03-02,Battery Replacement,Corrective,P0000,Low oil pressure,TECH788,Prime Motors,Coolant Hose,2386,14855,17241,10.0,2025-08-29,No,Pending
S00127,V0344,ESN365061,2025-09-28,Engine Diagnostics,Emergency,P0171,Engine overheating,TECH277,Kerala Truck Service,Oil Filter,3896,11595,15491,8.0,2026-03-27,No,Pending
S00128,V0203,ESN361300,2025-04-27,Engine Diagnostics,Preventive,P0300,Routine inspection,TECH555,Prime Motors,Oil Filter,1851,1311,3162,9.2,2025-10-24,No,Pending
S00129,V0360,ESN623924,2025-08-22,Routine Service,Emergency,P0171,Battery degradation,TECH738,AutoMind Central,Battery,1229,14968,16197,7.7,2026-02-18,Yes,Pending
S00130,V0306,ESN724762,2025-05-18,Oil Change,Preventive,P0300,Brake wear,TECH587,Prime Motors,Battery,939,8959,9898,7.0,2025-11-14,No,Pending
S00131,V0351,ESN292600,2025-06-06,Battery Replacement,Corrective,P0171,Brake wear,TECH682,FleetCare Kochi,Coolant Hose,5438,2200,7638,9.6,2025-12-03,Yes,Pending
S00132,V0467,ESN902877,2025-03-19,Brake Service,Corrective,P0300,Brake wear,TECH538,Kerala Truck Service,Spark Plug,5909,847,6756,2.0,2025-09-15,No,Pending
S00133,V0410,ESN830033,2025-08-08,Routine Service,Corrective,P0000,Routine inspection,TECH860,Prime Motors,Brake Pads,3514,17296,20810,7.2,2026-02-04,Yes,Completed
S00134,V0304,ESN481564,2025-10-18,Routine Service,Corrective,P0000,Brake wear,TECH982,AutoMind Central,Battery,5428,19799,25227,2.6,2026-04-16,Yes,Pending
S00135,V0028,ESN836893,2025-02-09,Brake Service,Preventive,P0000,Routine inspection,TECH817,AutoMind Central,Air Filter,2406,17149,19555,1.8,2025-08-08,Yes,Completed
S00136,V0435,ESN180350,2025-09-24,Cooling System,Emergency,P0012,Brake wear,TECH255,Kerala Truck Service,Oil Filter,3023,2573,5596,11.4,2026-03-23,No,Pending
S00137,V0383,ESN832599,2025-02-26,Oil Change,Emergency,P0420,Battery degradation,TECH168,FleetCare Kochi,Coolant Hose,1224,4698,5922,10.0,2025-08-25,Yes,Completed
S00138,V0467,ESN737824,2025-12-05,Brake Service,Preventive,P0000,Low oil pressure,TECH140,Prime Motors,Air Filter,4362,17845,22207,3.1,2026-06-03,Yes,Pending
S00139,V0154,ESN998940,2025-06-09,Cooling System,Emergency,P0171,Battery degradation,TECH472,Kerala Truck Service,Oil Filter,4705,7656,12361,6.9,2025-12-06,No,Completed
S00140,V0245,ESN763103,2025-08-12,Routine Service,Preventive,P0300,Brake wear,TECH799,AutoMind Central,Coolant Hose,5025,14463,19488,2.6,2026-02-08,No,Pending
S00141,V0235,ESN913018,2025-09-01,Routine Service,Corrective,P0420,Battery degradation,TECH533,AutoMind Central,Coolant Hose,5272,13286,18558,5.4,2026-02-28,Yes,Completed
S00142,V0109,ESN821117,2025-06-10,Cooling System,Corrective,P0171,Routine inspection,TECH288,Prime Motors,Oil Filter,2646,6094,8740,11.8,2025-12-07,Yes,Completed
S00143,V0384,ESN226290,2025-12-15,Routine Service,Corrective,P0012,Battery degradation,TECH572,AutoMind Central,Coolant Hose,3130,14196,17326,1.7,2026-06-13,No,Completed
S00144,V0403,ESN632096,2025-11-10,Oil Change,Emergency,P0420,Engine overheating,TECH479,Kerala Truck Service,Spark Plug,4160,9744,13904,9.2,2026-05-09,Yes,Completed
S00145,V0428,ESN209997,2025-06-24,Oil Change,Preventive,P0420,Routine inspection,TECH158,Prime Motors,Spark Plug,4052,4606,8658,10.6,2025-12-21,No,Completed
S00146,V0044,ESN581152,2025-12-31,Cooling System,Corrective,P0012,Low oil pressure,TECH934,Prime Motors,Coolant Hose,3533,7199,10732,3.9,2026-06-29,Yes,Completed
S00147,V0109,ESN310664,2025-10-04,Engine Diagnostics,Preventive,P0012,Engine overheating,TECH577,Kerala Truck Service,Oil Filter,2592,15419,18011,9.1,2026-04-02,Yes,Completed
S00148,V0270,ESN863657,2025-01-01,Oil Change,Preventive,P0420,Brake wear,TECH963,AutoMind Central,Oil Filter,5475,11714,17189,2.8,2025-06-30,Yes,Pending
S00149,V0178,ESN441878,2025-08-03,Brake Service,Emergency,P0000,Low oil pressure,TECH675,Prime Motors,Oil Filter,4850,14973,19823,10.3,2026-01-30,No,Completed
S00150,V0100,ESN107153,2025-03-26,Brake Service,Corrective,P0012,Low oil pressure,TECH802,Kerala Truck Service,Coolant Hose,5370,15574,20944,3.2,2025-09-22,No,Pending
S00151,V0437,ESN751265,2025-06-08,Brake Service,Emergency,P0000,Battery degradation,TECH324,AutoMind Central,Brake Pads,5322,2565,7887,1.7,2025-12-05,No,Pending
S00152,V0133,ESN807086,2025-12-22,Brake Service,Preventive,P0300,Engine overheating,TECH802,AutoMind Central,Spark Plug,1563,7436,8999,6.8,2026-06-20,Yes,Completed
S00153,V0279,ESN232597,2025-06-08,Engine Diagnostics,Corrective,P0012,Brake wear,TECH305,FleetCare Kochi,Oil Filter,3347,6842,10189,2.4,2025-12-05,Yes,Completed
S00154,V0277,ESN937715,2025-01-28,Battery Replacement,Preventive,P0171,Engine overheating,TECH581,Prime Motors,Brake Pads,5033,17572,22605,3.7,2025-07-27,No,Completed
S00155,V0292,ESN883624,2025-09-02,Routine Service,Emergency,P0012,Battery degradation,TECH837,FleetCare Kochi,Brake Pads,3301,5541,8842,1.9,2026-03-01,No,Completed
S00156,V0253,ESN404734,2025-12-03,Brake Service,Emergency,P0300,Low oil pressure,TECH540,Kerala Truck Service,Oil Filter,3636,3287,6923,6.9,2026-06-01,Yes,Completed
S00157,V0047,ESN445421,2025-06-10,Oil Change,Preventive,P0171,Battery degradation,TECH611,Prime Motors,Coolant Hose,1141,17417,18558,5.1,2025-12-07,No,Completed
S00158,V0306,ESN259313,2025-10-06,Routine Service,Emergency,P0420,Low oil pressure,TECH583,AutoMind Central,Brake Pads,1140,1495,2635,10.6,2026-04-04,No,Pending
S00159,V0381,ESN179395,2025-01-02,Oil Change,Corrective,P0171,Routine inspection,TECH818,AutoMind Central,Battery,3722,17679,21401,9.9,2025-07-01,No,Pending
S00160,V0028,ESN327642,2025-01-10,Battery Replacement,Preventive,P0012,Low oil pressure,TECH577,Prime Motors,Brake Pads,3587,8698,12285,8.6,2025-07-09,No,Completed
S00161,V0494,ESN965923,2025-05-10,Battery Replacement,Corrective,P0420,Engine overheating,TECH917,AutoMind Central,Spark Plug,5985,11363,17348,9.4,2025-11-06,No,Completed
S00162,V0404,ESN484075,2025-10-03,Battery Replacement,Corrective,P0012,Battery degradation,TECH500,Kerala Truck Service,Oil Filter,4189,3335,7524,1.8,2026-04-01,No,Pending
S00163,V0386,ESN937594,2025-01-23,Routine Service,Emergency,P0300,Low oil pressure,TECH161,Prime Motors,Spark Plug,2322,8656,10978,1.8,2025-07-22,Yes,Pending
S00164,V0262,ESN805965,2025-08-22,Cooling System,Corrective,P0012,Battery degradation,TECH772,Prime Motors,Coolant Hose,1994,14176,16170,1.3,2026-02-18,Yes,Completed
S00165,V0011,ESN432920,2025-10-19,Oil Change,Emergency,P0171,Routine inspection,TECH185,AutoMind Central,Brake Pads,2674,3852,6526,1.1,2026-04-17,Yes,Completed
S00166,V0443,ESN333696,2025-11-13,Brake Service,Emergency,P0171,Battery degradation,TECH779,AutoMind Central,Oil Filter,4681,15060,19741,5.7,2026-05-12,Yes,Completed
S00167,V0403,ESN748856,2025-05-14,Battery Replacement,Emergency,P0420,Routine inspection,TECH419,AutoMind Central,Spark Plug,5483,18662,24145,3.0,2025-11-10,No,Pending
S00168,V0076,ESN723636,2025-03-06,Cooling System,Corrective,P0000,Battery degradation,TECH729,Kerala Truck Service,Battery,4881,17167,22048,11.1,2025-09-02,No,Completed
S00169,V0364,ESN484731,2025-06-21,Battery Replacement,Corrective,P0000,Brake wear,TECH678,Prime Motors,Oil Filter,2654,8504,11158,2.2,2025-12-18,No,Pending
S00170,V0067,ESN130880,2025-05-23,Brake Service,Preventive,P0420,Routine inspection,TECH358,Prime Motors,Spark Plug,5012,2083,7095,4.8,2025-11-19,No,Completed
S00171,V0102,ESN313731,2025-11-01,Engine Diagnostics,Corrective,P0171,Brake wear,TECH412,AutoMind Central,Spark Plug,4066,19523,23589,1.9,2026-04-30,Yes,Completed
S00172,V0132,ESN185156,2025-05-20,Brake Service,Corrective,P0171,Low oil pressure,TECH110,AutoMind Central,Air Filter,1378,15995,17373,4.7,2025-11-16,Yes,Pending
S00173,V0011,ESN603509,2025-10-28,Routine Service,Corrective,P0012,Battery degradation,TECH165,AutoMind Central,Brake Pads,3300,11798,15098,4.5,2026-04-26,Yes,Pending
S00174,V0325,ESN808824,2025-08-28,Oil Change,Corrective,P0012,Routine inspection,TECH101,Prime Motors,Brake Pads,1006,11560,12566,4.1,2026-02-24,Yes,Pending
S00175,V0047,ESN190441,2025-10-30,Routine Service,Emergency,P0171,Low oil pressure,TECH227,Prime Motors,Air Filter,5706,7903,13609,5.4,2026-04-28,Yes,Completed
S00176,V0374,ESN200082,2025-01-30,Cooling System,Corrective,P0171,Brake wear,TECH462,FleetCare Kochi,Air Filter,3992,12590,16582,10.9,2025-07-29,No,Completed
S00177,V0133,ESN276567,2025-09-29,Battery Replacement,Preventive,P0300,Routine inspection,TECH410,FleetCare Kochi,Brake Pads,1543,6040,7583,5.7,2026-03-28,Yes,Completed
S00178,V0176,ESN357373,2025-05-17,Oil Change,Preventive,P0171,Engine overheating,TECH761,AutoMind Central,Oil Filter,3537,17543,21080,2.7,2025-11-13,Yes,Pending
S00179,V0130,ESN617765,2025-04-20,Battery Replacement,Corrective,P0171,Brake wear,TECH948,Prime Motors,Coolant Hose,1508,17676,19184,9.7,2025-10-17,No,Pending
S00180,V0333,ESN547594,2025-04-23,Routine Service,Preventive,P0012,Brake wear,TECH196,AutoMind Central,Coolant Hose,3141,15853,18994,8.6,2025-10-20,No,Pending
S00181,V0057,ESN118677,2025-01-09,Battery Replacement,Emergency,P0171,Engine overheating,TECH376,AutoMind Central,Coolant Hose,4499,3984,8483,3.3,2025-07-08,Yes,Pending
S00182,V0267,ESN112416,2025-04-22,Brake Service,Preventive,P0420,Brake wear,TECH426,FleetCare Kochi,Oil Filter,5197,17619,22816,3.1,2025-10-19,No,Pending
S00183,V0054,ESN973854,2025-05-24,Routine Service,Corrective,P0000,Brake wear,TECH322,Prime Motors,Air Filter,3871,10772,14643,4.4,2025-11-20,Yes,Completed
S00184,V0218,ESN175062,2025-02-04,Routine Service,Emergency,P0012,Battery degradation,TECH745,Prime Motors,Spark Plug,4076,12558,16634,7.9,2025-08-03,Yes,Completed
S00185,V0277,ESN806290,2025-01-27,Engine Diagnostics,Preventive,P0420,Brake wear,TECH884,FleetCare Kochi,Spark Plug,2982,9285,12267,3.2,2025-07-26,No,Pending
S00186,V0166,ESN541642,2025-03-31,Engine Diagnostics,Preventive,P0420,Brake wear,TECH843,Kerala Truck Service,Coolant Hose,1221,5814,7035,11.4,2025-09-27,No,Pending
S00187,V0306,ESN920057,2025-05-29,Brake Service,Preventive,P0012,Low oil pressure,TECH478,FleetCare Kochi,Coolant Hose,2124,8238,10362,10.7,2025-11-25,No,Pending
S00188,V0288,ESN805300,2025-09-24,Routine Service,Corrective,P0420,Battery degradation,TECH263,Prime Motors,Oil Filter,3630,14705,18335,6.9,2026-03-23,No,Completed
S00189,V0305,ESN665605,2025-11-26,Oil Change,Preventive,P0012,Battery degradation,TECH115,Prime Motors,Air Filter,2326,18724,21050,11.9,2026-05-25,No,Completed
S00190,V0168,ESN394260,2025-08-24,Engine Diagnostics,Preventive,P0012,Routine inspection,TECH899,FleetCare Kochi,Oil Filter,3763,7424,11187,3.7,2026-02-20,Yes,Completed
S00191,V0261,ESN739638,2025-08-03,Engine Diagnostics,Preventive,P0000,Engine overheating,TECH849,AutoMind Central,Spark Plug,2087,9647,11734,5.8,2026-01-30,No,Completed
S00192,V0199,ESN373647,2025-11-28,Engine Diagnostics,Preventive,P0000,Brake wear,TECH645,AutoMind Central,Brake Pads,5253,14941,20194,5.2,2026-05-27,Yes,Pending
S00193,V0470,ESN592200,2025-09-07,Brake Service,Emergency,P0300,Low oil pressure,TECH197,AutoMind Central,Oil Filter,4199,9561,13760,2.3,2026-03-06,No,Pending
S00194,V0328,ESN832942,2025-04-13,Routine Service,Corrective,P0000,Brake wear,TECH826,Kerala Truck Service,Battery,3126,5803,8929,10.5,2025-10-10,No,Completed
S00195,V0054,ESN588263,2025-08-14,Battery Replacement,Preventive,P0300,Battery degradation,TECH557,Kerala Truck Service,Coolant Hose,923,18670,19593,9.6,2026-02-10,Yes,Completed
S00196,V0213,ESN944593,2025-08-13,Engine Diagnostics,Corrective,P0171,Battery degradation,TECH343,FleetCare Kochi,Coolant Hose,5219,2535,7754,8.1,2026-02-09,No,Completed
S00197,V0370,ESN426141,2025-04-14,Cooling System,Corrective,P0000,Brake wear,TECH668,FleetCare Kochi,Spark Plug,866,5031,5897,2.7,2025-10-11,Yes,Pending
S00198,V0338,ESN385415,2025-05-14,Battery Replacement,Corrective,P0012,Engine overheating,TECH254,Kerala Truck Service,Spark Plug,4262,12084,16346,6.7,2025-11-10,Yes,Pending
S00199,V0183,ESN887320,2025-06-27,Routine Service,Preventive,P0000,Engine overheating,TECH913,Prime Motors,Battery,2907,5917,8824,9.4,2025-12-24,No,Completed
S00200,V0063,ESN654490,2025-03-24,Brake Service,Corrective,P0000,Low oil pressure,TECH622,Kerala Truck Service,Battery,3416,1980,5396,7.8,2025-09-20,No,Pending
S00201,V0391,ESN707294,2025-02-19,Oil Change,Emergency,P0000,Brake wear,TECH858,Kerala Truck Service,Spark Plug,4409,5042,9451,4.4,2025-08-18,No,Pending
S00202,V0360,ESN450041,2025-12-21,Routine Service,Corrective,P0012,Battery degradation,TECH795,FleetCare Kochi,Battery,5269,19222,24491,2.1,2026-06-19,Yes,Pending
S00203,V0477,ESN278930,2025-05-28,Oil Change,Corrective,P0300,Routine inspection,TECH651,FleetCare Kochi,Brake Pads,4223,16980,21203,5.8,2025-11-24,Yes,Pending
S00204,V0488,ESN508469,2025-03-29,Oil Change,Corrective,P0012,Engine overheating,TECH537,FleetCare Kochi,Oil Filter,2000,10494,12494,9.2,2025-09-25,Yes,Completed
S00205,V0451,ESN551010,2025-06-13,Brake Service,Preventive,P0000,Brake wear,TECH180,AutoMind Central,Oil Filter,1459,15607,17066,7.1,2025-12-10,Yes,Completed
S00206,V0087,ESN999669,2025-06-25,Cooling System,Emergency,P0000,Low oil pressure,TECH800,Prime Motors,Air Filter,1906,17355,19261,11.1,2025-12-22,Yes,Completed
S00207,V0324,ESN645739,2025-02-24,Battery Replacement,Preventive,P0420,Routine inspection,TECH244,Prime Motors,Air Filter,1680,6655,8335,6.0,2025-08-23,No,Pending
S00208,V0294,ESN137813,2025-10-11,Brake Service,Emergency,P0171,Battery degradation,TECH327,Kerala Truck Service,Air Filter,3143,731,3874,1.2,2026-04-09,Yes,Completed
S00209,V0003,ESN817166,2025-07-08,Oil Change,Emergency,P0012,Low oil pressure,TECH367,Kerala Truck Service,Brake Pads,4446,6657,11103,7.5,2026-01-04,No,Pending
S00210,V0231,ESN942253,2025-12-25,Brake Service,Emergency,P0171,Engine overheating,TECH247,FleetCare Kochi,Brake Pads,5069,3912,8981,7.7,2026-06-23,Yes,Completed
S00211,V0174,ESN571969,2025-12-02,Engine Diagnostics,Emergency,P0000,Low oil pressure,TECH814,Prime Motors,Coolant Hose,4717,3048,7765,1.1,2026-05-31,No,Completed
S00212,V0202,ESN276965,2025-05-13,Routine Service,Emergency,P0420,Battery degradation,TECH835,Prime Motors,Battery,4652,1482,6134,9.2,2025-11-09,No,Completed
S00213,V0333,ESN554451,2025-11-19,Engine Diagnostics,Emergency,P0000,Low oil pressure,TECH564,Kerala Truck Service,Oil Filter,3727,14205,17932,3.8,2026-05-18,Yes,Completed
S00214,V0469,ESN741416,2025-09-18,Oil Change,Preventive,P0420,Routine inspection,TECH826,Kerala Truck Service,Air Filter,908,15951,16859,2.1,2026-03-17,No,Completed
S00215,V0031,ESN421089,2025-04-04,Oil Change,Preventive,P0000,Routine inspection,TECH909,Prime Motors,Oil Filter,3157,12867,16024,3.9,2025-10-01,Yes,Pending
S00216,V0381,ESN828880,2025-02-26,Engine Diagnostics,Preventive,P0420,Battery degradation,TECH550,Prime Motors,Spark Plug,2329,4444,6773,7.6,2025-08-25,Yes,Pending
S00217,V0115,ESN649189,2025-02-13,Routine Service,Corrective,P0000,Brake wear,TECH868,AutoMind Central,Brake Pads,5083,1637,6720,7.8,2025-08-12,Yes,Completed
S00218,V0195,ESN965010,2025-08-06,Routine Service,Emergency,P0012,Brake wear,TECH296,Prime Motors,Spark Plug,4986,8317,13303,6.0,2026-02-02,No,Completed
S00219,V0276,ESN143166,2025-10-01,Battery Replacement,Corrective,P0000,Brake wear,TECH900,Prime Motors,Battery,5224,10795,16019,9.7,2026-03-30,No,Pending
S00220,V0105,ESN430403,2025-03-11,Cooling System,Preventive,P0000,Engine overheating,TECH260,Kerala Truck Service,Brake Pads,1379,5406,6785,4.9,2025-09-07,Yes,Completed
S00221,V0311,ESN133460,2025-09-12,Routine Service,Emergency,P0420,Battery degradation,TECH221,AutoMind Central,Oil Filter,4248,14057,18305,7.7,2026-03-11,No,Completed
S00222,V0300,ESN423315,2025-10-22,Cooling System,Preventive,P0012,Engine overheating,TECH208,AutoMind Central,Spark Plug,2634,15299,17933,1.1,2026-04-20,Yes,Completed
S00223,V0107,ESN542613,2025-03-13,Cooling System,Emergency,P0420,Routine inspection,TECH112,AutoMind Central,Air Filter,4750,15055,19805,3.5,2025-09-09,Yes,Completed
S00224,V0320,ESN653320,2025-07-01,Oil Change,Corrective,P0171,Engine overheating,TECH939,Prime Motors,Coolant Hose,5265,3361,8626,10.0,2025-12-28,No,Pending
S00225,V0239,ESN834863,2025-01-31,Engine Diagnostics,Corrective,P0420,Brake wear,TECH799,Prime Motors,Spark Plug,4722,2630,7352,2.8,2025-07-30,No,Completed
S00226,V0410,ESN273447,2025-12-19,Cooling System,Corrective,P0420,Engine overheating,TECH784,FleetCare Kochi,Spark Plug,3916,3633,7549,2.6,2026-06-17,Yes,Pending
S00227,V0155,ESN915907,2025-03-18,Brake Service,Corrective,P0420,Battery degradation,TECH897,Kerala Truck Service,Coolant Hose,5020,7524,12544,3.6,2025-09-14,Yes,Pending
S00228,V0195,ESN575185,2025-02-14,Battery Replacement,Corrective,P0000,Engine overheating,TECH955,Kerala Truck Service,Oil Filter,2788,14822,17610,5.6,2025-08-13,No,Pending
S00229,V0072,ESN659597,2025-07-08,Battery Replacement,Emergency,P0420,Routine inspection,TECH982,Prime Motors,Air Filter,4198,19046,23244,3.8,2026-01-04,No,Pending
S00230,V0496,ESN682027,2025-07-01,Engine Diagnostics,Preventive,P0000,Battery degradation,TECH745,FleetCare Kochi,Battery,4595,15323,19918,7.8,2025-12-28,Yes,Completed
S00231,V0028,ESN878856,2025-01-26,Oil Change,Preventive,P0171,Low oil pressure,TECH258,AutoMind Central,Spark Plug,5013,6510,11523,11.4,2025-07-25,No,Completed
S00232,V0004,ESN776002,2025-07-07,Engine Diagnostics,Corrective,P0420,Routine inspection,TECH707,Kerala Truck Service,Spark Plug,3758,5046,8804,10.1,2026-01-03,No,Pending
S00233,V0389,ESN347296,2025-05-02,Engine Diagnostics,Preventive,P0012,Engine overheating,TECH655,AutoMind Central,Spark Plug,1106,14593,15699,11.1,2025-10-29,Yes,Pending
S00234,V0078,ESN796424,2025-11-07,Brake Service,Emergency,P0171,Brake wear,TECH418,Kerala Truck Service,Brake Pads,1041,14030,15071,4.0,2026-05-06,No,Pending
S00235,V0460,ESN190158,2025-08-01,Oil Change,Corrective,P0171,Routine inspection,TECH656,Prime Motors,Battery,4736,3245,7981,6.2,2026-01-28,No,Pending
S00236,V0258,ESN381782,2025-12-21,Battery Replacement,Corrective,P0000,Routine inspection,TECH855,AutoMind Central,Air Filter,4517,16632,21149,3.3,2026-06-19,No,Completed
S00237,V0417,ESN170306,2025-07-16,Cooling System,Corrective,P0171,Low oil pressure,TECH999,Prime Motors,Air Filter,2742,11451,14193,9.2,2026-01-12,Yes,Pending
S00238,V0250,ESN790452,2025-09-02,Engine Diagnostics,Preventive,P0300,Brake wear,TECH408,Kerala Truck Service,Air Filter,5923,12475,18398,9.6,2026-03-01,No,Pending
S00239,V0490,ESN468848,2025-03-15,Cooling System,Corrective,P0012,Low oil pressure,TECH828,Prime Motors,Oil Filter,4114,13384,17498,10.3,2025-09-11,No,Completed
S00240,V0206,ESN394930,2025-01-24,Battery Replacement,Preventive,P0300,Low oil pressure,TECH210,Prime Motors,Air Filter,2348,15500,17848,11.4,2025-07-23,No,Pending
S00241,V0486,ESN221482,2025-02-03,Battery Replacement,Emergency,P0000,Routine inspection,TECH579,Prime Motors,Spark Plug,2833,2469,5302,3.6,2025-08-02,Yes,Completed
S00242,V0242,ESN893395,2025-08-10,Routine Service,Preventive,P0000,Engine overheating,TECH967,Kerala Truck Service,Oil Filter,4509,5980,10489,9.7,2026-02-06,No,Completed
S00243,V0462,ESN767888,2025-11-06,Brake Service,Preventive,P0171,Battery degradation,TECH788,Prime Motors,Brake Pads,4185,7622,11807,6.6,2026-05-05,No,Pending
S00244,V0154,ESN755768,2025-02-26,Routine Service,Preventive,P0300,Engine overheating,TECH150,AutoMind Central,Air Filter,2087,3415,5502,8.2,2025-08-25,No,Completed
S00245,V0406,ESN215317,2025-04-04,Brake Service,Emergency,P0012,Battery degradation,TECH312,FleetCare Kochi,Coolant Hose,5460,10527,15987,10.9,2025-10-01,No,Pending
S00246,V0167,ESN205153,2025-07-12,Oil Change,Preventive,P0171,Brake wear,TECH999,Kerala Truck Service,Battery,2643,18790,21433,6.4,2026-01-08,Yes,Completed
S00247,V0150,ESN218450,2025-01-28,Oil Change,Emergency,P0300,Engine overheating,TECH155,Kerala Truck Service,Air Filter,5064,5080,10144,6.1,2025-07-27,Yes,Completed
S00248,V0042,ESN510346,2025-02-09,Brake Service,Emergency,P0012,Battery degradation,TECH434,FleetCare Kochi,Spark Plug,3917,6507,10424,9.1,2025-08-08,No,Completed
S00249,V0474,ESN332889,2025-01-15,Cooling System,Corrective,P0171,Routine inspection,TECH611,Prime Motors,Battery,2536,16477,19013,1.5,2025-07-14,No,Completed
S00250,V0192,ESN155904,2025-01-12,Engine Diagnostics,Emergency,P0012,Brake wear,TECH506,Kerala Truck Service,Brake Pads,5840,6650,12490,9.4,2025-07-11,No,Completed
S00251,V0082,ESN905196,2025-02-14,Battery Replacement,Preventive,P0000,Battery degradation,TECH559,FleetCare Kochi,Air Filter,4532,13903,18435,3.1,2025-08-13,No,Pending
S00252,V0395,ESN667834,2025-05-31,Battery Replacement,Preventive,P0171,Battery degradation,TECH948,FleetCare Kochi,Spark Plug,5306,19648,24954,6.7,2025-11-27,No,Completed
S00253,V0404,ESN794700,2025-03-07,Brake Service,Corrective,P0000,Routine inspection,TECH738,AutoMind Central,Oil Filter,2233,17916,20149,3.6,2025-09-03,Yes,Completed
S00254,V0296,ESN121535,2025-10-04,Oil Change,Corrective,P0171,Brake wear,TECH617,Kerala Truck Service,Battery,3868,11867,15735,1.3,2026-04-02,Yes,Completed
S00255,V0163,ESN142258,2025-03-14,Brake Service,Corrective,P0171,Brake wear,TECH416,AutoMind Central,Air Filter,3434,13100,16534,8.1,2025-09-10,No,Pending
S00256,V0151,ESN101741,2025-12-21,Brake Service,Preventive,P0420,Low oil pressure,TECH965,FleetCare Kochi,Brake Pads,3352,5516,8868,9.7,2026-06-19,Yes,Completed
S00257,V0485,ESN269641,2025-03-29,Engine Diagnostics,Emergency,P0000,Routine inspection,TECH217,Kerala Truck Service,Battery,5089,3469,8558,2.0,2025-09-25,No,Completed
S00258,V0257,ESN923442,2025-06-25,Routine Service,Corrective,P0300,Battery degradation,TECH305,FleetCare Kochi,Brake Pads,4024,3754,7778,9.1,2025-12-22,Yes,Completed
S00259,V0129,ESN612987,2025-08-15,Routine Service,Corrective,P0420,Low oil pressure,TECH524,Prime Motors,Spark Plug,5288,19812,25100,2.4,2026-02-11,Yes,Pending
S00260,V0121,ESN688817,2025-02-05,Battery Replacement,Emergency,P0000,Routine inspection,TECH508,Prime Motors,Battery,4452,10271,14723,5.6,2025-08-04,Yes,Completed
S00261,V0110,ESN775820,2025-03-29,Brake Service,Corrective,P0000,Engine overheating,TECH647,Prime Motors,Air Filter,1139,17564,18703,11.6,2025-09-25,No,Pending
S00262,V0009,ESN257425,2025-02-11,Brake Service,Preventive,P0012,Battery degradation,TECH737,Prime Motors,Brake Pads,3181,5622,8803,8.9,2025-08-10,Yes,Pending
S00263,V0348,ESN830810,2025-06-01,Brake Service,Emergency,P0420,Brake wear,TECH149,AutoMind Central,Brake Pads,1950,5211,7161,1.7,2025-11-28,Yes,Pending
S00264,V0286,ESN530060,2025-08-27,Oil Change,Emergency,P0171,Battery degradation,TECH114,Kerala Truck Service,Oil Filter,4604,1635,6239,5.6,2026-02-23,No,Completed
S00265,V0222,ESN917519,2025-07-24,Oil Change,Emergency,P0420,Brake wear,TECH529,Kerala Truck Service,Air Filter,858,2855,3713,10.9,2026-01-20,No,Completed
S00266,V0121,ESN391647,2025-01-01,Brake Service,Corrective,P0420,Battery degradation,TECH481,FleetCare Kochi,Spark Plug,4132,9530,13662,6.0,2025-06-30,Yes,Pending
S00267,V0046,ESN855578,2025-12-09,Routine Service,Emergency,P0171,Engine overheating,TECH220,AutoMind Central,Brake Pads,4550,4903,9453,4.2,2026-06-07,No,Pending
S00268,V0031,ESN656863,2025-06-04,Oil Change,Corrective,P0000,Engine overheating,TECH729,Prime Motors,Coolant Hose,2521,7171,9692,9.5,2025-12-01,No,Completed
S00269,V0367,ESN839911,2025-08-10,Routine Service,Corrective,P0012,Routine inspection,TECH246,AutoMind Central,Battery,5616,2174,7790,1.8,2026-02-06,Yes,Pending
S00270,V0303,ESN799293,2025-05-15,Cooling System,Preventive,P0000,Battery degradation,TECH153,FleetCare Kochi,Oil Filter,3723,17469,21192,10.5,2025-11-11,Yes,Pending
S00271,V0444,ESN959481,2025-02-24,Oil Change,Preventive,P0000,Routine inspection,TECH102,Prime Motors,Air Filter,4682,11623,16305,11.9,2025-08-23,No,Pending
S00272,V0165,ESN385994,2025-02-20,Brake Service,Preventive,P0420,Brake wear,TECH368,Prime Motors,Coolant Hose,2767,894,3661,4.2,2025-08-19,Yes,Pending
S00273,V0389,ESN697099,2025-11-25,Brake Service,Corrective,P0012,Battery degradation,TECH136,AutoMind Central,Coolant Hose,1277,18400,19677,4.1,2026-05-24,No,Completed
S00274,V0221,ESN627805,2025-08-09,Engine Diagnostics,Preventive,P0171,Battery degradation,TECH446,FleetCare Kochi,Spark Plug,1302,2779,4081,4.5,2026-02-05,Yes,Pending
S00275,V0146,ESN247870,2025-12-31,Brake Service,Emergency,P0012,Low oil pressure,TECH379,Prime Motors,Air Filter,4725,16900,21625,2.7,2026-06-29,Yes,Pending
S00276,V0382,ESN749358,2025-06-03,Brake Service,Corrective,P0300,Routine inspection,TECH102,Prime Motors,Spark Plug,5688,11538,17226,5.8,2025-11-30,Yes,Pending
S00277,V0085,ESN915149,2025-01-04,Cooling System,Corrective,P0171,Engine overheating,TECH350,AutoMind Central,Oil Filter,5621,19712,25333,2.2,2025-07-03,No,Completed
S00278,V0197,ESN432477,2025-12-14,Engine Diagnostics,Preventive,P0012,Brake wear,TECH747,Kerala Truck Service,Brake Pads,2188,13458,15646,3.3,2026-06-12,Yes,Pending
S00279,V0166,ESN316846,2025-05-16,Battery Replacement,Corrective,P0171,Brake wear,TECH984,Prime Motors,Battery,2920,3076,5996,10.9,2025-11-12,No,Pending
S00280,V0323,ESN748992,2025-09-27,Engine Diagnostics,Emergency,P0171,Low oil pressure,TECH405,AutoMind Central,Brake Pads,3468,13442,16910,6.9,2026-03-26,Yes,Pending
S00281,V0253,ESN761078,2025-07-24,Routine Service,Preventive,P0420,Low oil pressure,TECH862,AutoMind Central,Spark Plug,4600,15073,19673,5.7,2026-01-20,No,Pending
S00282,V0170,ESN858040,2025-12-11,Brake Service,Preventive,P0171,Engine overheating,TECH889,Prime Motors,Coolant Hose,2265,9458,11723,10.7,2026-06-09,No,Pending
S00283,V0338,ESN325987,2025-08-10,Battery Replacement,Emergency,P0300,Routine inspection,TECH723,Kerala Truck Service,Brake Pads,5825,8026,13851,1.9,2026-02-06,No,Completed
S00284,V0491,ESN830089,2025-11-12,Routine Service,Corrective,P0000,Engine overheating,TECH609,FleetCare Kochi,Brake Pads,2494,12117,14611,7.9,2026-05-11,No,Completed
S00285,V0216,ESN814564,2025-08-05,Oil Change,Emergency,P0012,Engine overheating,TECH599,Prime Motors,Battery,3202,15192,18394,11.3,2026-02-01,No,Completed
S00286,V0329,ESN761371,2025-03-25,Brake Service,Preventive,P0000,Routine inspection,TECH486,FleetCare Kochi,Brake Pads,1944,12496,14440,5.6,2025-09-21,No,Pending
S00287,V0184,ESN139053,2025-03-11,Cooling System,Emergency,P0420,Battery degradation,TECH584,FleetCare Kochi,Spark Plug,3683,13047,16730,4.7,2025-09-07,No,Pending
S00288,V0485,ESN101022,2025-03-10,Battery Replacement,Corrective,P0000,Low oil pressure,TECH325,FleetCare Kochi,Battery,1037,3604,4641,11.8,2025-09-06,No,Completed
S00289,V0207,ESN957979,2025-12-17,Brake Service,Corrective,P0420,Brake wear,TECH330,AutoMind Central,Battery,4919,8757,13676,5.7,2026-06-15,No,Completed
S00290,V0038,ESN562906,2025-07-07,Battery Replacement,Emergency,P0420,Battery degradation,TECH816,Prime Motors,Coolant Hose,3236,6993,10229,4.6,2026-01-03,No,Completed
S00291,V0243,ESN320559,2025-07-16,Battery Replacement,Emergency,P0171,Battery degradation,TECH684,FleetCare Kochi,Spark Plug,3086,9066,12152,9.8,2026-01-12,Yes,Pending
S00292,V0244,ESN896510,2025-04-11,Battery Replacement,Preventive,P0300,Routine inspection,TECH652,Kerala Truck Service,Brake Pads,1742,8644,10386,6.4,2025-10-08,Yes,Completed
S00293,V0478,ESN535296,2025-10-31,Oil Change,Preventive,P0171,Engine overheating,TECH944,Kerala Truck Service,Oil Filter,3399,5861,9260,6.2,2026-04-29,Yes,Pending
S00294,V0170,ESN330495,2025-11-20,Engine Diagnostics,Corrective,P0000,Routine inspection,TECH378,AutoMind Central,Brake Pads,3188,17962,21150,11.6,2026-05-19,Yes,Pending
S00295,V0464,ESN924732,2025-01-24,Cooling System,Corrective,P0012,Engine overheating,TECH497,AutoMind Central,Coolant Hose,2010,4610,6620,3.5,2025-07-23,No,Completed
S00296,V0052,ESN170276,2025-10-13,Engine Diagnostics,Corrective,P0012,Brake wear,TECH497,AutoMind Central,Oil Filter,2764,15739,18503,7.8,2026-04-11,No,Completed
S00297,V0344,ESN282802,2025-08-10,Cooling System,Emergency,P0300,Routine inspection,TECH909,FleetCare Kochi,Oil Filter,5138,13256,18394,3.9,2026-02-06,No,Completed
S00298,V0489,ESN800348,2025-02-05,Brake Service,Preventive,P0171,Routine inspection,TECH264,Kerala Truck Service,Brake Pads,4823,9808,14631,5.7,2025-08-04,Yes,Completed
S00299,V0004,ESN458599,2025-03-16,Oil Change,Emergency,P0171,Brake wear,TECH842,AutoMind Central,Spark Plug,1650,5468,7118,10.3,2025-09-12,No,Completed
S00300,V0272,ESN816442,2025-06-25,Engine Diagnostics,Preventive,P0171,Routine inspection,TECH576,Prime Motors,Spark Plug,996,15783,16779,5.5,2025-12-22,No,Pending
S00301,V0199,ESN243729,2025-03-15,Routine Service,Corrective,P0012,Battery degradation,TECH793,Prime Motors,Oil Filter,2711,13461,16172,6.0,2025-09-11,Yes,Completed
S00302,V0475,ESN956637,2025-07-23,Routine Service,Corrective,P0000,Routine inspection,TECH866,Kerala Truck Service,Spark Plug,1426,2264,3690,8.0,2026-01-19,No,Pending
S00303,V0389,ESN497003,2025-04-30,Cooling System,Corrective,P0171,Routine inspection,TECH972,FleetCare Kochi,Oil Filter,2796,514,3310,4.7,2025-10-27,No,Completed
S00304,V0430,ESN758507,2025-03-30,Engine Diagnostics,Preventive,P0171,Engine overheating,TECH998,FleetCare Kochi,Spark Plug,1585,16850,18435,2.4,2025-09-26,Yes,Pending
S00305,V0315,ESN411531,2025-09-17,Oil Change,Preventive,P0171,Battery degradation,TECH785,AutoMind Central,Battery,3859,10125,13984,5.3,2026-03-16,No,Pending
S00306,V0386,ESN535830,2025-04-24,Routine Service,Preventive,P0012,Routine inspection,TECH105,FleetCare Kochi,Brake Pads,830,5128,5958,1.9,2025-10-21,Yes,Pending
S00307,V0286,ESN895631,2025-08-07,Routine Service,Corrective,P0000,Engine overheating,TECH790,Kerala Truck Service,Coolant Hose,3283,1871,5154,10.9,2026-02-03,No,Completed
S00308,V0084,ESN522122,2025-12-23,Engine Diagnostics,Emergency,P0420,Battery degradation,TECH429,FleetCare Kochi,Battery,3196,1804,5000,2.8,2026-06-21,Yes,Completed
S00309,V0050,ESN285059,2025-01-06,Engine Diagnostics,Preventive,P0171,Routine inspection,TECH486,Kerala Truck Service,Spark Plug,1783,3645,5428,7.7,2025-07-05,Yes,Completed
S00310,V0444,ESN232203,2025-10-10,Cooling System,Preventive,P0000,Routine inspection,TECH118,FleetCare Kochi,Air Filter,3448,9697,13145,10.3,2026-04-08,Yes,Pending
S00311,V0288,ESN143861,2025-08-06,Oil Change,Corrective,P0012,Engine overheating,TECH727,Prime Motors,Brake Pads,5991,14921,20912,5.4,2026-02-02,No,Completed
S00312,V0492,ESN206319,2025-12-06,Cooling System,Emergency,P0012,Routine inspection,TECH316,FleetCare Kochi,Brake Pads,919,19247,20166,7.9,2026-06-04,Yes,Pending
S00313,V0419,ESN923459,2025-08-16,Brake Service,Preventive,P0171,Engine overheating,TECH599,Prime Motors,Battery,3496,18839,22335,9.9,2026-02-12,Yes,Completed
S00314,V0344,ESN914042,2025-12-11,Cooling System,Preventive,P0012,Brake wear,TECH935,AutoMind Central,Coolant Hose,3495,12379,15874,1.8,2026-06-09,Yes,Pending
S00315,V0285,ESN308649,2025-12-24,Routine Service,Corrective,P0012,Battery degradation,TECH198,Prime Motors,Spark Plug,4701,14590,19291,10.3,2026-06-22,Yes,Completed
S00316,V0048,ESN339344,2025-12-05,Routine Service,Emergency,P0171,Low oil pressure,TECH799,FleetCare Kochi,Battery,2426,8954,11380,6.6,2026-06-03,No,Completed
S00317,V0126,ESN143259,2025-09-02,Cooling System,Emergency,P0420,Brake wear,TECH707,AutoMind Central,Coolant Hose,5742,15002,20744,7.4,2026-03-01,No,Pending
S00318,V0085,ESN531146,2025-06-30,Brake Service,Preventive,P0171,Routine inspection,TECH680,FleetCare Kochi,Spark Plug,5730,2946,8676,9.9,2025-12-27,Yes,Pending
S00319,V0087,ESN214636,2025-02-18,Brake Service,Preventive,P0012,Routine inspection,TECH621,FleetCare Kochi,Oil Filter,2705,15599,18304,3.7,2025-08-17,No,Pending
S00320,V0080,ESN121759,2025-01-20,Engine Diagnostics,Emergency,P0300,Battery degradation,TECH293,AutoMind Central,Coolant Hose,5447,4125,9572,3.1,2025-07-19,Yes,Completed
S00321,V0315,ESN651494,2025-08-10,Routine Service,Corrective,P0300,Routine inspection,TECH373,FleetCare Kochi,Air Filter,4190,17138,21328,2.0,2026-02-06,No,Pending
S00322,V0451,ESN860177,2025-07-13,Brake Service,Emergency,P0000,Engine overheating,TECH950,FleetCare Kochi,Brake Pads,2615,2936,5551,9.2,2026-01-09,Yes,Completed
S00323,V0091,ESN836196,2025-05-03,Engine Diagnostics,Corrective,P0300,Brake wear,TECH909,Prime Motors,Air Filter,3949,13543,17492,1.4,2025-10-30,No,Completed
S00324,V0166,ESN931997,2025-08-28,Engine Diagnostics,Corrective,P0012,Battery degradation,TECH363,AutoMind Central,Brake Pads,5400,9308,14708,4.0,2026-02-24,Yes,Pending
S00325,V0332,ESN844659,2025-07-10,Routine Service,Preventive,P0171,Routine inspection,TECH536,Kerala Truck Service,Air Filter,4210,506,4716,10.3,2026-01-06,No,Completed
S00326,V0009,ESN771305,2025-05-28,Cooling System,Preventive,P0171,Routine inspection,TECH838,Prime Motors,Battery,3755,4183,7938,2.4,2025-11-24,No,Completed
S00327,V0166,ESN392249,2025-05-31,Battery Replacement,Emergency,P0420,Low oil pressure,TECH777,AutoMind Central,Air Filter,5495,4095,9590,7.9,2025-11-27,No,Pending
S00328,V0001,ESN270252,2025-12-16,Brake Service,Emergency,P0171,Brake wear,TECH447,Prime Motors,Oil Filter,5314,15770,21084,1.7,2026-06-14,No,Pending
S00329,V0028,ESN464576,2025-07-09,Routine Service,Emergency,P0000,Brake wear,TECH428,FleetCare Kochi,Battery,2142,15398,17540,9.7,2026-01-05,No,Pending
S00330,V0332,ESN265890,2025-01-12,Battery Replacement,Corrective,P0012,Battery degradation,TECH197,AutoMind Central,Oil Filter,997,2306,3303,11.9,2025-07-11,No,Pending
S00331,V0325,ESN447336,2025-02-03,Engine Diagnostics,Preventive,P0300,Brake wear,TECH447,Kerala Truck Service,Coolant Hose,5708,850,6558,7.4,2025-08-02,No,Pending
S00332,V0239,ESN695143,2025-10-05,Brake Service,Preventive,P0171,Engine overheating,TECH495,FleetCare Kochi,Oil Filter,2561,19226,21787,8.0,2026-04-03,Yes,Completed
S00333,V0289,ESN129381,2025-09-25,Brake Service,Corrective,P0012,Low oil pressure,TECH510,FleetCare Kochi,Spark Plug,2587,10995,13582,4.3,2026-03-24,Yes,Pending
S00334,V0398,ESN205992,2025-02-23,Brake Service,Corrective,P0420,Low oil pressure,TECH629,FleetCare Kochi,Brake Pads,3308,15458,18766,2.8,2025-08-22,No,Completed
S00335,V0267,ESN219246,2025-04-04,Battery Replacement,Preventive,P0300,Battery degradation,TECH217,AutoMind Central,Air Filter,1490,9978,11468,11.5,2025-10-01,No,Completed
S00336,V0312,ESN281632,2025-07-03,Cooling System,Preventive,P0171,Brake wear,TECH119,AutoMind Central,Brake Pads,2664,15915,18579,4.0,2025-12-30,Yes,Pending
S00337,V0289,ESN313621,2025-01-15,Engine Diagnostics,Corrective,P0171,Engine overheating,TECH109,Kerala Truck Service,Brake Pads,4640,12321,16961,11.1,2025-07-14,Yes,Completed
S00338,V0486,ESN477186,2025-11-20,Oil Change,Preventive,P0012,Low oil pressure,TECH854,FleetCare Kochi,Air Filter,5896,19875,25771,6.7,2026-05-19,Yes,Completed
S00339,V0299,ESN111298,2025-01-24,Routine Service,Emergency,P0012,Low oil pressure,TECH864,FleetCare Kochi,Brake Pads,3411,2939,6350,1.2,2025-07-23,No,Completed
S00340,V0324,ESN238119,2025-02-17,Routine Service,Emergency,P0000,Brake wear,TECH685,AutoMind Central,Brake Pads,4006,19074,23080,6.3,2025-08-16,Yes,Pending
S00341,V0238,ESN258341,2025-11-06,Routine Service,Emergency,P0300,Brake wear,TECH772,AutoMind Central,Spark Plug,2298,17907,20205,11.7,2026-05-05,No,Completed
S00342,V0310,ESN730098,2025-01-12,Oil Change,Corrective,P0300,Engine overheating,TECH108,Prime Motors,Spark Plug,2901,18949,21850,7.5,2025-07-11,Yes,Pending
S00343,V0359,ESN512330,2025-05-25,Battery Replacement,Emergency,P0012,Engine overheating,TECH444,Kerala Truck Service,Battery,4793,19179,23972,5.4,2025-11-21,No,Pending
S00344,V0475,ESN753523,2025-10-16,Cooling System,Emergency,P0000,Low oil pressure,TECH828,Prime Motors,Oil Filter,1860,4498,6358,8.6,2026-04-14,Yes,Pending
S00345,V0385,ESN992665,2025-09-30,Engine Diagnostics,Preventive,P0171,Routine inspection,TECH557,AutoMind Central,Battery,5651,17347,22998,10.9,2026-03-29,Yes,Pending
S00346,V0294,ESN706386,2025-09-20,Routine Service,Emergency,P0420,Routine inspection,TECH181,Kerala Truck Service,Battery,4155,7805,11960,5.5,2026-03-19,Yes,Completed
S00347,V0344,ESN435712,2025-05-15,Cooling System,Emergency,P0171,Engine overheating,TECH728,FleetCare Kochi,Coolant Hose,1429,18812,20241,10.5,2025-11-11,No,Pending
S00348,V0236,ESN629705,2025-04-06,Oil Change,Emergency,P0420,Routine inspection,TECH844,Kerala Truck Service,Oil Filter,5857,14988,20845,5.8,2025-10-03,No,Pending
S00349,V0379,ESN780882,2025-12-16,Engine Diagnostics,Emergency,P0000,Routine inspection,TECH215,Kerala Truck Service,Coolant Hose,2257,17965,20222,7.0,2026-06-14,Yes,Pending
S00350,V0418,ESN970328,2025-11-09,Cooling System,Preventive,P0012,Routine inspection,TECH246,Prime Motors,Brake Pads,2065,4273,6338,8.6,2026-05-08,No,Completed
S00351,V0446,ESN779859,2025-08-03,Oil Change,Emergency,P0171,Battery degradation,TECH678,FleetCare Kochi,Coolant Hose,4641,6026,10667,2.6,2026-01-30,No,Pending
S00352,V0097,ESN950482,2025-05-05,Oil Change,Preventive,P0000,Battery degradation,TECH378,Prime Motors,Spark Plug,4830,3324,8154,10.6,2025-11-01,No,Pending
S00353,V0395,ESN443814,2025-03-16,Battery Replacement,Preventive,P0000,Brake wear,TECH127,FleetCare Kochi,Brake Pads,1524,6152,7676,7.2,2025-09-12,No,Completed
S00354,V0129,ESN971565,2025-11-24,Routine Service,Preventive,P0420,Low oil pressure,TECH774,Prime Motors,Oil Filter,1611,7896,9507,8.5,2026-05-23,No,Pending
S00355,V0299,ESN259093,2025-07-19,Routine Service,Corrective,P0420,Engine overheating,TECH420,Kerala Truck Service,Spark Plug,5760,3279,9039,10.1,2026-01-15,Yes,Completed
S00356,V0432,ESN821664,2025-05-07,Engine Diagnostics,Corrective,P0012,Engine overheating,TECH351,Prime Motors,Coolant Hose,2178,6278,8456,10.6,2025-11-03,No,Pending
S00357,V0054,ESN666269,2025-09-30,Routine Service,Corrective,P0300,Engine overheating,TECH128,FleetCare Kochi,Brake Pads,5307,13841,19148,4.2,2026-03-29,No,Completed
S00358,V0052,ESN482175,2025-06-06,Routine Service,Emergency,P0420,Routine inspection,TECH578,Prime Motors,Brake Pads,1994,7161,9155,3.5,2025-12-03,Yes,Pending
S00359,V0049,ESN937205,2025-05-02,Battery Replacement,Corrective,P0300,Routine inspection,TECH425,Prime Motors,Brake Pads,3553,15773,19326,1.1,2025-10-29,No,Pending
S00360,V0376,ESN650584,2025-10-26,Routine Service,Corrective,P0171,Low oil pressure,TECH905,Prime Motors,Battery,3242,13414,16656,4.6,2026-04-24,Yes,Completed
S00361,V0093,ESN504412,2025-12-18,Battery Replacement,Corrective,P0000,Engine overheating,TECH537,Kerala Truck Service,Spark Plug,2129,8353,10482,5.1,2026-06-16,Yes,Pending
S00362,V0441,ESN289790,2025-12-20,Brake Service,Emergency,P0012,Brake wear,TECH980,AutoMind Central,Spark Plug,1324,12962,14286,5.3,2026-06-18,Yes,Pending
S00363,V0062,ESN211722,2025-02-24,Routine Service,Preventive,P0300,Engine overheating,TECH300,FleetCare Kochi,Spark Plug,4423,17006,21429,11.7,2025-08-23,Yes,Pending
S00364,V0295,ESN781933,2025-03-13,Oil Change,Emergency,P0000,Engine overheating,TECH528,AutoMind Central,Battery,2440,14699,17139,5.9,2025-09-09,Yes,Pending
S00365,V0247,ESN255419,2025-05-04,Oil Change,Preventive,P0171,Battery degradation,TECH599,Prime Motors,Air Filter,1250,15594,16844,10.0,2025-10-31,No,Pending
S00366,V0085,ESN229554,2025-05-28,Oil Change,Preventive,P0420,Low oil pressure,TECH315,FleetCare Kochi,Spark Plug,5357,8596,13953,7.5,2025-11-24,No,Completed
S00367,V0133,ESN963587,2025-11-02,Routine Service,Preventive,P0012,Brake wear,TECH928,Prime Motors,Air Filter,3613,6330,9943,10.0,2026-05-01,Yes,Pending
S00368,V0398,ESN640391,2025-02-21,Battery Replacement,Preventive,P0420,Low oil pressure,TECH269,Kerala Truck Service,Brake Pads,4114,2413,6527,8.7,2025-08-20,Yes,Pending
S00369,V0272,ESN875379,2025-03-07,Engine Diagnostics,Corrective,P0000,Battery degradation,TECH570,AutoMind Central,Air Filter,5762,5034,10796,1.6,2025-09-03,Yes,Completed
S00370,V0012,ESN182380,2025-08-30,Engine Diagnostics,Preventive,P0420,Brake wear,TECH431,AutoMind Central,Brake Pads,3675,5111,8786,11.6,2026-02-26,No,Completed
S00371,V0052,ESN370788,2025-12-16,Cooling System,Preventive,P0000,Routine inspection,TECH142,FleetCare Kochi,Air Filter,5791,11644,17435,10.8,2026-06-14,Yes,Completed
S00372,V0469,ESN112868,2025-10-14,Oil Change,Corrective,P0420,Engine overheating,TECH711,FleetCare Kochi,Oil Filter,5212,731,5943,2.4,2026-04-12,Yes,Completed
S00373,V0256,ESN260155,2025-11-25,Cooling System,Emergency,P0420,Routine inspection,TECH214,AutoMind Central,Coolant Hose,3987,18490,22477,7.3,2026-05-24,Yes,Pending
S00374,V0209,ESN694525,2025-03-21,Brake Service,Corrective,P0300,Low oil pressure,TECH908,Prime Motors,Spark Plug,3361,16469,19830,4.4,2025-09-17,Yes,Pending
S00375,V0333,ESN262160,2025-07-01,Routine Service,Preventive,P0300,Low oil pressure,TECH881,AutoMind Central,Spark Plug,3694,14968,18662,7.2,2025-12-28,Yes,Completed
S00376,V0383,ESN400974,2025-11-19,Brake Service,Corrective,P0000,Low oil pressure,TECH887,FleetCare Kochi,Battery,1573,18200,19773,8.2,2026-05-18,Yes,Completed
S00377,V0027,ESN791738,2025-08-28,Oil Change,Emergency,P0171,Low oil pressure,TECH650,AutoMind Central,Air Filter,2310,16157,18467,11.2,2026-02-24,Yes,Pending
S00378,V0275,ESN800058,2025-08-30,Cooling System,Emergency,P0012,Battery degradation,TECH268,FleetCare Kochi,Coolant Hose,5546,13705,19251,7.7,2026-02-26,No,Completed
S00379,V0266,ESN691570,2025-12-24,Engine Diagnostics,Emergency,P0171,Battery degradation,TECH292,FleetCare Kochi,Oil Filter,5969,18080,24049,11.4,2026-06-22,Yes,Pending
S00380,V0012,ESN285390,2025-09-18,Engine Diagnostics,Corrective,P0420,Low oil pressure,TECH334,FleetCare Kochi,Oil Filter,2565,15186,17751,5.2,2026-03-17,Yes,Completed
S00381,V0336,ESN751171,2025-04-16,Engine Diagnostics,Emergency,P0171,Low oil pressure,TECH688,AutoMind Central,Spark Plug,5885,15313,21198,5.0,2025-10-13,Yes,Completed
S00382,V0086,ESN349432,2025-03-22,Oil Change,Corrective,P0012,Engine overheating,TECH453,FleetCare Kochi,Coolant Hose,2302,10281,12583,2.5,2025-09-18,No,Pending
S00383,V0394,ESN926256,2025-02-02,Brake Service,Corrective,P0300,Brake wear,TECH711,AutoMind Central,Battery,1294,3163,4457,1.6,2025-08-01,Yes,Pending
S00384,V0005,ESN913115,2025-03-17,Oil Change,Corrective,P0000,Low oil pressure,TECH839,AutoMind Central,Battery,4335,9072,13407,7.4,2025-09-13,Yes,Pending
S00385,V0156,ESN376763,2025-10-14,Brake Service,Preventive,P0000,Engine overheating,TECH813,Kerala Truck Service,Oil Filter,3260,13073,16333,10.3,2026-04-12,Yes,Completed
S00386,V0271,ESN863110,2025-01-07,Cooling System,Preventive,P0300,Low oil pressure,TECH400,Prime Motors,Spark Plug,3472,12396,15868,3.9,2025-07-06,Yes,Pending
S00387,V0166,ESN686224,2025-08-28,Battery Replacement,Preventive,P0012,Brake wear,TECH248,AutoMind Central,Air Filter,1135,11684,12819,7.4,2026-02-24,No,Completed
S00388,V0359,ESN440965,2025-09-07,Oil Change,Preventive,P0300,Low oil pressure,TECH525,FleetCare Kochi,Air Filter,4652,1608,6260,11.6,2026-03-06,No,Pending
S00389,V0164,ESN783160,2025-01-27,Routine Service,Preventive,P0420,Engine overheating,TECH269,FleetCare Kochi,Spark Plug,4018,4163,8181,9.5,2025-07-26,Yes,Completed
S00390,V0177,ESN274768,2025-12-08,Routine Service,Preventive,P0000,Brake wear,TECH727,Prime Motors,Spark Plug,4210,13304,17514,2.2,2026-06-06,Yes,Pending
S00391,V0134,ESN794941,2025-10-31,Oil Change,Emergency,P0000,Battery degradation,TECH899,Prime Motors,Oil Filter,4311,14307,18618,3.4,2026-04-29,Yes,Completed
S00392,V0059,ESN240327,2025-05-25,Cooling System,Preventive,P0012,Battery degradation,TECH183,FleetCare Kochi,Oil Filter,3052,13702,16754,2.8,2025-11-21,No,Completed
S00393,V0460,ESN519574,2025-03-24,Cooling System,Emergency,P0171,Routine inspection,TECH743,AutoMind Central,Brake Pads,1081,764,1845,9.2,2025-09-20,Yes,Completed
S00394,V0407,ESN357411,2025-09-08,Routine Service,Preventive,P0012,Routine inspection,TECH142,Prime Motors,Brake Pads,4778,12166,16944,11.2,2026-03-07,No,Pending
S00395,V0450,ESN617694,2025-05-29,Cooling System,Emergency,P0171,Engine overheating,TECH134,AutoMind Central,Battery,3360,18092,21452,1.1,2025-11-25,No,Completed
S00396,V0067,ESN838434,2025-04-06,Routine Service,Emergency,P0012,Low oil pressure,TECH897,Prime Motors,Battery,2197,10713,12910,9.1,2025-10-03,Yes,Pending
S00397,V0324,ESN522535,2025-04-12,Routine Service,Emergency,P0012,Brake wear,TECH806,AutoMind Central,Air Filter,1897,9410,11307,2.6,2025-10-09,No,Pending
S00398,V0085,ESN596311,2025-02-23,Engine Diagnostics,Emergency,P0420,Brake wear,TECH337,Prime Motors,Oil Filter,1810,19218,21028,9.3,2025-08-22,No,Pending
S00399,V0169,ESN198556,2025-11-15,Routine Service,Corrective,P0300,Engine overheating,TECH526,AutoMind Central,Air Filter,2170,11309,13479,5.1,2026-05-14,No,Pending
S00400,V0242,ESN968393,2025-08-09,Oil Change,Corrective,P0171,Battery degradation,TECH206,AutoMind Central,Battery,918,659,1577,7.7,2026-02-05,Yes,Completed
S00401,V0222,ESN700660,2025-06-21,Engine Diagnostics,Emergency,P0171,Engine overheating,TECH166,AutoMind Central,Spark Plug,3414,18917,22331,7.6,2025-12-18,Yes,Completed
S00402,V0402,ESN487380,2025-07-06,Brake Service,Preventive,P0000,Engine overheating,TECH869,Prime Motors,Battery,5671,5038,10709,2.8,2026-01-02,No,Completed
S00403,V0123,ESN562516,2025-04-10,Oil Change,Emergency,P0300,Engine overheating,TECH797,AutoMind Central,Oil Filter,2834,7404,10238,3.3,2025-10-07,No,Completed
S00404,V0220,ESN266901,2025-07-19,Cooling System,Corrective,P0012,Low oil pressure,TECH303,Kerala Truck Service,Oil Filter,4207,1862,6069,1.4,2026-01-15,No,Completed
S00405,V0259,ESN858480,2025-02-04,Cooling System,Emergency,P0171,Routine inspection,TECH239,FleetCare Kochi,Brake Pads,4684,11191,15875,7.9,2025-08-03,Yes,Completed
S00406,V0220,ESN952966,2025-03-27,Battery Replacement,Corrective,P0000,Battery degradation,TECH213,Kerala Truck Service,Battery,1834,842,2676,7.6,2025-09-23,No,Pending
S00407,V0099,ESN618989,2025-12-30,Brake Service,Corrective,P0300,Low oil pressure,TECH716,AutoMind Central,Brake Pads,2812,6183,8995,8.8,2026-06-28,Yes,Completed
S00408,V0349,ESN751661,2025-06-22,Brake Service,Emergency,P0171,Engine overheating,TECH374,Kerala Truck Service,Battery,832,16949,17781,3.6,2025-12-19,Yes,Completed
S00409,V0069,ESN799162,2025-11-09,Battery Replacement,Emergency,P0420,Engine overheating,TECH550,FleetCare Kochi,Battery,1575,16521,18096,7.7,2026-05-08,Yes,Completed
S00410,V0423,ESN566093,2025-01-08,Cooling System,Emergency,P0300,Engine overheating,TECH458,Prime Motors,Coolant Hose,3519,9264,12783,2.7,2025-07-07,No,Completed
S00411,V0325,ESN878267,2025-03-18,Routine Service,Preventive,P0300,Engine overheating,TECH500,FleetCare Kochi,Oil Filter,2010,18600,20610,7.1,2025-09-14,Yes,Completed
S00412,V0465,ESN266387,2025-06-26,Engine Diagnostics,Preventive,P0300,Low oil pressure,TECH889,FleetCare Kochi,Air Filter,5545,6937,12482,2.9,2025-12-23,Yes,Pending
S00413,V0178,ESN928653,2025-10-28,Brake Service,Preventive,P0012,Routine inspection,TECH249,FleetCare Kochi,Battery,2161,7581,9742,9.6,2026-04-26,Yes,Completed
S00414,V0011,ESN874358,2025-01-06,Oil Change,Preventive,P0300,Engine overheating,TECH347,Kerala Truck Service,Coolant Hose,909,2235,3144,2.8,2025-07-05,Yes,Completed
S00415,V0026,ESN924568,2025-12-11,Brake Service,Preventive,P0300,Low oil pressure,TECH407,Kerala Truck Service,Spark Plug,3811,17377,21188,4.1,2026-06-09,No,Pending
S00416,V0479,ESN345233,2025-10-28,Battery Replacement,Corrective,P0300,Battery degradation,TECH353,Kerala Truck Service,Air Filter,5951,9238,15189,5.8,2026-04-26,Yes,Completed
S00417,V0365,ESN959460,2025-03-20,Routine Service,Preventive,P0012,Engine overheating,TECH849,FleetCare Kochi,Oil Filter,1358,6420,7778,10.2,2025-09-16,Yes,Pending
S00418,V0188,ESN219243,2025-06-12,Brake Service,Preventive,P0012,Routine inspection,TECH960,Kerala Truck Service,Brake Pads,5181,15937,21118,10.5,2025-12-09,No,Pending
S00419,V0151,ESN698834,2025-04-13,Oil Change,Preventive,P0420,Low oil pressure,TECH309,Kerala Truck Service,Brake Pads,4346,13134,17480,5.5,2025-10-10,No,Completed
S00420,V0224,ESN569925,2025-04-04,Battery Replacement,Corrective,P0420,Brake wear,TECH701,AutoMind Central,Brake Pads,2823,19944,22767,6.0,2025-10-01,Yes,Pending
S00421,V0111,ESN209019,2025-04-21,Cooling System,Corrective,P0012,Low oil pressure,TECH717,AutoMind Central,Spark Plug,3644,6417,10061,10.3,2025-10-18,No,Pending
S00422,V0349,ESN753681,2025-02-27,Engine Diagnostics,Corrective,P0300,Battery degradation,TECH856,Prime Motors,Spark Plug,2211,17473,19684,8.0,2025-08-26,No,Completed
S00423,V0059,ESN641215,2025-03-15,Routine Service,Preventive,P0171,Brake wear,TECH585,Prime Motors,Oil Filter,4083,5862,9945,6.3,2025-09-11,Yes,Completed
S00424,V0423,ESN979574,2025-01-29,Routine Service,Corrective,P0300,Low oil pressure,TECH607,AutoMind Central,Oil Filter,3609,7149,10758,6.5,2025-07-28,Yes,Pending
S00425,V0326,ESN998358,2025-10-21,Battery Replacement,Preventive,P0420,Battery degradation,TECH671,AutoMind Central,Coolant Hose,4481,16762,21243,9.4,2026-04-19,Yes,Completed
S00426,V0280,ESN254317,2025-09-24,Cooling System,Emergency,P0012,Brake wear,TECH294,FleetCare Kochi,Oil Filter,2766,542,3308,11.0,2026-03-23,No,Pending
S00427,V0289,ESN795604,2025-12-20,Oil Change,Emergency,P0012,Low oil pressure,TECH442,Prime Motors,Battery,4705,1798,6503,9.5,2026-06-18,Yes,Completed
S00428,V0241,ESN553491,2025-10-25,Brake Service,Preventive,P0012,Engine overheating,TECH999,FleetCare Kochi,Battery,2414,17474,19888,11.0,2026-04-23,Yes,Completed
S00429,V0069,ESN730373,2025-01-25,Engine Diagnostics,Emergency,P0012,Brake wear,TECH736,AutoMind Central,Spark Plug,4196,15525,19721,6.3,2025-07-24,No,Pending
S00430,V0421,ESN558257,2025-01-08,Battery Replacement,Preventive,P0171,Routine inspection,TECH425,AutoMind Central,Oil Filter,3370,13137,16507,2.9,2025-07-07,No,Completed
S00431,V0113,ESN409119,2025-04-03,Battery Replacement,Corrective,P0171,Low oil pressure,TECH745,Prime Motors,Oil Filter,5035,9792,14827,2.4,2025-09-30,No,Pending
S00432,V0109,ESN809226,2025-10-03,Oil Change,Preventive,P0000,Low oil pressure,TECH508,FleetCare Kochi,Coolant Hose,2604,4667,7271,1.1,2026-04-01,Yes,Pending
S00433,V0401,ESN306611,2025-06-25,Routine Service,Corrective,P0012,Battery degradation,TECH787,Kerala Truck Service,Spark Plug,4587,501,5088,7.7,2025-12-22,No,Completed
S00434,V0432,ESN172333,2025-02-01,Engine Diagnostics,Preventive,P0171,Brake wear,TECH682,AutoMind Central,Oil Filter,1335,9958,11293,6.5,2025-07-31,Yes,Completed
S00435,V0387,ESN757406,2025-06-28,Engine Diagnostics,Emergency,P0171,Brake wear,TECH824,FleetCare Kochi,Coolant Hose,5302,19933,25235,5.1,2025-12-25,No,Pending
S00436,V0429,ESN829856,2025-07-10,Battery Replacement,Emergency,P0420,Routine inspection,TECH832,FleetCare Kochi,Spark Plug,2110,3380,5490,9.0,2026-01-06,No,Completed
S00437,V0258,ESN114884,2025-01-13,Cooling System,Corrective,P0171,Battery degradation,TECH217,Kerala Truck Service,Coolant Hose,2597,11042,13639,10.8,2025-07-12,Yes,Pending
S00438,V0205,ESN703534,2025-06-14,Battery Replacement,Emergency,P0012,Low oil pressure,TECH147,FleetCare Kochi,Oil Filter,4200,10604,14804,1.8,2025-12-11,No,Completed
S00439,V0134,ESN806690,2025-01-18,Oil Change,Corrective,P0000,Brake wear,TECH297,Prime Motors,Spark Plug,3993,3628,7621,10.9,2025-07-17,No,Pending
S00440,V0238,ESN824159,2025-07-15,Battery Replacement,Emergency,P0420,Brake wear,TECH130,FleetCare Kochi,Brake Pads,1832,18385,20217,8.6,2026-01-11,No,Completed
S00441,V0452,ESN974697,2025-01-06,Brake Service,Preventive,P0171,Low oil pressure,TECH195,Prime Motors,Brake Pads,5446,14631,20077,9.5,2025-07-05,No,Completed
S00442,V0214,ESN850703,2025-04-24,Oil Change,Preventive,P0000,Battery degradation,TECH318,Prime Motors,Brake Pads,4912,11896,16808,1.6,2025-10-21,Yes,Pending
S00443,V0403,ESN141329,2025-12-05,Routine Service,Emergency,P0000,Battery degradation,TECH426,Kerala Truck Service,Oil Filter,4329,7933,12262,1.5,2026-06-03,No,Completed
S00444,V0073,ESN481934,2025-06-03,Cooling System,Corrective,P0420,Engine overheating,TECH625,Kerala Truck Service,Air Filter,4318,19900,24218,9.7,2025-11-30,Yes,Pending
S00445,V0139,ESN984278,2025-07-10,Brake Service,Emergency,P0171,Engine overheating,TECH147,Prime Motors,Air Filter,2541,14337,16878,4.5,2026-01-06,No,Completed
S00446,V0440,ESN950136,2025-11-27,Cooling System,Corrective,P0000,Engine overheating,TECH965,Kerala Truck Service,Air Filter,5557,2043,7600,6.9,2026-05-26,Yes,Completed
S00447,V0077,ESN183095,2025-03-24,Brake Service,Preventive,P0171,Brake wear,TECH703,AutoMind Central,Battery,837,3365,4202,2.8,2025-09-20,No,Pending
S00448,V0420,ESN336350,2025-11-08,Oil Change,Preventive,P0300,Engine overheating,TECH186,AutoMind Central,Oil Filter,5949,14924,20873,1.9,2026-05-07,Yes,Completed
S00449,V0190,ESN918756,2025-03-15,Cooling System,Emergency,P0300,Engine overheating,TECH620,FleetCare Kochi,Oil Filter,874,3105,3979,4.4,2025-09-11,Yes,Pending
S00450,V0173,ESN401954,2025-02-07,Brake Service,Preventive,P0171,Routine inspection,TECH549,AutoMind Central,Spark Plug,3939,9725,13664,11.7,2025-08-06,Yes,Pending
S00451,V0042,ESN641042,2025-12-19,Cooling System,Emergency,P0420,Routine inspection,TECH913,Kerala Truck Service,Oil Filter,2531,15200,17731,7.0,2026-06-17,No,Completed
S00452,V0175,ESN123278,2025-12-31,Oil Change,Emergency,P0300,Brake wear,TECH353,Kerala Truck Service,Brake Pads,5001,17557,22558,11.2,2026-06-29,No,Completed
S00453,V0208,ESN773851,2025-01-10,Routine Service,Preventive,P0012,Routine inspection,TECH931,AutoMind Central,Spark Plug,1516,15996,17512,9.9,2025-07-09,Yes,Pending
S00454,V0370,ESN970738,2025-04-05,Engine Diagnostics,Preventive,P0012,Battery degradation,TECH481,Kerala Truck Service,Air Filter,4728,18353,23081,8.1,2025-10-02,No,Pending
S00455,V0052,ESN903181,2025-10-17,Engine Diagnostics,Emergency,P0000,Routine inspection,TECH208,Kerala Truck Service,Brake Pads,1568,11659,13227,3.4,2026-04-15,No,Pending
S00456,V0048,ESN405852,2025-01-06,Oil Change,Preventive,P0171,Routine inspection,TECH504,FleetCare Kochi,Oil Filter,3770,6802,10572,3.5,2025-07-05,Yes,Pending
S00457,V0238,ESN201813,2025-05-22,Brake Service,Emergency,P0000,Battery degradation,TECH924,Prime Motors,Oil Filter,1957,12279,14236,1.1,2025-11-18,No,Completed
S00458,V0345,ESN499139,2025-12-07,Routine Service,Preventive,P0012,Engine overheating,TECH786,AutoMind Central,Battery,2786,15031,17817,2.6,2026-06-05,No,Pending
S00459,V0410,ESN485801,2025-11-15,Cooling System,Preventive,P0300,Engine overheating,TECH808,Prime Motors,Coolant Hose,1744,4722,6466,5.8,2026-05-14,Yes,Pending
S00460,V0159,ESN543634,2025-10-19,Cooling System,Preventive,P0171,Engine overheating,TECH164,Prime Motors,Oil Filter,3721,17548,21269,2.3,2026-04-17,Yes,Pending
S00461,V0003,ESN801214,2025-01-15,Cooling System,Emergency,P0300,Low oil pressure,TECH299,Kerala Truck Service,Air Filter,2448,13294,15742,8.2,2025-07-14,Yes,Pending
S00462,V0219,ESN301147,2025-09-14,Cooling System,Emergency,P0000,Battery degradation,TECH539,Prime Motors,Oil Filter,1854,9428,11282,9.8,2026-03-13,No,Completed
S00463,V0374,ESN799464,2025-07-12,Engine Diagnostics,Emergency,P0420,Routine inspection,TECH722,Kerala Truck Service,Spark Plug,1469,4225,5694,1.3,2026-01-08,Yes,Completed
S00464,V0090,ESN204013,2025-04-17,Cooling System,Emergency,P0420,Low oil pressure,TECH838,AutoMind Central,Air Filter,2436,4127,6563,4.9,2025-10-14,Yes,Pending
S00465,V0392,ESN228962,2025-03-10,Oil Change,Corrective,P0000,Low oil pressure,TECH474,Kerala Truck Service,Oil Filter,3683,3502,7185,4.9,2025-09-06,No,Completed
S00466,V0232,ESN974465,2025-09-02,Routine Service,Preventive,P0300,Engine overheating,TECH445,Prime Motors,Spark Plug,5393,4495,9888,2.8,2026-03-01,No,Pending
S00467,V0474,ESN470275,2025-06-25,Cooling System,Preventive,P0012,Low oil pressure,TECH928,AutoMind Central,Air Filter,5062,15692,20754,3.9,2025-12-22,No,Pending
S00468,V0285,ESN461840,2025-10-01,Oil Change,Emergency,P0171,Low oil pressure,TECH218,Prime Motors,Air Filter,4588,12377,16965,6.8,2026-03-30,No,Pending
S00469,V0245,ESN180267,2025-09-19,Oil Change,Preventive,P0171,Engine overheating,TECH958,Prime Motors,Spark Plug,5776,13661,19437,5.3,2026-03-18,Yes,Completed
S00470,V0282,ESN799976,2025-11-10,Oil Change,Emergency,P0012,Low oil pressure,TECH487,AutoMind Central,Air Filter,5974,11828,17802,4.7,2026-05-09,Yes,Pending
S00471,V0215,ESN896607,2025-11-05,Battery Replacement,Emergency,P0300,Battery degradation,TECH289,AutoMind Central,Air Filter,917,10413,11330,10.9,2026-05-04,Yes,Completed
S00472,V0481,ESN202099,2025-03-15,Engine Diagnostics,Preventive,P0171,Low oil pressure,TECH669,Kerala Truck Service,Spark Plug,3213,12840,16053,2.9,2025-09-11,Yes,Completed
S00473,V0326,ESN424553,2025-07-05,Engine Diagnostics,Corrective,P0300,Low oil pressure,TECH351,FleetCare Kochi,Air Filter,1563,15961,17524,6.0,2026-01-01,No,Completed
S00474,V0315,ESN762837,2025-01-18,Brake Service,Emergency,P0012,Battery degradation,TECH883,Kerala Truck Service,Air Filter,1771,16299,18070,4.9,2025-07-17,Yes,Completed
S00475,V0353,ESN486913,2025-03-04,Oil Change,Preventive,P0420,Routine inspection,TECH705,FleetCare Kochi,Oil Filter,3295,1080,4375,1.9,2025-08-31,No,Completed
S00476,V0470,ESN997534,2025-03-02,Cooling System,Preventive,P0000,Low oil pressure,TECH577,AutoMind Central,Coolant Hose,2567,3601,6168,2.2,2025-08-29,No,Pending
S00477,V0191,ESN236311,2025-01-31,Oil Change,Corrective,P0000,Low oil pressure,TECH310,Prime Motors,Spark Plug,2019,8526,10545,7.0,2025-07-30,No,Completed
S00478,V0497,ESN920719,2025-09-02,Routine Service,Preventive,P0000,Low oil pressure,TECH654,Kerala Truck Service,Air Filter,1641,14341,15982,9.9,2026-03-01,No,Completed
S00479,V0017,ESN380865,2025-04-22,Routine Service,Corrective,P0420,Brake wear,TECH570,AutoMind Central,Air Filter,4605,10943,15548,7.4,2025-10-19,Yes,Completed
S00480,V0265,ESN543975,2025-02-24,Engine Diagnostics,Emergency,P0171,Brake wear,TECH362,AutoMind Central,Brake Pads,1203,15324,16527,2.2,2025-08-23,Yes,Pending
S00481,V0237,ESN114930,2025-06-12,Routine Service,Emergency,P0420,Battery degradation,TECH210,FleetCare Kochi,Oil Filter,3386,8414,11800,1.8,2025-12-09,Yes,Pending
S00482,V0268,ESN146635,2025-11-23,Oil Change,Preventive,P0420,Low oil pressure,TECH224,AutoMind Central,Spark Plug,1043,5816,6859,10.7,2026-05-22,Yes,Completed
S00483,V0210,ESN765802,2025-07-07,Brake Service,Emergency,P0012,Routine inspection,TECH792,Prime Motors,Coolant Hose,5323,16844,22167,11.2,2026-01-03,Yes,Pending
S00484,V0327,ESN448612,2025-04-05,Engine Diagnostics,Corrective,P0420,Routine inspection,TECH924,FleetCare Kochi,Battery,1443,5451,6894,1.9,2025-10-02,Yes,Pending
S00485,V0131,ESN141637,2025-06-14,Engine Diagnostics,Emergency,P0012,Low oil pressure,TECH141,FleetCare Kochi,Brake Pads,1487,5221,6708,7.0,2025-12-11,No,Completed
S00486,V0104,ESN429400,2025-07-22,Cooling System,Preventive,P0000,Battery degradation,TECH420,FleetCare Kochi,Battery,2413,2474,4887,3.6,2026-01-18,Yes,Pending
S00487,V0282,ESN992832,2025-07-15,Routine Service,Preventive,P0000,Routine inspection,TECH264,AutoMind Central,Coolant Hose,3088,12227,15315,7.1,2026-01-11,Yes,Completed
S00488,V0457,ESN639229,2025-09-02,Oil Change,Emergency,P0171,Engine overheating,TECH306,Prime Motors,Brake Pads,4869,6854,11723,3.3,2026-03-01,No,Completed
S00489,V0219,ESN223742,2025-04-23,Cooling System,Preventive,P0300,Routine inspection,TECH175,AutoMind Central,Oil Filter,2216,19446,21662,11.3,2025-10-20,No,Completed
S00490,V0061,ESN770857,2025-10-22,Routine Service,Emergency,P0300,Low oil pressure,TECH813,FleetCare Kochi,Oil Filter,3297,3667,6964,7.6,2026-04-20,No,Completed
S00491,V0400,ESN176957,2025-12-09,Brake Service,Preventive,P0171,Engine overheating,TECH145,Prime Motors,Oil Filter,4359,18579,22938,5.1,2026-06-07,No,Completed
S00492,V0052,ESN913924,2025-01-05,Routine Service,Preventive,P0171,Low oil pressure,TECH958,Kerala Truck Service,Oil Filter,5910,2736,8646,9.6,2025-07-04,No,Completed
S00493,V0211,ESN289412,2025-11-13,Battery Replacement,Corrective,P0000,Brake wear,TECH379,FleetCare Kochi,Brake Pads,1044,17131,18175,4.4,2026-05-12,Yes,Completed
S00494,V0350,ESN749474,2025-06-22,Brake Service,Corrective,P0420,Brake wear,TECH436,Kerala Truck Service,Oil Filter,4085,1344,5429,5.5,2025-12-19,Yes,Pending
S00495,V0398,ESN114248,2025-02-03,Engine Diagnostics,Corrective,P0171,Brake wear,TECH263,Kerala Truck Service,Oil Filter,5357,8809,14166,4.1,2025-08-02,No,Pending
S00496,V0354,ESN740374,2025-04-21,Brake Service,Corrective,P0420,Low oil pressure,TECH222,AutoMind Central,Oil Filter,1972,9459,11431,10.2,2025-10-18,Yes,Pending
S00497,V0150,ESN824217,2025-12-28,Engine Diagnostics,Corrective,P0420,Engine overheating,TECH732,AutoMind Central,Brake Pads,2040,8022,10062,1.2,2026-06-26,No,Pending
S00498,V0461,ESN302465,2025-08-30,Battery Replacement,Corrective,P0420,Routine inspection,TECH717,AutoMind Central,Coolant Hose,1077,6634,7711,7.0,2026-02-26,Yes,Pending
S00499,V0441,ESN674211,2025-10-15,Brake Service,Corrective,P0171,Low oil pressure,TECH303,Kerala Truck Service,Spark Plug,3165,1196,4361,1.8,2026-04-13,Yes,Pending
S00500,V0237,ESN495056,2025-03-06,Routine Service,Corrective,P0420,Brake wear,TECH783,FleetCare Kochi,Brake Pads,2086,16586,18672,2.0,2025-09-02,Yes,Completed
S00501,V0250,ESN686237,2025-01-04,Engine Diagnostics,Emergency,P0000,Battery degradation,TECH716,Prime Motors,Oil Filter,2555,15563,18118,9.9,2025-07-03,Yes,Completed
S00502,V0478,ESN712288,2025-07-20,Routine Service,Corrective,P0000,Low oil pressure,TECH164,Kerala Truck Service,Air Filter,2064,17637,19701,5.1,2026-01-16,Yes,Completed
S00503,V0045,ESN629106,2025-05-16,Oil Change,Emergency,P0000,Routine inspection,TECH158,Kerala Truck Service,Coolant Hose,3215,11418,14633,9.4,2025-11-12,Yes,Completed
S00504,V0107,ESN438463,2025-10-24,Brake Service,Preventive,P0012,Brake wear,TECH271,Prime Motors,Battery,5143,804,5947,1.7,2026-04-22,Yes,Completed
S00505,V0314,ESN215370,2025-01-12,Battery Replacement,Preventive,P0171,Engine overheating,TECH388,FleetCare Kochi,Battery,3718,4904,8622,3.8,2025-07-11,Yes,Pending
S00506,V0215,ESN443297,2025-10-03,Engine Diagnostics,Corrective,P0420,Battery degradation,TECH250,Kerala Truck Service,Battery,5970,13640,19610,7.8,2026-04-01,Yes,Completed
S00507,V0208,ESN261528,2025-12-28,Cooling System,Preventive,P0171,Battery degradation,TECH223,FleetCare Kochi,Oil Filter,2788,11778,14566,2.0,2026-06-26,No,Completed
S00508,V0039,ESN453639,2025-09-30,Oil Change,Corrective,P0420,Routine inspection,TECH901,AutoMind Central,Battery,3660,8615,12275,10.4,2026-03-29,No,Completed
S00509,V0038,ESN159581,2025-11-02,Brake Service,Preventive,P0012,Low oil pressure,TECH663,AutoMind Central,Brake Pads,5043,14958,20001,8.1,2026-05-01,Yes,Completed
S00510,V0100,ESN254721,2025-08-05,Routine Service,Preventive,P0012,Routine inspection,TECH576,FleetCare Kochi,Spark Plug,3422,3689,7111,6.6,2026-02-01,No,Completed
S00511,V0034,ESN953669,2025-12-26,Routine Service,Preventive,P0000,Brake wear,TECH676,Prime Motors,Coolant Hose,4986,18882,23868,7.3,2026-06-24,No,Completed
S00512,V0079,ESN601440,2025-08-16,Oil Change,Preventive,P0000,Brake wear,TECH283,Prime Motors,Brake Pads,4513,1260,5773,10.8,2026-02-12,Yes,Pending
S00513,V0360,ESN499202,2025-09-21,Routine Service,Corrective,P0420,Battery degradation,TECH305,AutoMind Central,Brake Pads,5552,6821,12373,9.9,2026-03-20,Yes,Completed
S00514,V0005,ESN408433,2025-06-11,Routine Service,Preventive,P0171,Battery degradation,TECH524,Prime Motors,Air Filter,2513,10136,12649,8.4,2025-12-08,No,Completed
S00515,V0390,ESN713303,2025-01-23,Engine Diagnostics,Corrective,P0000,Low oil pressure,TECH377,Kerala Truck Service,Spark Plug,4061,17480,21541,11.5,2025-07-22,No,Pending
S00516,V0445,ESN575865,2025-09-26,Oil Change,Corrective,P0171,Brake wear,TECH749,Kerala Truck Service,Spark Plug,4266,1357,5623,6.9,2026-03-25,Yes,Pending
S00517,V0084,ESN993924,2025-07-11,Brake Service,Emergency,P0420,Brake wear,TECH280,Prime Motors,Brake Pads,5132,2854,7986,6.3,2026-01-07,Yes,Completed
S00518,V0194,ESN980392,2025-07-01,Oil Change,Emergency,P0171,Routine inspection,TECH483,FleetCare Kochi,Air Filter,5499,3545,9044,4.6,2025-12-28,Yes,Completed
S00519,V0044,ESN965363,2025-08-24,Oil Change,Emergency,P0012,Low oil pressure,TECH471,Kerala Truck Service,Coolant Hose,4149,5532,9681,2.8,2026-02-20,Yes,Completed
S00520,V0397,ESN625341,2025-03-03,Engine Diagnostics,Emergency,P0420,Routine inspection,TECH521,Kerala Truck Service,Brake Pads,3771,16551,20322,6.7,2025-08-30,Yes,Pending
S00521,V0376,ESN583284,2025-02-20,Cooling System,Corrective,P0300,Engine overheating,TECH534,FleetCare Kochi,Spark Plug,4634,17272,21906,5.6,2025-08-19,No,Pending
S00522,V0208,ESN107005,2025-12-05,Cooling System,Preventive,P0300,Battery degradation,TECH835,Prime Motors,Oil Filter,1173,7826,8999,10.8,2026-06-03,No,Pending
S00523,V0360,ESN629444,2025-07-01,Brake Service,Emergency,P0012,Brake wear,TECH494,FleetCare Kochi,Coolant Hose,4846,2276,7122,9.7,2025-12-28,Yes,Completed
S00524,V0387,ESN415987,2025-12-27,Cooling System,Preventive,P0171,Engine overheating,TECH194,AutoMind Central,Spark Plug,2334,17124,19458,4.2,2026-06-25,No,Pending
S00525,V0423,ESN435848,2025-06-09,Engine Diagnostics,Emergency,P0300,Engine overheating,TECH696,AutoMind Central,Oil Filter,5730,15889,21619,11.7,2025-12-06,Yes,Pending
S00526,V0340,ESN537714,2025-01-30,Cooling System,Emergency,P0171,Brake wear,TECH363,Kerala Truck Service,Battery,1177,5653,6830,10.9,2025-07-29,Yes,Pending
S00527,V0028,ESN570753,2025-07-04,Routine Service,Corrective,P0012,Low oil pressure,TECH481,Kerala Truck Service,Brake Pads,1669,18376,20045,4.6,2025-12-31,Yes,Completed
S00528,V0340,ESN672780,2025-11-28,Battery Replacement,Corrective,P0300,Battery degradation,TECH709,Prime Motors,Battery,2864,15052,17916,2.7,2026-05-27,Yes,Completed
S00529,V0220,ESN916164,2025-04-16,Engine Diagnostics,Emergency,P0420,Engine overheating,TECH703,AutoMind Central,Air Filter,3508,15179,18687,1.6,2025-10-13,Yes,Pending
S00530,V0365,ESN662496,2025-04-29,Cooling System,Emergency,P0420,Routine inspection,TECH258,AutoMind Central,Oil Filter,979,15278,16257,11.9,2025-10-26,No,Pending
S00531,V0299,ESN962775,2025-08-17,Battery Replacement,Corrective,P0300,Battery degradation,TECH674,AutoMind Central,Air Filter,1457,13019,14476,9.4,2026-02-13,No,Completed
S00532,V0114,ESN427709,2025-12-22,Engine Diagnostics,Preventive,P0300,Brake wear,TECH911,Kerala Truck Service,Coolant Hose,5856,7238,13094,7.6,2026-06-20,No,Completed
S00533,V0196,ESN973595,2025-08-11,Engine Diagnostics,Preventive,P0420,Low oil pressure,TECH896,Kerala Truck Service,Spark Plug,5727,8151,13878,6.2,2026-02-07,No,Completed
S00534,V0184,ESN291665,2025-12-29,Battery Replacement,Preventive,P0171,Brake wear,TECH873,AutoMind Central,Oil Filter,5238,4895,10133,6.0,2026-06-27,No,Pending
S00535,V0342,ESN217123,2025-01-04,Oil Change,Corrective,P0012,Routine inspection,TECH121,Kerala Truck Service,Spark Plug,4926,18658,23584,5.0,2025-07-03,No,Completed
S00536,V0009,ESN952805,2025-11-22,Engine Diagnostics,Preventive,P0012,Battery degradation,TECH688,Prime Motors,Coolant Hose,1927,11989,13916,5.5,2026-05-21,No,Completed
S00537,V0357,ESN138673,2025-08-01,Routine Service,Preventive,P0300,Routine inspection,TECH695,AutoMind Central,Battery,1690,8906,10596,11.0,2026-01-28,No,Completed
S00538,V0404,ESN324919,2025-01-27,Routine Service,Preventive,P0420,Routine inspection,TECH519,Kerala Truck Service,Oil Filter,5635,5481,11116,3.0,2025-07-26,No,Pending
S00539,V0280,ESN788642,2025-04-03,Cooling System,Corrective,P0420,Battery degradation,TECH198,Kerala Truck Service,Oil Filter,2780,5080,7860,4.0,2025-09-30,No,Completed
S00540,V0174,ESN713531,2025-05-06,Cooling System,Preventive,P0012,Battery degradation,TECH458,Prime Motors,Brake Pads,5261,4598,9859,2.7,2025-11-02,No,Pending
S00541,V0311,ESN393169,2025-01-03,Cooling System,Corrective,P0300,Engine overheating,TECH245,AutoMind Central,Spark Plug,3586,4802,8388,11.6,2025-07-02,Yes,Completed
S00542,V0403,ESN937097,2025-03-07,Cooling System,Emergency,P0420,Battery degradation,TECH285,FleetCare Kochi,Brake Pads,1182,12951,14133,2.0,2025-09-03,Yes,Pending
S00543,V0304,ESN164416,2025-09-15,Routine Service,Corrective,P0300,Battery degradation,TECH744,AutoMind Central,Air Filter,1059,4187,5246,7.3,2026-03-14,No,Pending
S00544,V0245,ESN842622,2025-08-17,Oil Change,Preventive,P0171,Engine overheating,TECH887,FleetCare Kochi,Brake Pads,5485,4899,10384,7.2,2026-02-13,Yes,Pending
S00545,V0375,ESN441084,2025-12-08,Routine Service,Emergency,P0300,Brake wear,TECH573,FleetCare Kochi,Air Filter,4365,11095,15460,1.8,2026-06-06,Yes,Completed
S00546,V0107,ESN455065,2025-01-02,Cooling System,Preventive,P0420,Engine overheating,TECH395,Kerala Truck Service,Oil Filter,5579,19945,25524,9.4,2025-07-01,No,Pending
S00547,V0494,ESN729688,2025-07-08,Battery Replacement,Emergency,P0420,Routine inspection,TECH410,Prime Motors,Brake Pads,5554,6273,11827,7.9,2026-01-04,Yes,Completed
S00548,V0236,ESN896874,2025-10-11,Battery Replacement,Emergency,P0000,Battery degradation,TECH163,FleetCare Kochi,Oil Filter,2403,7217,9620,3.6,2026-04-09,Yes,Completed
S00549,V0116,ESN291359,2025-04-17,Oil Change,Preventive,P0420,Engine overheating,TECH579,Prime Motors,Spark Plug,972,16083,17055,3.3,2025-10-14,Yes,Completed
S00550,V0496,ESN627984,2025-07-11,Engine Diagnostics,Emergency,P0171,Low oil pressure,TECH283,FleetCare Kochi,Brake Pads,5615,10360,15975,3.8,2026-01-07,No,Completed
S00551,V0093,ESN225232,2025-11-20,Oil Change,Preventive,P0300,Low oil pressure,TECH938,FleetCare Kochi,Oil Filter,2362,11376,13738,10.2,2026-05-19,No,Completed
S00552,V0228,ESN710099,2025-09-14,Brake Service,Corrective,P0012,Low oil pressure,TECH288,Prime Motors,Brake Pads,2391,2493,4884,8.6,2026-03-13,Yes,Completed
S00553,V0299,ESN229549,2025-11-06,Oil Change,Corrective,P0012,Brake wear,TECH703,Kerala Truck Service,Air Filter,4021,18348,22369,7.1,2026-05-05,No,Pending
S00554,V0160,ESN275159,2025-05-17,Cooling System,Corrective,P0420,Low oil pressure,TECH757,Prime Motors,Brake Pads,1618,18548,20166,3.1,2025-11-13,No,Pending
S00555,V0497,ESN139003,2025-04-03,Brake Service,Preventive,P0420,Engine overheating,TECH147,AutoMind Central,Coolant Hose,4447,12123,16570,3.3,2025-09-30,Yes,Pending
S00556,V0325,ESN589168,2025-08-31,Cooling System,Emergency,P0000,Engine overheating,TECH919,Kerala Truck Service,Spark Plug,2609,16636,19245,3.5,2026-02-27,Yes,Completed
S00557,V0324,ESN340867,2025-05-17,Battery Replacement,Corrective,P0000,Engine overheating,TECH265,AutoMind Central,Spark Plug,1920,11049,12969,10.7,2025-11-13,No,Pending
S00558,V0166,ESN504576,2025-10-10,Battery Replacement,Emergency,P0420,Routine inspection,TECH423,Kerala Truck Service,Brake Pads,2619,12058,14677,1.9,2026-04-08,Yes,Completed
S00559,V0292,ESN126580,2025-02-23,Brake Service,Corrective,P0300,Routine inspection,TECH130,FleetCare Kochi,Spark Plug,2002,9128,11130,5.6,2025-08-22,Yes,Completed
S00560,V0086,ESN373248,2025-05-10,Routine Service,Emergency,P0012,Battery degradation,TECH172,Prime Motors,Brake Pads,1305,1886,3191,4.1,2025-11-06,No,Pending
S00561,V0423,ESN292164,2025-03-08,Routine Service,Emergency,P0000,Low oil pressure,TECH641,AutoMind Central,Oil Filter,2970,1038,4008,5.9,2025-09-04,Yes,Completed
S00562,V0286,ESN397588,2025-01-13,Routine Service,Emergency,P0171,Battery degradation,TECH498,FleetCare Kochi,Air Filter,3802,4303,8105,8.9,2025-07-12,No,Pending
S00563,V0401,ESN914517,2025-03-25,Oil Change,Corrective,P0171,Battery degradation,TECH580,FleetCare Kochi,Air Filter,3966,1172,5138,2.8,2025-09-21,No,Completed
S00564,V0258,ESN863698,2025-01-15,Cooling System,Preventive,P0420,Engine overheating,TECH312,FleetCare Kochi,Oil Filter,3420,15955,19375,7.4,2025-07-14,No,Completed
S00565,V0290,ESN830720,2025-11-04,Routine Service,Preventive,P0300,Battery degradation,TECH128,AutoMind Central,Air Filter,3330,8462,11792,8.8,2026-05-03,No,Pending
S00566,V0269,ESN962157,2025-10-25,Routine Service,Emergency,P0171,Engine overheating,TECH964,AutoMind Central,Air Filter,4219,16858,21077,7.5,2026-04-23,Yes,Completed
S00567,V0252,ESN781560,2025-10-04,Routine Service,Emergency,P0420,Engine overheating,TECH734,Prime Motors,Battery,3656,1156,4812,6.0,2026-04-02,Yes,Pending
S00568,V0025,ESN868215,2025-04-23,Brake Service,Corrective,P0420,Engine overheating,TECH983,AutoMind Central,Brake Pads,2955,6986,9941,1.2,2025-10-20,Yes,Completed
S00569,V0144,ESN100966,2025-01-17,Battery Replacement,Emergency,P0300,Routine inspection,TECH202,Prime Motors,Oil Filter,1717,12626,14343,2.7,2025-07-16,No,Completed
S00570,V0205,ESN277699,2025-02-09,Routine Service,Corrective,P0000,Battery degradation,TECH563,Prime Motors,Oil Filter,4388,16135,20523,5.8,2025-08-08,No,Pending
S00571,V0470,ESN362031,2025-01-20,Oil Change,Emergency,P0000,Brake wear,TECH880,Kerala Truck Service,Oil Filter,4146,9777,13923,3.0,2025-07-19,No,Pending
S00572,V0476,ESN870446,2025-06-24,Engine Diagnostics,Preventive,P0171,Low oil pressure,TECH923,Prime Motors,Air Filter,922,5127,6049,4.0,2025-12-21,Yes,Pending
S00573,V0016,ESN228245,2025-07-01,Cooling System,Corrective,P0171,Routine inspection,TECH687,Prime Motors,Battery,4935,523,5458,10.8,2025-12-28,Yes,Completed
S00574,V0345,ESN640808,2025-01-28,Cooling System,Emergency,P0171,Brake wear,TECH398,FleetCare Kochi,Brake Pads,3440,9609,13049,3.6,2025-07-27,Yes,Pending
S00575,V0071,ESN555138,2025-12-05,Engine Diagnostics,Preventive,P0012,Routine inspection,TECH894,Kerala Truck Service,Brake Pads,2116,2575,4691,1.7,2026-06-03,Yes,Pending
S00576,V0052,ESN781439,2025-10-17,Engine Diagnostics,Corrective,P0012,Brake wear,TECH283,AutoMind Central,Oil Filter,2486,18104,20590,7.6,2026-04-15,Yes,Pending
S00577,V0260,ESN666498,2025-08-25,Routine Service,Corrective,P0171,Routine inspection,TECH504,FleetCare Kochi,Air Filter,2766,15626,18392,4.3,2026-02-21,Yes,Completed
S00578,V0003,ESN899296,2025-06-14,Routine Service,Corrective,P0012,Brake wear,TECH992,AutoMind Central,Battery,4646,4373,9019,9.0,2025-12-11,Yes,Pending
S00579,V0190,ESN718292,2025-10-24,Engine Diagnostics,Preventive,P0300,Routine inspection,TECH572,Kerala Truck Service,Battery,2605,12492,15097,8.5,2026-04-22,Yes,Pending
S00580,V0230,ESN281435,2025-09-13,Cooling System,Corrective,P0420,Brake wear,TECH580,Kerala Truck Service,Air Filter,4036,8494,12530,2.2,2026-03-12,No,Completed
S00581,V0052,ESN123729,2025-09-14,Cooling System,Emergency,P0420,Routine inspection,TECH714,Prime Motors,Oil Filter,5243,4596,9839,5.6,2026-03-13,Yes,Pending
S00582,V0459,ESN376994,2025-08-29,Battery Replacement,Corrective,P0012,Low oil pressure,TECH190,Prime Motors,Battery,3446,19431,22877,9.4,2026-02-25,Yes,Completed
S00583,V0320,ESN191711,2025-09-18,Oil Change,Corrective,P0171,Routine inspection,TECH894,AutoMind Central,Air Filter,2738,12628,15366,3.8,2026-03-17,Yes,Completed
S00584,V0477,ESN903230,2025-03-23,Routine Service,Preventive,P0171,Brake wear,TECH641,Kerala Truck Service,Battery,2241,17288,19529,10.8,2025-09-19,No,Pending
S00585,V0404,ESN104313,2025-03-07,Battery Replacement,Corrective,P0012,Battery degradation,TECH735,FleetCare Kochi,Air Filter,3411,16178,19589,3.2,2025-09-03,No,Pending
S00586,V0048,ESN482094,2025-09-20,Battery Replacement,Preventive,P0012,Battery degradation,TECH393,Prime Motors,Coolant Hose,1248,15577,16825,1.1,2026-03-19,No,Completed
S00587,V0231,ESN911685,2025-08-11,Battery Replacement,Corrective,P0012,Low oil pressure,TECH172,Prime Motors,Spark Plug,3092,19161,22253,5.3,2026-02-07,Yes,Pending
S00588,V0424,ESN151698,2025-12-18,Routine Service,Emergency,P0012,Brake wear,TECH444,FleetCare Kochi,Coolant Hose,2013,14186,16199,3.5,2026-06-16,Yes,Completed
S00589,V0361,ESN458445,2025-01-01,Battery Replacement,Emergency,P0300,Routine inspection,TECH953,Kerala Truck Service,Spark Plug,3166,19200,22366,2.8,2025-06-30,Yes,Completed
S00590,V0310,ESN642887,2025-09-26,Cooling System,Preventive,P0000,Routine inspection,TECH480,Kerala Truck Service,Spark Plug,2809,1008,3817,1.5,2026-03-25,Yes,Completed
S00591,V0413,ESN293118,2025-05-27,Cooling System,Corrective,P0300,Battery degradation,TECH634,AutoMind Central,Coolant Hose,1228,16962,18190,10.9,2025-11-23,Yes,Pending
S00592,V0252,ESN297859,2025-11-22,Brake Service,Corrective,P0171,Battery degradation,TECH663,AutoMind Central,Oil Filter,1002,8502,9504,3.0,2026-05-21,Yes,Pending
S00593,V0205,ESN336361,2025-05-18,Cooling System,Emergency,P0420,Low oil pressure,TECH420,FleetCare Kochi,Oil Filter,5604,5819,11423,1.9,2025-11-14,Yes,Completed
S00594,V0297,ESN878097,2025-08-31,Battery Replacement,Corrective,P0171,Brake wear,TECH481,AutoMind Central,Spark Plug,4296,4413,8709,8.7,2026-02-27,Yes,Pending
S00595,V0192,ESN418711,2025-07-04,Routine Service,Emergency,P0000,Low oil pressure,TECH674,AutoMind Central,Coolant Hose,4404,13787,18191,8.4,2025-12-31,Yes,Completed
S00596,V0010,ESN351383,2025-01-03,Battery Replacement,Preventive,P0171,Low oil pressure,TECH351,Prime Motors,Air Filter,998,13129,14127,8.0,2025-07-02,No,Pending
S00597,V0168,ESN232585,2025-05-14,Routine Service,Emergency,P0000,Low oil pressure,TECH818,Kerala Truck Service,Coolant Hose,4098,1249,5347,2.3,2025-11-10,Yes,Pending
S00598,V0443,ESN577532,2025-01-12,Cooling System,Corrective,P0000,Brake wear,TECH300,Prime Motors,Battery,1207,14946,16153,1.1,2025-07-11,No,Pending
S00599,V0177,ESN763470,2025-08-18,Brake Service,Emergency,P0171,Battery degradation,TECH768,Prime Motors,Air Filter,2641,9186,11827,1.3,2026-02-14,No,Pending
S00600,V0179,ESN684801,2025-10-17,Cooling System,Corrective,P0012,Routine inspection,TECH925,Kerala Truck Service,Spark Plug,4156,3060,7216,1.5,2026-04-15,Yes,Completed
S00601,V0084,ESN264040,2025-01-31,Oil Change,Corrective,P0300,Engine overheating,TECH832,AutoMind Central,Oil Filter,893,7911,8804,1.4,2025-07-30,Yes,Completed
S00602,V0201,ESN670671,2025-10-17,Oil Change,Emergency,P0012,Routine inspection,TECH246,FleetCare Kochi,Oil Filter,3930,9803,13733,10.7,2026-04-15,No,Pending
S00603,V0204,ESN476747,2025-04-12,Engine Diagnostics,Preventive,P0012,Low oil pressure,TECH797,AutoMind Central,Coolant Hose,4657,5480,10137,11.9,2025-10-09,No,Pending
S00604,V0076,ESN446323,2025-10-10,Oil Change,Preventive,P0000,Battery degradation,TECH682,AutoMind Central,Coolant Hose,3049,15391,18440,8.5,2026-04-08,Yes,Pending
S00605,V0045,ESN364355,2025-03-01,Battery Replacement,Corrective,P0300,Brake wear,TECH854,Kerala Truck Service,Spark Plug,3052,16825,19877,2.6,2025-08-28,Yes,Completed
S00606,V0063,ESN567107,2025-02-02,Battery Replacement,Corrective,P0012,Engine overheating,TECH193,AutoMind Central,Spark Plug,4148,16697,20845,12.0,2025-08-01,No,Completed
S00607,V0376,ESN279461,2025-08-27,Battery Replacement,Corrective,P0420,Low oil pressure,TECH234,Kerala Truck Service,Battery,3329,2664,5993,8.3,2026-02-23,Yes,Pending
S00608,V0477,ESN189757,2025-11-26,Brake Service,Preventive,P0420,Brake wear,TECH602,Prime Motors,Air Filter,4205,8161,12366,2.5,2026-05-25,No,Pending
S00609,V0025,ESN542886,2025-06-16,Cooling System,Corrective,P0000,Brake wear,TECH701,Prime Motors,Air Filter,1288,1335,2623,3.7,2025-12-13,No,Completed
S00610,V0386,ESN395341,2025-01-22,Oil Change,Emergency,P0012,Low oil pressure,TECH697,Prime Motors,Oil Filter,1400,8989,10389,6.5,2025-07-21,No,Pending
S00611,V0064,ESN153283,2025-09-24,Oil Change,Emergency,P0420,Routine inspection,TECH265,Prime Motors,Brake Pads,5777,3380,9157,9.2,2026-03-23,No,Completed
S00612,V0039,ESN710740,2025-06-30,Cooling System,Preventive,P0420,Battery degradation,TECH811,Prime Motors,Oil Filter,4043,622,4665,4.7,2025-12-27,No,Pending
S00613,V0031,ESN399933,2025-05-26,Oil Change,Corrective,P0171,Battery degradation,TECH594,Prime Motors,Brake Pads,3236,898,4134,5.3,2025-11-22,No,Pending
S00614,V0440,ESN393439,2025-11-04,Engine Diagnostics,Emergency,P0012,Engine overheating,TECH406,Prime Motors,Spark Plug,3867,8820,12687,7.5,2026-05-03,Yes,Pending
S00615,V0106,ESN742754,2025-03-20,Engine Diagnostics,Preventive,P0012,Brake wear,TECH466,Prime Motors,Coolant Hose,3176,3582,6758,8.0,2025-09-16,No,Pending
S00616,V0013,ESN723030,2025-10-06,Cooling System,Emergency,P0420,Low oil pressure,TECH397,AutoMind Central,Coolant Hose,2038,16474,18512,8.5,2026-04-04,No,Pending
S00617,V0003,ESN179018,2025-10-26,Cooling System,Corrective,P0300,Brake wear,TECH204,FleetCare Kochi,Oil Filter,3800,19487,23287,1.9,2026-04-24,No,Pending
S00618,V0451,ESN998994,2025-05-15,Engine Diagnostics,Emergency,P0420,Battery degradation,TECH266,Kerala Truck Service,Spark Plug,3739,17421,21160,10.3,2025-11-11,Yes,Pending
S00619,V0302,ESN720342,2025-08-24,Battery Replacement,Preventive,P0171,Low oil pressure,TECH519,AutoMind Central,Spark Plug,1661,5232,6893,10.1,2026-02-20,Yes,Pending
S00620,V0412,ESN970094,2025-01-27,Cooling System,Corrective,P0012,Routine inspection,TECH784,Prime Motors,Spark Plug,2928,2139,5067,1.8,2025-07-26,Yes,Pending
S00621,V0416,ESN960113,2025-04-01,Brake Service,Emergency,P0420,Battery degradation,TECH150,AutoMind Central,Battery,3830,17725,21555,2.9,2025-09-28,No,Completed
S00622,V0145,ESN689533,2025-05-31,Routine Service,Emergency,P0171,Routine inspection,TECH916,Kerala Truck Service,Spark Plug,939,15440,16379,1.9,2025-11-27,Yes,Completed
S00623,V0401,ESN355833,2025-11-18,Routine Service,Preventive,P0012,Engine overheating,TECH337,FleetCare Kochi,Battery,5988,9001,14989,10.3,2026-05-17,No,Completed
S00624,V0416,ESN860601,2025-11-05,Oil Change,Corrective,P0012,Low oil pressure,TECH307,AutoMind Central,Air Filter,3214,14783,17997,7.3,2026-05-04,Yes,Completed
S00625,V0180,ESN665627,2025-12-28,Battery Replacement,Emergency,P0300,Low oil pressure,TECH162,AutoMind Central,Battery,2996,1011,4007,5.6,2026-06-26,Yes,Completed
S00626,V0117,ESN471049,2025-07-12,Routine Service,Emergency,P0420,Engine overheating,TECH494,FleetCare Kochi,Spark Plug,1898,11838,13736,7.1,2026-01-08,Yes,Pending
S00627,V0206,ESN467145,2025-11-15,Brake Service,Corrective,P0420,Engine overheating,TECH702,Kerala Truck Service,Spark Plug,5312,11603,16915,6.5,2026-05-14,Yes,Completed
S00628,V0489,ESN325529,2025-11-27,Routine Service,Corrective,P0300,Engine overheating,TECH480,FleetCare Kochi,Air Filter,4967,8621,13588,2.5,2026-05-26,Yes,Completed
S00629,V0294,ESN300933,2025-01-22,Oil Change,Preventive,P0420,Engine overheating,TECH200,Kerala Truck Service,Spark Plug,4714,10185,14899,11.6,2025-07-21,No,Completed
S00630,V0143,ESN550097,2025-12-27,Routine Service,Preventive,P0300,Battery degradation,TECH857,AutoMind Central,Oil Filter,3142,12642,15784,4.8,2026-06-25,Yes,Pending
S00631,V0496,ESN177060,2025-09-25,Oil Change,Emergency,P0420,Routine inspection,TECH927,AutoMind Central,Battery,2240,8473,10713,2.1,2026-03-24,No,Pending
S00632,V0481,ESN817025,2025-08-05,Oil Change,Corrective,P0300,Low oil pressure,TECH308,FleetCare Kochi,Battery,5452,12727,18179,6.6,2026-02-01,No,Completed
S00633,V0040,ESN723937,2025-07-01,Oil Change,Corrective,P0420,Battery degradation,TECH113,Kerala Truck Service,Spark Plug,3423,5270,8693,2.5,2025-12-28,No,Completed
S00634,V0443,ESN470013,2025-09-26,Cooling System,Preventive,P0300,Brake wear,TECH568,FleetCare Kochi,Spark Plug,2555,19182,21737,7.9,2026-03-25,Yes,Completed
S00635,V0471,ESN414649,2025-04-16,Cooling System,Emergency,P0000,Brake wear,TECH792,Kerala Truck Service,Brake Pads,4692,1843,6535,9.6,2025-10-13,Yes,Completed
S00636,V0215,ESN860030,2025-05-24,Engine Diagnostics,Emergency,P0420,Battery degradation,TECH101,FleetCare Kochi,Brake Pads,1903,3110,5013,6.2,2025-11-20,No,Pending
S00637,V0403,ESN929759,2025-01-14,Cooling System,Corrective,P0000,Low oil pressure,TECH852,FleetCare Kochi,Air Filter,3081,885,3966,6.4,2025-07-13,Yes,Pending
S00638,V0077,ESN329273,2025-05-30,Battery Replacement,Preventive,P0000,Routine inspection,TECH261,Kerala Truck Service,Coolant Hose,2557,4357,6914,2.8,2025-11-26,No,Completed
S00639,V0128,ESN836061,2025-04-12,Cooling System,Preventive,P0420,Brake wear,TECH306,Kerala Truck Service,Air Filter,4513,4749,9262,11.3,2025-10-09,No,Completed
S00640,V0287,ESN332481,2025-06-19,Brake Service,Corrective,P0300,Battery degradation,TECH853,Prime Motors,Battery,807,10034,10841,4.2,2025-12-16,No,Pending
S00641,V0310,ESN402918,2025-05-19,Cooling System,Corrective,P0171,Battery degradation,TECH460,FleetCare Kochi,Air Filter,5781,16800,22581,11.6,2025-11-15,No,Completed
S00642,V0032,ESN610818,2025-10-21,Cooling System,Emergency,P0420,Routine inspection,TECH504,AutoMind Central,Brake Pads,1073,14832,15905,6.2,2026-04-19,Yes,Pending
S00643,V0335,ESN173535,2025-08-01,Oil Change,Corrective,P0000,Battery degradation,TECH469,FleetCare Kochi,Coolant Hose,5642,747,6389,10.9,2026-01-28,No,Completed
S00644,V0043,ESN484777,2025-05-18,Routine Service,Preventive,P0420,Battery degradation,TECH420,Kerala Truck Service,Coolant Hose,3024,17114,20138,11.0,2025-11-14,Yes,Completed
S00645,V0486,ESN944397,2025-08-10,Battery Replacement,Preventive,P0012,Routine inspection,TECH187,FleetCare Kochi,Brake Pads,4773,1316,6089,11.6,2026-02-06,Yes,Completed
S00646,V0200,ESN792740,2025-05-24,Battery Replacement,Corrective,P0171,Engine overheating,TECH140,AutoMind Central,Spark Plug,1914,8307,10221,1.2,2025-11-20,Yes,Completed
S00647,V0199,ESN750561,2025-04-01,Oil Change,Corrective,P0300,Low oil pressure,TECH281,FleetCare Kochi,Battery,1360,13259,14619,8.3,2025-09-28,Yes,Pending
S00648,V0048,ESN143002,2025-11-29,Brake Service,Preventive,P0420,Routine inspection,TECH562,Prime Motors,Coolant Hose,1519,5701,7220,3.0,2026-05-28,Yes,Pending
S00649,V0262,ESN957796,2025-09-17,Battery Replacement,Corrective,P0300,Routine inspection,TECH549,AutoMind Central,Battery,4393,17270,21663,8.4,2026-03-16,Yes,Completed
S00650,V0288,ESN799957,2025-11-24,Brake Service,Emergency,P0012,Brake wear,TECH533,Kerala Truck Service,Battery,2197,15047,17244,11.8,2026-05-23,Yes,Pending
S00651,V0113,ESN144622,2025-10-05,Brake Service,Emergency,P0420,Routine inspection,TECH919,Kerala Truck Service,Air Filter,1077,13833,14910,7.0,2026-04-03,Yes,Completed
S00652,V0340,ESN436538,2025-11-07,Battery Replacement,Emergency,P0000,Battery degradation,TECH562,FleetCare Kochi,Battery,3024,6259,9283,9.4,2026-05-06,No,Pending
S00653,V0438,ESN403902,2025-12-15,Cooling System,Corrective,P0420,Engine overheating,TECH120,AutoMind Central,Brake Pads,5763,7364,13127,2.8,2026-06-13,No,Pending
S00654,V0268,ESN406214,2025-06-06,Brake Service,Emergency,P0300,Engine overheating,TECH127,Prime Motors,Oil Filter,2583,8033,10616,8.9,2025-12-03,No,Pending
S00655,V0088,ESN666768,2025-04-30,Routine Service,Corrective,P0300,Low oil pressure,TECH753,FleetCare Kochi,Spark Plug,1454,16276,17730,9.5,2025-10-27,Yes,Completed
S00656,V0360,ESN102592,2025-09-18,Routine Service,Corrective,P0420,Engine overheating,TECH826,Prime Motors,Battery,940,10566,11506,4.0,2026-03-17,No,Pending
S00657,V0295,ESN814480,2025-03-27,Battery Replacement,Emergency,P0171,Routine inspection,TECH722,AutoMind Central,Brake Pads,5566,16844,22410,7.9,2025-09-23,Yes,Pending
S00658,V0179,ESN117356,2025-03-11,Brake Service,Corrective,P0171,Low oil pressure,TECH677,Kerala Truck Service,Battery,4974,17773,22747,4.8,2025-09-07,Yes,Pending
S00659,V0080,ESN660100,2025-11-20,Battery Replacement,Corrective,P0000,Battery degradation,TECH238,Prime Motors,Spark Plug,3427,12131,15558,2.2,2026-05-19,Yes,Pending
S00660,V0445,ESN691301,2025-03-30,Cooling System,Emergency,P0300,Engine overheating,TECH277,AutoMind Central,Brake Pads,2703,11887,14590,8.2,2025-09-26,Yes,Pending
S00661,V0475,ESN218284,2025-04-30,Oil Change,Preventive,P0300,Low oil pressure,TECH646,AutoMind Central,Brake Pads,3074,4627,7701,6.7,2025-10-27,Yes,Completed
S00662,V0302,ESN883369,2025-08-01,Battery Replacement,Emergency,P0000,Battery degradation,TECH322,FleetCare Kochi,Spark Plug,4889,15663,20552,9.3,2026-01-28,Yes,Completed
S00663,V0056,ESN939299,2025-04-21,Cooling System,Emergency,P0300,Engine overheating,TECH549,FleetCare Kochi,Air Filter,1192,11908,13100,11.4,2025-10-18,No,Completed
S00664,V0377,ESN111379,2025-11-03,Routine Service,Preventive,P0000,Brake wear,TECH919,AutoMind Central,Brake Pads,4168,14845,19013,6.6,2026-05-02,No,Pending
S00665,V0126,ESN429216,2025-09-29,Engine Diagnostics,Preventive,P0300,Brake wear,TECH867,FleetCare Kochi,Spark Plug,973,4123,5096,6.7,2026-03-28,No,Completed
S00666,V0355,ESN414924,2025-02-20,Engine Diagnostics,Corrective,P0300,Low oil pressure,TECH934,FleetCare Kochi,Battery,4289,15317,19606,1.3,2025-08-19,Yes,Completed
S00667,V0141,ESN357719,2025-05-08,Engine Diagnostics,Preventive,P0420,Battery degradation,TECH898,AutoMind Central,Brake Pads,1497,12264,13761,7.6,2025-11-04,Yes,Pending
S00668,V0480,ESN194214,2025-12-20,Engine Diagnostics,Emergency,P0300,Routine inspection,TECH687,Prime Motors,Coolant Hose,4947,10474,15421,5.8,2026-06-18,Yes,Pending
S00669,V0314,ESN413574,2025-10-01,Brake Service,Corrective,P0012,Engine overheating,TECH883,Kerala Truck Service,Spark Plug,3273,5729,9002,8.9,2026-03-30,No,Pending
S00670,V0054,ESN991471,2025-08-22,Routine Service,Preventive,P0420,Battery degradation,TECH531,FleetCare Kochi,Spark Plug,4498,8885,13383,3.5,2026-02-18,Yes,Completed
S00671,V0469,ESN811832,2025-01-20,Cooling System,Preventive,P0012,Routine inspection,TECH953,Prime Motors,Oil Filter,4494,3090,7584,3.3,2025-07-19,Yes,Pending
S00672,V0412,ESN826731,2025-08-31,Oil Change,Preventive,P0171,Brake wear,TECH400,Kerala Truck Service,Brake Pads,4919,7781,12700,1.9,2026-02-27,No,Completed
S00673,V0003,ESN497885,2025-02-08,Cooling System,Emergency,P0300,Battery degradation,TECH402,FleetCare Kochi,Brake Pads,1966,10162,12128,1.1,2025-08-07,Yes,Pending
S00674,V0161,ESN694031,2025-02-06,Engine Diagnostics,Corrective,P0300,Brake wear,TECH776,Kerala Truck Service,Air Filter,1385,10034,11419,8.6,2025-08-05,No,Completed
S00675,V0335,ESN460166,2025-02-20,Engine Diagnostics,Corrective,P0420,Low oil pressure,TECH510,Prime Motors,Battery,4062,10683,14745,2.8,2025-08-19,No,Completed
S00676,V0064,ESN918683,2025-10-20,Oil Change,Corrective,P0171,Engine overheating,TECH698,Prime Motors,Brake Pads,3438,18889,22327,10.5,2026-04-18,No,Pending
S00677,V0191,ESN226037,2025-04-02,Battery Replacement,Preventive,P0012,Low oil pressure,TECH561,Prime Motors,Battery,3406,16110,19516,8.6,2025-09-29,Yes,Completed
S00678,V0224,ESN784223,2025-11-18,Cooling System,Preventive,P0300,Low oil pressure,TECH574,Prime Motors,Brake Pads,1957,4685,6642,8.7,2026-05-17,Yes,Completed
S00679,V0490,ESN933718,2025-03-13,Oil Change,Emergency,P0012,Routine inspection,TECH945,Prime Motors,Coolant Hose,2569,10070,12639,10.2,2025-09-09,Yes,Completed
S00680,V0306,ESN336863,2025-03-30,Battery Replacement,Emergency,P0012,Routine inspection,TECH813,Prime Motors,Battery,3575,10866,14441,2.6,2025-09-26,Yes,Completed
S00681,V0458,ESN459146,2025-05-14,Brake Service,Corrective,P0420,Routine inspection,TECH314,AutoMind Central,Spark Plug,1159,15786,16945,5.8,2025-11-10,Yes,Completed
S00682,V0280,ESN799568,2025-03-07,Brake Service,Corrective,P0171,Low oil pressure,TECH616,Kerala Truck Service,Battery,3140,15503,18643,11.3,2025-09-03,No,Pending
S00683,V0268,ESN974152,2025-10-24,Oil Change,Preventive,P0000,Engine overheating,TECH794,Prime Motors,Coolant Hose,1923,17767,19690,3.6,2026-04-22,No,Pending
S00684,V0062,ESN674089,2025-02-10,Oil Change,Preventive,P0171,Battery degradation,TECH684,Prime Motors,Spark Plug,1253,13994,15247,2.0,2025-08-09,No,Pending
S00685,V0208,ESN230513,2025-04-12,Battery Replacement,Corrective,P0000,Routine inspection,TECH378,Kerala Truck Service,Battery,1049,13777,14826,4.3,2025-10-09,No,Completed
S00686,V0096,ESN858761,2025-04-27,Battery Replacement,Emergency,P0420,Battery degradation,TECH301,Kerala Truck Service,Oil Filter,1529,19879,21408,6.7,2025-10-24,Yes,Pending
S00687,V0120,ESN156974,2025-10-01,Cooling System,Preventive,P0012,Routine inspection,TECH731,AutoMind Central,Battery,2540,7509,10049,9.4,2026-03-30,No,Completed
S00688,V0388,ESN702973,2025-05-03,Brake Service,Preventive,P0171,Engine overheating,TECH153,Prime Motors,Air Filter,4299,7500,11799,11.0,2025-10-30,Yes,Pending
S00689,V0395,ESN531936,2025-11-15,Cooling System,Corrective,P0000,Low oil pressure,TECH448,Kerala Truck Service,Coolant Hose,4148,13277,17425,9.2,2026-05-14,No,Pending
S00690,V0495,ESN258779,2025-02-17,Cooling System,Emergency,P0171,Low oil pressure,TECH988,AutoMind Central,Spark Plug,2041,8865,10906,2.6,2025-08-16,Yes,Pending
S00691,V0011,ESN687366,2025-08-21,Routine Service,Emergency,P0012,Brake wear,TECH845,AutoMind Central,Battery,4341,3016,7357,8.1,2026-02-17,No,Pending
S00692,V0287,ESN377188,2025-05-30,Routine Service,Corrective,P0012,Routine inspection,TECH340,Prime Motors,Spark Plug,3694,6909,10603,7.5,2025-11-26,No,Completed
S00693,V0179,ESN411985,2025-11-04,Brake Service,Preventive,P0420,Routine inspection,TECH205,Kerala Truck Service,Battery,2450,17493,19943,4.9,2026-05-03,No,Completed
S00694,V0355,ESN181759,2025-07-21,Routine Service,Emergency,P0300,Routine inspection,TECH290,AutoMind Central,Coolant Hose,3789,19892,23681,3.1,2026-01-17,No,Pending
S00695,V0122,ESN943547,2025-11-02,Brake Service,Preventive,P0420,Battery degradation,TECH819,FleetCare Kochi,Spark Plug,3726,2491,6217,9.2,2026-05-01,No,Pending
S00696,V0186,ESN515088,2025-12-13,Routine Service,Preventive,P0171,Brake wear,TECH164,Prime Motors,Coolant Hose,1375,5996,7371,2.6,2026-06-11,No,Pending
S00697,V0298,ESN184224,2025-06-23,Oil Change,Emergency,P0420,Battery degradation,TECH542,Prime Motors,Brake Pads,1202,13988,15190,4.0,2025-12-20,Yes,Pending
S00698,V0379,ESN243960,2025-06-22,Routine Service,Emergency,P0012,Routine inspection,TECH556,Prime Motors,Spark Plug,3481,6648,10129,11.5,2025-12-19,Yes,Pending
S00699,V0150,ESN371788,2025-01-02,Brake Service,Emergency,P0000,Battery degradation,TECH385,Kerala Truck Service,Air Filter,2175,5033,7208,6.5,2025-07-01,Yes,Completed
S00700,V0460,ESN537099,2025-08-01,Cooling System,Emergency,P0000,Routine inspection,TECH775,Prime Motors,Brake Pads,1402,6910,8312,1.3,2026-01-28,No,Pending
S00701,V0307,ESN205001,2025-11-01,Brake Service,Corrective,P0300,Engine overheating,TECH694,FleetCare Kochi,Oil Filter,5497,4311,9808,10.0,2026-04-30,Yes,Completed
S00702,V0119,ESN645021,2025-10-24,Brake Service,Emergency,P0012,Brake wear,TECH590,AutoMind Central,Brake Pads,4586,12411,16997,7.0,2026-04-22,No,Pending
S00703,V0441,ESN954043,2025-08-09,Cooling System,Corrective,P0012,Battery degradation,TECH586,AutoMind Central,Battery,4979,12774,17753,4.7,2026-02-05,No,Pending
S00704,V0435,ESN419443,2025-06-13,Engine Diagnostics,Emergency,P0000,Low oil pressure,TECH445,Kerala Truck Service,Battery,988,14677,15665,7.0,2025-12-10,Yes,Pending
S00705,V0081,ESN822847,2025-01-06,Battery Replacement,Corrective,P0300,Engine overheating,TECH266,FleetCare Kochi,Air Filter,2946,5114,8060,1.3,2025-07-05,Yes,Pending
S00706,V0294,ESN239731,2025-06-14,Battery Replacement,Preventive,P0000,Routine inspection,TECH866,AutoMind Central,Coolant Hose,5614,15166,20780,4.4,2025-12-11,No,Completed
S00707,V0494,ESN732576,2025-10-24,Cooling System,Preventive,P0000,Brake wear,TECH459,AutoMind Central,Battery,4861,16822,21683,10.8,2026-04-22,No,Pending
S00708,V0077,ESN934845,2025-11-27,Routine Service,Corrective,P0012,Routine inspection,TECH887,Prime Motors,Air Filter,5975,1839,7814,4.6,2026-05-26,Yes,Completed
S00709,V0049,ESN457541,2025-08-26,Brake Service,Emergency,P0171,Low oil pressure,TECH191,Kerala Truck Service,Coolant Hose,2881,3229,6110,8.9,2026-02-22,Yes,Pending
S00710,V0204,ESN170196,2025-09-25,Cooling System,Preventive,P0012,Brake wear,TECH384,AutoMind Central,Coolant Hose,921,18138,19059,4.8,2026-03-24,Yes,Completed
S00711,V0410,ESN492793,2025-10-04,Cooling System,Preventive,P0000,Engine overheating,TECH304,AutoMind Central,Battery,3135,1164,4299,11.0,2026-04-02,Yes,Pending
S00712,V0300,ESN171422,2025-01-19,Battery Replacement,Corrective,P0171,Routine inspection,TECH182,Prime Motors,Oil Filter,4164,14707,18871,10.6,2025-07-18,Yes,Pending
S00713,V0078,ESN263265,2025-11-11,Battery Replacement,Corrective,P0012,Battery degradation,TECH885,AutoMind Central,Brake Pads,4901,7631,12532,9.4,2026-05-10,No,Pending
S00714,V0372,ESN296756,2025-07-13,Brake Service,Corrective,P0171,Routine inspection,TECH575,AutoMind Central,Brake Pads,2683,5851,8534,9.3,2026-01-09,No,Pending
S00715,V0473,ESN854688,2025-09-18,Routine Service,Emergency,P0171,Low oil pressure,TECH577,AutoMind Central,Battery,1523,5640,7163,11.1,2026-03-17,Yes,Pending
S00716,V0243,ESN209370,2025-07-24,Oil Change,Corrective,P0420,Routine inspection,TECH425,Prime Motors,Oil Filter,4660,14254,18914,5.4,2026-01-20,Yes,Completed
S00717,V0319,ESN560981,2025-12-07,Battery Replacement,Corrective,P0420,Low oil pressure,TECH614,Prime Motors,Air Filter,3225,6942,10167,5.9,2026-06-05,Yes,Pending
S00718,V0248,ESN231953,2025-05-24,Routine Service,Emergency,P0300,Battery degradation,TECH850,Prime Motors,Battery,4095,4037,8132,9.9,2025-11-20,Yes,Completed
S00719,V0010,ESN779153,2025-01-01,Engine Diagnostics,Preventive,P0171,Brake wear,TECH428,AutoMind Central,Coolant Hose,5227,15650,20877,11.2,2025-06-30,Yes,Completed
S00720,V0205,ESN901978,2025-01-23,Battery Replacement,Preventive,P0171,Brake wear,TECH455,FleetCare Kochi,Battery,3351,5019,8370,5.6,2025-07-22,Yes,Pending
S00721,V0089,ESN764707,2025-09-14,Brake Service,Preventive,P0300,Low oil pressure,TECH664,Prime Motors,Air Filter,4058,16552,20610,6.7,2026-03-13,Yes,Completed
S00722,V0159,ESN661614,2025-10-24,Oil Change,Preventive,P0000,Engine overheating,TECH997,FleetCare Kochi,Air Filter,5401,6966,12367,7.9,2026-04-22,Yes,Pending
S00723,V0149,ESN576930,2025-10-05,Routine Service,Emergency,P0420,Routine inspection,TECH631,FleetCare Kochi,Spark Plug,1051,17798,18849,2.6,2026-04-03,Yes,Completed
S00724,V0178,ESN250621,2025-12-03,Brake Service,Corrective,P0171,Low oil pressure,TECH516,AutoMind Central,Battery,3219,16030,19249,8.0,2026-06-01,No,Completed
S00725,V0430,ESN693913,2025-03-30,Routine Service,Corrective,P0000,Battery degradation,TECH759,Kerala Truck Service,Oil Filter,2491,1147,3638,1.5,2025-09-26,No,Completed
S00726,V0436,ESN568992,2025-12-23,Oil Change,Emergency,P0171,Engine overheating,TECH154,AutoMind Central,Coolant Hose,2401,10375,12776,2.0,2026-06-21,Yes,Pending
S00727,V0341,ESN580343,2025-07-18,Routine Service,Corrective,P0171,Routine inspection,TECH106,Prime Motors,Oil Filter,2269,1623,3892,11.6,2026-01-14,Yes,Completed
S00728,V0062,ESN477840,2025-10-14,Brake Service,Corrective,P0300,Routine inspection,TECH622,AutoMind Central,Brake Pads,3282,16283,19565,5.1,2026-04-12,Yes,Completed
S00729,V0057,ESN376782,2025-03-05,Oil Change,Preventive,P0171,Brake wear,TECH992,Prime Motors,Air Filter,2999,12853,15852,2.3,2025-09-01,Yes,Completed
S00730,V0337,ESN480466,2025-03-06,Battery Replacement,Corrective,P0012,Engine overheating,TECH836,FleetCare Kochi,Air Filter,1691,14575,16266,1.1,2025-09-02,No,Pending
S00731,V0459,ESN663962,2025-02-28,Engine Diagnostics,Corrective,P0420,Engine overheating,TECH740,Kerala Truck Service,Oil Filter,5067,1903,6970,11.4,2025-08-27,Yes,Pending
S00732,V0159,ESN731921,2025-09-10,Oil Change,Preventive,P0171,Routine inspection,TECH209,AutoMind Central,Oil Filter,5529,12540,18069,2.5,2026-03-09,Yes,Pending
S00733,V0092,ESN312737,2025-12-29,Brake Service,Preventive,P0012,Battery degradation,TECH246,AutoMind Central,Air Filter,3410,4380,7790,9.7,2026-06-27,Yes,Pending
S00734,V0101,ESN281750,2025-04-19,Oil Change,Emergency,P0171,Brake wear,TECH780,FleetCare Kochi,Air Filter,3194,15502,18696,7.0,2025-10-16,No,Completed
S00735,V0065,ESN968962,2025-09-24,Oil Change,Corrective,P0300,Engine overheating,TECH112,Prime Motors,Coolant Hose,4068,8411,12479,6.2,2026-03-23,Yes,Pending
S00736,V0174,ESN214526,2025-10-27,Battery Replacement,Corrective,P0012,Brake wear,TECH773,AutoMind Central,Oil Filter,839,13019,13858,4.8,2026-04-25,No,Pending
S00737,V0494,ESN705132,2025-08-25,Engine Diagnostics,Corrective,P0300,Brake wear,TECH259,Prime Motors,Air Filter,2302,915,3217,4.3,2026-02-21,No,Completed
S00738,V0110,ESN621030,2025-02-12,Oil Change,Emergency,P0012,Battery degradation,TECH701,AutoMind Central,Brake Pads,4839,1913,6752,5.9,2025-08-11,Yes,Pending
S00739,V0250,ESN587995,2025-11-29,Oil Change,Corrective,P0300,Low oil pressure,TECH556,Kerala Truck Service,Coolant Hose,2418,19999,22417,10.3,2026-05-28,Yes,Completed
S00740,V0307,ESN722798,2025-08-29,Cooling System,Corrective,P0171,Engine overheating,TECH192,Kerala Truck Service,Battery,3666,10209,13875,3.7,2026-02-25,No,Completed
S00741,V0290,ESN502380,2025-05-02,Engine Diagnostics,Corrective,P0012,Routine inspection,TECH882,Kerala Truck Service,Spark Plug,1639,2684,4323,4.5,2025-10-29,Yes,Pending
S00742,V0135,ESN692246,2025-01-08,Cooling System,Corrective,P0000,Routine inspection,TECH559,Prime Motors,Air Filter,1438,19875,21313,11.9,2025-07-07,No,Pending
S00743,V0449,ESN844155,2025-10-19,Brake Service,Preventive,P0012,Battery degradation,TECH834,Prime Motors,Coolant Hose,2039,11467,13506,8.3,2026-04-17,Yes,Pending
S00744,V0308,ESN908533,2025-07-21,Oil Change,Preventive,P0000,Brake wear,TECH925,Kerala Truck Service,Coolant Hose,1974,9603,11577,1.8,2026-01-17,No,Completed
S00745,V0397,ESN950698,2025-12-28,Brake Service,Emergency,P0300,Engine overheating,TECH724,AutoMind Central,Spark Plug,3151,16948,20099,11.8,2026-06-26,Yes,Completed
S00746,V0429,ESN684678,2025-10-25,Engine Diagnostics,Corrective,P0012,Brake wear,TECH939,AutoMind Central,Spark Plug,2344,2499,4843,1.2,2026-04-23,No,Pending
S00747,V0202,ESN401279,2025-01-03,Cooling System,Corrective,P0300,Low oil pressure,TECH938,Prime Motors,Spark Plug,4724,6208,10932,4.6,2025-07-02,No,Pending
S00748,V0435,ESN793646,2025-09-27,Routine Service,Emergency,P0171,Routine inspection,TECH524,Kerala Truck Service,Oil Filter,1046,6880,7926,1.7,2026-03-26,Yes,Completed
S00749,V0100,ESN631255,2025-04-08,Battery Replacement,Emergency,P0012,Battery degradation,TECH964,AutoMind Central,Spark Plug,3790,960,4750,11.2,2025-10-05,No,Pending
S00750,V0404,ESN463935,2025-01-21,Engine Diagnostics,Emergency,P0171,Low oil pressure,TECH208,FleetCare Kochi,Oil Filter,5539,3800,9339,4.8,2025-07-20,No,Completed
S00751,V0312,ESN546474,2025-07-19,Brake Service,Emergency,P0012,Routine inspection,TECH453,Kerala Truck Service,Battery,2445,7322,9767,10.5,2026-01-15,No,Pending
S00752,V0209,ESN822127,2025-06-24,Routine Service,Preventive,P0000,Brake wear,TECH400,AutoMind Central,Spark Plug,3838,12669,16507,6.8,2025-12-21,Yes,Pending
S00753,V0211,ESN896012,2025-05-09,Cooling System,Emergency,P0000,Engine overheating,TECH300,FleetCare Kochi,Coolant Hose,4139,15259,19398,10.0,2025-11-05,Yes,Completed
S00754,V0377,ESN662903,2025-05-01,Brake Service,Preventive,P0171,Battery degradation,TECH467,Kerala Truck Service,Oil Filter,3706,2978,6684,9.0,2025-10-28,Yes,Pending
S00755,V0450,ESN972287,2025-11-30,Routine Service,Preventive,P0300,Battery degradation,TECH828,Prime Motors,Coolant Hose,4521,14233,18754,7.4,2026-05-29,Yes,Pending
S00756,V0347,ESN693347,2025-02-14,Cooling System,Preventive,P0000,Low oil pressure,TECH402,Kerala Truck Service,Coolant Hose,1262,14042,15304,5.4,2025-08-13,Yes,Pending
S00757,V0085,ESN804587,2025-05-23,Oil Change,Emergency,P0000,Battery degradation,TECH777,FleetCare Kochi,Battery,2182,6287,8469,6.1,2025-11-19,Yes,Completed
S00758,V0261,ESN876531,2025-04-19,Engine Diagnostics,Preventive,P0012,Engine overheating,TECH779,FleetCare Kochi,Brake Pads,3353,16374,19727,4.8,2025-10-16,Yes,Pending
S00759,V0404,ESN250908,2025-09-17,Cooling System,Emergency,P0000,Low oil pressure,TECH740,FleetCare Kochi,Oil Filter,5272,3530,8802,9.3,2026-03-16,Yes,Pending
S00760,V0125,ESN830845,2025-05-10,Oil Change,Preventive,P0012,Routine inspection,TECH762,AutoMind Central,Brake Pads,3472,15844,19316,8.6,2025-11-06,Yes,Completed
S00761,V0262,ESN380740,2025-05-06,Routine Service,Preventive,P0012,Routine inspection,TECH924,Kerala Truck Service,Battery,5099,956,6055,1.3,2025-11-02,Yes,Completed
S00762,V0259,ESN378232,2025-11-29,Routine Service,Preventive,P0012,Low oil pressure,TECH730,AutoMind Central,Battery,3956,4544,8500,11.9,2026-05-28,No,Pending
S00763,V0483,ESN847789,2025-10-21,Routine Service,Emergency,P0171,Battery degradation,TECH769,Prime Motors,Air Filter,1629,4177,5806,11.4,2026-04-19,No,Pending
S00764,V0168,ESN922966,2025-11-12,Oil Change,Preventive,P0012,Engine overheating,TECH433,Prime Motors,Spark Plug,1126,15228,16354,6.4,2026-05-11,Yes,Completed
S00765,V0338,ESN916171,2025-09-15,Engine Diagnostics,Preventive,P0300,Brake wear,TECH856,FleetCare Kochi,Oil Filter,2442,18225,20667,7.1,2026-03-14,Yes,Pending
S00766,V0324,ESN744781,2025-08-22,Engine Diagnostics,Emergency,P0420,Brake wear,TECH112,AutoMind Central,Battery,4731,6568,11299,3.8,2026-02-18,Yes,Pending
S00767,V0477,ESN858800,2025-11-21,Brake Service,Emergency,P0420,Low oil pressure,TECH549,AutoMind Central,Brake Pads,4227,18204,22431,5.8,2026-05-20,Yes,Completed
S00768,V0159,ESN931031,2025-08-19,Routine Service,Emergency,P0300,Routine inspection,TECH737,AutoMind Central,Brake Pads,3025,6066,9091,10.6,2026-02-15,Yes,Pending
S00769,V0461,ESN346875,2025-03-18,Oil Change,Preventive,P0420,Low oil pressure,TECH758,Kerala Truck Service,Brake Pads,1708,16799,18507,10.1,2025-09-14,Yes,Completed
S00770,V0326,ESN438242,2025-04-19,Oil Change,Emergency,P0420,Low oil pressure,TECH601,Prime Motors,Brake Pads,3339,19212,22551,5.6,2025-10-16,No,Pending
S00771,V0293,ESN458361,2025-12-29,Brake Service,Preventive,P0420,Battery degradation,TECH919,Kerala Truck Service,Battery,5553,4479,10032,1.8,2026-06-27,Yes,Completed
S00772,V0292,ESN732971,2025-01-22,Battery Replacement,Emergency,P0420,Battery degradation,TECH838,Kerala Truck Service,Coolant Hose,2584,5411,7995,11.5,2025-07-21,Yes,Pending
S00773,V0387,ESN882525,2025-02-12,Cooling System,Preventive,P0012,Routine inspection,TECH806,Prime Motors,Battery,5696,19164,24860,8.3,2025-08-11,Yes,Pending
S00774,V0103,ESN811216,2025-03-20,Cooling System,Emergency,P0000,Routine inspection,TECH893,Kerala Truck Service,Oil Filter,4873,10383,15256,10.9,2025-09-16,No,Completed
S00775,V0489,ESN763212,2025-08-17,Oil Change,Emergency,P0420,Engine overheating,TECH813,Kerala Truck Service,Battery,5019,8171,13190,12.0,2026-02-13,Yes,Completed
S00776,V0463,ESN856401,2025-08-21,Cooling System,Corrective,P0000,Engine overheating,TECH208,FleetCare Kochi,Oil Filter,5426,19261,24687,11.1,2026-02-17,No,Completed
S00777,V0326,ESN112876,2025-08-24,Engine Diagnostics,Corrective,P0420,Low oil pressure,TECH848,Prime Motors,Oil Filter,2097,9999,12096,6.3,2026-02-20,Yes,Completed
S00778,V0003,ESN870583,2025-08-05,Brake Service,Preventive,P0420,Low oil pressure,TECH840,FleetCare Kochi,Coolant Hose,3439,18836,22275,9.6,2026-02-01,Yes,Completed
S00779,V0273,ESN957859,2025-07-24,Routine Service,Corrective,P0300,Battery degradation,TECH460,Kerala Truck Service,Oil Filter,1910,4565,6475,2.4,2026-01-20,Yes,Completed
S00780,V0385,ESN569605,2025-01-22,Brake Service,Corrective,P0300,Low oil pressure,TECH864,Kerala Truck Service,Battery,5271,18482,23753,6.1,2025-07-21,No,Completed
S00781,V0194,ESN207672,2025-09-28,Battery Replacement,Preventive,P0420,Low oil pressure,TECH286,Prime Motors,Battery,3539,12686,16225,4.0,2026-03-27,Yes,Pending
S00782,V0009,ESN127270,2025-02-02,Brake Service,Corrective,P0000,Battery degradation,TECH317,AutoMind Central,Oil Filter,2228,10599,12827,8.3,2025-08-01,No,Pending
S00783,V0022,ESN904851,2025-02-09,Routine Service,Emergency,P0171,Low oil pressure,TECH748,Prime Motors,Spark Plug,4683,18708,23391,1.5,2025-08-08,No,Pending
S00784,V0466,ESN146110,2025-05-09,Engine Diagnostics,Emergency,P0000,Brake wear,TECH550,Prime Motors,Brake Pads,1986,1063,3049,10.2,2025-11-05,No,Completed
S00785,V0119,ESN515353,2025-07-17,Brake Service,Corrective,P0420,Low oil pressure,TECH290,FleetCare Kochi,Oil Filter,3621,5710,9331,6.5,2026-01-13,Yes,Pending
S00786,V0188,ESN341200,2025-04-08,Oil Change,Preventive,P0171,Low oil pressure,TECH956,Kerala Truck Service,Brake Pads,5763,11460,17223,9.7,2025-10-05,Yes,Pending
S00787,V0016,ESN150512,2025-01-23,Cooling System,Emergency,P0171,Brake wear,TECH738,Prime Motors,Brake Pads,4871,8019,12890,6.2,2025-07-22,Yes,Pending
S00788,V0169,ESN572462,2025-09-25,Battery Replacement,Emergency,P0171,Low oil pressure,TECH675,FleetCare Kochi,Spark Plug,2751,12100,14851,3.2,2026-03-24,Yes,Pending
S00789,V0428,ESN325111,2025-03-23,Cooling System,Emergency,P0420,Low oil pressure,TECH979,Kerala Truck Service,Coolant Hose,881,16721,17602,5.2,2025-09-19,Yes,Pending
S00790,V0302,ESN665831,2025-09-28,Engine Diagnostics,Corrective,P0300,Engine overheating,TECH517,Prime Motors,Spark Plug,2120,17591,19711,11.6,2026-03-27,Yes,Completed
S00791,V0064,ESN493706,2025-11-10,Cooling System,Corrective,P0420,Engine overheating,TECH808,Kerala Truck Service,Brake Pads,3053,12612,15665,5.8,2026-05-09,No,Pending
S00792,V0050,ESN791507,2025-12-07,Oil Change,Preventive,P0171,Brake wear,TECH891,Kerala Truck Service,Battery,3152,12609,15761,10.2,2026-06-05,No,Completed
S00793,V0422,ESN585976,2025-08-01,Engine Diagnostics,Emergency,P0300,Engine overheating,TECH438,AutoMind Central,Oil Filter,1396,13418,14814,5.8,2026-01-28,Yes,Completed
S00794,V0251,ESN348198,2025-01-19,Oil Change,Preventive,P0300,Low oil pressure,TECH580,FleetCare Kochi,Air Filter,2470,3443,5913,10.7,2025-07-18,No,Pending
S00795,V0343,ESN478508,2025-06-21,Battery Replacement,Emergency,P0171,Brake wear,TECH183,Kerala Truck Service,Battery,4743,1452,6195,4.5,2025-12-18,No,Completed
S00796,V0346,ESN936871,2025-02-01,Routine Service,Corrective,P0420,Battery degradation,TECH744,AutoMind Central,Air Filter,1202,8276,9478,10.4,2025-07-31,Yes,Completed
S00797,V0397,ESN738910,2025-01-16,Routine Service,Corrective,P0012,Battery degradation,TECH897,FleetCare Kochi,Oil Filter,5241,16131,21372,5.0,2025-07-15,Yes,Pending
S00798,V0411,ESN535849,2025-08-10,Battery Replacement,Emergency,P0300,Engine overheating,TECH715,Kerala Truck Service,Coolant Hose,4316,19333,23649,10.2,2026-02-06,Yes,Pending
S00799,V0275,ESN406370,2025-08-03,Routine Service,Emergency,P0300,Routine inspection,TECH905,Kerala Truck Service,Battery,1409,3492,4901,11.3,2026-01-30,Yes,Pending
S00800,V0303,ESN240474,2025-05-15,Engine Diagnostics,Preventive,P0300,Battery degradation,TECH857,FleetCare Kochi,Air Filter,2073,4534,6607,11.5,2025-11-11,Yes,Pending
S00801,V0454,ESN100437,2025-12-11,Battery Replacement,Corrective,P0300,Low oil pressure,TECH390,Prime Motors,Coolant Hose,3713,9228,12941,7.8,2026-06-09,Yes,Completed
S00802,V0002,ESN980492,2025-11-15,Routine Service,Emergency,P0000,Battery degradation,TECH278,Kerala Truck Service,Battery,4466,16696,21162,1.2,2026-05-14,Yes,Completed
S00803,V0347,ESN323028,2025-07-21,Oil Change,Preventive,P0012,Brake wear,TECH813,Prime Motors,Air Filter,2055,11349,13404,10.8,2026-01-17,Yes,Completed
S00804,V0476,ESN616358,2025-01-18,Oil Change,Preventive,P0420,Battery degradation,TECH232,AutoMind Central,Battery,3972,16663,20635,9.1,2025-07-17,No,Completed
S00805,V0225,ESN193551,2025-10-11,Oil Change,Preventive,P0000,Battery degradation,TECH553,AutoMind Central,Spark Plug,3869,12290,16159,3.4,2026-04-09,Yes,Pending
S00806,V0317,ESN458632,2025-05-18,Cooling System,Emergency,P0171,Engine overheating,TECH967,AutoMind Central,Brake Pads,4206,10769,14975,7.5,2025-11-14,No,Pending
S00807,V0351,ESN136138,2025-01-09,Oil Change,Preventive,P0420,Low oil pressure,TECH604,AutoMind Central,Battery,1906,4621,6527,8.3,2025-07-08,Yes,Completed
S00808,V0120,ESN817936,2025-11-28,Brake Service,Emergency,P0171,Routine inspection,TECH268,FleetCare Kochi,Oil Filter,4580,1022,5602,8.4,2026-05-27,Yes,Completed
S00809,V0175,ESN787090,2025-04-30,Brake Service,Preventive,P0420,Routine inspection,TECH995,FleetCare Kochi,Spark Plug,5275,7746,13021,2.4,2025-10-27,Yes,Pending
S00810,V0083,ESN997434,2025-04-07,Oil Change,Emergency,P0300,Low oil pressure,TECH240,AutoMind Central,Coolant Hose,5124,9174,14298,9.1,2025-10-04,No,Completed
S00811,V0451,ESN963011,2025-09-01,Engine Diagnostics,Preventive,P0420,Routine inspection,TECH176,FleetCare Kochi,Battery,4908,3519,8427,4.3,2026-02-28,Yes,Completed
S00812,V0436,ESN239640,2025-04-21,Routine Service,Preventive,P0300,Battery degradation,TECH707,AutoMind Central,Battery,4001,12596,16597,4.3,2025-10-18,No,Completed
S00813,V0230,ESN195379,2025-06-24,Cooling System,Corrective,P0171,Low oil pressure,TECH395,Prime Motors,Brake Pads,2405,6627,9032,7.2,2025-12-21,No,Pending
S00814,V0262,ESN817807,2025-06-18,Cooling System,Corrective,P0171,Engine overheating,TECH273,FleetCare Kochi,Brake Pads,2722,18410,21132,10.8,2025-12-15,Yes,Completed
S00815,V0003,ESN476511,2025-11-08,Oil Change,Emergency,P0300,Routine inspection,TECH504,Prime Motors,Battery,2468,6242,8710,3.9,2026-05-07,No,Completed
S00816,V0277,ESN941176,2025-12-11,Cooling System,Emergency,P0012,Routine inspection,TECH538,AutoMind Central,Coolant Hose,5715,19068,24783,11.1,2026-06-09,No,Completed
S00817,V0261,ESN388659,2025-04-16,Brake Service,Corrective,P0300,Routine inspection,TECH318,AutoMind Central,Brake Pads,2936,4857,7793,6.7,2025-10-13,No,Completed
S00818,V0407,ESN135669,2025-07-02,Engine Diagnostics,Corrective,P0171,Battery degradation,TECH169,FleetCare Kochi,Air Filter,2155,17596,19751,8.3,2025-12-29,Yes,Pending
S00819,V0402,ESN446615,2025-12-28,Battery Replacement,Emergency,P0300,Engine overheating,TECH922,Kerala Truck Service,Brake Pads,5214,2880,8094,5.6,2026-06-26,No,Completed
S00820,V0376,ESN704020,2025-08-05,Routine Service,Corrective,P0012,Brake wear,TECH756,Kerala Truck Service,Brake Pads,3394,6886,10280,7.4,2026-02-01,No,Pending
S00821,V0343,ESN427446,2025-07-15,Oil Change,Corrective,P0420,Battery degradation,TECH551,FleetCare Kochi,Oil Filter,2081,12745,14826,2.0,2026-01-11,Yes,Completed
S00822,V0408,ESN657500,2025-05-04,Routine Service,Emergency,P0420,Low oil pressure,TECH528,AutoMind Central,Coolant Hose,1941,3919,5860,2.2,2025-10-31,Yes,Completed
S00823,V0008,ESN231598,2025-03-08,Battery Replacement,Preventive,P0300,Brake wear,TECH951,FleetCare Kochi,Oil Filter,2853,6945,9798,4.3,2025-09-04,No,Completed
S00824,V0141,ESN362159,2025-05-07,Brake Service,Preventive,P0300,Battery degradation,TECH490,Kerala Truck Service,Coolant Hose,4673,5756,10429,4.6,2025-11-03,No,Completed
S00825,V0053,ESN891972,2025-10-24,Brake Service,Preventive,P0000,Routine inspection,TECH928,FleetCare Kochi,Oil Filter,4845,11134,15979,4.6,2026-04-22,Yes,Completed
S00826,V0368,ESN987987,2025-02-01,Engine Diagnostics,Emergency,P0420,Brake wear,TECH908,Prime Motors,Battery,4235,12581,16816,5.6,2025-07-31,Yes,Completed
S00827,V0418,ESN901754,2025-06-18,Oil Change,Corrective,P0420,Low oil pressure,TECH190,AutoMind Central,Brake Pads,2558,1549,4107,4.9,2025-12-15,No,Completed
S00828,V0192,ESN489669,2025-05-02,Cooling System,Emergency,P0420,Routine inspection,TECH372,Kerala Truck Service,Brake Pads,5952,15888,21840,5.6,2025-10-29,Yes,Completed
S00829,V0446,ESN647435,2025-06-16,Routine Service,Emergency,P0171,Routine inspection,TECH771,FleetCare Kochi,Spark Plug,1417,16179,17596,8.3,2025-12-13,No,Completed
S00830,V0309,ESN653133,2025-01-20,Engine Diagnostics,Corrective,P0420,Routine inspection,TECH138,FleetCare Kochi,Coolant Hose,3510,2944,6454,9.0,2025-07-19,Yes,Pending
S00831,V0451,ESN611866,2025-07-07,Oil Change,Corrective,P0300,Low oil pressure,TECH210,FleetCare Kochi,Oil Filter,4118,9371,13489,4.3,2026-01-03,Yes,Completed
S00832,V0030,ESN680236,2025-01-21,Brake Service,Preventive,P0171,Routine inspection,TECH624,Prime Motors,Oil Filter,3747,6418,10165,11.4,2025-07-20,No,Pending
S00833,V0139,ESN889363,2025-04-17,Oil Change,Corrective,P0000,Brake wear,TECH489,Kerala Truck Service,Air Filter,1334,9154,10488,4.8,2025-10-14,No,Pending
S00834,V0249,ESN601670,2025-07-28,Brake Service,Emergency,P0012,Low oil pressure,TECH436,FleetCare Kochi,Brake Pads,5218,2955,8173,2.0,2026-01-24,No,Pending
S00835,V0197,ESN749200,2025-02-20,Cooling System,Emergency,P0171,Low oil pressure,TECH140,AutoMind Central,Coolant Hose,1131,13994,15125,11.8,2025-08-19,Yes,Completed
S00836,V0426,ESN649054,2025-04-05,Oil Change,Emergency,P0000,Engine overheating,TECH123,Kerala Truck Service,Brake Pads,2610,17994,20604,11.7,2025-10-02,No,Pending
S00837,V0190,ESN472997,2025-08-16,Routine Service,Preventive,P0012,Brake wear,TECH936,Prime Motors,Brake Pads,2854,6811,9665,7.2,2026-02-12,Yes,Pending
S00838,V0317,ESN338904,2025-01-04,Brake Service,Emergency,P0012,Brake wear,TECH552,FleetCare Kochi,Coolant Hose,5097,11119,16216,1.9,2025-07-03,Yes,Pending
S00839,V0494,ESN761836,2025-08-09,Cooling System,Emergency,P0012,Engine overheating,TECH945,AutoMind Central,Battery,3020,15021,18041,3.2,2026-02-05,No,Pending
S00840,V0351,ESN202743,2025-09-10,Oil Change,Preventive,P0000,Battery degradation,TECH785,Prime Motors,Battery,2176,2412,4588,2.9,2026-03-09,Yes,Completed
S00841,V0382,ESN723832,2025-04-07,Engine Diagnostics,Preventive,P0171,Routine inspection,TECH285,Kerala Truck Service,Coolant Hose,3264,13773,17037,7.5,2025-10-04,No,Completed
S00842,V0240,ESN674087,2025-11-04,Cooling System,Preventive,P0012,Routine inspection,TECH726,Prime Motors,Oil Filter,2949,1793,4742,9.3,2026-05-03,No,Completed
S00843,V0375,ESN380152,2025-06-23,Battery Replacement,Emergency,P0171,Brake wear,TECH661,Kerala Truck Service,Brake Pads,3216,14916,18132,8.6,2025-12-20,Yes,Pending
S00844,V0166,ESN677587,2025-10-01,Routine Service,Emergency,P0420,Engine overheating,TECH525,AutoMind Central,Brake Pads,5299,7970,13269,10.7,2026-03-30,Yes,Pending
S00845,V0329,ESN127317,2025-10-19,Oil Change,Corrective,P0420,Engine overheating,TECH418,FleetCare Kochi,Oil Filter,3843,11410,15253,2.5,2026-04-17,No,Completed
S00846,V0412,ESN363444,2025-12-29,Cooling System,Corrective,P0420,Routine inspection,TECH481,FleetCare Kochi,Coolant Hose,4038,17864,21902,4.9,2026-06-27,No,Pending
S00847,V0310,ESN739389,2025-06-26,Oil Change,Emergency,P0300,Battery degradation,TECH299,FleetCare Kochi,Brake Pads,2753,6231,8984,6.0,2025-12-23,No,Pending
S00848,V0081,ESN923561,2025-06-03,Oil Change,Preventive,P0171,Engine overheating,TECH957,Prime Motors,Spark Plug,3316,4910,8226,2.3,2025-11-30,No,Completed
S00849,V0478,ESN732684,2025-12-16,Routine Service,Preventive,P0000,Battery degradation,TECH635,AutoMind Central,Battery,4903,2349,7252,4.7,2026-06-14,No,Pending
S00850,V0393,ESN889402,2025-01-04,Oil Change,Corrective,P0012,Engine overheating,TECH153,AutoMind Central,Air Filter,936,3953,4889,2.6,2025-07-03,No,Completed
S00851,V0153,ESN303110,2025-08-04,Cooling System,Emergency,P0420,Low oil pressure,TECH289,AutoMind Central,Air Filter,2356,10392,12748,3.1,2026-01-31,Yes,Pending
S00852,V0366,ESN980156,2025-08-02,Battery Replacement,Emergency,P0300,Engine overheating,TECH334,FleetCare Kochi,Battery,5605,12193,17798,3.8,2026-01-29,Yes,Completed
S00853,V0236,ESN240315,2025-05-11,Oil Change,Corrective,P0000,Routine inspection,TECH437,AutoMind Central,Battery,2363,12906,15269,7.7,2025-11-07,No,Pending
S00854,V0301,ESN455806,2025-04-10,Routine Service,Emergency,P0420,Routine inspection,TECH398,AutoMind Central,Spark Plug,2632,19096,21728,9.3,2025-10-07,No,Completed
S00855,V0005,ESN877613,2025-04-04,Battery Replacement,Emergency,P0000,Battery degradation,TECH369,Prime Motors,Oil Filter,1784,1542,3326,6.0,2025-10-01,No,Completed
S00856,V0147,ESN854037,2025-12-16,Engine Diagnostics,Emergency,P0000,Brake wear,TECH352,Prime Motors,Spark Plug,5365,12697,18062,3.2,2026-06-14,Yes,Completed
S00857,V0416,ESN438310,2025-05-03,Oil Change,Preventive,P0420,Engine overheating,TECH229,FleetCare Kochi,Spark Plug,5752,10790,16542,11.6,2025-10-30,Yes,Completed
S00858,V0022,ESN373073,2025-12-20,Brake Service,Emergency,P0000,Battery degradation,TECH200,AutoMind Central,Spark Plug,2965,17122,20087,8.8,2026-06-18,Yes,Completed
S00859,V0282,ESN207505,2025-03-04,Routine Service,Emergency,P0171,Engine overheating,TECH558,Kerala Truck Service,Battery,3043,14673,17716,10.6,2025-08-31,No,Pending
S00860,V0126,ESN148894,2025-10-26,Oil Change,Corrective,P0000,Brake wear,TECH791,Prime Motors,Spark Plug,1948,7842,9790,11.9,2026-04-24,Yes,Completed
S00861,V0135,ESN370322,2025-04-06,Brake Service,Corrective,P0300,Routine inspection,TECH515,Kerala Truck Service,Air Filter,2288,12107,14395,1.1,2025-10-03,Yes,Completed
S00862,V0197,ESN391463,2025-11-22,Routine Service,Corrective,P0012,Engine overheating,TECH556,AutoMind Central,Coolant Hose,3496,850,4346,10.3,2026-05-21,No,Completed
S00863,V0104,ESN268424,2025-04-10,Routine Service,Emergency,P0300,Low oil pressure,TECH993,FleetCare Kochi,Battery,3764,11010,14774,3.7,2025-10-07,No,Pending
S00864,V0101,ESN968223,2025-10-26,Brake Service,Preventive,P0012,Battery degradation,TECH399,Kerala Truck Service,Air Filter,4627,15014,19641,1.9,2026-04-24,Yes,Completed
S00865,V0456,ESN949397,2025-01-06,Cooling System,Corrective,P0012,Low oil pressure,TECH651,Kerala Truck Service,Battery,4379,4543,8922,3.1,2025-07-05,No,Completed
S00866,V0398,ESN942044,2025-04-25,Battery Replacement,Emergency,P0171,Routine inspection,TECH646,Kerala Truck Service,Spark Plug,1680,19670,21350,5.9,2025-10-22,Yes,Completed
S00867,V0179,ESN298371,2025-08-03,Cooling System,Preventive,P0000,Battery degradation,TECH248,Kerala Truck Service,Brake Pads,2018,4237,6255,1.6,2026-01-30,No,Pending
S00868,V0026,ESN520088,2025-01-23,Cooling System,Preventive,P0000,Low oil pressure,TECH842,Kerala Truck Service,Air Filter,1074,11811,12885,2.6,2025-07-22,Yes,Pending
S00869,V0130,ESN754669,2025-02-17,Cooling System,Emergency,P0420,Engine overheating,TECH833,AutoMind Central,Brake Pads,1476,16871,18347,2.1,2025-08-16,No,Pending
S00870,V0326,ESN503497,2025-09-15,Brake Service,Emergency,P0000,Engine overheating,TECH108,Kerala Truck Service,Brake Pads,5828,12671,18499,8.2,2026-03-14,Yes,Completed
S00871,V0474,ESN349755,2025-04-16,Cooling System,Emergency,P0300,Engine overheating,TECH201,Prime Motors,Spark Plug,1558,10205,11763,2.6,2025-10-13,Yes,Completed
S00872,V0377,ESN106439,2025-07-08,Routine Service,Preventive,P0000,Routine inspection,TECH199,AutoMind Central,Battery,2904,4512,7416,3.8,2026-01-04,Yes,Completed
S00873,V0361,ESN516005,2025-11-21,Engine Diagnostics,Preventive,P0000,Low oil pressure,TECH252,AutoMind Central,Coolant Hose,1955,16937,18892,6.5,2026-05-20,Yes,Completed
S00874,V0222,ESN730796,2025-04-19,Cooling System,Preventive,P0300,Battery degradation,TECH301,Kerala Truck Service,Brake Pads,5087,5160,10247,12.0,2025-10-16,No,Completed
S00875,V0150,ESN756396,2025-01-11,Engine Diagnostics,Emergency,P0300,Engine overheating,TECH864,FleetCare Kochi,Battery,2729,973,3702,1.9,2025-07-10,Yes,Pending
S00876,V0480,ESN127691,2025-08-13,Brake Service,Emergency,P0012,Low oil pressure,TECH704,FleetCare Kochi,Coolant Hose,5041,12690,17731,3.6,2026-02-09,Yes,Pending
S00877,V0400,ESN237445,2025-01-20,Battery Replacement,Preventive,P0171,Battery degradation,TECH355,Prime Motors,Coolant Hose,4666,8773,13439,8.5,2025-07-19,No,Pending
S00878,V0102,ESN602650,2025-04-19,Battery Replacement,Emergency,P0300,Battery degradation,TECH869,Prime Motors,Battery,1412,3368,4780,2.6,2025-10-16,Yes,Completed
S00879,V0439,ESN431039,2025-08-26,Engine Diagnostics,Corrective,P0300,Battery degradation,TECH142,AutoMind Central,Battery,3373,19196,22569,11.7,2026-02-22,Yes,Pending
S00880,V0013,ESN999921,2025-10-28,Routine Service,Emergency,P0012,Engine overheating,TECH428,FleetCare Kochi,Brake Pads,4600,9295,13895,6.1,2026-04-26,No,Pending
S00881,V0440,ESN790375,2025-03-16,Cooling System,Corrective,P0300,Brake wear,TECH432,Prime Motors,Brake Pads,2170,16437,18607,2.5,2025-09-12,No,Completed
S00882,V0220,ESN647184,2025-08-20,Engine Diagnostics,Corrective,P0012,Battery degradation,TECH575,AutoMind Central,Oil Filter,2635,14272,16907,4.8,2026-02-16,Yes,Pending
S00883,V0091,ESN124125,2025-04-12,Battery Replacement,Preventive,P0420,Brake wear,TECH973,FleetCare Kochi,Battery,4452,4048,8500,9.4,2025-10-09,No,Completed
S00884,V0368,ESN909989,2025-03-20,Oil Change,Corrective,P0012,Routine inspection,TECH351,AutoMind Central,Oil Filter,3217,7902,11119,4.3,2025-09-16,Yes,Completed
S00885,V0151,ESN649461,2025-11-19,Engine Diagnostics,Preventive,P0000,Low oil pressure,TECH254,Kerala Truck Service,Coolant Hose,2448,12991,15439,5.2,2026-05-18,No,Completed
S00886,V0425,ESN605958,2025-05-15,Battery Replacement,Preventive,P0171,Engine overheating,TECH343,AutoMind Central,Oil Filter,2359,18815,21174,11.3,2025-11-11,Yes,Completed
S00887,V0181,ESN568705,2025-02-10,Brake Service,Emergency,P0420,Engine overheating,TECH646,Prime Motors,Oil Filter,2640,15890,18530,6.6,2025-08-09,No,Completed
S00888,V0048,ESN885735,2025-10-27,Oil Change,Corrective,P0420,Engine overheating,TECH245,Kerala Truck Service,Battery,3063,15188,18251,10.3,2026-04-25,No,Completed
S00889,V0242,ESN904652,2025-04-08,Oil Change,Preventive,P0000,Low oil pressure,TECH407,Prime Motors,Coolant Hose,4861,13563,18424,6.6,2025-10-05,No,Completed
S00890,V0037,ESN309527,2025-06-04,Engine Diagnostics,Preventive,P0012,Low oil pressure,TECH331,Kerala Truck Service,Spark Plug,912,4234,5146,2.2,2025-12-01,No,Completed
S00891,V0320,ESN867796,2025-08-27,Routine Service,Corrective,P0300,Routine inspection,TECH558,AutoMind Central,Coolant Hose,5014,19582,24596,2.4,2026-02-23,No,Pending
S00892,V0187,ESN986634,2025-08-20,Routine Service,Emergency,P0000,Routine inspection,TECH924,FleetCare Kochi,Battery,4301,1829,6130,11.2,2026-02-16,Yes,Pending
S00893,V0479,ESN828987,2025-02-04,Brake Service,Emergency,P0420,Routine inspection,TECH735,AutoMind Central,Coolant Hose,2782,19962,22744,8.0,2025-08-03,No,Pending
S00894,V0255,ESN353099,2025-01-01,Routine Service,Corrective,P0420,Engine overheating,TECH525,FleetCare Kochi,Brake Pads,3858,14456,18314,8.8,2025-06-30,No,Completed
S00895,V0460,ESN165340,2025-09-16,Battery Replacement,Corrective,P0420,Engine overheating,TECH846,Prime Motors,Oil Filter,2996,2940,5936,3.9,2026-03-15,No,Pending
S00896,V0185,ESN290697,2025-02-20,Battery Replacement,Corrective,P0012,Brake wear,TECH174,FleetCare Kochi,Spark Plug,3561,10208,13769,3.8,2025-08-19,No,Completed
S00897,V0229,ESN413622,2025-05-13,Cooling System,Emergency,P0300,Routine inspection,TECH640,Kerala Truck Service,Coolant Hose,5619,19265,24884,3.4,2025-11-09,No,Completed
S00898,V0222,ESN208353,2025-03-17,Cooling System,Preventive,P0171,Low oil pressure,TECH873,Prime Motors,Oil Filter,5359,4276,9635,10.3,2025-09-13,No,Completed
S00899,V0097,ESN996433,2025-05-21,Routine Service,Preventive,P0012,Routine inspection,TECH198,AutoMind Central,Coolant Hose,1826,15138,16964,5.2,2025-11-17,No,Pending
S00900,V0323,ESN848747,2025-10-30,Engine Diagnostics,Corrective,P0000,Battery degradation,TECH298,AutoMind Central,Oil Filter,5863,11605,17468,11.2,2026-04-28,Yes,Pending
S00901,V0298,ESN581574,2025-07-17,Brake Service,Preventive,P0171,Routine inspection,TECH901,FleetCare Kochi,Air Filter,4561,13792,18353,2.0,2026-01-13,Yes,Completed
S00902,V0168,ESN667188,2025-02-12,Brake Service,Preventive,P0420,Brake wear,TECH612,Kerala Truck Service,Coolant Hose,5807,16799,22606,1.7,2025-08-11,Yes,Pending
S00903,V0011,ESN950572,2025-01-29,Battery Replacement,Preventive,P0012,Low oil pressure,TECH330,FleetCare Kochi,Brake Pads,5968,12230,18198,7.1,2025-07-28,Yes,Pending
S00904,V0392,ESN389026,2025-07-09,Engine Diagnostics,Corrective,P0420,Engine overheating,TECH677,AutoMind Central,Air Filter,2923,1971,4894,5.0,2026-01-05,Yes,Completed
S00905,V0387,ESN728382,2025-03-07,Battery Replacement,Emergency,P0300,Engine overheating,TECH614,Prime Motors,Coolant Hose,953,3817,4770,10.1,2025-09-03,No,Completed
S00906,V0366,ESN144618,2025-12-19,Engine Diagnostics,Corrective,P0012,Brake wear,TECH858,Prime Motors,Spark Plug,2379,13362,15741,3.4,2026-06-17,No,Completed
S00907,V0454,ESN545517,2025-10-10,Brake Service,Preventive,P0000,Brake wear,TECH633,Prime Motors,Coolant Hose,5745,8932,14677,8.5,2026-04-08,No,Pending
S00908,V0367,ESN201144,2025-02-14,Engine Diagnostics,Corrective,P0420,Low oil pressure,TECH853,Prime Motors,Coolant Hose,5480,12702,18182,4.4,2025-08-13,No,Completed
S00909,V0409,ESN490816,2025-08-13,Oil Change,Emergency,P0300,Engine overheating,TECH753,Kerala Truck Service,Air Filter,1914,13673,15587,1.4,2026-02-09,No,Completed
S00910,V0084,ESN594902,2025-02-04,Battery Replacement,Preventive,P0012,Routine inspection,TECH633,FleetCare Kochi,Brake Pads,4038,10000,14038,3.3,2025-08-03,Yes,Completed
S00911,V0027,ESN352126,2025-03-13,Battery Replacement,Corrective,P0300,Battery degradation,TECH965,Kerala Truck Service,Oil Filter,4314,19422,23736,7.3,2025-09-09,Yes,Pending
S00912,V0236,ESN780653,2025-10-15,Oil Change,Corrective,P0171,Routine inspection,TECH206,FleetCare Kochi,Brake Pads,5817,16977,22794,6.8,2026-04-13,No,Completed
S00913,V0265,ESN728834,2025-07-01,Oil Change,Corrective,P0420,Low oil pressure,TECH298,AutoMind Central,Air Filter,3844,9351,13195,9.2,2025-12-28,Yes,Completed
S00914,V0102,ESN424111,2025-11-03,Oil Change,Preventive,P0012,Routine inspection,TECH227,Prime Motors,Battery,3959,17551,21510,9.3,2026-05-02,No,Completed
S00915,V0167,ESN342338,2025-10-24,Routine Service,Corrective,P0300,Low oil pressure,TECH983,Prime Motors,Oil Filter,3089,8225,11314,10.3,2026-04-22,No,Completed
S00916,V0142,ESN246258,2025-09-12,Engine Diagnostics,Preventive,P0012,Battery degradation,TECH651,AutoMind Central,Battery,4981,4738,9719,1.8,2026-03-11,Yes,Completed
S00917,V0253,ESN866662,2025-04-28,Battery Replacement,Emergency,P0420,Battery degradation,TECH834,Prime Motors,Oil Filter,2660,15925,18585,6.4,2025-10-25,Yes,Completed
S00918,V0229,ESN837622,2025-07-15,Oil Change,Emergency,P0171,Routine inspection,TECH964,AutoMind Central,Spark Plug,2054,19990,22044,10.9,2026-01-11,Yes,Pending
S00919,V0283,ESN459112,2025-02-19,Oil Change,Preventive,P0000,Low oil pressure,TECH497,Prime Motors,Coolant Hose,4893,10189,15082,8.2,2025-08-18,Yes,Pending
S00920,V0198,ESN952036,2025-10-15,Brake Service,Emergency,P0300,Routine inspection,TECH256,AutoMind Central,Oil Filter,3314,1129,4443,1.8,2026-04-13,No,Completed
S00921,V0364,ESN473390,2025-06-11,Cooling System,Preventive,P0420,Low oil pressure,TECH208,Prime Motors,Battery,3689,3735,7424,5.5,2025-12-08,No,Pending
S00922,V0350,ESN656068,2025-12-29,Battery Replacement,Emergency,P0300,Engine overheating,TECH702,FleetCare Kochi,Spark Plug,5234,7434,12668,1.0,2026-06-27,No,Pending
S00923,V0240,ESN900739,2025-05-16,Engine Diagnostics,Preventive,P0420,Engine overheating,TECH766,FleetCare Kochi,Brake Pads,3939,11962,15901,11.9,2025-11-12,No,Completed
S00924,V0424,ESN149562,2025-12-01,Battery Replacement,Emergency,P0300,Routine inspection,TECH667,Prime Motors,Air Filter,5836,13271,19107,11.3,2026-05-30,No,Completed
S00925,V0134,ESN865583,2025-01-29,Brake Service,Corrective,P0000,Engine overheating,TECH957,AutoMind Central,Oil Filter,4230,3675,7905,5.2,2025-07-28,Yes,Pending
S00926,V0340,ESN399827,2025-06-03,Cooling System,Preventive,P0000,Brake wear,TECH611,FleetCare Kochi,Oil Filter,2756,4048,6804,1.9,2025-11-30,No,Pending
S00927,V0083,ESN611599,2025-01-21,Engine Diagnostics,Preventive,P0000,Routine inspection,TECH240,Kerala Truck Service,Spark Plug,5735,13483,19218,5.5,2025-07-20,Yes,Pending
S00928,V0476,ESN219739,2025-09-09,Cooling System,Emergency,P0000,Routine inspection,TECH385,Kerala Truck Service,Coolant Hose,2398,15043,17441,5.8,2026-03-08,Yes,Completed
S00929,V0064,ESN268380,2025-03-11,Routine Service,Preventive,P0012,Engine overheating,TECH373,AutoMind Central,Battery,1288,16536,17824,11.3,2025-09-07,Yes,Completed
S00930,V0078,ESN468680,2025-08-29,Battery Replacement,Corrective,P0420,Low oil pressure,TECH642,Kerala Truck Service,Air Filter,4758,9548,14306,5.8,2026-02-25,No,Completed
S00931,V0220,ESN457429,2025-05-29,Engine Diagnostics,Corrective,P0300,Engine overheating,TECH132,Kerala Truck Service,Oil Filter,3725,17351,21076,1.7,2025-11-25,No,Completed
S00932,V0308,ESN392891,2025-12-29,Oil Change,Corrective,P0420,Battery degradation,TECH248,AutoMind Central,Spark Plug,1824,13348,15172,4.2,2026-06-27,Yes,Pending
S00933,V0026,ESN748146,2025-09-21,Cooling System,Emergency,P0300,Low oil pressure,TECH937,Kerala Truck Service,Spark Plug,5189,18055,23244,9.1,2026-03-20,No,Completed
S00934,V0439,ESN438900,2025-10-15,Engine Diagnostics,Corrective,P0420,Low oil pressure,TECH712,FleetCare Kochi,Coolant Hose,2477,13629,16106,7.5,2026-04-13,Yes,Completed
S00935,V0176,ESN560071,2025-07-13,Engine Diagnostics,Corrective,P0300,Brake wear,TECH438,Prime Motors,Battery,3432,14112,17544,7.4,2026-01-09,No,Completed
S00936,V0448,ESN928986,2025-06-26,Battery Replacement,Preventive,P0300,Routine inspection,TECH552,Kerala Truck Service,Brake Pads,2609,5311,7920,2.3,2025-12-23,No,Completed
S00937,V0367,ESN311280,2025-05-17,Battery Replacement,Emergency,P0420,Engine overheating,TECH759,Prime Motors,Oil Filter,1662,5125,6787,9.0,2025-11-13,No,Completed
S00938,V0120,ESN378706,2025-05-05,Brake Service,Preventive,P0300,Routine inspection,TECH768,AutoMind Central,Oil Filter,2808,1592,4400,7.4,2025-11-01,Yes,Pending
S00939,V0427,ESN214186,2025-01-14,Routine Service,Preventive,P0000,Brake wear,TECH125,Kerala Truck Service,Spark Plug,2101,8847,10948,8.3,2025-07-13,No,Pending
S00940,V0335,ESN595678,2025-08-15,Engine Diagnostics,Emergency,P0171,Engine overheating,TECH831,FleetCare Kochi,Battery,3335,18547,21882,8.4,2026-02-11,Yes,Pending
S00941,V0246,ESN466149,2025-01-07,Brake Service,Preventive,P0300,Brake wear,TECH376,FleetCare Kochi,Oil Filter,3694,7481,11175,3.0,2025-07-06,No,Completed
S00942,V0165,ESN203351,2025-01-06,Battery Replacement,Preventive,P0000,Routine inspection,TECH209,AutoMind Central,Oil Filter,5805,15970,21775,7.9,2025-07-05,No,Completed
S00943,V0177,ESN633349,2025-01-06,Brake Service,Emergency,P0300,Routine inspection,TECH556,AutoMind Central,Battery,4509,11702,16211,4.2,2025-07-05,No,Completed
S00944,V0327,ESN877937,2025-08-12,Battery Replacement,Corrective,P0171,Engine overheating,TECH225,AutoMind Central,Air Filter,3764,2155,5919,4.4,2026-02-08,No,Pending
S00945,V0393,ESN276933,2025-01-04,Oil Change,Preventive,P0420,Battery degradation,TECH456,Prime Motors,Spark Plug,3591,10304,13895,4.1,2025-07-03,Yes,Completed
S00946,V0283,ESN753466,2025-07-21,Brake Service,Emergency,P0300,Battery degradation,TECH809,FleetCare Kochi,Battery,3298,19576,22874,11.4,2026-01-17,Yes,Pending
S00947,V0380,ESN370146,2025-10-22,Brake Service,Preventive,P0000,Routine inspection,TECH782,FleetCare Kochi,Air Filter,5017,16656,21673,6.7,2026-04-20,Yes,Pending
S00948,V0100,ESN304227,2025-12-07,Engine Diagnostics,Corrective,P0420,Low oil pressure,TECH870,Kerala Truck Service,Brake Pads,3514,8097,11611,3.4,2026-06-05,Yes,Pending
S00949,V0467,ESN573239,2025-07-26,Brake Service,Corrective,P0012,Battery degradation,TECH314,Prime Motors,Air Filter,1432,6854,8286,5.5,2026-01-22,No,Completed
S00950,V0110,ESN383460,2025-05-23,Battery Replacement,Corrective,P0012,Low oil pressure,TECH338,AutoMind Central,Brake Pads,2565,15477,18042,10.7,2025-11-19,No,Completed
S00951,V0053,ESN174291,2025-04-17,Routine Service,Preventive,P0012,Routine inspection,TECH228,Kerala Truck Service,Coolant Hose,4698,881,5579,11.3,2025-10-14,No,Completed
S00952,V0339,ESN446863,2025-10-11,Cooling System,Corrective,P0420,Routine inspection,TECH205,Prime Motors,Oil Filter,4254,6445,10699,6.8,2026-04-09,Yes,Pending
S00953,V0199,ESN354279,2025-07-01,Brake Service,Corrective,P0420,Low oil pressure,TECH825,Kerala Truck Service,Coolant Hose,5439,7335,12774,11.5,2025-12-28,Yes,Completed
S00954,V0135,ESN150675,2025-04-26,Routine Service,Emergency,P0300,Battery degradation,TECH626,FleetCare Kochi,Brake Pads,3176,7605,10781,8.4,2025-10-23,No,Pending
S00955,V0276,ESN308773,2025-01-12,Engine Diagnostics,Preventive,P0420,Brake wear,TECH450,Prime Motors,Coolant Hose,942,3612,4554,6.6,2025-07-11,No,Completed
S00956,V0154,ESN477994,2025-07-10,Brake Service,Corrective,P0420,Routine inspection,TECH485,FleetCare Kochi,Battery,1771,8617,10388,3.3,2026-01-06,Yes,Pending
S00957,V0228,ESN735234,2025-05-05,Battery Replacement,Preventive,P0012,Brake wear,TECH482,FleetCare Kochi,Brake Pads,3420,15837,19257,4.3,2025-11-01,No,Pending
S00958,V0091,ESN422663,2025-02-27,Engine Diagnostics,Preventive,P0420,Routine inspection,TECH427,Kerala Truck Service,Coolant Hose,3189,5377,8566,10.1,2025-08-26,No,Completed
S00959,V0286,ESN477298,2025-05-02,Brake Service,Emergency,P0300,Engine overheating,TECH542,AutoMind Central,Brake Pads,1475,4192,5667,7.0,2025-10-29,No,Completed
S00960,V0066,ESN394366,2025-05-16,Battery Replacement,Emergency,P0000,Battery degradation,TECH105,FleetCare Kochi,Spark Plug,1582,12416,13998,9.1,2025-11-12,Yes,Completed
S00961,V0453,ESN404222,2025-10-02,Routine Service,Corrective,P0171,Engine overheating,TECH845,AutoMind Central,Spark Plug,5491,8667,14158,4.1,2026-03-31,Yes,Pending
S00962,V0286,ESN585937,2025-05-25,Oil Change,Emergency,P0012,Low oil pressure,TECH523,Kerala Truck Service,Air Filter,5527,9131,14658,2.3,2025-11-21,No,Pending
S00963,V0288,ESN741526,2025-08-25,Oil Change,Corrective,P0012,Engine overheating,TECH239,FleetCare Kochi,Battery,3521,5733,9254,5.4,2026-02-21,Yes,Pending
S00964,V0199,ESN778496,2025-01-19,Battery Replacement,Emergency,P0420,Battery degradation,TECH123,FleetCare Kochi,Brake Pads,3416,10221,13637,8.7,2025-07-18,Yes,Completed
S00965,V0019,ESN213480,2025-09-12,Brake Service,Corrective,P0000,Battery degradation,TECH749,Kerala Truck Service,Spark Plug,1515,10579,12094,10.2,2026-03-11,No,Completed
S00966,V0428,ESN924177,2025-11-02,Engine Diagnostics,Emergency,P0420,Brake wear,TECH989,Kerala Truck Service,Coolant Hose,4809,3999,8808,3.1,2026-05-01,Yes,Pending
S00967,V0420,ESN649718,2025-12-28,Engine Diagnostics,Emergency,P0300,Engine overheating,TECH806,AutoMind Central,Air Filter,4388,8152,12540,7.1,2026-06-26,No,Completed
S00968,V0123,ESN103098,2025-06-20,Oil Change,Corrective,P0420,Low oil pressure,TECH783,FleetCare Kochi,Oil Filter,5944,16739,22683,1.1,2025-12-17,Yes,Pending
S00969,V0325,ESN916669,2025-02-25,Cooling System,Emergency,P0171,Low oil pressure,TECH312,Kerala Truck Service,Coolant Hose,878,6041,6919,1.4,2025-08-24,Yes,Pending
S00970,V0162,ESN576702,2025-07-02,Brake Service,Preventive,P0420,Brake wear,TECH219,Prime Motors,Spark Plug,4020,9416,13436,1.5,2025-12-29,Yes,Pending
S00971,V0199,ESN749930,2025-01-19,Engine Diagnostics,Corrective,P0012,Low oil pressure,TECH463,AutoMind Central,Oil Filter,5162,12434,17596,7.1,2025-07-18,Yes,Pending
S00972,V0021,ESN984918,2025-04-14,Engine Diagnostics,Preventive,P0171,Battery degradation,TECH843,Prime Motors,Brake Pads,4796,17035,21831,7.9,2025-10-11,No,Pending
S00973,V0273,ESN202155,2025-05-28,Cooling System,Emergency,P0420,Engine overheating,TECH421,AutoMind Central,Battery,3990,6992,10982,4.6,2025-11-24,Yes,Completed
S00974,V0297,ESN470972,2025-12-22,Battery Replacement,Preventive,P0171,Battery degradation,TECH475,Kerala Truck Service,Battery,2170,14158,16328,3.6,2026-06-20,Yes,Completed
S00975,V0053,ESN828956,2025-08-30,Routine Service,Corrective,P0420,Engine overheating,TECH685,Kerala Truck Service,Battery,3384,19030,22414,1.1,2026-02-26,Yes,Completed
S00976,V0368,ESN254211,2025-04-11,Battery Replacement,Emergency,P0171,Routine inspection,TECH932,FleetCare Kochi,Oil Filter,3351,16242,19593,9.9,2025-10-08,No,Pending
S00977,V0480,ESN898781,2025-05-16,Cooling System,Emergency,P0420,Engine overheating,TECH107,FleetCare Kochi,Spark Plug,1480,16737,18217,2.3,2025-11-12,Yes,Pending
S00978,V0359,ESN518351,2025-07-08,Brake Service,Emergency,P0300,Engine overheating,TECH119,Prime Motors,Oil Filter,4999,8283,13282,3.8,2026-01-04,No,Completed
S00979,V0453,ESN571772,2025-01-06,Oil Change,Corrective,P0012,Low oil pressure,TECH226,FleetCare Kochi,Brake Pads,2829,12639,15468,1.2,2025-07-05,No,Completed
S00980,V0344,ESN627498,2025-12-19,Engine Diagnostics,Preventive,P0300,Brake wear,TECH166,Prime Motors,Brake Pads,5035,18315,23350,3.1,2026-06-17,No,Completed
S00981,V0155,ESN489888,2025-03-07,Engine Diagnostics,Emergency,P0300,Routine inspection,TECH687,Kerala Truck Service,Spark Plug,5095,12249,17344,9.8,2025-09-03,Yes,Pending
S00982,V0092,ESN373321,2025-07-02,Brake Service,Preventive,P0000,Battery degradation,TECH165,Kerala Truck Service,Battery,2922,17958,20880,9.7,2025-12-29,No,Completed
S00983,V0100,ESN315386,2025-11-07,Oil Change,Corrective,P0420,Low oil pressure,TECH830,Kerala Truck Service,Coolant Hose,5185,19576,24761,3.9,2026-05-06,No,Pending
S00984,V0130,ESN357562,2025-08-06,Cooling System,Corrective,P0000,Low oil pressure,TECH719,Prime Motors,Air Filter,5617,10000,15617,5.7,2026-02-02,Yes,Pending
S00985,V0002,ESN256208,2025-01-08,Routine Service,Preventive,P0420,Low oil pressure,TECH630,Prime Motors,Battery,1305,5611,6916,8.1,2025-07-07,Yes,Pending
S00986,V0349,ESN795452,2025-03-10,Brake Service,Corrective,P0000,Engine overheating,TECH103,FleetCare Kochi,Brake Pads,5805,12654,18459,4.9,2025-09-06,No,Pending
S00987,V0205,ESN175417,2025-02-06,Oil Change,Preventive,P0171,Brake wear,TECH418,Kerala Truck Service,Spark Plug,5481,3181,8662,6.4,2025-08-05,Yes,Completed
S00988,V0076,ESN188865,2025-06-05,Routine Service,Corrective,P0420,Brake wear,TECH328,Prime Motors,Battery,2049,17968,20017,5.5,2025-12-02,No,Completed
S00989,V0471,ESN149567,2025-12-02,Engine Diagnostics,Preventive,P0171,Engine overheating,TECH181,Kerala Truck Service,Air Filter,3442,6971,10413,7.2,2026-05-31,No,Pending
S00990,V0001,ESN756061,2025-04-29,Cooling System,Emergency,P0171,Routine inspection,TECH655,Prime Motors,Spark Plug,5886,16023,21909,1.9,2025-10-26,Yes,Completed
S00991,V0352,ESN365395,2025-08-31,Brake Service,Corrective,P0300,Battery degradation,TECH748,FleetCare Kochi,Spark Plug,4356,4883,9239,3.4,2026-02-27,No,Completed
S00992,V0142,ESN321824,2025-02-09,Cooling System,Emergency,P0012,Routine inspection,TECH971,Kerala Truck Service,Spark Plug,5790,8656,14446,5.3,2025-08-08,Yes,Pending
S00993,V0206,ESN571544,2025-11-29,Oil Change,Corrective,P0300,Engine overheating,TECH167,Prime Motors,Brake Pads,4448,4389,8837,2.0,2026-05-28,No,Completed
S00994,V0132,ESN212465,2025-04-23,Engine Diagnostics,Emergency,P0171,Low oil pressure,TECH903,FleetCare Kochi,Brake Pads,4722,11441,16163,5.5,2025-10-20,No,Completed
S00995,V0263,ESN892158,2025-09-02,Battery Replacement,Corrective,P0012,Engine overheating,TECH926,FleetCare Kochi,Coolant Hose,2093,18749,20842,4.9,2026-03-01,No,Completed
S00996,V0101,ESN311998,2025-06-21,Cooling System,Emergency,P0420,Engine overheating,TECH831,Prime Motors,Coolant Hose,5095,11030,16125,10.9,2025-12-18,No,Pending
S00997,V0266,ESN904611,2025-07-02,Brake Service,Corrective,P0000,Battery degradation,TECH343,AutoMind Central,Coolant Hose,4464,18519,22983,8.3,2025-12-29,Yes,Completed
S00998,V0197,ESN389941,2025-12-11,Routine Service,Preventive,P0000,Low oil pressure,TECH484,FleetCare Kochi,Brake Pads,4230,13053,17283,6.2,2026-06-09,No,Pending
S00999,V0142,ESN394059,2025-12-23,Oil Change,Emergency,P0000,Routine inspection,TECH750,Kerala Truck Service,Air Filter,3392,4474,7866,1.6,2026-06-21,No,Pending
S01000,V0188,ESN264353,2025-08-27,Cooling System,Corrective,P0000,Routine inspection,TECH271,FleetCare Kochi,Spark Plug,2789,13157,15946,9.1,2026-02-23,No,Pending
S01001,V0299,ESN271857,2025-08-18,Brake Service,Corrective,P0171,Engine overheating,TECH267,Prime Motors,Brake Pads,3343,11929,15272,3.7,2026-02-14,No,Pending
S01002,V0170,ESN340937,2025-02-24,Oil Change,Preventive,P0000,Brake wear,TECH333,Prime Motors,Spark Plug,4549,3764,8313,4.7,2025-08-23,No,Pending
S01003,V0190,ESN261053,2025-11-25,Routine Service,Corrective,P0300,Low oil pressure,TECH744,Kerala Truck Service,Oil Filter,1527,19736,21263,7.1,2026-05-24,Yes,Completed
S01004,V0257,ESN262010,2025-03-08,Engine Diagnostics,Emergency,P0300,Brake wear,TECH964,Kerala Truck Service,Battery,2886,3216,6102,10.6,2025-09-04,Yes,Pending
S01005,V0270,ESN168862,2025-05-13,Cooling System,Emergency,P0000,Brake wear,TECH686,Kerala Truck Service,Brake Pads,3824,17308,21132,6.6,2025-11-09,No,Completed
S01006,V0370,ESN434792,2025-10-03,Routine Service,Emergency,P0171,Routine inspection,TECH191,Kerala Truck Service,Spark Plug,5480,19318,24798,6.9,2026-04-01,Yes,Completed
S01007,V0227,ESN896409,2025-08-11,Brake Service,Preventive,P0171,Battery degradation,TECH408,FleetCare Kochi,Spark Plug,3190,17217,20407,7.6,2026-02-07,No,Completed
S01008,V0027,ESN498849,2025-01-20,Routine Service,Preventive,P0420,Low oil pressure,TECH524,FleetCare Kochi,Air Filter,1020,11427,12447,11.5,2025-07-19,No,Pending
S01009,V0380,ESN885471,2025-10-25,Engine Diagnostics,Preventive,P0000,Battery degradation,TECH482,Prime Motors,Air Filter,5527,4706,10233,2.6,2026-04-23,Yes,Completed
S01010,V0296,ESN457741,2025-07-11,Oil Change,Corrective,P0000,Low oil pressure,TECH666,FleetCare Kochi,Oil Filter,2577,16477,19054,3.0,2026-01-07,Yes,Pending
S01011,V0294,ESN186594,2025-11-20,Routine Service,Preventive,P0171,Battery degradation,TECH233,FleetCare Kochi,Brake Pads,4932,13711,18643,1.8,2026-05-19,Yes,Completed
S01012,V0187,ESN213185,2025-08-05,Oil Change,Preventive,P0012,Engine overheating,TECH128,Kerala Truck Service,Spark Plug,2862,2718,5580,10.5,2026-02-01,No,Completed
S01013,V0342,ESN464705,2025-02-14,Engine Diagnostics,Corrective,P0000,Routine inspection,TECH447,FleetCare Kochi,Battery,1089,18831,19920,9.3,2025-08-13,No,Pending
S01014,V0414,ESN612541,2025-11-11,Oil Change,Corrective,P0012,Routine inspection,TECH166,Kerala Truck Service,Battery,3199,12278,15477,5.1,2026-05-10,Yes,Completed
S01015,V0485,ESN537195,2025-09-24,Routine Service,Preventive,P0000,Routine inspection,TECH159,AutoMind Central,Coolant Hose,1231,18890,20121,5.9,2026-03-23,Yes,Completed
S01016,V0312,ESN536379,2025-07-31,Oil Change,Corrective,P0300,Routine inspection,TECH799,FleetCare Kochi,Oil Filter,3396,18035,21431,10.5,2026-01-27,Yes,Completed
S01017,V0168,ESN245455,2025-07-24,Engine Diagnostics,Corrective,P0000,Routine inspection,TECH945,Prime Motors,Oil Filter,3187,6215,9402,11.4,2026-01-20,Yes,Completed
S01018,V0314,ESN986843,2025-07-31,Oil Change,Corrective,P0300,Engine overheating,TECH987,Kerala Truck Service,Spark Plug,2817,10952,13769,8.4,2026-01-27,Yes,Completed
S01019,V0086,ESN408690,2025-05-03,Routine Service,Preventive,P0171,Low oil pressure,TECH795,Kerala Truck Service,Oil Filter,3423,17313,20736,5.4,2025-10-30,No,Pending
S01020,V0187,ESN698249,2025-04-25,Battery Replacement,Preventive,P0012,Routine inspection,TECH175,Prime Motors,Battery,1068,3259,4327,11.8,2025-10-22,Yes,Pending
S01021,V0290,ESN932257,2025-01-13,Brake Service,Emergency,P0171,Brake wear,TECH997,Prime Motors,Spark Plug,3409,9705,13114,1.6,2025-07-12,Yes,Pending
S01022,V0206,ESN446706,2025-11-07,Brake Service,Corrective,P0171,Engine overheating,TECH640,Prime Motors,Oil Filter,2095,9989,12084,8.6,2026-05-06,Yes,Completed
S01023,V0406,ESN567914,2025-09-29,Battery Replacement,Preventive,P0300,Battery degradation,TECH974,Kerala Truck Service,Battery,1059,15293,16352,8.8,2026-03-28,No,Pending
S01024,V0100,ESN404112,2025-12-29,Battery Replacement,Corrective,P0012,Engine overheating,TECH527,Kerala Truck Service,Air Filter,1682,8732,10414,11.5,2026-06-27,Yes,Completed
S01025,V0404,ESN447856,2025-07-11,Cooling System,Emergency,P0420,Low oil pressure,TECH981,Prime Motors,Air Filter,5900,1364,7264,11.9,2026-01-07,No,Pending
S01026,V0469,ESN573603,2025-06-28,Cooling System,Preventive,P0420,Brake wear,TECH818,AutoMind Central,Brake Pads,2803,14473,17276,1.8,2025-12-25,No,Pending
S01027,V0275,ESN125292,2025-05-09,Battery Replacement,Corrective,P0000,Routine inspection,TECH696,FleetCare Kochi,Coolant Hose,4348,7939,12287,4.7,2025-11-05,No,Pending
S01028,V0369,ESN862634,2025-05-23,Oil Change,Emergency,P0000,Brake wear,TECH273,Prime Motors,Brake Pads,4898,4162,9060,9.5,2025-11-19,No,Pending
S01029,V0372,ESN234759,2025-03-23,Cooling System,Preventive,P0000,Battery degradation,TECH875,AutoMind Central,Brake Pads,2184,10984,13168,9.8,2025-09-19,Yes,Pending
S01030,V0154,ESN777356,2025-09-22,Battery Replacement,Emergency,P0420,Battery degradation,TECH820,FleetCare Kochi,Spark Plug,3522,4399,7921,5.3,2026-03-21,No,Completed
S01031,V0454,ESN102081,2025-12-09,Cooling System,Preventive,P0171,Brake wear,TECH280,Prime Motors,Air Filter,2622,1274,3896,11.9,2026-06-07,Yes,Pending
S01032,V0113,ESN214240,2025-02-23,Battery Replacement,Corrective,P0012,Low oil pressure,TECH631,Prime Motors,Spark Plug,2417,8247,10664,4.3,2025-08-22,No,Completed
S01033,V0486,ESN444872,2025-09-07,Engine Diagnostics,Corrective,P0000,Brake wear,TECH817,Prime Motors,Oil Filter,5418,2692,8110,5.2,2026-03-06,No,Pending
S01034,V0198,ESN849804,2025-12-20,Cooling System,Emergency,P0420,Routine inspection,TECH461,Kerala Truck Service,Battery,3983,18987,22970,5.9,2026-06-18,Yes,Pending
S01035,V0379,ESN306053,2025-03-17,Routine Service,Preventive,P0000,Routine inspection,TECH942,Kerala Truck Service,Battery,5625,2567,8192,4.6,2025-09-13,No,Completed
S01036,V0272,ESN685331,2025-02-24,Routine Service,Preventive,P0000,Battery degradation,TECH857,FleetCare Kochi,Spark Plug,1422,19107,20529,7.2,2025-08-23,No,Pending
S01037,V0245,ESN543195,2025-05-16,Oil Change,Preventive,P0420,Engine overheating,TECH901,FleetCare Kochi,Oil Filter,5486,16409,21895,7.8,2025-11-12,Yes,Pending
S01038,V0277,ESN490719,2025-10-04,Brake Service,Emergency,P0012,Battery degradation,TECH546,Kerala Truck Service,Spark Plug,5663,12913,18576,9.7,2026-04-02,No,Completed
S01039,V0389,ESN785638,2025-03-27,Brake Service,Corrective,P0012,Engine overheating,TECH222,Kerala Truck Service,Spark Plug,2694,4246,6940,3.6,2025-09-23,Yes,Pending
S01040,V0478,ESN361015,2025-12-05,Brake Service,Corrective,P0000,Routine inspection,TECH854,AutoMind Central,Battery,4845,12883,17728,11.3,2026-06-03,Yes,Pending
S01041,V0354,ESN964673,2025-02-23,Oil Change,Emergency,P0012,Brake wear,TECH894,Kerala Truck Service,Coolant Hose,5312,15475,20787,7.5,2025-08-22,Yes,Completed
S01042,V0199,ESN697751,2025-04-19,Oil Change,Corrective,P0012,Routine inspection,TECH231,Prime Motors,Oil Filter,4620,1026,5646,1.1,2025-10-16,No,Pending
S01043,V0314,ESN956534,2025-10-02,Brake Service,Emergency,P0420,Low oil pressure,TECH315,Prime Motors,Spark Plug,2082,9562,11644,11.2,2026-03-31,Yes,Completed
S01044,V0031,ESN776454,2025-05-06,Battery Replacement,Emergency,P0420,Routine inspection,TECH315,AutoMind Central,Spark Plug,2985,7115,10100,7.2,2025-11-02,No,Pending
S01045,V0400,ESN124464,2025-08-12,Cooling System,Preventive,P0420,Routine inspection,TECH263,Prime Motors,Spark Plug,5902,1970,7872,10.9,2026-02-08,No,Pending
S01046,V0090,ESN227615,2025-08-18,Oil Change,Corrective,P0171,Brake wear,TECH169,Prime Motors,Spark Plug,5661,12661,18322,8.0,2026-02-14,No,Completed
S01047,V0034,ESN813489,2025-04-27,Engine Diagnostics,Corrective,P0171,Routine inspection,TECH705,FleetCare Kochi,Air Filter,3147,7400,10547,10.0,2025-10-24,Yes,Completed
S01048,V0072,ESN756671,2025-12-24,Engine Diagnostics,Corrective,P0171,Brake wear,TECH405,FleetCare Kochi,Coolant Hose,2128,10977,13105,11.9,2026-06-22,Yes,Completed
S01049,V0133,ESN855579,2025-12-29,Oil Change,Corrective,P0300,Routine inspection,TECH816,Prime Motors,Air Filter,4511,15514,20025,11.6,2026-06-27,Yes,Completed
S01050,V0461,ESN567528,2025-12-24,Battery Replacement,Corrective,P0420,Brake wear,TECH790,Kerala Truck Service,Spark Plug,3106,3453,6559,2.5,2026-06-22,Yes,Completed
S01051,V0301,ESN571553,2025-10-22,Routine Service,Corrective,P0420,Battery degradation,TECH899,Prime Motors,Brake Pads,3144,9481,12625,7.7,2026-04-20,No,Completed
S01052,V0425,ESN416209,2025-10-31,Engine Diagnostics,Corrective,P0000,Brake wear,TECH236,AutoMind Central,Brake Pads,4191,8208,12399,1.9,2026-04-29,No,Completed
S01053,V0357,ESN775410,2025-02-01,Oil Change,Emergency,P0012,Battery degradation,TECH963,Kerala Truck Service,Spark Plug,5709,15870,21579,11.2,2025-07-31,No,Completed
S01054,V0131,ESN101679,2025-03-08,Oil Change,Emergency,P0012,Routine inspection,TECH549,AutoMind Central,Air Filter,2765,1887,4652,10.3,2025-09-04,No,Pending
S01055,V0056,ESN287341,2025-07-06,Engine Diagnostics,Preventive,P0420,Low oil pressure,TECH264,Prime Motors,Battery,1346,12599,13945,7.4,2026-01-02,Yes,Completed
S01056,V0325,ESN825329,2025-12-11,Engine Diagnostics,Corrective,P0420,Brake wear,TECH387,AutoMind Central,Air Filter,2934,10853,13787,1.9,2026-06-09,Yes,Completed
S01057,V0419,ESN651294,2025-02-25,Battery Replacement,Preventive,P0000,Routine inspection,TECH447,Kerala Truck Service,Coolant Hose,3062,1934,4996,1.1,2025-08-24,Yes,Completed
S01058,V0045,ESN165501,2025-01-19,Cooling System,Emergency,P0300,Brake wear,TECH251,Prime Motors,Oil Filter,1964,14619,16583,2.2,2025-07-18,Yes,Completed
S01059,V0378,ESN692507,2025-04-19,Routine Service,Preventive,P0300,Low oil pressure,TECH222,Prime Motors,Oil Filter,4818,15984,20802,11.5,2025-10-16,No,Pending
S01060,V0151,ESN441364,2025-09-18,Cooling System,Preventive,P0300,Brake wear,TECH201,AutoMind Central,Battery,3318,11267,14585,5.9,2026-03-17,No,Pending
S01061,V0456,ESN552192,2025-11-13,Oil Change,Corrective,P0300,Battery degradation,TECH875,Prime Motors,Battery,3976,8853,12829,8.5,2026-05-12,Yes,Pending
S01062,V0473,ESN270897,2025-05-01,Routine Service,Emergency,P0300,Low oil pressure,TECH825,AutoMind Central,Oil Filter,4452,5379,9831,6.3,2025-10-28,Yes,Pending
S01063,V0098,ESN858221,2025-11-19,Cooling System,Preventive,P0000,Routine inspection,TECH195,Kerala Truck Service,Air Filter,2207,5228,7435,2.5,2026-05-18,No,Completed
S01064,V0449,ESN420099,2025-07-11,Oil Change,Corrective,P0300,Engine overheating,TECH237,Prime Motors,Battery,1163,2371,3534,6.9,2026-01-07,No,Completed
S01065,V0062,ESN476983,2025-05-23,Routine Service,Preventive,P0420,Engine overheating,TECH527,Kerala Truck Service,Spark Plug,875,15614,16489,6.5,2025-11-19,No,Pending
S01066,V0002,ESN808384,2025-09-08,Cooling System,Emergency,P0000,Low oil pressure,TECH147,FleetCare Kochi,Spark Plug,4063,18647,22710,6.7,2026-03-07,No,Pending
S01067,V0238,ESN789604,2025-07-06,Cooling System,Emergency,P0300,Engine overheating,TECH318,Kerala Truck Service,Brake Pads,2141,14929,17070,6.9,2026-01-02,No,Completed
S01068,V0210,ESN209247,2025-10-17,Oil Change,Corrective,P0012,Low oil pressure,TECH110,FleetCare Kochi,Brake Pads,2769,17360,20129,11.3,2026-04-15,Yes,Pending
S01069,V0473,ESN865976,2025-05-04,Oil Change,Corrective,P0300,Engine overheating,TECH643,Prime Motors,Coolant Hose,2605,11715,14320,5.9,2025-10-31,Yes,Completed
S01070,V0028,ESN300731,2025-02-23,Oil Change,Emergency,P0012,Low oil pressure,TECH862,Prime Motors,Coolant Hose,3690,3664,7354,6.9,2025-08-22,Yes,Pending
S01071,V0416,ESN261052,2025-02-12,Cooling System,Preventive,P0012,Low oil pressure,TECH907,FleetCare Kochi,Air Filter,5141,8147,13288,6.4,2025-08-11,Yes,Pending
S01072,V0312,ESN758398,2025-06-11,Cooling System,Preventive,P0420,Battery degradation,TECH768,Kerala Truck Service,Spark Plug,5298,2098,7396,2.9,2025-12-08,No,Completed
S01073,V0485,ESN512533,2025-04-04,Battery Replacement,Emergency,P0300,Brake wear,TECH383,Prime Motors,Oil Filter,4070,19263,23333,7.1,2025-10-01,Yes,Completed
S01074,V0224,ESN957424,2025-10-03,Routine Service,Emergency,P0012,Brake wear,TECH492,Kerala Truck Service,Coolant Hose,4708,4006,8714,11.6,2026-04-01,Yes,Pending
S01075,V0379,ESN768402,2025-12-31,Oil Change,Preventive,P0000,Routine inspection,TECH358,Kerala Truck Service,Coolant Hose,4096,5154,9250,8.2,2026-06-29,No,Pending
S01076,V0354,ESN725869,2025-08-18,Engine Diagnostics,Preventive,P0420,Battery degradation,TECH721,FleetCare Kochi,Brake Pads,4484,12654,17138,3.1,2026-02-14,Yes,Completed
S01077,V0258,ESN657351,2025-10-07,Engine Diagnostics,Corrective,P0171,Routine inspection,TECH240,FleetCare Kochi,Spark Plug,3962,18314,22276,9.2,2026-04-05,No,Completed
S01078,V0432,ESN829512,2025-12-25,Cooling System,Preventive,P0012,Engine overheating,TECH140,AutoMind Central,Oil Filter,2960,17954,20914,3.2,2026-06-23,Yes,Pending
S01079,V0077,ESN880122,2025-01-16,Oil Change,Corrective,P0420,Routine inspection,TECH403,Prime Motors,Oil Filter,1751,982,2733,3.8,2025-07-15,Yes,Completed
S01080,V0403,ESN875312,2025-10-23,Battery Replacement,Corrective,P0300,Engine overheating,TECH483,FleetCare Kochi,Spark Plug,5446,16534,21980,12.0,2026-04-21,No,Pending
S01081,V0427,ESN278683,2025-07-28,Battery Replacement,Preventive,P0012,Engine overheating,TECH215,Kerala Truck Service,Spark Plug,4544,13820,18364,1.3,2026-01-24,Yes,Pending
S01082,V0317,ESN785692,2025-05-28,Oil Change,Preventive,P0300,Battery degradation,TECH449,Kerala Truck Service,Oil Filter,3544,18333,21877,6.4,2025-11-24,No,Pending
S01083,V0170,ESN325856,2025-05-03,Cooling System,Preventive,P0012,Low oil pressure,TECH951,Kerala Truck Service,Air Filter,1012,14006,15018,11.9,2025-10-30,No,Completed
S01084,V0441,ESN512098,2025-08-31,Oil Change,Preventive,P0012,Battery degradation,TECH216,AutoMind Central,Brake Pads,3551,10909,14460,1.8,2026-02-27,Yes,Completed
S01085,V0092,ESN300462,2025-07-13,Cooling System,Emergency,P0000,Brake wear,TECH206,Kerala Truck Service,Air Filter,3125,11674,14799,10.9,2026-01-09,No,Pending
S01086,V0370,ESN907225,2025-06-11,Engine Diagnostics,Corrective,P0420,Battery degradation,TECH125,FleetCare Kochi,Coolant Hose,1256,13593,14849,11.1,2025-12-08,Yes,Pending
S01087,V0038,ESN459527,2025-01-30,Oil Change,Emergency,P0300,Engine overheating,TECH970,Kerala Truck Service,Air Filter,2665,4886,7551,4.1,2025-07-29,No,Completed
S01088,V0124,ESN593176,2025-10-22,Battery Replacement,Emergency,P0171,Brake wear,TECH612,AutoMind Central,Air Filter,4932,3995,8927,2.8,2026-04-20,No,Pending
S01089,V0192,ESN877136,2025-07-28,Brake Service,Preventive,P0171,Brake wear,TECH899,AutoMind Central,Air Filter,5462,4588,10050,3.3,2026-01-24,No,Pending
S01090,V0414,ESN133997,2025-02-07,Oil Change,Emergency,P0000,Low oil pressure,TECH447,Kerala Truck Service,Coolant Hose,2772,14497,17269,4.5,2025-08-06,Yes,Completed
S01091,V0216,ESN595916,2025-07-06,Brake Service,Emergency,P0012,Engine overheating,TECH103,Prime Motors,Air Filter,937,14720,15657,9.3,2026-01-02,No,Pending
S01092,V0367,ESN236668,2025-02-23,Routine Service,Corrective,P0000,Low oil pressure,TECH354,Kerala Truck Service,Air Filter,4943,12933,17876,10.8,2025-08-22,Yes,Completed
S01093,V0452,ESN324736,2025-11-14,Cooling System,Corrective,P0171,Routine inspection,TECH922,Kerala Truck Service,Coolant Hose,1635,10590,12225,1.6,2026-05-13,No,Pending
S01094,V0237,ESN642911,2025-10-22,Cooling System,Corrective,P0300,Low oil pressure,TECH281,AutoMind Central,Brake Pads,4899,7474,12373,1.3,2026-04-20,Yes,Completed
S01095,V0114,ESN361717,2025-05-11,Routine Service,Preventive,P0300,Battery degradation,TECH383,FleetCare Kochi,Spark Plug,1129,18511,19640,4.2,2025-11-07,No,Pending
S01096,V0253,ESN751199,2025-01-09,Routine Service,Emergency,P0300,Low oil pressure,TECH369,Prime Motors,Brake Pads,4920,11658,16578,1.3,2025-07-08,Yes,Completed
S01097,V0425,ESN702065,2025-02-25,Brake Service,Preventive,P0300,Routine inspection,TECH738,Kerala Truck Service,Oil Filter,817,5239,6056,3.4,2025-08-24,No,Completed
S01098,V0124,ESN771593,2025-02-16,Engine Diagnostics,Preventive,P0000,Routine inspection,TECH592,Prime Motors,Battery,4579,2072,6651,7.8,2025-08-15,No,Completed
S01099,V0116,ESN838726,2025-10-20,Engine Diagnostics,Corrective,P0012,Engine overheating,TECH686,FleetCare Kochi,Coolant Hose,3800,15795,19595,11.9,2026-04-18,Yes,Completed
S01100,V0344,ESN218031,2025-02-22,Cooling System,Preventive,P0171,Low oil pressure,TECH737,AutoMind Central,Oil Filter,4216,10907,15123,9.2,2025-08-21,Yes,Completed
S01101,V0489,ESN566752,2025-08-06,Battery Replacement,Preventive,P0420,Brake wear,TECH592,AutoMind Central,Brake Pads,4809,979,5788,3.4,2026-02-02,Yes,Pending
S01102,V0249,ESN676600,2025-05-14,Brake Service,Emergency,P0300,Engine overheating,TECH917,Kerala Truck Service,Brake Pads,5895,9395,15290,5.0,2025-11-10,No,Completed
S01103,V0047,ESN596885,2025-07-23,Cooling System,Emergency,P0420,Engine overheating,TECH435,FleetCare Kochi,Air Filter,5289,1724,7013,9.4,2026-01-19,No,Completed
S01104,V0312,ESN801128,2025-05-05,Cooling System,Emergency,P0420,Battery degradation,TECH932,Prime Motors,Spark Plug,2621,5494,8115,8.3,2025-11-01,No,Completed
S01105,V0373,ESN308076,2025-10-22,Cooling System,Emergency,P0000,Engine overheating,TECH252,AutoMind Central,Battery,2800,16654,19454,11.1,2026-04-20,No,Pending
S01106,V0230,ESN293950,2025-02-09,Routine Service,Corrective,P0012,Battery degradation,TECH418,AutoMind Central,Battery,4232,11671,15903,6.4,2025-08-08,No,Completed
S01107,V0401,ESN416559,2025-02-10,Brake Service,Emergency,P0300,Low oil pressure,TECH299,AutoMind Central,Coolant Hose,4329,6676,11005,3.8,2025-08-09,Yes,Pending
S01108,V0015,ESN211885,2025-08-26,Routine Service,Preventive,P0012,Battery degradation,TECH377,FleetCare Kochi,Coolant Hose,5210,13083,18293,9.9,2026-02-22,No,Pending
S01109,V0211,ESN742275,2025-01-29,Engine Diagnostics,Preventive,P0300,Engine overheating,TECH686,FleetCare Kochi,Brake Pads,1597,18915,20512,10.1,2025-07-28,Yes,Pending
S01110,V0371,ESN782240,2025-06-26,Oil Change,Corrective,P0012,Battery degradation,TECH945,Prime Motors,Battery,4142,9229,13371,6.9,2025-12-23,No,Completed
S01111,V0225,ESN813836,2025-03-02,Oil Change,Preventive,P0300,Engine overheating,TECH530,Prime Motors,Battery,5818,13610,19428,11.3,2025-08-29,Yes,Completed
S01112,V0028,ESN393797,2025-04-18,Engine Diagnostics,Preventive,P0012,Low oil pressure,TECH669,Kerala Truck Service,Oil Filter,1845,5320,7165,2.2,2025-10-15,No,Pending
S01113,V0413,ESN127477,2025-10-25,Battery Replacement,Corrective,P0300,Brake wear,TECH559,AutoMind Central,Air Filter,3104,9860,12964,9.6,2026-04-23,No,Completed
S01114,V0448,ESN176463,2025-03-15,Brake Service,Corrective,P0420,Low oil pressure,TECH422,Prime Motors,Battery,1385,12121,13506,3.2,2025-09-11,No,Completed
S01115,V0318,ESN533492,2025-09-17,Oil Change,Corrective,P0000,Low oil pressure,TECH861,FleetCare Kochi,Spark Plug,3506,13624,17130,5.4,2026-03-16,No,Completed
S01116,V0245,ESN675462,2025-04-10,Routine Service,Preventive,P0000,Low oil pressure,TECH294,Kerala Truck Service,Brake Pads,5307,8705,14012,1.7,2025-10-07,No,Pending
S01117,V0233,ESN513218,2025-12-04,Routine Service,Emergency,P0012,Battery degradation,TECH661,Prime Motors,Spark Plug,2959,9277,12236,9.0,2026-06-02,Yes,Completed
S01118,V0038,ESN681663,2025-06-04,Engine Diagnostics,Emergency,P0300,Brake wear,TECH207,FleetCare Kochi,Oil Filter,5944,15311,21255,12.0,2025-12-01,No,Pending
S01119,V0150,ESN554194,2025-06-06,Engine Diagnostics,Emergency,P0420,Low oil pressure,TECH200,FleetCare Kochi,Spark Plug,3060,2981,6041,7.2,2025-12-03,Yes,Pending
S01120,V0360,ESN896068,2025-08-07,Cooling System,Corrective,P0000,Engine overheating,TECH951,AutoMind Central,Brake Pads,3849,13226,17075,6.4,2026-02-03,No,Pending
S01121,V0358,ESN207634,2025-11-16,Battery Replacement,Corrective,P0012,Low oil pressure,TECH886,FleetCare Kochi,Battery,1791,7859,9650,11.0,2026-05-15,Yes,Pending
S01122,V0480,ESN609233,2025-08-12,Engine Diagnostics,Preventive,P0000,Engine overheating,TECH196,FleetCare Kochi,Brake Pads,1287,16718,18005,9.2,2026-02-08,Yes,Pending
S01123,V0155,ESN406153,2025-09-14,Oil Change,Preventive,P0171,Engine overheating,TECH373,AutoMind Central,Air Filter,3914,6939,10853,4.1,2026-03-13,No,Completed
S01124,V0385,ESN377062,2025-06-06,Engine Diagnostics,Preventive,P0000,Routine inspection,TECH891,AutoMind Central,Spark Plug,3453,708,4161,2.9,2025-12-03,Yes,Pending
S01125,V0209,ESN240569,2025-02-16,Oil Change,Preventive,P0171,Low oil pressure,TECH874,Kerala Truck Service,Air Filter,880,12571,13451,6.9,2025-08-15,Yes,Pending
S01126,V0399,ESN575301,2025-08-11,Routine Service,Emergency,P0420,Routine inspection,TECH866,Kerala Truck Service,Air Filter,3074,6582,9656,9.3,2026-02-07,Yes,Completed
S01127,V0207,ESN318162,2025-09-25,Cooling System,Preventive,P0171,Routine inspection,TECH720,FleetCare Kochi,Battery,2524,15153,17677,11.1,2026-03-24,No,Completed
S01128,V0130,ESN185522,2025-10-27,Engine Diagnostics,Corrective,P0300,Battery degradation,TECH396,AutoMind Central,Spark Plug,980,10229,11209,9.7,2026-04-25,Yes,Completed
S01129,V0437,ESN146871,2025-11-13,Battery Replacement,Emergency,P0420,Low oil pressure,TECH188,AutoMind Central,Spark Plug,5089,17584,22673,11.7,2026-05-12,Yes,Completed
S01130,V0304,ESN438517,2025-12-26,Battery Replacement,Emergency,P0012,Engine overheating,TECH204,FleetCare Kochi,Air Filter,984,19160,20144,2.8,2026-06-24,No,Pending
S01131,V0266,ESN983750,2025-02-25,Engine Diagnostics,Corrective,P0300,Engine overheating,TECH926,Prime Motors,Coolant Hose,2783,2750,5533,1.0,2025-08-24,Yes,Completed
S01132,V0098,ESN434696,2025-10-06,Oil Change,Preventive,P0171,Low oil pressure,TECH278,Kerala Truck Service,Coolant Hose,4491,10319,14810,3.4,2026-04-04,Yes,Pending
S01133,V0119,ESN182195,2025-12-26,Brake Service,Emergency,P0000,Brake wear,TECH222,Prime Motors,Air Filter,4061,16401,20462,10.1,2026-06-24,No,Pending
S01134,V0082,ESN302238,2025-05-02,Engine Diagnostics,Corrective,P0300,Battery degradation,TECH287,Kerala Truck Service,Coolant Hose,5520,11094,16614,7.8,2025-10-29,No,Completed
S01135,V0480,ESN305929,2025-03-31,Routine Service,Corrective,P0300,Battery degradation,TECH515,FleetCare Kochi,Battery,5893,4206,10099,3.6,2025-09-27,No,Completed
S01136,V0235,ESN852616,2025-02-11,Battery Replacement,Corrective,P0012,Engine overheating,TECH402,Prime Motors,Coolant Hose,3249,4107,7356,3.1,2025-08-10,Yes,Pending
S01137,V0155,ESN659622,2025-02-17,Oil Change,Emergency,P0000,Engine overheating,TECH115,FleetCare Kochi,Spark Plug,5432,5450,10882,9.0,2025-08-16,Yes,Completed
S01138,V0020,ESN950623,2025-04-16,Battery Replacement,Emergency,P0012,Engine overheating,TECH774,Kerala Truck Service,Brake Pads,927,2915,3842,10.2,2025-10-13,Yes,Completed
S01139,V0183,ESN326542,2025-01-11,Routine Service,Corrective,P0000,Battery degradation,TECH294,Prime Motors,Spark Plug,1285,17812,19097,8.7,2025-07-10,Yes,Pending
S01140,V0094,ESN747605,2025-08-07,Oil Change,Preventive,P0000,Battery degradation,TECH506,FleetCare Kochi,Battery,3040,5101,8141,11.0,2026-02-03,No,Completed
S01141,V0023,ESN251678,2025-01-18,Cooling System,Emergency,P0012,Low oil pressure,TECH757,FleetCare Kochi,Air Filter,4170,10581,14751,6.7,2025-07-17,No,Completed
S01142,V0307,ESN445369,2025-04-14,Oil Change,Corrective,P0171,Low oil pressure,TECH573,AutoMind Central,Air Filter,4837,15966,20803,6.9,2025-10-11,No,Completed
S01143,V0055,ESN984852,2025-09-02,Battery Replacement,Corrective,P0012,Brake wear,TECH157,Kerala Truck Service,Oil Filter,3460,19449,22909,4.3,2026-03-01,Yes,Completed
S01144,V0232,ESN527171,2025-10-27,Battery Replacement,Emergency,P0000,Engine overheating,TECH619,Prime Motors,Coolant Hose,4752,4370,9122,6.7,2026-04-25,Yes,Pending
S01145,V0042,ESN737795,2025-05-08,Cooling System,Preventive,P0000,Routine inspection,TECH670,FleetCare Kochi,Oil Filter,1212,1006,2218,7.9,2025-11-04,No,Pending
S01146,V0236,ESN854115,2025-01-29,Oil Change,Preventive,P0300,Low oil pressure,TECH617,Prime Motors,Coolant Hose,5080,8247,13327,2.5,2025-07-28,No,Completed
S01147,V0323,ESN753540,2025-05-22,Routine Service,Emergency,P0420,Routine inspection,TECH226,AutoMind Central,Spark Plug,3662,12181,15843,6.2,2025-11-18,Yes,Completed
S01148,V0246,ESN831338,2025-04-20,Oil Change,Emergency,P0012,Routine inspection,TECH178,FleetCare Kochi,Coolant Hose,3692,6590,10282,10.1,2025-10-17,Yes,Completed
S01149,V0431,ESN645814,2025-10-18,Engine Diagnostics,Corrective,P0300,Engine overheating,TECH373,AutoMind Central,Spark Plug,4647,2847,7494,3.4,2026-04-16,No,Completed
S01150,V0076,ESN658025,2025-06-09,Oil Change,Preventive,P0012,Battery degradation,TECH350,Prime Motors,Battery,1813,4868,6681,11.0,2025-12-06,No,Pending
S01151,V0476,ESN123222,2025-02-01,Routine Service,Emergency,P0420,Brake wear,TECH599,Kerala Truck Service,Brake Pads,2997,14443,17440,1.1,2025-07-31,Yes,Completed
S01152,V0461,ESN991108,2025-11-09,Oil Change,Emergency,P0300,Routine inspection,TECH956,Prime Motors,Battery,5397,15379,20776,1.1,2026-05-08,No,Pending
S01153,V0405,ESN204815,2025-03-14,Brake Service,Corrective,P0000,Low oil pressure,TECH394,Kerala Truck Service,Brake Pads,2714,8009,10723,1.5,2025-09-10,No,Pending
S01154,V0367,ESN342756,2025-10-18,Cooling System,Preventive,P0000,Battery degradation,TECH624,Kerala Truck Service,Brake Pads,1254,11867,13121,8.9,2026-04-16,Yes,Completed
S01155,V0249,ESN326699,2025-03-09,Oil Change,Corrective,P0300,Low oil pressure,TECH688,Kerala Truck Service,Coolant Hose,5287,16502,21789,11.0,2025-09-05,Yes,Pending
S01156,V0327,ESN780217,2025-08-29,Brake Service,Preventive,P0012,Routine inspection,TECH510,Kerala Truck Service,Brake Pads,2986,10727,13713,1.9,2026-02-25,No,Pending
S01157,V0313,ESN771003,2025-12-14,Cooling System,Preventive,P0420,Battery degradation,TECH860,Kerala Truck Service,Air Filter,1255,3082,4337,6.0,2026-06-12,Yes,Pending
S01158,V0371,ESN518538,2025-06-01,Oil Change,Emergency,P0420,Routine inspection,TECH366,FleetCare Kochi,Air Filter,3698,3470,7168,4.3,2025-11-28,No,Completed
S01159,V0121,ESN483578,2025-02-05,Routine Service,Preventive,P0171,Engine overheating,TECH605,Prime Motors,Spark Plug,2260,14945,17205,1.9,2025-08-04,Yes,Completed
S01160,V0062,ESN572575,2025-08-08,Cooling System,Preventive,P0300,Low oil pressure,TECH412,Prime Motors,Brake Pads,2727,12504,15231,5.8,2026-02-04,No,Pending
S01161,V0182,ESN523820,2025-09-02,Engine Diagnostics,Corrective,P0000,Low oil pressure,TECH213,Prime Motors,Spark Plug,4204,5161,9365,4.6,2026-03-01,Yes,Completed
S01162,V0397,ESN814608,2025-06-17,Routine Service,Emergency,P0000,Brake wear,TECH108,Kerala Truck Service,Brake Pads,5133,18764,23897,3.6,2025-12-14,Yes,Completed
S01163,V0229,ESN469810,2025-01-29,Battery Replacement,Preventive,P0420,Engine overheating,TECH856,Kerala Truck Service,Brake Pads,2440,6082,8522,7.2,2025-07-28,Yes,Completed
S01164,V0153,ESN965352,2025-09-01,Battery Replacement,Emergency,P0171,Brake wear,TECH955,Prime Motors,Air Filter,1959,8721,10680,7.2,2026-02-28,Yes,Pending
S01165,V0189,ESN212154,2025-09-29,Brake Service,Corrective,P0000,Low oil pressure,TECH662,FleetCare Kochi,Oil Filter,2117,4110,6227,4.8,2026-03-28,No,Pending
S01166,V0401,ESN283324,2025-11-09,Battery Replacement,Preventive,P0420,Brake wear,TECH581,Kerala Truck Service,Spark Plug,938,13884,14822,5.8,2026-05-08,Yes,Completed
S01167,V0045,ESN378568,2025-01-02,Oil Change,Preventive,P0300,Low oil pressure,TECH573,Prime Motors,Spark Plug,5081,2773,7854,5.0,2025-07-01,No,Completed
S01168,V0349,ESN265599,2025-03-15,Routine Service,Corrective,P0000,Routine inspection,TECH785,Prime Motors,Battery,1558,13070,14628,7.6,2025-09-11,Yes,Pending
S01169,V0460,ESN112609,2025-01-12,Brake Service,Corrective,P0012,Routine inspection,TECH848,Kerala Truck Service,Battery,4375,15849,20224,9.8,2025-07-11,No,Completed
S01170,V0454,ESN758614,2025-05-09,Oil Change,Preventive,P0000,Engine overheating,TECH214,FleetCare Kochi,Battery,2134,1131,3265,6.9,2025-11-05,Yes,Pending
S01171,V0182,ESN452614,2025-06-13,Brake Service,Preventive,P0420,Engine overheating,TECH382,FleetCare Kochi,Battery,3193,2639,5832,6.9,2025-12-10,Yes,Completed
S01172,V0071,ESN583438,2025-10-19,Oil Change,Corrective,P0171,Low oil pressure,TECH409,AutoMind Central,Air Filter,1766,19457,21223,4.3,2026-04-17,Yes,Pending
S01173,V0247,ESN157173,2025-05-22,Brake Service,Preventive,P0300,Low oil pressure,TECH685,Prime Motors,Brake Pads,2060,13871,15931,8.3,2025-11-18,Yes,Completed
S01174,V0406,ESN591582,2025-02-15,Battery Replacement,Corrective,P0300,Engine overheating,TECH306,Kerala Truck Service,Coolant Hose,2599,3896,6495,7.6,2025-08-14,No,Completed
S01175,V0080,ESN705327,2025-04-07,Cooling System,Preventive,P0000,Engine overheating,TECH254,AutoMind Central,Spark Plug,3777,11035,14812,4.7,2025-10-04,Yes,Completed
S01176,V0016,ESN181462,2025-06-03,Oil Change,Emergency,P0000,Battery degradation,TECH627,Kerala Truck Service,Air Filter,1436,18773,20209,4.8,2025-11-30,No,Completed
S01177,V0182,ESN147162,2025-01-11,Routine Service,Preventive,P0012,Brake wear,TECH490,FleetCare Kochi,Air Filter,4271,6312,10583,10.9,2025-07-10,Yes,Completed
S01178,V0170,ESN417154,2025-03-23,Brake Service,Emergency,P0300,Low oil pressure,TECH866,AutoMind Central,Battery,4009,13101,17110,1.5,2025-09-19,Yes,Pending
S01179,V0153,ESN462869,2025-03-31,Brake Service,Corrective,P0420,Routine inspection,TECH552,FleetCare Kochi,Spark Plug,5181,11804,16985,6.5,2025-09-27,No,Pending
S01180,V0228,ESN751250,2025-04-24,Engine Diagnostics,Corrective,P0300,Brake wear,TECH680,FleetCare Kochi,Coolant Hose,3539,10122,13661,6.3,2025-10-21,Yes,Pending
S01181,V0499,ESN912406,2025-06-08,Engine Diagnostics,Preventive,P0420,Brake wear,TECH850,AutoMind Central,Battery,4799,11499,16298,11.9,2025-12-05,No,Completed
S01182,V0148,ESN213897,2025-09-07,Oil Change,Preventive,P0171,Routine inspection,TECH708,Prime Motors,Coolant Hose,1266,7603,8869,3.2,2026-03-06,No,Completed
S01183,V0103,ESN773186,2025-11-08,Battery Replacement,Preventive,P0012,Engine overheating,TECH518,Prime Motors,Coolant Hose,5187,1824,7011,1.1,2026-05-07,No,Completed
S01184,V0238,ESN429079,2025-06-14,Cooling System,Corrective,P0171,Engine overheating,TECH607,AutoMind Central,Oil Filter,4453,4322,8775,1.8,2025-12-11,No,Pending
S01185,V0470,ESN701095,2025-01-25,Routine Service,Corrective,P0300,Routine inspection,TECH539,AutoMind Central,Brake Pads,1633,9445,11078,11.7,2025-07-24,No,Completed
S01186,V0417,ESN325955,2025-05-15,Battery Replacement,Preventive,P0420,Engine overheating,TECH982,FleetCare Kochi,Spark Plug,3216,4246,7462,10.6,2025-11-11,No,Pending
S01187,V0092,ESN145240,2025-12-21,Brake Service,Preventive,P0300,Battery degradation,TECH876,AutoMind Central,Air Filter,2324,13396,15720,10.9,2026-06-19,No,Pending
S01188,V0047,ESN103681,2025-05-01,Engine Diagnostics,Emergency,P0420,Battery degradation,TECH466,Kerala Truck Service,Brake Pads,3011,19659,22670,11.2,2025-10-28,No,Completed
S01189,V0405,ESN370544,2025-09-26,Oil Change,Preventive,P0420,Low oil pressure,TECH272,FleetCare Kochi,Coolant Hose,2582,5162,7744,6.9,2026-03-25,No,Completed
S01190,V0092,ESN380196,2025-11-27,Engine Diagnostics,Corrective,P0300,Battery degradation,TECH755,Prime Motors,Brake Pads,4176,4695,8871,10.7,2026-05-26,No,Pending
S01191,V0177,ESN350133,2025-12-29,Routine Service,Emergency,P0171,Engine overheating,TECH931,FleetCare Kochi,Brake Pads,4642,11915,16557,11.2,2026-06-27,Yes,Pending
S01192,V0083,ESN341646,2025-12-11,Engine Diagnostics,Emergency,P0000,Routine inspection,TECH264,FleetCare Kochi,Spark Plug,1852,3977,5829,3.2,2026-06-09,Yes,Pending
S01193,V0032,ESN526741,2025-01-15,Cooling System,Preventive,P0171,Battery degradation,TECH563,Kerala Truck Service,Spark Plug,5810,2933,8743,4.5,2025-07-14,Yes,Pending
S01194,V0400,ESN325519,2025-03-24,Routine Service,Preventive,P0171,Low oil pressure,TECH946,Kerala Truck Service,Air Filter,1381,8935,10316,6.6,2025-09-20,No,Completed
S01195,V0437,ESN566605,2025-10-25,Routine Service,Preventive,P0000,Brake wear,TECH169,FleetCare Kochi,Air Filter,5479,980,6459,7.4,2026-04-23,Yes,Completed
S01196,V0161,ESN260287,2025-12-07,Engine Diagnostics,Corrective,P0420,Routine inspection,TECH219,AutoMind Central,Air Filter,1297,1330,2627,1.5,2026-06-05,No,Completed
S01197,V0111,ESN102847,2025-08-07,Engine Diagnostics,Corrective,P0420,Low oil pressure,TECH185,AutoMind Central,Oil Filter,5737,18590,24327,2.8,2026-02-03,No,Completed
S01198,V0154,ESN701494,2025-03-16,Routine Service,Corrective,P0420,Battery degradation,TECH190,FleetCare Kochi,Battery,2916,9395,12311,9.4,2025-09-12,Yes,Completed
S01199,V0110,ESN664166,2025-07-26,Engine Diagnostics,Preventive,P0171,Engine overheating,TECH150,FleetCare Kochi,Oil Filter,5576,1036,6612,1.2,2026-01-22,Yes,Completed
S01200,V0257,ESN258342,2025-08-03,Battery Replacement,Corrective,P0012,Battery degradation,TECH965,AutoMind Central,Air Filter,1764,18778,20542,11.2,2026-01-30,No,Completed
S01201,V0080,ESN485861,2025-08-01,Oil Change,Preventive,P0420,Low oil pressure,TECH693,AutoMind Central,Air Filter,1332,15528,16860,10.5,2026-01-28,Yes,Pending
S01202,V0283,ESN488200,2025-02-09,Cooling System,Corrective,P0012,Engine overheating,TECH923,AutoMind Central,Brake Pads,924,729,1653,7.0,2025-08-08,No,Completed
S01203,V0271,ESN356920,2025-04-22,Brake Service,Preventive,P0300,Routine inspection,TECH482,AutoMind Central,Coolant Hose,2900,5225,8125,4.0,2025-10-19,Yes,Completed
S01204,V0042,ESN791711,2025-07-05,Oil Change,Emergency,P0171,Low oil pressure,TECH593,Prime Motors,Battery,1702,10813,12515,5.1,2026-01-01,Yes,Pending
S01205,V0237,ESN969861,2025-03-03,Routine Service,Corrective,P0000,Battery degradation,TECH741,Prime Motors,Battery,1685,3650,5335,11.0,2025-08-30,No,Pending
S01206,V0292,ESN405678,2025-07-10,Oil Change,Emergency,P0000,Engine overheating,TECH739,Prime Motors,Spark Plug,5750,14224,19974,2.8,2026-01-06,No,Pending
S01207,V0035,ESN130455,2025-08-31,Brake Service,Corrective,P0012,Battery degradation,TECH137,Kerala Truck Service,Battery,1841,8306,10147,5.8,2026-02-27,Yes,Pending
S01208,V0188,ESN889322,2025-09-17,Cooling System,Emergency,P0300,Low oil pressure,TECH942,AutoMind Central,Battery,1863,1912,3775,2.8,2026-03-16,Yes,Pending
S01209,V0010,ESN145534,2025-06-08,Battery Replacement,Emergency,P0012,Engine overheating,TECH815,FleetCare Kochi,Spark Plug,3254,10945,14199,9.6,2025-12-05,No,Pending
S01210,V0283,ESN122450,2025-06-02,Cooling System,Preventive,P0012,Engine overheating,TECH461,Prime Motors,Spark Plug,3844,4346,8190,1.6,2025-11-29,No,Pending
S01211,V0157,ESN562847,2025-05-22,Brake Service,Preventive,P0300,Brake wear,TECH160,Kerala Truck Service,Air Filter,2677,5243,7920,8.2,2025-11-18,No,Pending
S01212,V0062,ESN200168,2025-08-16,Cooling System,Corrective,P0420,Engine overheating,TECH322,Prime Motors,Oil Filter,2188,8240,10428,6.9,2026-02-12,Yes,Completed
S01213,V0286,ESN197672,2025-11-29,Engine Diagnostics,Corrective,P0420,Engine overheating,TECH281,FleetCare Kochi,Brake Pads,4239,16160,20399,6.5,2026-05-28,No,Completed
S01214,V0097,ESN704803,2025-08-05,Cooling System,Emergency,P0012,Engine overheating,TECH741,Kerala Truck Service,Coolant Hose,5462,18735,24197,11.9,2026-02-01,Yes,Pending
S01215,V0131,ESN909482,2025-03-30,Brake Service,Corrective,P0420,Low oil pressure,TECH946,AutoMind Central,Battery,1440,2309,3749,2.2,2025-09-26,No,Pending
S01216,V0473,ESN476411,2025-03-03,Cooling System,Corrective,P0000,Routine inspection,TECH123,Kerala Truck Service,Spark Plug,3850,1151,5001,2.1,2025-08-30,Yes,Completed
S01217,V0212,ESN259593,2025-03-23,Oil Change,Emergency,P0012,Battery degradation,TECH630,Prime Motors,Oil Filter,803,7785,8588,9.5,2025-09-19,No,Completed
S01218,V0126,ESN816921,2025-04-06,Brake Service,Emergency,P0171,Low oil pressure,TECH835,FleetCare Kochi,Coolant Hose,2491,19295,21786,11.1,2025-10-03,Yes,Pending
S01219,V0252,ESN432093,2025-02-24,Oil Change,Corrective,P0000,Engine overheating,TECH643,AutoMind Central,Battery,3604,4038,7642,3.6,2025-08-23,Yes,Pending
S01220,V0022,ESN115960,2025-01-29,Engine Diagnostics,Corrective,P0171,Brake wear,TECH842,Kerala Truck Service,Battery,3970,10971,14941,4.2,2025-07-28,Yes,Pending
S01221,V0123,ESN117494,2025-04-15,Cooling System,Emergency,P0012,Routine inspection,TECH704,Kerala Truck Service,Coolant Hose,1232,12986,14218,4.5,2025-10-12,Yes,Completed
S01222,V0475,ESN243160,2025-02-05,Battery Replacement,Preventive,P0420,Brake wear,TECH841,FleetCare Kochi,Battery,3166,12940,16106,1.4,2025-08-04,Yes,Completed
S01223,V0185,ESN508318,2025-10-28,Cooling System,Emergency,P0171,Brake wear,TECH626,Kerala Truck Service,Brake Pads,4465,9791,14256,3.4,2026-04-26,No,Completed
S01224,V0191,ESN519120,2025-03-04,Routine Service,Corrective,P0000,Low oil pressure,TECH960,Kerala Truck Service,Brake Pads,4272,2385,6657,2.7,2025-08-31,No,Completed
S01225,V0019,ESN617361,2025-05-19,Battery Replacement,Emergency,P0300,Battery degradation,TECH647,Kerala Truck Service,Brake Pads,3580,9729,13309,8.1,2025-11-15,Yes,Pending
S01226,V0112,ESN519715,2025-05-17,Battery Replacement,Corrective,P0171,Routine inspection,TECH529,AutoMind Central,Oil Filter,2153,6763,8916,11.6,2025-11-13,No,Pending
S01227,V0380,ESN864252,2025-09-17,Routine Service,Emergency,P0000,Routine inspection,TECH878,AutoMind Central,Coolant Hose,5566,13236,18802,3.6,2026-03-16,Yes,Completed
S01228,V0062,ESN275884,2025-11-12,Routine Service,Emergency,P0012,Engine overheating,TECH873,Prime Motors,Spark Plug,5034,16493,21527,11.7,2026-05-11,No,Completed
S01229,V0345,ESN970376,2025-03-21,Routine Service,Emergency,P0300,Low oil pressure,TECH238,FleetCare Kochi,Coolant Hose,4236,18684,22920,7.6,2025-09-17,Yes,Pending
S01230,V0075,ESN801279,2025-07-03,Brake Service,Emergency,P0300,Battery degradation,TECH185,FleetCare Kochi,Spark Plug,5490,6863,12353,9.8,2025-12-30,No,Completed
S01231,V0242,ESN821118,2025-01-19,Cooling System,Corrective,P0420,Low oil pressure,TECH120,FleetCare Kochi,Battery,4164,6201,10365,9.0,2025-07-18,No,Pending
S01232,V0377,ESN990120,2025-11-17,Brake Service,Preventive,P0420,Battery degradation,TECH349,Prime Motors,Brake Pads,1455,4981,6436,2.5,2026-05-16,No,Completed
S01233,V0069,ESN128546,2025-10-22,Battery Replacement,Preventive,P0171,Routine inspection,TECH890,Kerala Truck Service,Spark Plug,962,5344,6306,8.7,2026-04-20,No,Completed
S01234,V0493,ESN534656,2025-08-21,Battery Replacement,Corrective,P0000,Engine overheating,TECH456,Prime Motors,Coolant Hose,3716,14536,18252,5.5,2026-02-17,Yes,Completed
S01235,V0137,ESN505884,2025-02-13,Battery Replacement,Preventive,P0171,Routine inspection,TECH569,FleetCare Kochi,Spark Plug,2324,6062,8386,10.1,2025-08-12,No,Completed
S01236,V0194,ESN753571,2025-10-02,Engine Diagnostics,Corrective,P0012,Routine inspection,TECH534,FleetCare Kochi,Spark Plug,4570,5791,10361,9.7,2026-03-31,No,Completed
S01237,V0123,ESN591686,2025-04-27,Oil Change,Corrective,P0171,Battery degradation,TECH885,AutoMind Central,Battery,1144,8893,10037,8.4,2025-10-24,No,Completed
S01238,V0002,ESN451758,2025-05-06,Routine Service,Emergency,P0300,Low oil pressure,TECH783,AutoMind Central,Coolant Hose,2685,10081,12766,5.8,2025-11-02,Yes,Completed
S01239,V0041,ESN676120,2025-03-29,Oil Change,Emergency,P0012,Engine overheating,TECH525,Kerala Truck Service,Coolant Hose,4264,10899,15163,1.8,2025-09-25,No,Completed
S01240,V0421,ESN810667,2025-09-20,Cooling System,Corrective,P0300,Routine inspection,TECH914,AutoMind Central,Spark Plug,5560,8518,14078,8.5,2026-03-19,Yes,Completed
S01241,V0434,ESN933202,2025-09-29,Battery Replacement,Preventive,P0000,Routine inspection,TECH288,Kerala Truck Service,Spark Plug,5172,18254,23426,2.0,2026-03-28,No,Completed
S01242,V0165,ESN271747,2025-04-13,Brake Service,Emergency,P0000,Brake wear,TECH721,Prime Motors,Coolant Hose,1153,17369,18522,6.5,2025-10-10,No,Pending
S01243,V0395,ESN350548,2025-05-28,Oil Change,Preventive,P0300,Battery degradation,TECH372,Kerala Truck Service,Battery,2755,7731,10486,2.2,2025-11-24,No,Pending
S01244,V0026,ESN499645,2025-08-31,Cooling System,Corrective,P0012,Engine overheating,TECH218,Kerala Truck Service,Brake Pads,2725,12326,15051,9.2,2026-02-27,No,Pending
S01245,V0344,ESN243156,2025-03-25,Brake Service,Corrective,P0300,Low oil pressure,TECH937,AutoMind Central,Battery,1121,8042,9163,8.9,2025-09-21,No,Pending
S01246,V0205,ESN111483,2025-08-15,Engine Diagnostics,Preventive,P0420,Battery degradation,TECH956,AutoMind Central,Brake Pads,1871,2748,4619,10.0,2026-02-11,No,Completed
S01247,V0092,ESN955769,2025-08-10,Cooling System,Corrective,P0012,Low oil pressure,TECH869,Kerala Truck Service,Battery,1451,13809,15260,2.0,2026-02-06,Yes,Completed
S01248,V0084,ESN396399,2025-12-15,Battery Replacement,Preventive,P0000,Engine overheating,TECH500,FleetCare Kochi,Coolant Hose,5526,7475,13001,1.5,2026-06-13,No,Completed
S01249,V0347,ESN815636,2025-05-26,Cooling System,Emergency,P0420,Routine inspection,TECH339,Prime Motors,Battery,3983,17686,21669,10.8,2025-11-22,No,Pending
S01250,V0190,ESN849729,2025-11-10,Routine Service,Emergency,P0000,Brake wear,TECH117,Prime Motors,Oil Filter,2554,11087,13641,7.6,2026-05-09,Yes,Completed
S01251,V0015,ESN687906,2025-11-21,Brake Service,Corrective,P0000,Engine overheating,TECH545,Prime Motors,Oil Filter,4927,3659,8586,4.1,2026-05-20,Yes,Pending
S01252,V0272,ESN412174,2025-01-14,Battery Replacement,Corrective,P0300,Low oil pressure,TECH279,AutoMind Central,Brake Pads,3608,8553,12161,11.8,2025-07-13,No,Pending
S01253,V0024,ESN427446,2025-08-12,Engine Diagnostics,Corrective,P0171,Battery degradation,TECH989,Prime Motors,Oil Filter,5050,12406,17456,7.2,2026-02-08,Yes,Pending
S01254,V0176,ESN763039,2025-07-31,Routine Service,Preventive,P0000,Engine overheating,TECH885,Prime Motors,Brake Pads,3304,11022,14326,4.2,2026-01-27,Yes,Pending
S01255,V0412,ESN521339,2025-02-02,Cooling System,Corrective,P0171,Battery degradation,TECH141,Prime Motors,Spark Plug,1925,16155,18080,4.2,2025-08-01,No,Completed
S01256,V0494,ESN825373,2025-12-15,Engine Diagnostics,Emergency,P0300,Brake wear,TECH467,Kerala Truck Service,Oil Filter,3808,10017,13825,1.1,2026-06-13,Yes,Completed
S01257,V0048,ESN129873,2025-08-23,Engine Diagnostics,Preventive,P0000,Engine overheating,TECH303,AutoMind Central,Battery,5561,5016,10577,7.0,2026-02-19,No,Completed
S01258,V0105,ESN432805,2025-08-05,Cooling System,Corrective,P0012,Engine overheating,TECH977,Kerala Truck Service,Battery,5806,11293,17099,7.8,2026-02-01,Yes,Pending
S01259,V0036,ESN491460,2025-02-14,Cooling System,Emergency,P0171,Low oil pressure,TECH753,AutoMind Central,Brake Pads,2405,18288,20693,7.7,2025-08-13,No,Completed
S01260,V0342,ESN350992,2025-10-04,Engine Diagnostics,Preventive,P0300,Brake wear,TECH816,Prime Motors,Brake Pads,3133,7871,11004,10.5,2026-04-02,Yes,Completed
S01261,V0147,ESN400331,2025-10-02,Routine Service,Preventive,P0000,Low oil pressure,TECH959,Kerala Truck Service,Spark Plug,2112,9150,11262,1.5,2026-03-31,No,Completed
S01262,V0393,ESN322407,2025-02-24,Battery Replacement,Corrective,P0300,Brake wear,TECH283,FleetCare Kochi,Oil Filter,869,4514,5383,11.2,2025-08-23,Yes,Pending
S01263,V0098,ESN115354,2025-07-01,Engine Diagnostics,Corrective,P0300,Brake wear,TECH840,Kerala Truck Service,Battery,1943,3239,5182,6.6,2025-12-28,Yes,Completed
S01264,V0236,ESN717805,2025-09-23,Cooling System,Corrective,P0300,Battery degradation,TECH909,FleetCare Kochi,Oil Filter,3906,19097,23003,2.8,2026-03-22,No,Completed
S01265,V0489,ESN214338,2025-11-29,Oil Change,Corrective,P0420,Battery degradation,TECH700,Kerala Truck Service,Brake Pads,4086,11974,16060,7.0,2026-05-28,Yes,Completed
S01266,V0463,ESN600350,2025-05-10,Brake Service,Preventive,P0300,Routine inspection,TECH391,Kerala Truck Service,Battery,3614,19428,23042,8.1,2025-11-06,No,Pending
S01267,V0145,ESN211666,2025-11-04,Battery Replacement,Corrective,P0420,Low oil pressure,TECH540,Kerala Truck Service,Brake Pads,1609,3460,5069,6.9,2026-05-03,Yes,Pending
S01268,V0405,ESN942711,2025-06-27,Engine Diagnostics,Emergency,P0300,Low oil pressure,TECH811,FleetCare Kochi,Spark Plug,5995,3879,9874,5.3,2025-12-24,Yes,Completed
S01269,V0264,ESN662294,2025-10-17,Routine Service,Corrective,P0300,Routine inspection,TECH153,FleetCare Kochi,Oil Filter,5885,15168,21053,11.0,2026-04-15,No,Pending
S01270,V0069,ESN923368,2025-10-31,Routine Service,Preventive,P0171,Routine inspection,TECH750,Kerala Truck Service,Air Filter,928,9624,10552,5.7,2026-04-29,No,Pending
S01271,V0181,ESN840415,2025-07-21,Cooling System,Preventive,P0171,Low oil pressure,TECH104,Kerala Truck Service,Oil Filter,3273,17361,20634,5.2,2026-01-17,Yes,Completed
S01272,V0242,ESN241925,2025-01-20,Engine Diagnostics,Corrective,P0300,Low oil pressure,TECH575,AutoMind Central,Spark Plug,2422,13113,15535,1.3,2025-07-19,Yes,Completed
S01273,V0108,ESN609694,2025-11-05,Cooling System,Preventive,P0420,Routine inspection,TECH738,Kerala Truck Service,Coolant Hose,3173,7335,10508,3.3,2026-05-04,Yes,Completed
S01274,V0283,ESN958113,2025-03-06,Brake Service,Corrective,P0171,Routine inspection,TECH296,AutoMind Central,Spark Plug,800,1633,2433,2.0,2025-09-02,No,Pending
S01275,V0253,ESN254327,2025-02-25,Oil Change,Preventive,P0012,Routine inspection,TECH924,FleetCare Kochi,Coolant Hose,4279,10894,15173,4.8,2025-08-24,No,Completed
S01276,V0105,ESN855914,2025-12-31,Engine Diagnostics,Preventive,P0420,Brake wear,TECH356,Prime Motors,Brake Pads,3029,10910,13939,8.4,2026-06-29,No,Pending
S01277,V0107,ESN647835,2025-10-24,Engine Diagnostics,Emergency,P0012,Engine overheating,TECH877,Kerala Truck Service,Brake Pads,5293,18000,23293,8.9,2026-04-22,No,Completed
S01278,V0105,ESN824740,2025-07-06,Battery Replacement,Emergency,P0171,Routine inspection,TECH734,AutoMind Central,Air Filter,930,12375,13305,11.2,2026-01-02,No,Pending
S01279,V0302,ESN883179,2025-01-20,Routine Service,Corrective,P0012,Engine overheating,TECH336,Prime Motors,Spark Plug,4728,8737,13465,8.6,2025-07-19,No,Pending
S01280,V0105,ESN574151,2025-02-03,Cooling System,Emergency,P0012,Low oil pressure,TECH431,Prime Motors,Air Filter,4099,10626,14725,8.4,2025-08-02,No,Pending
S01281,V0131,ESN380392,2025-02-27,Battery Replacement,Preventive,P0012,Routine inspection,TECH127,Prime Motors,Coolant Hose,5777,6390,12167,5.3,2025-08-26,No,Completed
S01282,V0221,ESN195514,2025-10-26,Engine Diagnostics,Corrective,P0420,Battery degradation,TECH502,FleetCare Kochi,Battery,5990,4016,10006,5.8,2026-04-24,No,Pending
S01283,V0298,ESN864403,2025-04-18,Brake Service,Corrective,P0000,Brake wear,TECH976,AutoMind Central,Oil Filter,4703,9544,14247,2.3,2025-10-15,Yes,Pending
S01284,V0412,ESN837356,2025-02-07,Routine Service,Corrective,P0420,Brake wear,TECH262,Prime Motors,Oil Filter,5959,1174,7133,10.6,2025-08-06,Yes,Completed
S01285,V0470,ESN284341,2025-07-11,Routine Service,Corrective,P0171,Brake wear,TECH754,AutoMind Central,Air Filter,4387,5048,9435,6.4,2026-01-07,No,Pending
S01286,V0258,ESN818457,2025-11-02,Cooling System,Preventive,P0012,Brake wear,TECH582,Prime Motors,Oil Filter,5703,7004,12707,11.5,2026-05-01,Yes,Pending
S01287,V0218,ESN610321,2025-02-23,Oil Change,Emergency,P0171,Low oil pressure,TECH267,AutoMind Central,Air Filter,4143,17419,21562,10.2,2025-08-22,Yes,Completed
S01288,V0155,ESN365359,2025-01-22,Engine Diagnostics,Preventive,P0000,Low oil pressure,TECH508,Prime Motors,Coolant Hose,3076,14445,17521,4.3,2025-07-21,No,Completed
S01289,V0283,ESN402060,2025-05-24,Routine Service,Emergency,P0300,Brake wear,TECH429,Kerala Truck Service,Brake Pads,3356,1058,4414,6.6,2025-11-20,No,Pending
S01290,V0429,ESN622244,2025-08-30,Engine Diagnostics,Preventive,P0300,Low oil pressure,TECH972,AutoMind Central,Coolant Hose,4142,11767,15909,11.5,2026-02-26,Yes,Completed
S01291,V0343,ESN216728,2025-06-15,Engine Diagnostics,Preventive,P0171,Low oil pressure,TECH693,Prime Motors,Oil Filter,5303,15441,20744,9.0,2025-12-12,Yes,Pending
S01292,V0001,ESN253713,2025-08-24,Engine Diagnostics,Preventive,P0171,Low oil pressure,TECH523,AutoMind Central,Battery,3619,5551,9170,7.1,2026-02-20,Yes,Pending
S01293,V0347,ESN793347,2025-08-27,Brake Service,Emergency,P0012,Routine inspection,TECH129,Prime Motors,Battery,3112,13854,16966,3.5,2026-02-23,Yes,Pending
S01294,V0388,ESN258487,2025-05-27,Battery Replacement,Emergency,P0012,Engine overheating,TECH146,Prime Motors,Brake Pads,949,8897,9846,8.3,2025-11-23,No,Pending
S01295,V0453,ESN883366,2025-06-23,Engine Diagnostics,Preventive,P0012,Routine inspection,TECH914,AutoMind Central,Brake Pads,4092,4175,8267,3.3,2025-12-20,Yes,Completed
S01296,V0133,ESN843351,2025-11-06,Oil Change,Preventive,P0171,Routine inspection,TECH530,AutoMind Central,Oil Filter,2471,19869,22340,4.7,2026-05-05,Yes,Completed
S01297,V0002,ESN493802,2025-02-09,Battery Replacement,Preventive,P0300,Battery degradation,TECH459,Prime Motors,Battery,965,18535,19500,2.5,2025-08-08,Yes,Pending
S01298,V0407,ESN675830,2025-12-27,Engine Diagnostics,Preventive,P0171,Battery degradation,TECH359,Prime Motors,Coolant Hose,4211,12087,16298,8.8,2026-06-25,Yes,Pending
S01299,V0255,ESN131889,2025-02-24,Routine Service,Emergency,P0012,Battery degradation,TECH433,AutoMind Central,Brake Pads,4448,19890,24338,2.1,2025-08-23,Yes,Completed
S01300,V0416,ESN521966,2025-07-17,Cooling System,Emergency,P0012,Brake wear,TECH605,AutoMind Central,Air Filter,3503,18672,22175,4.5,2026-01-13,No,Pending
S01301,V0009,ESN531296,2025-09-17,Cooling System,Corrective,P0171,Low oil pressure,TECH610,FleetCare Kochi,Air Filter,2572,4627,7199,9.9,2026-03-16,No,Completed
S01302,V0201,ESN597986,2025-12-05,Cooling System,Emergency,P0171,Battery degradation,TECH369,AutoMind Central,Air Filter,2500,10956,13456,1.7,2026-06-03,No,Pending
S01303,V0171,ESN812432,2025-08-09,Cooling System,Corrective,P0420,Battery degradation,TECH978,AutoMind Central,Brake Pads,4467,10186,14653,5.1,2026-02-05,No,Pending
S01304,V0060,ESN559611,2025-12-11,Routine Service,Corrective,P0171,Engine overheating,TECH550,AutoMind Central,Air Filter,3440,4546,7986,8.5,2026-06-09,No,Completed
S01305,V0270,ESN246024,2025-04-06,Brake Service,Corrective,P0300,Engine overheating,TECH897,AutoMind Central,Brake Pads,859,13633,14492,2.9,2025-10-03,No,Completed
S01306,V0014,ESN479783,2025-10-08,Brake Service,Emergency,P0171,Engine overheating,TECH464,Prime Motors,Brake Pads,4114,1680,5794,5.8,2026-04-06,Yes,Pending
S01307,V0098,ESN130612,2025-01-15,Battery Replacement,Emergency,P0300,Low oil pressure,TECH854,Prime Motors,Oil Filter,5187,4369,9556,4.2,2025-07-14,Yes,Completed
S01308,V0255,ESN705679,2025-10-06,Engine Diagnostics,Emergency,P0012,Routine inspection,TECH324,FleetCare Kochi,Battery,4325,13831,18156,5.1,2026-04-04,Yes,Pending
S01309,V0042,ESN510807,2025-02-04,Routine Service,Corrective,P0012,Battery degradation,TECH220,AutoMind Central,Oil Filter,4887,3486,8373,11.5,2025-08-03,No,Pending
S01310,V0181,ESN765467,2025-01-16,Brake Service,Preventive,P0171,Brake wear,TECH680,Kerala Truck Service,Brake Pads,3182,10354,13536,8.8,2025-07-15,No,Pending
S01311,V0077,ESN701692,2025-06-06,Routine Service,Corrective,P0171,Routine inspection,TECH572,AutoMind Central,Battery,4009,13739,17748,9.7,2025-12-03,No,Completed
S01312,V0073,ESN618515,2025-01-31,Battery Replacement,Corrective,P0000,Brake wear,TECH929,Kerala Truck Service,Oil Filter,3187,13533,16720,12.0,2025-07-30,No,Completed
S01313,V0460,ESN807839,2025-02-16,Brake Service,Corrective,P0420,Low oil pressure,TECH116,AutoMind Central,Oil Filter,4495,14432,18927,5.3,2025-08-15,Yes,Completed
S01314,V0284,ESN860571,2025-07-28,Cooling System,Preventive,P0012,Routine inspection,TECH379,Kerala Truck Service,Battery,1862,3940,5802,10.7,2026-01-24,Yes,Completed
S01315,V0302,ESN620402,2025-01-09,Oil Change,Emergency,P0300,Routine inspection,TECH985,AutoMind Central,Air Filter,2968,1156,4124,1.4,2025-07-08,No,Completed
S01316,V0083,ESN687458,2025-03-03,Engine Diagnostics,Corrective,P0300,Engine overheating,TECH440,Prime Motors,Brake Pads,2217,19014,21231,11.3,2025-08-30,No,Pending
S01317,V0415,ESN335497,2025-08-09,Routine Service,Corrective,P0012,Brake wear,TECH172,AutoMind Central,Battery,2119,6569,8688,8.5,2026-02-05,Yes,Pending
S01318,V0139,ESN610772,2025-02-04,Cooling System,Corrective,P0300,Engine overheating,TECH145,FleetCare Kochi,Battery,5805,13600,19405,5.7,2025-08-03,Yes,Completed
S01319,V0436,ESN602455,2025-07-20,Engine Diagnostics,Preventive,P0012,Brake wear,TECH477,AutoMind Central,Battery,1472,12934,14406,8.9,2026-01-16,Yes,Pending
S01320,V0335,ESN355714,2025-01-04,Engine Diagnostics,Preventive,P0420,Brake wear,TECH851,AutoMind Central,Oil Filter,4095,2515,6610,10.3,2025-07-03,No,Pending
S01321,V0235,ESN562984,2025-11-24,Battery Replacement,Emergency,P0171,Brake wear,TECH163,Prime Motors,Air Filter,2819,13002,15821,5.1,2026-05-23,Yes,Completed
S01322,V0320,ESN279962,2025-06-06,Cooling System,Preventive,P0171,Battery degradation,TECH622,FleetCare Kochi,Brake Pads,5404,10758,16162,1.6,2025-12-03,No,Pending
S01323,V0013,ESN478117,2025-07-27,Battery Replacement,Emergency,P0171,Engine overheating,TECH684,AutoMind Central,Coolant Hose,2961,8605,11566,10.7,2026-01-23,No,Completed
S01324,V0098,ESN862142,2025-03-15,Brake Service,Preventive,P0000,Engine overheating,TECH917,Kerala Truck Service,Battery,3314,5853,9167,8.1,2025-09-11,No,Pending
S01325,V0344,ESN819267,2025-06-06,Oil Change,Emergency,P0012,Brake wear,TECH516,FleetCare Kochi,Coolant Hose,3372,9028,12400,10.2,2025-12-03,No,Completed
S01326,V0131,ESN562753,2025-07-25,Oil Change,Preventive,P0000,Low oil pressure,TECH806,FleetCare Kochi,Brake Pads,4567,7266,11833,5.4,2026-01-21,Yes,Completed
S01327,V0024,ESN944134,2025-02-22,Cooling System,Corrective,P0300,Brake wear,TECH984,FleetCare Kochi,Spark Plug,2371,19024,21395,1.3,2025-08-21,No,Completed
S01328,V0078,ESN379359,2025-06-01,Oil Change,Emergency,P0420,Brake wear,TECH139,Kerala Truck Service,Air Filter,3426,5329,8755,8.9,2025-11-28,Yes,Pending
S01329,V0085,ESN635528,2025-01-24,Brake Service,Preventive,P0171,Engine overheating,TECH712,Prime Motors,Brake Pads,5338,10613,15951,1.4,2025-07-23,Yes,Completed
S01330,V0045,ESN383105,2025-01-15,Brake Service,Corrective,P0420,Low oil pressure,TECH606,FleetCare Kochi,Battery,5691,16024,21715,8.6,2025-07-14,No,Completed
S01331,V0256,ESN895917,2025-06-17,Brake Service,Preventive,P0420,Battery degradation,TECH961,Prime Motors,Battery,3706,14157,17863,3.2,2025-12-14,No,Pending
S01332,V0137,ESN587725,2025-05-22,Oil Change,Corrective,P0300,Brake wear,TECH728,FleetCare Kochi,Air Filter,1177,12789,13966,11.1,2025-11-18,Yes,Pending
S01333,V0242,ESN538235,2025-11-29,Oil Change,Emergency,P0012,Battery degradation,TECH929,Prime Motors,Coolant Hose,3308,12144,15452,10.7,2026-05-28,No,Completed
S01334,V0280,ESN926214,2025-06-26,Battery Replacement,Emergency,P0000,Engine overheating,TECH949,Kerala Truck Service,Coolant Hose,3358,15849,19207,10.8,2025-12-23,Yes,Completed
S01335,V0449,ESN952617,2025-06-06,Oil Change,Corrective,P0000,Brake wear,TECH402,FleetCare Kochi,Battery,3079,6395,9474,7.4,2025-12-03,No,Pending
S01336,V0093,ESN875733,2025-02-24,Engine Diagnostics,Preventive,P0000,Engine overheating,TECH745,Kerala Truck Service,Brake Pads,1469,17888,19357,5.9,2025-08-23,Yes,Completed
S01337,V0322,ESN104666,2025-01-17,Brake Service,Preventive,P0000,Brake wear,TECH496,Kerala Truck Service,Coolant Hose,855,1625,2480,11.4,2025-07-16,Yes,Completed
S01338,V0472,ESN856243,2025-07-17,Engine Diagnostics,Preventive,P0000,Routine inspection,TECH343,AutoMind Central,Battery,5342,17792,23134,6.6,2026-01-13,Yes,Completed
S01339,V0036,ESN325811,2025-05-15,Cooling System,Emergency,P0012,Routine inspection,TECH145,Prime Motors,Oil Filter,5479,8673,14152,11.2,2025-11-11,No,Completed
S01340,V0324,ESN264473,2025-11-29,Battery Replacement,Emergency,P0300,Engine overheating,TECH400,Kerala Truck Service,Coolant Hose,5597,7567,13164,9.4,2026-05-28,No,Completed
S01341,V0098,ESN819463,2025-08-17,Routine Service,Emergency,P0300,Engine overheating,TECH280,Prime Motors,Air Filter,4726,15493,20219,7.4,2026-02-13,Yes,Completed
S01342,V0318,ESN405588,2025-01-28,Cooling System,Corrective,P0012,Low oil pressure,TECH331,AutoMind Central,Spark Plug,1916,3395,5311,5.5,2025-07-27,No,Completed
S01343,V0067,ESN823792,2025-09-24,Battery Replacement,Emergency,P0000,Brake wear,TECH433,Prime Motors,Coolant Hose,1898,18055,19953,2.9,2026-03-23,Yes,Completed
S01344,V0037,ESN134714,2025-01-10,Routine Service,Preventive,P0000,Routine inspection,TECH561,FleetCare Kochi,Battery,4580,12705,17285,9.4,2025-07-09,Yes,Completed
S01345,V0341,ESN791334,2025-12-02,Brake Service,Preventive,P0420,Engine overheating,TECH582,Prime Motors,Spark Plug,3698,8029,11727,6.1,2026-05-31,Yes,Pending
S01346,V0348,ESN848168,2025-03-16,Cooling System,Preventive,P0420,Battery degradation,TECH788,Kerala Truck Service,Air Filter,2970,18818,21788,5.0,2025-09-12,Yes,Pending
S01347,V0497,ESN173242,2025-05-16,Engine Diagnostics,Emergency,P0420,Routine inspection,TECH863,Kerala Truck Service,Oil Filter,4346,10795,15141,3.0,2025-11-12,Yes,Pending
S01348,V0066,ESN631183,2025-12-22,Routine Service,Preventive,P0171,Battery degradation,TECH527,Prime Motors,Air Filter,5211,3051,8262,2.3,2026-06-20,No,Completed
S01349,V0274,ESN376773,2025-06-30,Brake Service,Corrective,P0420,Routine inspection,TECH809,Prime Motors,Coolant Hose,5006,13280,18286,8.7,2025-12-27,Yes,Completed
S01350,V0220,ESN271933,2025-07-27,Brake Service,Emergency,P0420,Engine overheating,TECH478,Kerala Truck Service,Spark Plug,3225,11290,14515,11.1,2026-01-23,Yes,Pending
S01351,V0467,ESN677326,2025-01-22,Brake Service,Emergency,P0300,Brake wear,TECH386,Prime Motors,Oil Filter,5237,14296,19533,1.6,2025-07-21,Yes,Completed
S01352,V0359,ESN999706,2025-04-06,Battery Replacement,Corrective,P0171,Low oil pressure,TECH607,AutoMind Central,Air Filter,991,9161,10152,2.6,2025-10-03,Yes,Completed
S01353,V0136,ESN734771,2025-08-16,Oil Change,Emergency,P0012,Engine overheating,TECH431,AutoMind Central,Air Filter,1573,19254,20827,1.4,2026-02-12,No,Pending
S01354,V0128,ESN622625,2025-02-28,Routine Service,Corrective,P0171,Low oil pressure,TECH341,Kerala Truck Service,Air Filter,2289,15793,18082,3.0,2025-08-27,No,Pending
S01355,V0294,ESN596446,2025-06-02,Engine Diagnostics,Corrective,P0420,Routine inspection,TECH461,FleetCare Kochi,Air Filter,1898,14391,16289,5.4,2025-11-29,No,Pending
S01356,V0149,ESN549602,2025-08-09,Engine Diagnostics,Corrective,P0420,Brake wear,TECH424,Prime Motors,Coolant Hose,4846,18420,23266,8.0,2026-02-05,Yes,Pending
S01357,V0087,ESN358108,2025-06-29,Routine Service,Preventive,P0012,Battery degradation,TECH292,FleetCare Kochi,Air Filter,1158,7059,8217,2.3,2025-12-26,No,Completed
S01358,V0222,ESN239613,2025-02-01,Oil Change,Preventive,P0420,Low oil pressure,TECH432,AutoMind Central,Air Filter,5788,2431,8219,10.9,2025-07-31,No,Pending
S01359,V0433,ESN703222,2025-12-15,Engine Diagnostics,Preventive,P0000,Brake wear,TECH312,AutoMind Central,Oil Filter,5580,13710,19290,1.4,2026-06-13,Yes,Completed
S01360,V0271,ESN420507,2025-05-14,Routine Service,Corrective,P0000,Low oil pressure,TECH682,Kerala Truck Service,Coolant Hose,3689,2589,6278,1.6,2025-11-10,Yes,Pending
S01361,V0199,ESN355078,2025-09-24,Brake Service,Emergency,P0171,Battery degradation,TECH781,AutoMind Central,Air Filter,1902,4634,6536,2.8,2026-03-23,Yes,Pending
S01362,V0290,ESN918617,2025-03-26,Cooling System,Corrective,P0420,Engine overheating,TECH524,Prime Motors,Air Filter,2183,7177,9360,3.7,2025-09-22,Yes,Completed
S01363,V0440,ESN773911,2025-09-28,Routine Service,Corrective,P0000,Engine overheating,TECH597,Kerala Truck Service,Spark Plug,1272,1532,2804,10.1,2026-03-27,No,Completed
S01364,V0448,ESN766292,2025-02-23,Brake Service,Preventive,P0420,Low oil pressure,TECH494,Prime Motors,Air Filter,3327,4059,7386,5.2,2025-08-22,Yes,Pending
S01365,V0118,ESN309638,2025-01-20,Engine Diagnostics,Corrective,P0171,Brake wear,TECH434,Prime Motors,Air Filter,3058,1723,4781,5.0,2025-07-19,No,Pending
S01366,V0453,ESN799248,2025-04-22,Engine Diagnostics,Emergency,P0300,Low oil pressure,TECH974,Kerala Truck Service,Battery,5417,12125,17542,3.3,2025-10-19,No,Pending
S01367,V0356,ESN955856,2025-11-28,Battery Replacement,Preventive,P0420,Routine inspection,TECH401,FleetCare Kochi,Battery,4783,18218,23001,9.8,2026-05-27,No,Completed
S01368,V0463,ESN912637,2025-08-24,Engine Diagnostics,Emergency,P0420,Battery degradation,TECH807,Kerala Truck Service,Spark Plug,5335,11825,17160,1.7,2026-02-20,Yes,Completed
S01369,V0123,ESN999034,2025-12-07,Engine Diagnostics,Emergency,P0012,Routine inspection,TECH478,FleetCare Kochi,Brake Pads,4983,5936,10919,2.8,2026-06-05,No,Completed
S01370,V0361,ESN286301,2025-08-08,Brake Service,Preventive,P0000,Low oil pressure,TECH927,Kerala Truck Service,Battery,3254,1060,4314,1.4,2026-02-04,No,Completed
S01371,V0252,ESN589564,2025-12-07,Cooling System,Preventive,P0012,Engine overheating,TECH563,Kerala Truck Service,Air Filter,2540,9594,12134,6.8,2026-06-05,No,Completed
S01372,V0204,ESN658705,2025-01-14,Brake Service,Emergency,P0171,Brake wear,TECH212,Kerala Truck Service,Spark Plug,2449,2989,5438,4.2,2025-07-13,Yes,Pending
S01373,V0251,ESN954262,2025-03-19,Brake Service,Emergency,P0012,Brake wear,TECH738,Prime Motors,Brake Pads,4045,1487,5532,7.3,2025-09-15,Yes,Completed
S01374,V0214,ESN799108,2025-09-03,Battery Replacement,Corrective,P0000,Low oil pressure,TECH606,AutoMind Central,Air Filter,2878,12836,15714,6.9,2026-03-02,Yes,Completed
S01375,V0186,ESN437810,2025-05-02,Oil Change,Preventive,P0012,Battery degradation,TECH309,Kerala Truck Service,Brake Pads,4329,12236,16565,7.1,2025-10-29,Yes,Completed
S01376,V0169,ESN568957,2025-08-01,Oil Change,Emergency,P0012,Routine inspection,TECH814,Kerala Truck Service,Air Filter,4196,19958,24154,2.8,2026-01-28,Yes,Pending
S01377,V0337,ESN236228,2025-07-16,Oil Change,Preventive,P0000,Low oil pressure,TECH880,FleetCare Kochi,Air Filter,1903,14215,16118,7.5,2026-01-12,No,Pending
S01378,V0096,ESN117514,2025-11-25,Oil Change,Preventive,P0012,Engine overheating,TECH471,FleetCare Kochi,Battery,1911,941,2852,1.6,2026-05-24,Yes,Pending
S01379,V0086,ESN827218,2025-09-05,Routine Service,Emergency,P0300,Low oil pressure,TECH376,AutoMind Central,Brake Pads,4044,18915,22959,10.6,2026-03-04,Yes,Pending
S01380,V0172,ESN642414,2025-02-05,Brake Service,Preventive,P0300,Battery degradation,TECH952,FleetCare Kochi,Coolant Hose,5451,6046,11497,9.0,2025-08-04,Yes,Pending
S01381,V0139,ESN339890,2025-01-26,Battery Replacement,Corrective,P0300,Routine inspection,TECH560,FleetCare Kochi,Coolant Hose,4430,1230,5660,9.4,2025-07-25,No,Completed
S01382,V0450,ESN315374,2025-09-21,Engine Diagnostics,Preventive,P0012,Battery degradation,TECH109,FleetCare Kochi,Oil Filter,5663,11126,16789,10.0,2026-03-20,No,Completed
S01383,V0319,ESN438070,2025-10-16,Routine Service,Emergency,P0300,Routine inspection,TECH841,FleetCare Kochi,Air Filter,1092,7987,9079,6.0,2026-04-14,No,Pending
S01384,V0144,ESN578568,2025-06-07,Oil Change,Emergency,P0171,Low oil pressure,TECH612,Prime Motors,Oil Filter,5984,11175,17159,10.6,2025-12-04,No,Completed
S01385,V0059,ESN638470,2025-05-17,Engine Diagnostics,Emergency,P0420,Engine overheating,TECH823,Prime Motors,Battery,2676,19552,22228,7.8,2025-11-13,Yes,Completed
S01386,V0260,ESN421701,2025-09-28,Engine Diagnostics,Corrective,P0000,Low oil pressure,TECH246,Prime Motors,Oil Filter,1883,14471,16354,9.6,2026-03-27,No,Completed
S01387,V0443,ESN577037,2025-08-04,Routine Service,Corrective,P0171,Engine overheating,TECH568,Kerala Truck Service,Oil Filter,2205,6984,9189,11.7,2026-01-31,No,Completed
S01388,V0416,ESN815629,2025-09-10,Engine Diagnostics,Corrective,P0000,Routine inspection,TECH378,Prime Motors,Coolant Hose,3496,14923,18419,4.6,2026-03-09,Yes,Pending
S01389,V0087,ESN451301,2025-07-30,Cooling System,Corrective,P0171,Battery degradation,TECH983,FleetCare Kochi,Coolant Hose,5095,6170,11265,7.6,2026-01-26,No,Pending
S01390,V0321,ESN112617,2025-03-16,Oil Change,Preventive,P0171,Brake wear,TECH680,AutoMind Central,Coolant Hose,3039,14756,17795,7.9,2025-09-12,Yes,Pending
S01391,V0428,ESN558262,2025-05-15,Engine Diagnostics,Emergency,P0012,Brake wear,TECH443,AutoMind Central,Battery,3472,5229,8701,9.2,2025-11-11,No,Completed
S01392,V0381,ESN319941,2025-04-17,Cooling System,Preventive,P0420,Routine inspection,TECH912,Kerala Truck Service,Coolant Hose,3821,17259,21080,8.6,2025-10-14,Yes,Pending
S01393,V0373,ESN484735,2025-07-18,Engine Diagnostics,Preventive,P0420,Engine overheating,TECH523,Prime Motors,Battery,4597,19506,24103,5.2,2026-01-14,Yes,Pending
S01394,V0428,ESN638355,2025-04-13,Engine Diagnostics,Emergency,P0300,Battery degradation,TECH944,FleetCare Kochi,Battery,1411,15198,16609,10.0,2025-10-10,No,Completed
S01395,V0492,ESN959643,2025-09-06,Cooling System,Preventive,P0300,Routine inspection,TECH440,AutoMind Central,Battery,3117,2129,5246,9.6,2026-03-05,Yes,Completed
S01396,V0033,ESN224310,2025-01-05,Brake Service,Corrective,P0000,Brake wear,TECH188,Prime Motors,Coolant Hose,2470,19459,21929,3.1,2025-07-04,No,Completed
S01397,V0005,ESN939861,2025-12-26,Engine Diagnostics,Preventive,P0300,Battery degradation,TECH600,Kerala Truck Service,Spark Plug,1856,10047,11903,8.6,2026-06-24,No,Completed
S01398,V0068,ESN743832,2025-02-26,Engine Diagnostics,Preventive,P0420,Low oil pressure,TECH869,Prime Motors,Spark Plug,1966,19924,21890,2.5,2025-08-25,Yes,Pending
S01399,V0292,ESN698735,2025-06-07,Oil Change,Preventive,P0012,Low oil pressure,TECH294,AutoMind Central,Oil Filter,5715,15734,21449,11.7,2025-12-04,No,Pending
S01400,V0457,ESN431094,2025-01-14,Oil Change,Preventive,P0300,Low oil pressure,TECH466,Prime Motors,Battery,2549,5607,8156,11.0,2025-07-13,No,Completed
S01401,V0484,ESN115029,2025-03-24,Engine Diagnostics,Corrective,P0420,Low oil pressure,TECH434,AutoMind Central,Air Filter,4710,7016,11726,8.5,2025-09-20,Yes,Pending
S01402,V0223,ESN301314,2025-09-03,Oil Change,Corrective,P0171,Brake wear,TECH652,Prime Motors,Air Filter,2363,8276,10639,8.5,2026-03-02,No,Pending
S01403,V0239,ESN979361,2025-05-11,Oil Change,Corrective,P0420,Brake wear,TECH657,Prime Motors,Spark Plug,2386,16662,19048,6.6,2025-11-07,Yes,Completed
S01404,V0041,ESN951462,2025-07-05,Battery Replacement,Corrective,P0000,Routine inspection,TECH240,FleetCare Kochi,Air Filter,1516,16182,17698,5.7,2026-01-01,Yes,Pending
S01405,V0450,ESN895135,2025-07-24,Cooling System,Corrective,P0000,Routine inspection,TECH794,Kerala Truck Service,Spark Plug,1824,14017,15841,9.7,2026-01-20,No,Pending
S01406,V0226,ESN743213,2025-09-23,Engine Diagnostics,Preventive,P0012,Routine inspection,TECH513,FleetCare Kochi,Spark Plug,4533,3238,7771,5.7,2026-03-22,Yes,Pending
S01407,V0042,ESN732073,2025-02-19,Cooling System,Preventive,P0300,Engine overheating,TECH622,AutoMind Central,Battery,2289,9339,11628,4.0,2025-08-18,No,Pending
S01408,V0072,ESN373902,2025-03-23,Cooling System,Emergency,P0420,Routine inspection,TECH504,Kerala Truck Service,Spark Plug,2595,12163,14758,4.5,2025-09-19,No,Completed
S01409,V0234,ESN313069,2025-07-15,Brake Service,Emergency,P0171,Battery degradation,TECH320,FleetCare Kochi,Battery,4029,13089,17118,2.8,2026-01-11,Yes,Pending
S01410,V0335,ESN652208,2025-09-19,Brake Service,Corrective,P0420,Engine overheating,TECH763,FleetCare Kochi,Air Filter,3922,2351,6273,2.3,2026-03-18,Yes,Completed
S01411,V0373,ESN499389,2025-05-08,Routine Service,Emergency,P0000,Low oil pressure,TECH717,Prime Motors,Battery,5119,9262,14381,8.0,2025-11-04,No,Completed
S01412,V0471,ESN807137,2025-09-01,Routine Service,Corrective,P0420,Low oil pressure,TECH784,Prime Motors,Spark Plug,3302,4438,7740,4.2,2026-02-28,No,Completed
S01413,V0095,ESN646273,2025-02-25,Oil Change,Corrective,P0012,Low oil pressure,TECH794,Kerala Truck Service,Brake Pads,5852,10962,16814,5.7,2025-08-24,No,Completed
S01414,V0057,ESN379628,2025-01-05,Battery Replacement,Corrective,P0000,Battery degradation,TECH704,Prime Motors,Brake Pads,5391,13431,18822,3.0,2025-07-04,No,Pending
S01415,V0119,ESN440926,2025-12-21,Cooling System,Emergency,P0420,Engine overheating,TECH773,Kerala Truck Service,Coolant Hose,1594,15460,17054,11.1,2026-06-19,Yes,Pending
S01416,V0240,ESN374014,2025-01-25,Brake Service,Corrective,P0300,Battery degradation,TECH166,AutoMind Central,Air Filter,1206,9673,10879,6.4,2025-07-24,No,Completed
S01417,V0298,ESN345474,2025-01-29,Cooling System,Preventive,P0171,Engine overheating,TECH391,FleetCare Kochi,Brake Pads,5807,4111,9918,1.7,2025-07-28,Yes,Pending
S01418,V0181,ESN632867,2025-05-16,Engine Diagnostics,Corrective,P0012,Engine overheating,TECH860,Prime Motors,Spark Plug,4358,6418,10776,10.4,2025-11-12,Yes,Pending
S01419,V0360,ESN908051,2025-11-29,Cooling System,Preventive,P0420,Battery degradation,TECH526,Kerala Truck Service,Spark Plug,5396,1846,7242,8.0,2026-05-28,No,Pending
S01420,V0038,ESN736225,2025-02-22,Routine Service,Emergency,P0171,Low oil pressure,TECH988,Kerala Truck Service,Spark Plug,4135,5746,9881,6.3,2025-08-21,Yes,Completed
S01421,V0221,ESN191480,2025-07-27,Battery Replacement,Corrective,P0300,Battery degradation,TECH486,Kerala Truck Service,Brake Pads,2235,2677,4912,3.7,2026-01-23,Yes,Pending
S01422,V0226,ESN743627,2025-08-09,Engine Diagnostics,Emergency,P0420,Battery degradation,TECH482,Kerala Truck Service,Battery,1024,15695,16719,7.9,2026-02-05,No,Pending
S01423,V0304,ESN692198,2025-03-16,Routine Service,Emergency,P0171,Routine inspection,TECH615,Kerala Truck Service,Spark Plug,5638,12103,17741,3.3,2025-09-12,Yes,Pending
S01424,V0002,ESN591642,2025-01-01,Cooling System,Preventive,P0012,Engine overheating,TECH413,FleetCare Kochi,Battery,4995,11106,16101,8.8,2025-06-30,No,Pending
S01425,V0087,ESN738377,2025-09-29,Brake Service,Emergency,P0300,Engine overheating,TECH851,Kerala Truck Service,Spark Plug,4013,13767,17780,11.7,2026-03-28,Yes,Pending
S01426,V0306,ESN222677,2025-09-08,Engine Diagnostics,Corrective,P0300,Routine inspection,TECH760,FleetCare Kochi,Battery,1220,8807,10027,6.5,2026-03-07,No,Pending
S01427,V0372,ESN292632,2025-07-11,Routine Service,Preventive,P0420,Routine inspection,TECH910,Prime Motors,Coolant Hose,2352,10717,13069,11.8,2026-01-07,Yes,Pending
S01428,V0264,ESN837198,2025-02-17,Battery Replacement,Emergency,P0300,Brake wear,TECH548,Prime Motors,Oil Filter,5546,19373,24919,5.0,2025-08-16,No,Pending
S01429,V0007,ESN257555,2025-06-18,Oil Change,Preventive,P0000,Brake wear,TECH608,Kerala Truck Service,Spark Plug,2269,2584,4853,1.7,2025-12-15,No,Pending
S01430,V0359,ESN434872,2025-11-29,Cooling System,Preventive,P0012,Routine inspection,TECH300,Prime Motors,Oil Filter,5383,11501,16884,10.3,2026-05-28,No,Pending
S01431,V0269,ESN383818,2025-09-03,Engine Diagnostics,Emergency,P0420,Low oil pressure,TECH861,Kerala Truck Service,Oil Filter,3488,16187,19675,3.5,2026-03-02,No,Pending
S01432,V0065,ESN770545,2025-11-09,Brake Service,Emergency,P0300,Routine inspection,TECH411,Prime Motors,Coolant Hose,1558,13235,14793,6.5,2026-05-08,No,Completed
S01433,V0073,ESN824675,2025-10-04,Brake Service,Preventive,P0420,Brake wear,TECH438,FleetCare Kochi,Brake Pads,5859,11294,17153,11.4,2026-04-02,No,Completed
S01434,V0044,ESN899373,2025-01-05,Battery Replacement,Preventive,P0420,Brake wear,TECH916,Prime Motors,Oil Filter,2287,6288,8575,1.8,2025-07-04,Yes,Completed
S01435,V0410,ESN581906,2025-05-01,Brake Service,Corrective,P0171,Brake wear,TECH954,AutoMind Central,Coolant Hose,4599,1918,6517,1.2,2025-10-28,No,Pending
S01436,V0229,ESN127675,2025-08-15,Cooling System,Emergency,P0012,Brake wear,TECH267,FleetCare Kochi,Coolant Hose,4416,3868,8284,8.4,2026-02-11,No,Pending
S01437,V0185,ESN460581,2025-11-24,Battery Replacement,Preventive,P0000,Low oil pressure,TECH735,Kerala Truck Service,Air Filter,1358,18849,20207,6.8,2026-05-23,Yes,Completed
S01438,V0276,ESN860588,2025-04-18,Oil Change,Preventive,P0300,Low oil pressure,TECH759,AutoMind Central,Spark Plug,5612,6994,12606,11.9,2025-10-15,No,Pending
S01439,V0393,ESN485742,2025-07-18,Brake Service,Emergency,P0300,Routine inspection,TECH872,Kerala Truck Service,Air Filter,1905,13287,15192,1.6,2026-01-14,Yes,Pending
S01440,V0347,ESN162822,2025-08-28,Cooling System,Preventive,P0012,Brake wear,TECH934,FleetCare Kochi,Battery,3356,4189,7545,10.9,2026-02-24,Yes,Completed
S01441,V0002,ESN598472,2025-09-25,Cooling System,Preventive,P0300,Engine overheating,TECH891,AutoMind Central,Air Filter,1012,6449,7461,7.7,2026-03-24,No,Completed
S01442,V0025,ESN632114,2025-09-09,Routine Service,Emergency,P0171,Engine overheating,TECH919,FleetCare Kochi,Spark Plug,5913,16060,21973,9.8,2026-03-08,Yes,Completed
S01443,V0115,ESN126468,2025-05-05,Brake Service,Corrective,P0420,Routine inspection,TECH376,FleetCare Kochi,Spark Plug,1743,17694,19437,7.2,2025-11-01,Yes,Pending
S01444,V0047,ESN286345,2025-11-30,Routine Service,Emergency,P0171,Low oil pressure,TECH579,AutoMind Central,Coolant Hose,3548,9987,13535,5.1,2026-05-29,No,Completed
S01445,V0479,ESN899415,2025-03-04,Cooling System,Preventive,P0171,Routine inspection,TECH176,FleetCare Kochi,Battery,4958,15734,20692,7.3,2025-08-31,Yes,Completed
S01446,V0251,ESN978463,2025-09-17,Battery Replacement,Emergency,P0300,Engine overheating,TECH540,Prime Motors,Air Filter,3834,3167,7001,11.2,2026-03-16,Yes,Pending
S01447,V0237,ESN504387,2025-05-08,Battery Replacement,Emergency,P0420,Brake wear,TECH520,Prime Motors,Oil Filter,1564,10847,12411,8.7,2025-11-04,Yes,Pending
S01448,V0097,ESN659079,2025-07-05,Engine Diagnostics,Corrective,P0171,Engine overheating,TECH368,Kerala Truck Service,Oil Filter,4415,3655,8070,11.6,2026-01-01,No,Completed
S01449,V0022,ESN641307,2025-09-09,Battery Replacement,Preventive,P0000,Routine inspection,TECH565,AutoMind Central,Brake Pads,2431,1642,4073,9.0,2026-03-08,Yes,Completed
S01450,V0458,ESN560282,2025-03-10,Cooling System,Preventive,P0420,Engine overheating,TECH390,FleetCare Kochi,Oil Filter,2634,11111,13745,11.8,2025-09-06,No,Completed
S01451,V0210,ESN126234,2025-12-15,Routine Service,Preventive,P0420,Engine overheating,TECH749,Kerala Truck Service,Battery,4355,4117,8472,2.8,2026-06-13,Yes,Completed
S01452,V0187,ESN946850,2025-04-10,Engine Diagnostics,Preventive,P0012,Routine inspection,TECH914,Kerala Truck Service,Brake Pads,1790,11553,13343,1.6,2025-10-07,No,Pending
S01453,V0353,ESN514335,2025-08-24,Routine Service,Preventive,P0420,Brake wear,TECH111,Kerala Truck Service,Coolant Hose,4119,3761,7880,3.8,2026-02-20,Yes,Completed
S01454,V0426,ESN832329,2025-12-01,Engine Diagnostics,Corrective,P0300,Battery degradation,TECH910,Kerala Truck Service,Brake Pads,5965,12190,18155,4.5,2026-05-30,Yes,Completed
S01455,V0145,ESN160114,2025-01-02,Battery Replacement,Preventive,P0171,Brake wear,TECH469,Prime Motors,Brake Pads,4773,6065,10838,3.5,2025-07-01,No,Completed
S01456,V0023,ESN964006,2025-03-01,Cooling System,Preventive,P0171,Engine overheating,TECH535,Prime Motors,Brake Pads,1677,17346,19023,9.8,2025-08-28,No,Pending
S01457,V0424,ESN554495,2025-01-02,Cooling System,Corrective,P0000,Routine inspection,TECH192,Prime Motors,Battery,2361,10405,12766,6.6,2025-07-01,Yes,Completed
S01458,V0237,ESN141704,2025-09-30,Battery Replacement,Corrective,P0000,Routine inspection,TECH619,AutoMind Central,Coolant Hose,5560,7230,12790,3.9,2026-03-29,No,Completed
S01459,V0353,ESN166104,2025-02-12,Brake Service,Preventive,P0171,Routine inspection,TECH309,AutoMind Central,Spark Plug,993,5138,6131,11.9,2025-08-11,No,Pending
S01460,V0415,ESN147908,2025-09-04,Oil Change,Emergency,P0171,Brake wear,TECH844,Prime Motors,Air Filter,2004,15293,17297,7.2,2026-03-03,No,Pending
S01461,V0077,ESN970097,2025-12-17,Brake Service,Emergency,P0420,Battery degradation,TECH724,Kerala Truck Service,Air Filter,3896,18008,21904,8.5,2026-06-15,No,Pending
S01462,V0304,ESN246794,2025-02-05,Engine Diagnostics,Emergency,P0420,Low oil pressure,TECH933,FleetCare Kochi,Oil Filter,2900,5382,8282,9.2,2025-08-04,No,Pending
S01463,V0054,ESN629166,2025-04-09,Brake Service,Preventive,P0012,Brake wear,TECH273,Kerala Truck Service,Battery,5616,7679,13295,10.7,2025-10-06,Yes,Completed
S01464,V0419,ESN372162,2025-03-20,Cooling System,Preventive,P0171,Battery degradation,TECH147,FleetCare Kochi,Coolant Hose,2519,5416,7935,4.5,2025-09-16,No,Completed
S01465,V0391,ESN650928,2025-07-07,Brake Service,Emergency,P0171,Engine overheating,TECH169,FleetCare Kochi,Battery,5476,18109,23585,4.4,2026-01-03,No,Pending
S01466,V0375,ESN573330,2025-02-20,Routine Service,Emergency,P0012,Battery degradation,TECH381,AutoMind Central,Air Filter,2038,7443,9481,3.2,2025-08-19,No,Pending
S01467,V0075,ESN793159,2025-05-20,Cooling System,Corrective,P0420,Low oil pressure,TECH726,FleetCare Kochi,Oil Filter,3903,9498,13401,6.9,2025-11-16,Yes,Completed
S01468,V0434,ESN231243,2025-11-25,Battery Replacement,Corrective,P0012,Brake wear,TECH786,AutoMind Central,Coolant Hose,3668,17028,20696,3.8,2026-05-24,Yes,Pending
S01469,V0125,ESN186804,2025-09-01,Battery Replacement,Emergency,P0171,Low oil pressure,TECH183,AutoMind Central,Brake Pads,3775,18234,22009,7.0,2026-02-28,No,Completed
S01470,V0225,ESN625747,2025-06-26,Engine Diagnostics,Emergency,P0300,Brake wear,TECH342,Prime Motors,Brake Pads,2497,2956,5453,3.2,2025-12-23,No,Completed
S01471,V0007,ESN778915,2025-06-25,Oil Change,Emergency,P0420,Routine inspection,TECH865,FleetCare Kochi,Spark Plug,4474,5160,9634,10.5,2025-12-22,Yes,Pending
S01472,V0271,ESN871254,2025-11-26,Routine Service,Emergency,P0171,Routine inspection,TECH993,Prime Motors,Spark Plug,4298,1238,5536,8.0,2026-05-25,Yes,Pending
S01473,V0112,ESN689467,2025-09-24,Brake Service,Corrective,P0300,Battery degradation,TECH331,Prime Motors,Battery,1706,11683,13389,2.4,2026-03-23,Yes,Completed
S01474,V0355,ESN564780,2025-03-16,Battery Replacement,Preventive,P0000,Routine inspection,TECH581,Kerala Truck Service,Oil Filter,5777,18095,23872,1.5,2025-09-12,No,Pending
S01475,V0230,ESN644276,2025-09-07,Battery Replacement,Emergency,P0171,Brake wear,TECH328,AutoMind Central,Oil Filter,3796,4575,8371,9.3,2026-03-06,No,Completed
S01476,V0247,ESN513002,2025-03-19,Oil Change,Preventive,P0300,Brake wear,TECH756,Kerala Truck Service,Battery,1295,4956,6251,8.1,2025-09-15,Yes,Completed
S01477,V0244,ESN607279,2025-02-17,Cooling System,Preventive,P0300,Low oil pressure,TECH962,Prime Motors,Brake Pads,1236,8389,9625,6.0,2025-08-16,Yes,Completed
S01478,V0418,ESN411825,2025-01-25,Battery Replacement,Corrective,P0000,Battery degradation,TECH758,AutoMind Central,Brake Pads,1603,18996,20599,5.5,2025-07-24,Yes,Completed
S01479,V0321,ESN895045,2025-02-05,Cooling System,Emergency,P0012,Brake wear,TECH844,Kerala Truck Service,Spark Plug,5287,3571,8858,9.1,2025-08-04,No,Pending
S01480,V0255,ESN954667,2025-10-13,Oil Change,Preventive,P0012,Brake wear,TECH162,AutoMind Central,Coolant Hose,3270,10390,13660,10.1,2026-04-11,Yes,Completed
S01481,V0283,ESN557925,2025-04-12,Brake Service,Corrective,P0171,Brake wear,TECH235,AutoMind Central,Air Filter,893,17724,18617,9.4,2025-10-09,Yes,Pending
S01482,V0149,ESN838677,2025-12-13,Brake Service,Preventive,P0171,Battery degradation,TECH413,Kerala Truck Service,Oil Filter,5922,15071,20993,9.1,2026-06-11,Yes,Completed
S01483,V0235,ESN295818,2025-02-08,Routine Service,Emergency,P0171,Brake wear,TECH904,Prime Motors,Air Filter,2282,7507,9789,11.2,2025-08-07,Yes,Completed
S01484,V0447,ESN916464,2025-10-31,Engine Diagnostics,Corrective,P0420,Battery degradation,TECH739,FleetCare Kochi,Brake Pads,2618,6035,8653,1.9,2026-04-29,Yes,Pending
S01485,V0112,ESN774235,2025-11-24,Engine Diagnostics,Preventive,P0300,Battery degradation,TECH444,FleetCare Kochi,Coolant Hose,3848,14365,18213,6.8,2026-05-23,No,Pending
S01486,V0374,ESN707831,2025-11-01,Engine Diagnostics,Emergency,P0300,Routine inspection,TECH134,Prime Motors,Air Filter,2497,9083,11580,5.4,2026-04-30,Yes,Pending
S01487,V0220,ESN171704,2025-07-31,Battery Replacement,Corrective,P0012,Battery degradation,TECH406,FleetCare Kochi,Oil Filter,3552,3863,7415,2.4,2026-01-27,Yes,Pending
S01488,V0061,ESN114884,2025-07-09,Brake Service,Preventive,P0420,Battery degradation,TECH328,Kerala Truck Service,Battery,4377,13291,17668,5.6,2026-01-05,No,Pending
S01489,V0007,ESN614844,2025-06-09,Engine Diagnostics,Preventive,P0012,Engine overheating,TECH475,Prime Motors,Battery,4810,12040,16850,11.7,2025-12-06,No,Completed
S01490,V0153,ESN605029,2025-11-23,Engine Diagnostics,Preventive,P0012,Brake wear,TECH831,AutoMind Central,Air Filter,3094,4367,7461,2.6,2026-05-22,Yes,Pending
S01491,V0460,ESN736031,2025-04-09,Routine Service,Emergency,P0300,Low oil pressure,TECH474,AutoMind Central,Spark Plug,5131,7453,12584,3.8,2025-10-06,Yes,Pending
S01492,V0251,ESN435652,2025-06-11,Routine Service,Preventive,P0171,Routine inspection,TECH684,AutoMind Central,Battery,4327,6888,11215,11.5,2025-12-08,No,Completed
S01493,V0014,ESN799953,2025-04-05,Oil Change,Corrective,P0000,Routine inspection,TECH715,Kerala Truck Service,Brake Pads,3509,13523,17032,8.8,2025-10-02,Yes,Pending
S01494,V0461,ESN732133,2025-05-16,Oil Change,Corrective,P0300,Engine overheating,TECH536,Prime Motors,Coolant Hose,2058,11677,13735,6.6,2025-11-12,No,Pending
S01495,V0279,ESN689651,2025-06-15,Routine Service,Emergency,P0300,Brake wear,TECH129,AutoMind Central,Air Filter,5923,2238,8161,1.4,2025-12-12,No,Completed
S01496,V0442,ESN846467,2025-12-10,Routine Service,Preventive,P0300,Engine overheating,TECH244,Kerala Truck Service,Coolant Hose,4617,9628,14245,6.3,2026-06-08,No,Completed
S01497,V0122,ESN820915,2025-04-06,Brake Service,Emergency,P0012,Engine overheating,TECH644,AutoMind Central,Air Filter,4835,1223,6058,2.2,2025-10-03,Yes,Completed
S01498,V0015,ESN189028,2025-10-01,Oil Change,Emergency,P0420,Brake wear,TECH274,Prime Motors,Battery,3232,11846,15078,9.4,2026-03-30,No,Completed
S01499,V0256,ESN676580,2025-09-09,Battery Replacement,Emergency,P0000,Engine overheating,TECH734,Prime Motors,Oil Filter,3914,16768,20682,3.1,2026-03-08,Yes,Completed
S01500,V0146,ESN604111,2025-05-10,Battery Replacement,Preventive,P0012,Routine inspection,TECH989,FleetCare Kochi,Battery,3143,15866,19009,8.1,2025-11-06,No,Pending
S01501,V0074,ESN279121,2025-06-30,Cooling System,Emergency,P0300,Engine overheating,TECH547,FleetCare Kochi,Battery,3934,718,4652,4.9,2025-12-27,No,Completed
S01502,V0355,ESN376152,2025-04-23,Engine Diagnostics,Preventive,P0000,Low oil pressure,TECH609,FleetCare Kochi,Oil Filter,2046,7548,9594,2.2,2025-10-20,Yes,Completed
S01503,V0420,ESN369875,2025-07-27,Engine Diagnostics,Emergency,P0171,Brake wear,TECH251,AutoMind Central,Spark Plug,3397,2642,6039,5.4,2026-01-23,Yes,Pending
S01504,V0051,ESN877581,2025-10-05,Oil Change,Corrective,P0012,Low oil pressure,TECH812,Kerala Truck Service,Brake Pads,2778,6067,8845,2.7,2026-04-03,No,Pending
S01505,V0099,ESN436937,2025-06-29,Cooling System,Preventive,P0300,Brake wear,TECH815,Kerala Truck Service,Brake Pads,2459,19495,21954,1.8,2025-12-26,No,Completed
S01506,V0348,ESN642631,2025-12-24,Engine Diagnostics,Corrective,P0171,Low oil pressure,TECH955,Prime Motors,Spark Plug,2503,13196,15699,3.8,2026-06-22,Yes,Completed
S01507,V0363,ESN345419,2025-06-04,Oil Change,Corrective,P0012,Brake wear,TECH952,AutoMind Central,Spark Plug,3235,6775,10010,4.4,2025-12-01,Yes,Pending
S01508,V0169,ESN657809,2025-03-20,Brake Service,Corrective,P0171,Engine overheating,TECH888,FleetCare Kochi,Coolant Hose,4338,2878,7216,5.2,2025-09-16,No,Completed
S01509,V0487,ESN219174,2025-07-11,Oil Change,Corrective,P0171,Battery degradation,TECH630,Prime Motors,Coolant Hose,2143,9037,11180,5.0,2026-01-07,No,Pending
S01510,V0020,ESN519323,2025-10-23,Cooling System,Corrective,P0012,Engine overheating,TECH754,Kerala Truck Service,Spark Plug,1331,19495,20826,9.5,2026-04-21,No,Completed
S01511,V0390,ESN219820,2025-08-28,Battery Replacement,Emergency,P0012,Engine overheating,TECH511,Kerala Truck Service,Battery,2522,18919,21441,6.1,2026-02-24,No,Completed
S01512,V0212,ESN641593,2025-03-13,Routine Service,Corrective,P0171,Battery degradation,TECH885,FleetCare Kochi,Brake Pads,3460,17650,21110,4.1,2025-09-09,No,Completed
S01513,V0402,ESN517545,2025-12-25,Routine Service,Preventive,P0000,Battery degradation,TECH735,FleetCare Kochi,Spark Plug,2876,4784,7660,3.1,2026-06-23,No,Completed
S01514,V0350,ESN307864,2025-06-02,Battery Replacement,Emergency,P0171,Routine inspection,TECH538,Kerala Truck Service,Battery,1912,14242,16154,7.0,2025-11-29,No,Pending
S01515,V0086,ESN861370,2025-09-29,Engine Diagnostics,Preventive,P0420,Engine overheating,TECH291,FleetCare Kochi,Brake Pads,4985,8767,13752,6.6,2026-03-28,No,Completed
S01516,V0311,ESN134988,2025-04-30,Routine Service,Preventive,P0000,Battery degradation,TECH705,FleetCare Kochi,Spark Plug,5924,10645,16569,5.2,2025-10-27,No,Pending
S01517,V0098,ESN579867,2025-08-27,Cooling System,Corrective,P0012,Low oil pressure,TECH500,AutoMind Central,Oil Filter,2154,15956,18110,8.4,2026-02-23,No,Completed
S01518,V0451,ESN990213,2025-08-25,Oil Change,Preventive,P0000,Routine inspection,TECH378,Kerala Truck Service,Oil Filter,3366,5245,8611,10.1,2026-02-21,No,Pending
S01519,V0379,ESN760820,2025-05-16,Brake Service,Preventive,P0300,Brake wear,TECH390,Prime Motors,Oil Filter,4806,2984,7790,6.4,2025-11-12,Yes,Pending
S01520,V0377,ESN349368,2025-02-15,Cooling System,Preventive,P0171,Low oil pressure,TECH517,FleetCare Kochi,Air Filter,5830,16468,22298,5.2,2025-08-14,Yes,Pending
S01521,V0400,ESN636786,2025-06-15,Brake Service,Preventive,P0420,Battery degradation,TECH224,AutoMind Central,Oil Filter,5831,13911,19742,3.1,2025-12-12,No,Completed
S01522,V0249,ESN224682,2025-05-01,Battery Replacement,Preventive,P0012,Routine inspection,TECH449,Prime Motors,Coolant Hose,1863,13556,15419,10.0,2025-10-28,Yes,Completed
S01523,V0239,ESN282167,2025-07-04,Battery Replacement,Corrective,P0000,Low oil pressure,TECH322,Prime Motors,Battery,1486,14507,15993,2.9,2025-12-31,No,Completed
S01524,V0085,ESN173743,2025-06-20,Routine Service,Corrective,P0000,Brake wear,TECH638,Prime Motors,Battery,5207,15260,20467,4.8,2025-12-17,No,Pending
S01525,V0042,ESN229085,2025-02-10,Routine Service,Emergency,P0420,Engine overheating,TECH436,FleetCare Kochi,Oil Filter,5023,19729,24752,5.8,2025-08-09,Yes,Completed
S01526,V0440,ESN340322,2025-06-13,Oil Change,Corrective,P0300,Low oil pressure,TECH707,Kerala Truck Service,Air Filter,5248,19327,24575,5.1,2025-12-10,No,Pending
S01527,V0230,ESN774384,2025-11-15,Engine Diagnostics,Emergency,P0171,Low oil pressure,TECH337,Kerala Truck Service,Spark Plug,2617,14812,17429,4.4,2026-05-14,No,Completed
S01528,V0252,ESN128464,2025-09-26,Routine Service,Preventive,P0000,Low oil pressure,TECH998,FleetCare Kochi,Coolant Hose,1645,618,2263,2.9,2026-03-25,No,Pending
S01529,V0382,ESN636875,2025-05-19,Routine Service,Emergency,P0420,Battery degradation,TECH922,AutoMind Central,Brake Pads,2737,1173,3910,1.8,2025-11-15,No,Pending
S01530,V0154,ESN765876,2025-02-20,Brake Service,Corrective,P0420,Brake wear,TECH648,Prime Motors,Battery,3478,18625,22103,6.4,2025-08-19,Yes,Pending
S01531,V0299,ESN731700,2025-09-13,Brake Service,Preventive,P0012,Routine inspection,TECH978,AutoMind Central,Battery,1176,13969,15145,6.6,2026-03-12,No,Completed
S01532,V0403,ESN485902,2025-01-20,Routine Service,Preventive,P0012,Battery degradation,TECH339,Prime Motors,Brake Pads,1870,4327,6197,9.1,2025-07-19,Yes,Completed
S01533,V0284,ESN180326,2025-10-01,Battery Replacement,Corrective,P0300,Low oil pressure,TECH631,FleetCare Kochi,Spark Plug,3859,3558,7417,7.4,2026-03-30,No,Completed
S01534,V0491,ESN718873,2025-02-08,Cooling System,Emergency,P0171,Low oil pressure,TECH375,Prime Motors,Air Filter,4249,15214,19463,1.5,2025-08-07,Yes,Completed
S01535,V0264,ESN849881,2025-03-29,Battery Replacement,Corrective,P0012,Battery degradation,TECH479,Kerala Truck Service,Air Filter,1925,5226,7151,5.4,2025-09-25,No,Pending
S01536,V0483,ESN215460,2025-07-09,Oil Change,Emergency,P0300,Engine overheating,TECH788,AutoMind Central,Spark Plug,3829,5158,8987,1.1,2026-01-05,No,Pending
S01537,V0107,ESN941490,2025-12-14,Battery Replacement,Corrective,P0300,Battery degradation,TECH577,FleetCare Kochi,Oil Filter,5942,7615,13557,1.0,2026-06-12,Yes,Completed
S01538,V0231,ESN660217,2025-06-23,Battery Replacement,Emergency,P0300,Low oil pressure,TECH974,Prime Motors,Spark Plug,3835,17330,21165,8.0,2025-12-20,Yes,Completed
S01539,V0343,ESN153405,2025-10-18,Brake Service,Emergency,P0300,Engine overheating,TECH115,FleetCare Kochi,Air Filter,1106,14079,15185,7.0,2026-04-16,Yes,Completed
S01540,V0187,ESN112763,2025-11-16,Engine Diagnostics,Preventive,P0012,Battery degradation,TECH690,AutoMind Central,Spark Plug,2457,929,3386,11.7,2026-05-15,No,Completed
S01541,V0445,ESN850863,2025-01-03,Routine Service,Preventive,P0171,Brake wear,TECH366,FleetCare Kochi,Oil Filter,4609,4213,8822,4.2,2025-07-02,No,Pending
S01542,V0326,ESN250286,2025-03-20,Cooling System,Corrective,P0300,Low oil pressure,TECH798,Prime Motors,Brake Pads,5195,9482,14677,5.9,2025-09-16,Yes,Completed
S01543,V0468,ESN851700,2025-10-22,Cooling System,Preventive,P0171,Routine inspection,TECH428,FleetCare Kochi,Battery,1554,14432,15986,11.8,2026-04-20,No,Pending
S01544,V0493,ESN553608,2025-03-03,Oil Change,Emergency,P0000,Low oil pressure,TECH325,AutoMind Central,Oil Filter,3042,9190,12232,4.8,2025-08-30,No,Completed
S01545,V0230,ESN560539,2025-02-06,Oil Change,Corrective,P0420,Routine inspection,TECH263,FleetCare Kochi,Air Filter,4380,15011,19391,6.2,2025-08-05,Yes,Completed
S01546,V0044,ESN955646,2025-11-16,Brake Service,Corrective,P0171,Routine inspection,TECH249,AutoMind Central,Coolant Hose,5443,13046,18489,9.3,2026-05-15,Yes,Completed
S01547,V0267,ESN512072,2025-06-18,Routine Service,Emergency,P0300,Battery degradation,TECH641,Prime Motors,Spark Plug,3694,11370,15064,3.3,2025-12-15,No,Completed
S01548,V0361,ESN940165,2025-02-25,Engine Diagnostics,Corrective,P0012,Routine inspection,TECH186,Kerala Truck Service,Battery,1120,9999,11119,8.6,2025-08-24,No,Completed
S01549,V0398,ESN374103,2025-12-30,Battery Replacement,Corrective,P0300,Routine inspection,TECH890,AutoMind Central,Coolant Hose,4901,19880,24781,5.8,2026-06-28,Yes,Completed
S01550,V0417,ESN329189,2025-06-23,Brake Service,Emergency,P0000,Engine overheating,TECH299,Prime Motors,Coolant Hose,2749,18021,20770,8.4,2025-12-20,Yes,Completed
S01551,V0408,ESN367136,2025-01-27,Battery Replacement,Emergency,P0300,Engine overheating,TECH576,Prime Motors,Air Filter,2310,16090,18400,3.7,2025-07-26,No,Pending
S01552,V0446,ESN820689,2025-09-01,Engine Diagnostics,Corrective,P0300,Brake wear,TECH251,AutoMind Central,Oil Filter,2355,10265,12620,1.6,2026-02-28,No,Completed
S01553,V0130,ESN495914,2025-12-08,Cooling System,Emergency,P0171,Battery degradation,TECH265,Kerala Truck Service,Battery,2614,3191,5805,12.0,2026-06-06,Yes,Pending
S01554,V0141,ESN725521,2025-03-31,Battery Replacement,Corrective,P0000,Low oil pressure,TECH781,Kerala Truck Service,Battery,2576,14882,17458,1.7,2025-09-27,No,Pending
S01555,V0004,ESN272889,2025-01-24,Brake Service,Emergency,P0000,Low oil pressure,TECH267,Kerala Truck Service,Battery,2450,4818,7268,7.0,2025-07-23,Yes,Pending
S01556,V0123,ESN625563,2025-03-16,Routine Service,Preventive,P0000,Brake wear,TECH981,Kerala Truck Service,Spark Plug,5529,8609,14138,3.5,2025-09-12,No,Pending
S01557,V0258,ESN334360,2025-01-28,Engine Diagnostics,Preventive,P0420,Brake wear,TECH236,FleetCare Kochi,Air Filter,2166,13677,15843,8.3,2025-07-27,No,Completed
S01558,V0081,ESN726196,2025-01-15,Oil Change,Emergency,P0000,Brake wear,TECH455,Prime Motors,Oil Filter,5216,18061,23277,8.8,2025-07-14,No,Pending
S01559,V0103,ESN721126,2025-03-12,Battery Replacement,Preventive,P0000,Routine inspection,TECH170,FleetCare Kochi,Spark Plug,4400,13542,17942,10.3,2025-09-08,No,Completed
S01560,V0216,ESN563366,2025-09-03,Oil Change,Corrective,P0300,Low oil pressure,TECH957,Prime Motors,Brake Pads,5106,13419,18525,11.2,2026-03-02,No,Completed
S01561,V0482,ESN530546,2025-07-24,Routine Service,Corrective,P0300,Battery degradation,TECH918,Prime Motors,Brake Pads,4030,10464,14494,2.3,2026-01-20,Yes,Pending
S01562,V0083,ESN756390,2025-09-03,Routine Service,Corrective,P0300,Brake wear,TECH713,Prime Motors,Air Filter,5660,13356,19016,1.2,2026-03-02,No,Pending
S01563,V0010,ESN968337,2025-09-06,Engine Diagnostics,Corrective,P0012,Engine overheating,TECH911,FleetCare Kochi,Brake Pads,5565,2784,8349,8.3,2026-03-05,Yes,Completed
S01564,V0005,ESN156559,2025-02-03,Brake Service,Corrective,P0420,Brake wear,TECH219,AutoMind Central,Battery,4811,18909,23720,9.3,2025-08-02,Yes,Pending
S01565,V0087,ESN627390,2025-08-03,Brake Service,Corrective,P0420,Battery degradation,TECH790,Prime Motors,Battery,5150,4964,10114,9.2,2026-01-30,No,Pending
S01566,V0372,ESN741771,2025-08-07,Routine Service,Emergency,P0012,Routine inspection,TECH420,Kerala Truck Service,Spark Plug,2049,15892,17941,3.0,2026-02-03,Yes,Completed
S01567,V0034,ESN943149,2025-12-04,Engine Diagnostics,Emergency,P0420,Routine inspection,TECH154,AutoMind Central,Coolant Hose,1984,19138,21122,3.5,2026-06-02,Yes,Completed
S01568,V0382,ESN761209,2025-10-16,Oil Change,Preventive,P0171,Low oil pressure,TECH755,FleetCare Kochi,Air Filter,5024,11190,16214,6.6,2026-04-14,No,Pending
S01569,V0315,ESN718920,2025-01-19,Brake Service,Emergency,P0420,Engine overheating,TECH850,AutoMind Central,Brake Pads,2214,19165,21379,7.6,2025-07-18,No,Pending
S01570,V0085,ESN358162,2025-09-01,Battery Replacement,Corrective,P0171,Engine overheating,TECH368,FleetCare Kochi,Air Filter,5732,9351,15083,3.8,2026-02-28,Yes,Pending
S01571,V0143,ESN104327,2025-12-24,Brake Service,Corrective,P0012,Battery degradation,TECH506,Kerala Truck Service,Spark Plug,4076,1161,5237,1.6,2026-06-22,Yes,Completed
S01572,V0216,ESN182201,2025-03-23,Routine Service,Corrective,P0300,Brake wear,TECH914,FleetCare Kochi,Brake Pads,5419,5691,11110,1.6,2025-09-19,No,Pending
S01573,V0179,ESN634592,2025-12-30,Routine Service,Emergency,P0000,Routine inspection,TECH664,AutoMind Central,Oil Filter,2999,12025,15024,9.5,2026-06-28,Yes,Completed
S01574,V0344,ESN137706,2025-07-05,Battery Replacement,Emergency,P0420,Low oil pressure,TECH910,AutoMind Central,Air Filter,2133,6674,8807,8.7,2026-01-01,Yes,Pending
S01575,V0105,ESN483352,2025-05-27,Cooling System,Corrective,P0171,Brake wear,TECH484,Kerala Truck Service,Brake Pads,4309,8825,13134,6.9,2025-11-23,No,Pending
S01576,V0399,ESN661167,2025-08-17,Cooling System,Emergency,P0300,Low oil pressure,TECH837,Prime Motors,Coolant Hose,1958,4183,6141,6.3,2026-02-13,Yes,Pending
S01577,V0026,ESN733703,2025-01-08,Brake Service,Emergency,P0300,Brake wear,TECH387,AutoMind Central,Coolant Hose,3117,18933,22050,7.8,2025-07-07,No,Completed
S01578,V0047,ESN798709,2025-11-13,Routine Service,Corrective,P0420,Engine overheating,TECH707,AutoMind Central,Coolant Hose,4778,10907,15685,8.9,2026-05-12,No,Completed
S01579,V0019,ESN496779,2025-07-18,Oil Change,Emergency,P0420,Low oil pressure,TECH732,FleetCare Kochi,Battery,1750,17216,18966,10.8,2026-01-14,No,Completed
S01580,V0214,ESN337244,2025-05-18,Cooling System,Corrective,P0000,Brake wear,TECH307,FleetCare Kochi,Coolant Hose,1212,19829,21041,3.1,2025-11-14,Yes,Completed
S01581,V0117,ESN855424,2025-03-15,Engine Diagnostics,Emergency,P0420,Battery degradation,TECH929,Kerala Truck Service,Oil Filter,1755,17401,19156,9.0,2025-09-11,Yes,Pending
S01582,V0345,ESN695262,2025-05-18,Oil Change,Preventive,P0171,Battery degradation,TECH279,FleetCare Kochi,Air Filter,5321,13098,18419,8.8,2025-11-14,No,Pending
S01583,V0279,ESN137710,2025-09-04,Routine Service,Emergency,P0171,Engine overheating,TECH966,Kerala Truck Service,Spark Plug,4716,13892,18608,9.0,2026-03-03,Yes,Pending
S01584,V0112,ESN318376,2025-07-24,Routine Service,Corrective,P0000,Low oil pressure,TECH827,AutoMind Central,Battery,2474,2623,5097,9.5,2026-01-20,No,Completed
S01585,V0445,ESN226733,2025-05-26,Oil Change,Corrective,P0000,Routine inspection,TECH211,AutoMind Central,Air Filter,3544,13669,17213,4.3,2025-11-22,No,Completed
S01586,V0195,ESN320115,2025-04-24,Oil Change,Preventive,P0300,Engine overheating,TECH939,Kerala Truck Service,Brake Pads,1606,15599,17205,4.3,2025-10-21,Yes,Pending
S01587,V0168,ESN525432,2025-09-02,Routine Service,Emergency,P0300,Battery degradation,TECH933,AutoMind Central,Air Filter,874,15308,16182,4.4,2026-03-01,No,Completed
S01588,V0415,ESN767721,2025-08-01,Brake Service,Corrective,P0300,Battery degradation,TECH103,Prime Motors,Brake Pads,4238,5884,10122,1.4,2026-01-28,No,Pending
S01589,V0486,ESN300947,2025-05-06,Brake Service,Emergency,P0300,Routine inspection,TECH373,AutoMind Central,Oil Filter,4397,16920,21317,3.3,2025-11-02,No,Completed
S01590,V0057,ESN245380,2025-09-25,Cooling System,Emergency,P0171,Routine inspection,TECH691,Kerala Truck Service,Spark Plug,3217,6564,9781,8.5,2026-03-24,No,Completed
S01591,V0169,ESN461130,2025-07-05,Routine Service,Emergency,P0420,Battery degradation,TECH807,Prime Motors,Brake Pads,5608,17499,23107,4.8,2026-01-01,No,Pending
S01592,V0386,ESN832357,2025-09-09,Brake Service,Corrective,P0420,Battery degradation,TECH752,AutoMind Central,Oil Filter,2823,15905,18728,11.4,2026-03-08,Yes,Completed
S01593,V0031,ESN589039,2025-06-23,Engine Diagnostics,Corrective,P0300,Low oil pressure,TECH262,AutoMind Central,Coolant Hose,1970,4477,6447,3.6,2025-12-20,Yes,Pending
S01594,V0333,ESN981306,2025-08-29,Engine Diagnostics,Corrective,P0420,Engine overheating,TECH660,Prime Motors,Spark Plug,5372,19504,24876,6.6,2026-02-25,Yes,Completed
S01595,V0312,ESN305475,2025-11-26,Cooling System,Preventive,P0171,Brake wear,TECH730,FleetCare Kochi,Battery,4789,7204,11993,10.8,2026-05-25,Yes,Pending
S01596,V0296,ESN992293,2025-01-07,Brake Service,Emergency,P0012,Brake wear,TECH343,FleetCare Kochi,Air Filter,4408,9568,13976,1.2,2025-07-06,No,Pending
S01597,V0074,ESN763836,2025-08-27,Engine Diagnostics,Corrective,P0300,Engine overheating,TECH464,Prime Motors,Battery,5005,17139,22144,5.7,2026-02-23,No,Completed
S01598,V0411,ESN323590,2025-12-27,Cooling System,Preventive,P0300,Battery degradation,TECH396,Prime Motors,Spark Plug,4331,18177,22508,10.8,2026-06-25,No,Completed
S01599,V0466,ESN440433,2025-01-25,Cooling System,Corrective,P0420,Battery degradation,TECH952,AutoMind Central,Air Filter,2970,15495,18465,7.0,2025-07-24,No,Completed
S01600,V0484,ESN559267,2025-04-02,Routine Service,Emergency,P0012,Routine inspection,TECH618,Prime Motors,Battery,1635,8481,10116,1.6,2025-09-29,Yes,Pending
S01601,V0324,ESN367700,2025-07-18,Brake Service,Emergency,P0000,Brake wear,TECH552,AutoMind Central,Oil Filter,4315,5858,10173,11.2,2026-01-14,Yes,Completed
S01602,V0471,ESN143086,2025-07-18,Engine Diagnostics,Corrective,P0300,Battery degradation,TECH424,Prime Motors,Coolant Hose,5270,628,5898,5.2,2026-01-14,Yes,Pending
S01603,V0395,ESN839528,2025-09-07,Battery Replacement,Corrective,P0000,Routine inspection,TECH837,Kerala Truck Service,Brake Pads,3105,3783,6888,6.4,2026-03-06,Yes,Pending
S01604,V0374,ESN302449,2025-02-07,Battery Replacement,Emergency,P0300,Brake wear,TECH538,AutoMind Central,Coolant Hose,2364,4669,7033,4.4,2025-08-06,No,Pending
S01605,V0140,ESN123473,2025-01-20,Cooling System,Corrective,P0420,Engine overheating,TECH474,AutoMind Central,Spark Plug,1468,18342,19810,6.8,2025-07-19,No,Pending
S01606,V0127,ESN493180,2025-11-14,Cooling System,Corrective,P0420,Battery degradation,TECH789,Prime Motors,Brake Pads,5591,4574,10165,3.3,2026-05-13,No,Completed
S01607,V0230,ESN451512,2025-04-16,Engine Diagnostics,Preventive,P0012,Battery degradation,TECH933,Prime Motors,Battery,4478,18101,22579,5.0,2025-10-13,No,Pending
S01608,V0385,ESN953631,2025-01-21,Engine Diagnostics,Corrective,P0012,Brake wear,TECH237,AutoMind Central,Brake Pads,3933,18389,22322,11.6,2025-07-20,No,Completed
S01609,V0292,ESN438941,2025-06-29,Cooling System,Emergency,P0000,Routine inspection,TECH844,Kerala Truck Service,Oil Filter,1013,4358,5371,11.4,2025-12-26,Yes,Pending
S01610,V0246,ESN789325,2025-07-07,Battery Replacement,Preventive,P0420,Routine inspection,TECH775,FleetCare Kochi,Air Filter,4514,15442,19956,9.2,2026-01-03,No,Pending
S01611,V0217,ESN596382,2025-05-24,Oil Change,Corrective,P0000,Brake wear,TECH334,FleetCare Kochi,Coolant Hose,4881,19753,24634,1.4,2025-11-20,Yes,Completed
S01612,V0293,ESN389840,2025-12-11,Oil Change,Corrective,P0012,Low oil pressure,TECH237,Prime Motors,Oil Filter,3923,16395,20318,7.8,2026-06-09,Yes,Pending
S01613,V0191,ESN983632,2025-11-22,Battery Replacement,Preventive,P0000,Brake wear,TECH286,AutoMind Central,Brake Pads,4854,18904,23758,4.2,2026-05-21,Yes,Pending
S01614,V0094,ESN347706,2025-12-22,Cooling System,Corrective,P0171,Brake wear,TECH760,Kerala Truck Service,Spark Plug,3244,7153,10397,9.5,2026-06-20,No,Completed
S01615,V0201,ESN202813,2025-08-05,Cooling System,Preventive,P0012,Low oil pressure,TECH440,AutoMind Central,Oil Filter,5078,5926,11004,4.7,2026-02-01,Yes,Completed
S01616,V0114,ESN554678,2025-10-01,Cooling System,Corrective,P0012,Engine overheating,TECH716,FleetCare Kochi,Air Filter,3243,9334,12577,5.0,2026-03-30,No,Pending
S01617,V0186,ESN246764,2025-03-29,Oil Change,Emergency,P0171,Low oil pressure,TECH977,Prime Motors,Spark Plug,5497,3889,9386,11.9,2025-09-25,Yes,Pending
S01618,V0444,ESN779586,2025-06-14,Engine Diagnostics,Preventive,P0171,Low oil pressure,TECH268,Kerala Truck Service,Brake Pads,1682,12345,14027,6.5,2025-12-11,No,Pending
S01619,V0223,ESN189601,2025-05-13,Battery Replacement,Preventive,P0300,Routine inspection,TECH496,Kerala Truck Service,Oil Filter,1518,12867,14385,6.5,2025-11-09,Yes,Pending
S01620,V0248,ESN615685,2025-01-13,Brake Service,Corrective,P0420,Engine overheating,TECH592,AutoMind Central,Spark Plug,3923,3742,7665,5.7,2025-07-12,Yes,Pending
S01621,V0318,ESN185908,2025-11-12,Battery Replacement,Preventive,P0000,Engine overheating,TECH312,FleetCare Kochi,Coolant Hose,3700,10907,14607,1.2,2026-05-11,No,Pending
S01622,V0225,ESN927452,2025-02-18,Oil Change,Emergency,P0300,Engine overheating,TECH811,Kerala Truck Service,Air Filter,3766,10599,14365,8.7,2025-08-17,No,Pending
S01623,V0210,ESN919431,2025-10-24,Cooling System,Preventive,P0420,Battery degradation,TECH712,Prime Motors,Oil Filter,3338,9321,12659,10.1,2026-04-22,No,Completed
S01624,V0226,ESN346791,2025-04-26,Brake Service,Corrective,P0420,Engine overheating,TECH471,Prime Motors,Coolant Hose,3010,531,3541,4.9,2025-10-23,Yes,Completed
S01625,V0147,ESN941866,2025-02-21,Engine Diagnostics,Corrective,P0171,Routine inspection,TECH945,AutoMind Central,Battery,2444,507,2951,5.6,2025-08-20,No,Pending
S01626,V0253,ESN248189,2025-05-14,Routine Service,Emergency,P0171,Engine overheating,TECH908,FleetCare Kochi,Oil Filter,947,2240,3187,1.0,2025-11-10,Yes,Pending
S01627,V0321,ESN599667,2025-09-30,Oil Change,Emergency,P0171,Routine inspection,TECH837,FleetCare Kochi,Brake Pads,1617,5041,6658,7.1,2026-03-29,No,Completed
S01628,V0473,ESN559618,2025-09-25,Oil Change,Preventive,P0012,Routine inspection,TECH518,Prime Motors,Oil Filter,3173,17433,20606,6.1,2026-03-24,No,Completed
S01629,V0063,ESN462282,2025-10-24,Cooling System,Preventive,P0300,Low oil pressure,TECH635,FleetCare Kochi,Brake Pads,2185,13703,15888,3.5,2026-04-22,No,Pending
S01630,V0446,ESN766425,2025-11-21,Brake Service,Emergency,P0012,Routine inspection,TECH961,Kerala Truck Service,Oil Filter,4020,2556,6576,9.0,2026-05-20,No,Completed
S01631,V0403,ESN484019,2025-07-31,Oil Change,Corrective,P0012,Engine overheating,TECH478,FleetCare Kochi,Spark Plug,4166,6654,10820,4.4,2026-01-27,Yes,Pending
S01632,V0018,ESN813432,2025-07-14,Routine Service,Emergency,P0012,Brake wear,TECH483,AutoMind Central,Spark Plug,4177,10491,14668,7.0,2026-01-10,Yes,Pending
S01633,V0293,ESN535204,2025-02-06,Brake Service,Emergency,P0420,Routine inspection,TECH586,Kerala Truck Service,Air Filter,1740,10170,11910,4.1,2025-08-05,Yes,Pending
S01634,V0107,ESN350168,2025-07-21,Routine Service,Corrective,P0000,Engine overheating,TECH920,AutoMind Central,Brake Pads,3076,8165,11241,7.4,2026-01-17,No,Completed
S01635,V0350,ESN941044,2025-02-15,Oil Change,Preventive,P0012,Routine inspection,TECH216,AutoMind Central,Battery,4538,4408,8946,9.9,2025-08-14,Yes,Completed
S01636,V0128,ESN654692,2025-09-17,Engine Diagnostics,Emergency,P0012,Low oil pressure,TECH356,FleetCare Kochi,Battery,5372,15584,20956,2.5,2026-03-16,Yes,Completed
S01637,V0213,ESN197855,2025-01-16,Engine Diagnostics,Preventive,P0012,Battery degradation,TECH783,Prime Motors,Coolant Hose,4328,8265,12593,3.8,2025-07-15,No,Pending
S01638,V0393,ESN240821,2025-01-29,Cooling System,Preventive,P0012,Low oil pressure,TECH762,Kerala Truck Service,Air Filter,1190,13497,14687,7.3,2025-07-28,Yes,Completed
S01639,V0241,ESN641553,2025-04-19,Battery Replacement,Preventive,P0171,Engine overheating,TECH427,FleetCare Kochi,Brake Pads,3979,10347,14326,11.0,2025-10-16,No,Completed
S01640,V0464,ESN779696,2025-10-09,Engine Diagnostics,Preventive,P0420,Battery degradation,TECH206,FleetCare Kochi,Air Filter,2492,14216,16708,3.4,2026-04-07,No,Completed
S01641,V0316,ESN767356,2025-09-14,Routine Service,Corrective,P0420,Low oil pressure,TECH233,FleetCare Kochi,Spark Plug,4276,19829,24105,5.1,2026-03-13,Yes,Pending
S01642,V0467,ESN114245,2025-07-19,Engine Diagnostics,Preventive,P0000,Brake wear,TECH132,Kerala Truck Service,Coolant Hose,1592,1000,2592,3.3,2026-01-15,Yes,Completed
S01643,V0185,ESN275268,2025-08-15,Oil Change,Preventive,P0012,Battery degradation,TECH317,AutoMind Central,Spark Plug,1022,7781,8803,4.8,2026-02-11,Yes,Pending
S01644,V0225,ESN624040,2025-05-04,Battery Replacement,Corrective,P0000,Low oil pressure,TECH999,Kerala Truck Service,Brake Pads,1491,15194,16685,9.0,2025-10-31,No,Completed
S01645,V0092,ESN226240,2025-09-20,Engine Diagnostics,Emergency,P0000,Brake wear,TECH507,Prime Motors,Spark Plug,1729,2032,3761,7.0,2026-03-19,Yes,Pending
S01646,V0093,ESN981021,2025-06-12,Cooling System,Preventive,P0420,Brake wear,TECH975,FleetCare Kochi,Oil Filter,5276,5167,10443,2.5,2025-12-09,Yes,Completed
S01647,V0490,ESN299423,2025-08-17,Brake Service,Emergency,P0012,Routine inspection,TECH873,Kerala Truck Service,Coolant Hose,3594,12946,16540,5.1,2026-02-13,No,Completed
S01648,V0102,ESN418318,2025-10-19,Routine Service,Corrective,P0171,Routine inspection,TECH287,FleetCare Kochi,Coolant Hose,3919,14725,18644,6.0,2026-04-17,Yes,Completed
S01649,V0157,ESN303863,2025-05-03,Cooling System,Preventive,P0420,Routine inspection,TECH751,FleetCare Kochi,Spark Plug,4653,9081,13734,11.3,2025-10-30,No,Completed
S01650,V0432,ESN878763,2025-06-13,Cooling System,Emergency,P0000,Routine inspection,TECH591,Prime Motors,Spark Plug,3549,5148,8697,5.5,2025-12-10,No,Pending
S01651,V0359,ESN687154,2025-11-02,Battery Replacement,Corrective,P0171,Engine overheating,TECH183,AutoMind Central,Brake Pads,3404,6862,10266,11.4,2026-05-01,No,Pending
S01652,V0437,ESN892498,2025-07-22,Cooling System,Corrective,P0171,Engine overheating,TECH510,AutoMind Central,Coolant Hose,1146,7282,8428,7.2,2026-01-18,No,Pending
S01653,V0172,ESN838298,2025-05-23,Brake Service,Emergency,P0012,Low oil pressure,TECH702,Kerala Truck Service,Spark Plug,2122,8606,10728,4.9,2025-11-19,No,Pending
S01654,V0028,ESN958787,2025-03-26,Oil Change,Preventive,P0000,Routine inspection,TECH859,Prime Motors,Spark Plug,5433,6424,11857,2.5,2025-09-22,Yes,Completed
S01655,V0447,ESN125970,2025-09-03,Routine Service,Corrective,P0012,Battery degradation,TECH471,Kerala Truck Service,Brake Pads,4037,15632,19669,4.6,2026-03-02,No,Completed
S01656,V0203,ESN927255,2025-07-12,Oil Change,Preventive,P0300,Low oil pressure,TECH629,Kerala Truck Service,Brake Pads,5869,13583,19452,1.3,2026-01-08,No,Completed
S01657,V0241,ESN249330,2025-10-22,Routine Service,Preventive,P0420,Battery degradation,TECH588,Prime Motors,Spark Plug,5621,14088,19709,11.9,2026-04-20,No,Completed
S01658,V0483,ESN619128,2025-10-01,Cooling System,Preventive,P0171,Routine inspection,TECH786,Kerala Truck Service,Coolant Hose,5936,17507,23443,8.7,2026-03-30,No,Completed
S01659,V0054,ESN402250,2025-11-23,Routine Service,Preventive,P0171,Engine overheating,TECH739,FleetCare Kochi,Oil Filter,1019,3909,4928,9.0,2026-05-22,No,Completed
S01660,V0381,ESN544727,2025-01-18,Battery Replacement,Preventive,P0300,Battery degradation,TECH844,FleetCare Kochi,Brake Pads,4616,10649,15265,8.5,2025-07-17,Yes,Completed
S01661,V0063,ESN966873,2025-07-23,Engine Diagnostics,Preventive,P0012,Brake wear,TECH241,Kerala Truck Service,Coolant Hose,2279,1612,3891,3.5,2026-01-19,No,Pending
S01662,V0119,ESN518476,2025-07-18,Cooling System,Preventive,P0171,Battery degradation,TECH177,AutoMind Central,Coolant Hose,2055,19219,21274,5.5,2026-01-14,No,Pending
S01663,V0472,ESN205126,2025-06-26,Brake Service,Preventive,P0171,Low oil pressure,TECH909,AutoMind Central,Coolant Hose,5233,18508,23741,10.5,2025-12-23,No,Pending
S01664,V0312,ESN324714,2025-01-21,Cooling System,Preventive,P0420,Brake wear,TECH695,AutoMind Central,Brake Pads,3226,9505,12731,7.9,2025-07-20,Yes,Completed
S01665,V0496,ESN837222,2025-01-19,Oil Change,Emergency,P0420,Brake wear,TECH260,AutoMind Central,Brake Pads,4789,4466,9255,4.1,2025-07-18,Yes,Pending
S01666,V0072,ESN380088,2025-11-06,Oil Change,Corrective,P0300,Brake wear,TECH812,FleetCare Kochi,Oil Filter,5231,13561,18792,7.4,2026-05-05,No,Pending
S01667,V0459,ESN454181,2025-08-14,Routine Service,Corrective,P0000,Low oil pressure,TECH799,Prime Motors,Coolant Hose,4587,10912,15499,8.4,2026-02-10,Yes,Completed
S01668,V0177,ESN613602,2025-03-16,Cooling System,Corrective,P0171,Brake wear,TECH288,Kerala Truck Service,Oil Filter,2756,7798,10554,3.2,2025-09-12,No,Pending
S01669,V0442,ESN774500,2025-07-16,Battery Replacement,Corrective,P0420,Battery degradation,TECH138,Kerala Truck Service,Oil Filter,2029,5883,7912,9.4,2026-01-12,Yes,Pending
S01670,V0456,ESN130388,2025-12-29,Cooling System,Emergency,P0000,Low oil pressure,TECH963,FleetCare Kochi,Air Filter,3119,10444,13563,5.3,2026-06-27,Yes,Pending
S01671,V0363,ESN412522,2025-05-30,Engine Diagnostics,Emergency,P0300,Brake wear,TECH823,Kerala Truck Service,Battery,3155,10778,13933,4.8,2025-11-26,No,Pending
S01672,V0425,ESN585660,2025-11-22,Routine Service,Corrective,P0012,Brake wear,TECH827,Prime Motors,Spark Plug,4768,10029,14797,6.2,2026-05-21,No,Pending
S01673,V0426,ESN767335,2025-08-09,Brake Service,Emergency,P0420,Low oil pressure,TECH801,Prime Motors,Air Filter,4312,10061,14373,8.6,2026-02-05,Yes,Pending
S01674,V0404,ESN113292,2025-04-26,Routine Service,Preventive,P0012,Engine overheating,TECH548,FleetCare Kochi,Battery,2953,5787,8740,1.3,2025-10-23,No,Pending
S01675,V0157,ESN960369,2025-11-29,Routine Service,Emergency,P0300,Battery degradation,TECH645,Prime Motors,Air Filter,4280,14289,18569,11.0,2026-05-28,No,Completed
S01676,V0330,ESN410816,2025-12-23,Oil Change,Emergency,P0420,Low oil pressure,TECH702,Kerala Truck Service,Coolant Hose,5666,11698,17364,6.7,2026-06-21,No,Completed
S01677,V0272,ESN874165,2025-01-07,Cooling System,Corrective,P0300,Battery degradation,TECH117,AutoMind Central,Brake Pads,870,3095,3965,7.1,2025-07-06,No,Completed
S01678,V0422,ESN791507,2025-11-10,Cooling System,Emergency,P0012,Battery degradation,TECH261,Prime Motors,Battery,5380,18099,23479,10.7,2026-05-09,No,Completed
S01679,V0155,ESN100442,2025-08-27,Engine Diagnostics,Emergency,P0171,Routine inspection,TECH764,FleetCare Kochi,Spark Plug,2950,4543,7493,7.8,2026-02-23,No,Pending
S01680,V0388,ESN330029,2025-09-14,Routine Service,Preventive,P0171,Low oil pressure,TECH652,AutoMind Central,Battery,1071,2198,3269,9.8,2026-03-13,Yes,Pending
S01681,V0073,ESN129030,2025-06-05,Routine Service,Corrective,P0000,Brake wear,TECH132,FleetCare Kochi,Coolant Hose,3285,10666,13951,9.1,2025-12-02,No,Completed
S01682,V0363,ESN538937,2025-11-21,Cooling System,Emergency,P0012,Low oil pressure,TECH677,Prime Motors,Oil Filter,1239,966,2205,11.9,2026-05-20,No,Completed
S01683,V0207,ESN953604,2025-10-05,Routine Service,Corrective,P0000,Low oil pressure,TECH845,Kerala Truck Service,Coolant Hose,3059,9798,12857,3.9,2026-04-03,No,Pending
S01684,V0153,ESN526489,2025-12-24,Cooling System,Corrective,P0012,Engine overheating,TECH622,Prime Motors,Battery,3325,8459,11784,10.0,2026-06-22,Yes,Completed
S01685,V0444,ESN731376,2025-05-23,Battery Replacement,Emergency,P0420,Low oil pressure,TECH361,Kerala Truck Service,Coolant Hose,4244,15621,19865,3.2,2025-11-19,Yes,Pending
S01686,V0054,ESN504970,2025-02-25,Routine Service,Emergency,P0000,Brake wear,TECH682,Kerala Truck Service,Oil Filter,5740,4651,10391,2.3,2025-08-24,Yes,Pending
S01687,V0175,ESN257930,2025-05-27,Engine Diagnostics,Corrective,P0171,Battery degradation,TECH246,AutoMind Central,Oil Filter,3526,6799,10325,10.7,2025-11-23,No,Completed
S01688,V0418,ESN466696,2025-04-06,Engine Diagnostics,Corrective,P0000,Battery degradation,TECH165,Prime Motors,Brake Pads,5151,5079,10230,6.9,2025-10-03,Yes,Pending
S01689,V0015,ESN504438,2025-08-26,Routine Service,Preventive,P0420,Brake wear,TECH207,FleetCare Kochi,Brake Pads,3523,17440,20963,5.4,2026-02-22,No,Pending
S01690,V0367,ESN258082,2025-09-05,Brake Service,Corrective,P0300,Routine inspection,TECH847,Kerala Truck Service,Spark Plug,3068,5985,9053,7.2,2026-03-04,No,Pending
S01691,V0397,ESN368625,2025-08-01,Cooling System,Corrective,P0012,Battery degradation,TECH889,FleetCare Kochi,Brake Pads,5189,2611,7800,7.3,2026-01-28,Yes,Completed
S01692,V0402,ESN815789,2025-08-27,Brake Service,Corrective,P0171,Brake wear,TECH286,Kerala Truck Service,Spark Plug,1671,8853,10524,3.1,2026-02-23,No,Pending
S01693,V0472,ESN264000,2025-01-17,Engine Diagnostics,Corrective,P0300,Battery degradation,TECH218,FleetCare Kochi,Spark Plug,2747,5059,7806,5.7,2025-07-16,No,Pending
S01694,V0129,ESN266445,2025-01-20,Battery Replacement,Preventive,P0171,Battery degradation,TECH524,Kerala Truck Service,Brake Pads,2815,1063,3878,3.4,2025-07-19,No,Completed
S01695,V0173,ESN763512,2025-10-26,Brake Service,Emergency,P0300,Battery degradation,TECH848,Prime Motors,Battery,1886,12569,14455,11.2,2026-04-24,No,Completed
S01696,V0139,ESN833118,2025-03-27,Oil Change,Preventive,P0300,Routine inspection,TECH437,Prime Motors,Brake Pads,2290,1807,4097,9.2,2025-09-23,Yes,Pending
S01697,V0013,ESN989448,2025-05-10,Battery Replacement,Preventive,P0171,Battery degradation,TECH208,AutoMind Central,Spark Plug,4649,12560,17209,5.7,2025-11-06,Yes,Pending
S01698,V0388,ESN822969,2025-03-17,Engine Diagnostics,Preventive,P0300,Engine overheating,TECH959,AutoMind Central,Brake Pads,2941,8010,10951,2.6,2025-09-13,No,Pending
S01699,V0073,ESN802286,2025-01-09,Engine Diagnostics,Preventive,P0300,Brake wear,TECH285,FleetCare Kochi,Oil Filter,2512,10718,13230,8.0,2025-07-08,Yes,Pending
S01700,V0099,ESN425624,2025-05-24,Engine Diagnostics,Preventive,P0000,Battery degradation,TECH384,Kerala Truck Service,Air Filter,2318,11765,14083,1.4,2025-11-20,Yes,Pending
S01701,V0065,ESN490999,2025-06-12,Routine Service,Corrective,P0000,Battery degradation,TECH612,AutoMind Central,Air Filter,2579,796,3375,2.9,2025-12-09,No,Completed
S01702,V0227,ESN452909,2025-04-25,Engine Diagnostics,Corrective,P0420,Routine inspection,TECH809,AutoMind Central,Battery,4776,16464,21240,2.1,2025-10-22,No,Pending
S01703,V0044,ESN631864,2025-09-07,Brake Service,Corrective,P0300,Engine overheating,TECH498,FleetCare Kochi,Coolant Hose,1792,8080,9872,9.3,2026-03-06,Yes,Pending
S01704,V0013,ESN492099,2025-05-07,Oil Change,Corrective,P0000,Routine inspection,TECH328,Prime Motors,Spark Plug,2003,15559,17562,7.3,2025-11-03,No,Completed
S01705,V0256,ESN944948,2025-03-27,Engine Diagnostics,Preventive,P0012,Routine inspection,TECH769,FleetCare Kochi,Battery,1078,861,1939,4.3,2025-09-23,No,Pending
S01706,V0192,ESN713026,2025-01-06,Cooling System,Corrective,P0000,Brake wear,TECH560,FleetCare Kochi,Air Filter,3951,5318,9269,9.1,2025-07-05,Yes,Pending
S01707,V0033,ESN356062,2025-07-22,Brake Service,Emergency,P0012,Routine inspection,TECH426,FleetCare Kochi,Air Filter,2955,18007,20962,10.5,2026-01-18,No,Completed
S01708,V0150,ESN312211,2025-04-23,Engine Diagnostics,Corrective,P0000,Low oil pressure,TECH119,Kerala Truck Service,Spark Plug,4576,13171,17747,1.6,2025-10-20,Yes,Pending
S01709,V0080,ESN583623,2025-01-13,Battery Replacement,Emergency,P0300,Brake wear,TECH496,Prime Motors,Air Filter,5138,11178,16316,4.1,2025-07-12,Yes,Completed
S01710,V0204,ESN176562,2025-04-30,Routine Service,Corrective,P0420,Low oil pressure,TECH488,FleetCare Kochi,Air Filter,3175,4318,7493,7.8,2025-10-27,Yes,Pending
S01711,V0085,ESN794211,2025-09-22,Oil Change,Emergency,P0012,Engine overheating,TECH995,Kerala Truck Service,Battery,2731,9457,12188,3.6,2026-03-21,Yes,Completed
S01712,V0147,ESN224161,2025-07-26,Oil Change,Emergency,P0012,Battery degradation,TECH812,Kerala Truck Service,Brake Pads,4862,724,5586,3.4,2026-01-22,No,Completed
S01713,V0022,ESN687018,2025-05-07,Engine Diagnostics,Corrective,P0171,Routine inspection,TECH575,Kerala Truck Service,Brake Pads,3228,14437,17665,3.0,2025-11-03,Yes,Completed
S01714,V0143,ESN714073,2025-01-01,Routine Service,Preventive,P0300,Low oil pressure,TECH536,AutoMind Central,Battery,3244,12638,15882,11.3,2025-06-30,Yes,Pending
S01715,V0001,ESN505089,2025-06-15,Brake Service,Corrective,P0300,Battery degradation,TECH630,AutoMind Central,Battery,4793,7424,12217,3.5,2025-12-12,Yes,Pending
S01716,V0148,ESN181445,2025-09-27,Routine Service,Corrective,P0171,Battery degradation,TECH130,Kerala Truck Service,Brake Pads,2673,1856,4529,5.5,2026-03-26,No,Completed
S01717,V0487,ESN884134,2025-01-24,Oil Change,Preventive,P0012,Routine inspection,TECH667,FleetCare Kochi,Coolant Hose,5100,3690,8790,7.5,2025-07-23,No,Completed
S01718,V0495,ESN377262,2025-10-19,Oil Change,Preventive,P0420,Engine overheating,TECH403,FleetCare Kochi,Coolant Hose,4488,15777,20265,6.6,2026-04-17,No,Pending
S01719,V0043,ESN276913,2025-01-18,Engine Diagnostics,Preventive,P0171,Routine inspection,TECH686,FleetCare Kochi,Air Filter,4656,3442,8098,9.0,2025-07-17,No,Pending
S01720,V0089,ESN851303,2025-11-30,Oil Change,Preventive,P0300,Brake wear,TECH268,Prime Motors,Brake Pads,5772,15080,20852,6.3,2026-05-29,No,Pending
S01721,V0031,ESN724061,2025-03-29,Battery Replacement,Corrective,P0012,Battery degradation,TECH424,Prime Motors,Coolant Hose,4747,6847,11594,9.8,2025-09-25,Yes,Pending
S01722,V0379,ESN852713,2025-12-26,Cooling System,Preventive,P0300,Brake wear,TECH459,Prime Motors,Battery,1723,761,2484,1.5,2026-06-24,No,Pending
S01723,V0457,ESN671528,2025-06-18,Cooling System,Corrective,P0000,Engine overheating,TECH601,AutoMind Central,Air Filter,3429,4069,7498,11.2,2025-12-15,No,Pending
S01724,V0200,ESN664129,2025-03-24,Engine Diagnostics,Emergency,P0012,Brake wear,TECH720,Kerala Truck Service,Coolant Hose,3575,17850,21425,1.4,2025-09-20,Yes,Completed
S01725,V0225,ESN709886,2025-08-03,Engine Diagnostics,Corrective,P0171,Brake wear,TECH311,Prime Motors,Brake Pads,2737,11804,14541,6.9,2026-01-30,Yes,Pending
S01726,V0469,ESN116769,2025-11-02,Cooling System,Emergency,P0171,Brake wear,TECH352,Kerala Truck Service,Brake Pads,5543,7333,12876,7.5,2026-05-01,Yes,Completed
S01727,V0169,ESN893780,2025-08-03,Routine Service,Corrective,P0300,Engine overheating,TECH328,AutoMind Central,Battery,2168,2702,4870,9.4,2026-01-30,No,Completed
S01728,V0472,ESN737430,2025-07-24,Battery Replacement,Emergency,P0012,Brake wear,TECH917,FleetCare Kochi,Battery,4085,5903,9988,4.4,2026-01-20,Yes,Completed
S01729,V0304,ESN127178,2025-04-26,Brake Service,Emergency,P0171,Routine inspection,TECH407,Prime Motors,Battery,2783,11151,13934,7.5,2025-10-23,Yes,Completed
S01730,V0495,ESN923637,2025-01-08,Battery Replacement,Corrective,P0300,Battery degradation,TECH465,Kerala Truck Service,Brake Pads,4324,11684,16008,2.7,2025-07-07,Yes,Completed
S01731,V0259,ESN454350,2025-03-25,Brake Service,Corrective,P0300,Battery degradation,TECH679,Prime Motors,Coolant Hose,1938,5496,7434,4.0,2025-09-21,No,Pending
S01732,V0392,ESN330046,2025-06-01,Routine Service,Preventive,P0300,Engine overheating,TECH558,Prime Motors,Spark Plug,4512,15228,19740,2.2,2025-11-28,No,Pending
S01733,V0076,ESN170024,2025-05-11,Oil Change,Preventive,P0000,Brake wear,TECH159,Prime Motors,Air Filter,3735,7988,11723,3.6,2025-11-07,Yes,Completed
S01734,V0340,ESN163373,2025-02-11,Battery Replacement,Corrective,P0300,Battery degradation,TECH936,FleetCare Kochi,Battery,1921,10985,12906,5.6,2025-08-10,Yes,Pending
S01735,V0459,ESN647906,2025-06-03,Brake Service,Preventive,P0012,Battery degradation,TECH900,FleetCare Kochi,Spark Plug,2628,6273,8901,11.0,2025-11-30,No,Completed
S01736,V0112,ESN550187,2025-07-18,Engine Diagnostics,Preventive,P0300,Battery degradation,TECH721,FleetCare Kochi,Oil Filter,5911,14199,20110,1.3,2026-01-14,No,Pending
S01737,V0318,ESN579302,2025-07-23,Oil Change,Emergency,P0012,Battery degradation,TECH819,FleetCare Kochi,Air Filter,4809,12313,17122,3.3,2026-01-19,Yes,Pending
S01738,V0234,ESN270608,2025-06-25,Cooling System,Preventive,P0420,Engine overheating,TECH866,Prime Motors,Brake Pads,5806,10758,16564,11.9,2025-12-22,No,Completed
S01739,V0037,ESN512949,2025-05-06,Routine Service,Emergency,P0171,Engine overheating,TECH335,FleetCare Kochi,Coolant Hose,3687,3001,6688,7.2,2025-11-02,Yes,Pending
S01740,V0078,ESN674825,2025-12-31,Oil Change,Emergency,P0420,Routine inspection,TECH625,AutoMind Central,Battery,5537,666,6203,10.1,2026-06-29,Yes,Pending
S01741,V0262,ESN866355,2025-06-04,Battery Replacement,Corrective,P0000,Engine overheating,TECH952,Kerala Truck Service,Brake Pads,887,19852,20739,3.1,2025-12-01,No,Completed
S01742,V0045,ESN999599,2025-05-20,Brake Service,Corrective,P0171,Battery degradation,TECH949,AutoMind Central,Battery,5018,16731,21749,1.2,2025-11-16,No,Completed
S01743,V0082,ESN910408,2025-04-27,Cooling System,Emergency,P0012,Low oil pressure,TECH563,AutoMind Central,Brake Pads,973,4990,5963,9.8,2025-10-24,Yes,Completed
S01744,V0058,ESN753317,2025-01-01,Oil Change,Preventive,P0000,Brake wear,TECH893,FleetCare Kochi,Brake Pads,1248,18240,19488,5.8,2025-06-30,No,Completed
S01745,V0352,ESN664839,2025-02-26,Routine Service,Preventive,P0012,Battery degradation,TECH459,FleetCare Kochi,Coolant Hose,2506,8905,11411,11.2,2025-08-25,No,Completed
S01746,V0436,ESN278858,2025-10-08,Brake Service,Preventive,P0420,Routine inspection,TECH469,FleetCare Kochi,Battery,3163,16974,20137,11.7,2026-04-06,Yes,Pending
S01747,V0168,ESN608168,2025-12-31,Engine Diagnostics,Preventive,P0000,Brake wear,TECH704,FleetCare Kochi,Battery,5037,1512,6549,1.2,2026-06-29,No,Pending
S01748,V0474,ESN509349,2025-09-11,Engine Diagnostics,Preventive,P0171,Brake wear,TECH504,Kerala Truck Service,Oil Filter,863,842,1705,4.6,2026-03-10,No,Pending
S01749,V0012,ESN458565,2025-10-28,Routine Service,Corrective,P0420,Routine inspection,TECH842,FleetCare Kochi,Oil Filter,818,1027,1845,10.7,2026-04-26,No,Completed
S01750,V0398,ESN227992,2025-02-12,Brake Service,Emergency,P0012,Engine overheating,TECH474,Kerala Truck Service,Spark Plug,4702,5378,10080,4.0,2025-08-11,No,Pending
S01751,V0246,ESN758348,2025-10-18,Routine Service,Preventive,P0012,Engine overheating,TECH300,Kerala Truck Service,Oil Filter,1767,3758,5525,1.8,2026-04-16,Yes,Completed
S01752,V0326,ESN650242,2025-05-01,Routine Service,Corrective,P0000,Low oil pressure,TECH116,Kerala Truck Service,Coolant Hose,3536,16924,20460,9.5,2025-10-28,No,Completed
S01753,V0291,ESN497431,2025-09-17,Engine Diagnostics,Preventive,P0012,Engine overheating,TECH305,FleetCare Kochi,Brake Pads,5112,11232,16344,3.2,2026-03-16,Yes,Pending
S01754,V0264,ESN363325,2025-05-16,Cooling System,Corrective,P0000,Brake wear,TECH358,Kerala Truck Service,Brake Pads,4424,8903,13327,6.1,2025-11-12,Yes,Completed
S01755,V0181,ESN626731,2025-12-16,Routine Service,Emergency,P0300,Low oil pressure,TECH425,Prime Motors,Spark Plug,4977,5050,10027,4.0,2026-06-14,Yes,Completed
S01756,V0276,ESN908808,2025-06-18,Battery Replacement,Corrective,P0000,Battery degradation,TECH169,AutoMind Central,Coolant Hose,3465,14640,18105,8.0,2025-12-15,Yes,Completed
S01757,V0022,ESN567602,2025-11-14,Routine Service,Preventive,P0000,Engine overheating,TECH106,Prime Motors,Coolant Hose,4675,19613,24288,2.1,2026-05-13,Yes,Pending
S01758,V0076,ESN202505,2025-11-29,Battery Replacement,Emergency,P0420,Battery degradation,TECH383,Kerala Truck Service,Oil Filter,2097,592,2689,2.7,2026-05-28,No,Pending
S01759,V0123,ESN967601,2025-04-05,Engine Diagnostics,Corrective,P0420,Low oil pressure,TECH748,Prime Motors,Coolant Hose,4594,2478,7072,8.7,2025-10-02,No,Completed
S01760,V0054,ESN708341,2025-12-05,Routine Service,Preventive,P0000,Engine overheating,TECH556,Kerala Truck Service,Brake Pads,4295,12901,17196,4.4,2026-06-03,No,Completed
S01761,V0163,ESN789526,2025-11-23,Brake Service,Preventive,P0012,Low oil pressure,TECH452,FleetCare Kochi,Brake Pads,2775,565,3340,4.0,2026-05-22,No,Pending
S01762,V0185,ESN174138,2025-11-04,Engine Diagnostics,Emergency,P0300,Engine overheating,TECH887,FleetCare Kochi,Spark Plug,1239,18403,19642,8.2,2026-05-03,Yes,Completed
S01763,V0023,ESN581930,2025-10-01,Cooling System,Preventive,P0171,Brake wear,TECH408,AutoMind Central,Coolant Hose,4509,19200,23709,4.9,2026-03-30,No,Pending
S01764,V0262,ESN642749,2025-09-16,Engine Diagnostics,Preventive,P0012,Routine inspection,TECH140,Prime Motors,Coolant Hose,1634,14791,16425,6.2,2026-03-15,Yes,Completed
S01765,V0227,ESN794111,2025-08-26,Battery Replacement,Emergency,P0000,Battery degradation,TECH347,FleetCare Kochi,Brake Pads,2973,14879,17852,10.3,2026-02-22,No,Pending
S01766,V0264,ESN623966,2025-12-23,Battery Replacement,Preventive,P0300,Engine overheating,TECH401,FleetCare Kochi,Brake Pads,2809,4069,6878,4.3,2026-06-21,Yes,Pending
S01767,V0157,ESN694613,2025-07-18,Routine Service,Emergency,P0000,Low oil pressure,TECH380,FleetCare Kochi,Air Filter,1529,19440,20969,11.0,2026-01-14,No,Pending
S01768,V0016,ESN337931,2025-10-11,Routine Service,Preventive,P0300,Engine overheating,TECH174,Prime Motors,Spark Plug,4455,7526,11981,9.7,2026-04-09,No,Pending
S01769,V0217,ESN677777,2025-08-27,Routine Service,Emergency,P0000,Battery degradation,TECH392,FleetCare Kochi,Spark Plug,2671,8965,11636,6.0,2026-02-23,Yes,Completed
S01770,V0070,ESN575012,2025-06-29,Routine Service,Preventive,P0300,Low oil pressure,TECH625,Kerala Truck Service,Brake Pads,1648,7183,8831,1.1,2025-12-26,No,Pending
S01771,V0095,ESN604249,2025-07-28,Engine Diagnostics,Emergency,P0300,Battery degradation,TECH993,FleetCare Kochi,Brake Pads,1811,11193,13004,5.2,2026-01-24,Yes,Pending
S01772,V0005,ESN988462,2025-11-05,Battery Replacement,Corrective,P0171,Brake wear,TECH428,FleetCare Kochi,Brake Pads,3290,4009,7299,10.5,2026-05-04,No,Pending
S01773,V0032,ESN908724,2025-06-16,Brake Service,Preventive,P0420,Low oil pressure,TECH507,Prime Motors,Oil Filter,5076,605,5681,5.1,2025-12-13,Yes,Completed
S01774,V0138,ESN693684,2025-06-07,Routine Service,Corrective,P0012,Engine overheating,TECH207,AutoMind Central,Air Filter,2796,12347,15143,2.0,2025-12-04,Yes,Completed
S01775,V0255,ESN917630,2025-06-14,Brake Service,Preventive,P0420,Engine overheating,TECH420,Prime Motors,Spark Plug,4564,17419,21983,9.1,2025-12-11,No,Pending
S01776,V0154,ESN861206,2025-05-19,Oil Change,Emergency,P0012,Engine overheating,TECH200,AutoMind Central,Coolant Hose,2258,16799,19057,11.0,2025-11-15,No,Completed
S01777,V0014,ESN393829,2025-12-18,Brake Service,Emergency,P0300,Routine inspection,TECH178,AutoMind Central,Oil Filter,5610,19768,25378,1.1,2026-06-16,No,Pending
S01778,V0461,ESN440937,2025-03-05,Routine Service,Corrective,P0171,Routine inspection,TECH376,AutoMind Central,Coolant Hose,5532,16432,21964,3.8,2025-09-01,Yes,Completed
S01779,V0001,ESN313146,2025-03-11,Oil Change,Corrective,P0171,Battery degradation,TECH426,AutoMind Central,Coolant Hose,2676,8723,11399,8.2,2025-09-07,Yes,Pending
S01780,V0473,ESN435638,2025-08-23,Cooling System,Emergency,P0000,Low oil pressure,TECH230,FleetCare Kochi,Air Filter,4006,1043,5049,7.8,2026-02-19,No,Completed
S01781,V0347,ESN463746,2025-12-14,Battery Replacement,Corrective,P0000,Low oil pressure,TECH180,Kerala Truck Service,Brake Pads,4613,10914,15527,5.3,2026-06-12,No,Pending
S01782,V0088,ESN805202,2025-03-22,Engine Diagnostics,Preventive,P0300,Engine overheating,TECH930,AutoMind Central,Battery,2986,9938,12924,4.6,2025-09-18,Yes,Pending
S01783,V0161,ESN778625,2025-11-14,Battery Replacement,Emergency,P0171,Brake wear,TECH874,FleetCare Kochi,Air Filter,3850,13002,16852,8.8,2026-05-13,No,Completed
S01784,V0062,ESN504794,2025-07-23,Battery Replacement,Preventive,P0171,Low oil pressure,TECH174,AutoMind Central,Battery,4104,9884,13988,8.5,2026-01-19,Yes,Completed
S01785,V0346,ESN287974,2025-06-24,Oil Change,Preventive,P0300,Brake wear,TECH629,Prime Motors,Brake Pads,3310,14342,17652,1.9,2025-12-21,No,Completed
S01786,V0018,ESN961652,2025-09-05,Battery Replacement,Corrective,P0420,Routine inspection,TECH241,FleetCare Kochi,Coolant Hose,1346,16543,17889,1.7,2026-03-04,No,Completed
S01787,V0278,ESN724273,2025-07-11,Engine Diagnostics,Emergency,P0000,Battery degradation,TECH153,Prime Motors,Oil Filter,4771,1972,6743,5.0,2026-01-07,No,Completed
S01788,V0337,ESN184943,2025-12-03,Cooling System,Emergency,P0171,Routine inspection,TECH869,FleetCare Kochi,Air Filter,3749,11611,15360,6.6,2026-06-01,No,Pending
S01789,V0190,ESN784456,2025-03-23,Routine Service,Emergency,P0420,Engine overheating,TECH942,AutoMind Central,Oil Filter,3461,3651,7112,6.5,2025-09-19,Yes,Pending
S01790,V0457,ESN539109,2025-01-05,Engine Diagnostics,Emergency,P0171,Engine overheating,TECH391,Prime Motors,Air Filter,1562,19676,21238,4.4,2025-07-04,Yes,Completed
S01791,V0447,ESN498532,2025-05-13,Cooling System,Corrective,P0420,Battery degradation,TECH447,AutoMind Central,Oil Filter,4284,4632,8916,2.3,2025-11-09,No,Completed
S01792,V0170,ESN732573,2025-09-18,Engine Diagnostics,Emergency,P0012,Engine overheating,TECH798,Kerala Truck Service,Oil Filter,4792,1530,6322,9.5,2026-03-17,Yes,Completed
S01793,V0241,ESN830444,2025-03-21,Oil Change,Preventive,P0300,Low oil pressure,TECH633,Kerala Truck Service,Air Filter,5656,7179,12835,4.6,2025-09-17,Yes,Completed
S01794,V0346,ESN614432,2025-04-05,Oil Change,Corrective,P0171,Routine inspection,TECH716,Kerala Truck Service,Coolant Hose,1719,18642,20361,2.3,2025-10-02,Yes,Pending
S01795,V0189,ESN751061,2025-12-29,Engine Diagnostics,Preventive,P0012,Engine overheating,TECH583,FleetCare Kochi,Air Filter,1800,9752,11552,1.8,2026-06-27,Yes,Completed
S01796,V0164,ESN905004,2025-08-16,Cooling System,Corrective,P0000,Routine inspection,TECH776,Kerala Truck Service,Oil Filter,3198,18232,21430,4.8,2026-02-12,Yes,Pending
S01797,V0204,ESN376047,2025-02-25,Cooling System,Corrective,P0300,Low oil pressure,TECH413,AutoMind Central,Air Filter,5463,5733,11196,3.6,2025-08-24,No,Pending
S01798,V0045,ESN340402,2025-11-08,Engine Diagnostics,Preventive,P0420,Routine inspection,TECH154,Kerala Truck Service,Battery,5643,11219,16862,5.6,2026-05-07,No,Completed
S01799,V0152,ESN968880,2025-01-01,Battery Replacement,Corrective,P0420,Brake wear,TECH883,AutoMind Central,Battery,2498,13198,15696,2.0,2025-06-30,No,Pending
S01800,V0009,ESN166847,2025-07-19,Engine Diagnostics,Corrective,P0012,Low oil pressure,TECH854,FleetCare Kochi,Battery,4702,18532,23234,2.8,2026-01-15,No,Pending
S01801,V0402,ESN974254,2025-12-06,Brake Service,Corrective,P0012,Low oil pressure,TECH674,AutoMind Central,Battery,3437,2072,5509,2.1,2026-06-04,No,Pending
S01802,V0196,ESN883944,2025-01-23,Battery Replacement,Corrective,P0420,Brake wear,TECH558,AutoMind Central,Air Filter,2178,6400,8578,2.2,2025-07-22,Yes,Pending
S01803,V0498,ESN598785,2025-05-22,Routine Service,Preventive,P0420,Low oil pressure,TECH800,AutoMind Central,Spark Plug,1474,17874,19348,11.6,2025-11-18,Yes,Completed
S01804,V0393,ESN285130,2025-11-18,Oil Change,Preventive,P0300,Routine inspection,TECH781,Prime Motors,Oil Filter,1135,5170,6305,10.2,2026-05-17,No,Pending
S01805,V0056,ESN966096,2025-06-14,Cooling System,Emergency,P0171,Routine inspection,TECH655,AutoMind Central,Coolant Hose,5833,7127,12960,4.7,2025-12-11,Yes,Pending
S01806,V0030,ESN397904,2025-05-24,Engine Diagnostics,Preventive,P0000,Engine overheating,TECH738,Prime Motors,Oil Filter,4900,11642,16542,4.5,2025-11-20,Yes,Pending
S01807,V0296,ESN424116,2025-03-05,Oil Change,Corrective,P0300,Routine inspection,TECH877,FleetCare Kochi,Battery,1701,6333,8034,1.6,2025-09-01,Yes,Pending
S01808,V0364,ESN707398,2025-06-01,Cooling System,Preventive,P0171,Routine inspection,TECH273,AutoMind Central,Oil Filter,4146,19066,23212,11.3,2025-11-28,No,Pending
S01809,V0004,ESN712933,2025-04-26,Cooling System,Preventive,P0000,Battery degradation,TECH830,Kerala Truck Service,Air Filter,2440,3040,5480,10.9,2025-10-23,Yes,Pending
S01810,V0252,ESN133621,2025-02-04,Brake Service,Emergency,P0171,Low oil pressure,TECH443,AutoMind Central,Oil Filter,4420,11743,16163,1.6,2025-08-03,No,Pending
S01811,V0412,ESN299104,2025-09-09,Oil Change,Emergency,P0171,Low oil pressure,TECH610,Prime Motors,Oil Filter,4468,8769,13237,6.5,2026-03-08,No,Pending
S01812,V0059,ESN467143,2025-12-30,Brake Service,Preventive,P0012,Battery degradation,TECH987,FleetCare Kochi,Oil Filter,1468,10426,11894,2.8,2026-06-28,No,Pending
S01813,V0125,ESN865084,2025-11-22,Battery Replacement,Corrective,P0171,Brake wear,TECH992,Kerala Truck Service,Spark Plug,3820,14587,18407,9.5,2026-05-21,No,Pending
S01814,V0191,ESN939146,2025-06-02,Oil Change,Emergency,P0171,Brake wear,TECH686,Prime Motors,Spark Plug,5681,1292,6973,1.1,2025-11-29,No,Pending
S01815,V0467,ESN842812,2025-08-03,Oil Change,Preventive,P0300,Low oil pressure,TECH822,AutoMind Central,Coolant Hose,4951,18270,23221,2.0,2026-01-30,Yes,Pending
S01816,V0454,ESN765004,2025-10-14,Routine Service,Preventive,P0000,Low oil pressure,TECH939,AutoMind Central,Coolant Hose,5804,17848,23652,6.2,2026-04-12,No,Completed
S01817,V0492,ESN949211,2025-07-18,Routine Service,Corrective,P0012,Low oil pressure,TECH377,FleetCare Kochi,Coolant Hose,941,2953,3894,6.9,2026-01-14,No,Pending
S01818,V0374,ESN510163,2025-03-29,Oil Change,Preventive,P0420,Routine inspection,TECH513,FleetCare Kochi,Oil Filter,5491,10106,15597,11.1,2025-09-25,Yes,Pending
S01819,V0252,ESN147178,2025-01-11,Cooling System,Preventive,P0420,Low oil pressure,TECH164,AutoMind Central,Air Filter,2193,6735,8928,5.0,2025-07-10,No,Completed
S01820,V0475,ESN908454,2025-02-08,Battery Replacement,Preventive,P0171,Battery degradation,TECH905,FleetCare Kochi,Spark Plug,5268,2050,7318,5.6,2025-08-07,Yes,Pending
S01821,V0316,ESN296946,2025-10-27,Engine Diagnostics,Preventive,P0420,Engine overheating,TECH213,AutoMind Central,Spark Plug,3566,10589,14155,6.9,2026-04-25,No,Pending
S01822,V0461,ESN646524,2025-05-09,Routine Service,Emergency,P0000,Low oil pressure,TECH657,FleetCare Kochi,Oil Filter,3592,6722,10314,3.3,2025-11-05,No,Pending
S01823,V0320,ESN870704,2025-09-05,Oil Change,Emergency,P0300,Routine inspection,TECH152,Kerala Truck Service,Air Filter,1158,8294,9452,8.1,2026-03-04,No,Pending
S01824,V0167,ESN982611,2025-04-08,Cooling System,Emergency,P0420,Brake wear,TECH102,FleetCare Kochi,Brake Pads,981,15380,16361,4.1,2025-10-05,No,Pending
S01825,V0444,ESN285840,2025-09-08,Routine Service,Preventive,P0000,Brake wear,TECH998,Kerala Truck Service,Oil Filter,1960,14349,16309,9.7,2026-03-07,No,Completed
S01826,V0323,ESN285368,2025-10-22,Brake Service,Preventive,P0000,Routine inspection,TECH680,AutoMind Central,Brake Pads,2136,14513,16649,2.0,2026-04-20,Yes,Pending
S01827,V0207,ESN221021,2025-11-30,Routine Service,Corrective,P0300,Engine overheating,TECH245,Prime Motors,Oil Filter,4571,6936,11507,5.1,2026-05-29,Yes,Pending
S01828,V0306,ESN568501,2025-12-16,Engine Diagnostics,Emergency,P0171,Brake wear,TECH306,Kerala Truck Service,Brake Pads,3070,1243,4313,3.0,2026-06-14,Yes,Pending
S01829,V0129,ESN970499,2025-08-05,Battery Replacement,Emergency,P0012,Engine overheating,TECH633,AutoMind Central,Brake Pads,2378,4836,7214,8.5,2026-02-01,No,Pending
S01830,V0062,ESN700708,2025-06-04,Battery Replacement,Corrective,P0171,Battery degradation,TECH751,Kerala Truck Service,Battery,4233,8292,12525,2.0,2025-12-01,Yes,Completed
S01831,V0392,ESN147262,2025-02-07,Brake Service,Corrective,P0300,Battery degradation,TECH318,Kerala Truck Service,Brake Pads,5352,6703,12055,6.8,2025-08-06,Yes,Pending
S01832,V0070,ESN209019,2025-11-12,Battery Replacement,Corrective,P0300,Routine inspection,TECH563,Kerala Truck Service,Spark Plug,4282,19062,23344,5.0,2026-05-11,No,Completed
S01833,V0238,ESN315431,2025-06-27,Oil Change,Preventive,P0000,Brake wear,TECH573,FleetCare Kochi,Spark Plug,1282,15075,16357,8.1,2025-12-24,Yes,Completed
S01834,V0101,ESN981944,2025-06-03,Routine Service,Corrective,P0420,Low oil pressure,TECH744,FleetCare Kochi,Brake Pads,3702,2871,6573,2.6,2025-11-30,Yes,Completed
S01835,V0201,ESN375103,2025-05-14,Battery Replacement,Emergency,P0420,Brake wear,TECH177,FleetCare Kochi,Brake Pads,863,17993,18856,4.6,2025-11-10,No,Pending
S01836,V0157,ESN404157,2025-07-01,Routine Service,Emergency,P0000,Engine overheating,TECH764,Prime Motors,Air Filter,5698,3193,8891,6.1,2025-12-28,Yes,Pending
S01837,V0480,ESN992757,2025-04-05,Brake Service,Emergency,P0000,Low oil pressure,TECH575,AutoMind Central,Brake Pads,5938,16425,22363,11.3,2025-10-02,No,Pending
S01838,V0244,ESN193400,2025-04-10,Battery Replacement,Preventive,P0171,Battery degradation,TECH309,Prime Motors,Spark Plug,5899,12760,18659,5.6,2025-10-07,No,Completed
S01839,V0262,ESN168339,2025-03-29,Oil Change,Emergency,P0420,Brake wear,TECH437,FleetCare Kochi,Spark Plug,3783,15821,19604,5.7,2025-09-25,No,Pending
S01840,V0353,ESN336318,2025-01-02,Engine Diagnostics,Preventive,P0012,Brake wear,TECH538,Prime Motors,Brake Pads,3212,8541,11753,7.4,2025-07-01,Yes,Pending
S01841,V0439,ESN797671,2025-08-24,Routine Service,Emergency,P0171,Battery degradation,TECH778,AutoMind Central,Oil Filter,5254,6352,11606,11.8,2026-02-20,No,Completed
S01842,V0115,ESN613242,2025-03-25,Brake Service,Emergency,P0300,Battery degradation,TECH264,Prime Motors,Brake Pads,3089,7941,11030,8.8,2025-09-21,No,Completed
S01843,V0242,ESN338018,2025-09-12,Oil Change,Corrective,P0300,Low oil pressure,TECH152,Prime Motors,Oil Filter,2898,15934,18832,6.0,2026-03-11,Yes,Pending
S01844,V0326,ESN848850,2025-07-16,Oil Change,Preventive,P0420,Low oil pressure,TECH717,Kerala Truck Service,Brake Pads,3047,12441,15488,3.4,2026-01-12,No,Pending
S01845,V0407,ESN388170,2025-10-25,Engine Diagnostics,Preventive,P0000,Brake wear,TECH596,Kerala Truck Service,Brake Pads,5553,18189,23742,2.1,2026-04-23,Yes,Pending
S01846,V0286,ESN959284,2025-03-31,Oil Change,Preventive,P0000,Low oil pressure,TECH750,FleetCare Kochi,Oil Filter,5067,4240,9307,9.1,2025-09-27,No,Pending
S01847,V0441,ESN106128,2025-05-09,Oil Change,Preventive,P0171,Low oil pressure,TECH266,AutoMind Central,Oil Filter,5972,11149,17121,8.9,2025-11-05,Yes,Completed
S01848,V0322,ESN554227,2025-04-04,Routine Service,Preventive,P0012,Battery degradation,TECH574,Kerala Truck Service,Air Filter,5630,4607,10237,6.7,2025-10-01,Yes,Pending
S01849,V0052,ESN533788,2025-12-25,Brake Service,Preventive,P0171,Low oil pressure,TECH626,AutoMind Central,Spark Plug,5260,9159,14419,4.0,2026-06-23,Yes,Pending
S01850,V0473,ESN557931,2025-10-31,Battery Replacement,Corrective,P0171,Brake wear,TECH266,AutoMind Central,Oil Filter,3905,14086,17991,7.8,2026-04-29,No,Completed
S01851,V0229,ESN403538,2025-05-28,Oil Change,Corrective,P0300,Brake wear,TECH618,FleetCare Kochi,Air Filter,3368,18437,21805,5.5,2025-11-24,Yes,Pending
S01852,V0482,ESN428399,2025-03-30,Battery Replacement,Corrective,P0012,Engine overheating,TECH972,Prime Motors,Coolant Hose,1149,8670,9819,2.6,2025-09-26,Yes,Completed
S01853,V0202,ESN998840,2025-09-08,Brake Service,Preventive,P0000,Engine overheating,TECH259,Kerala Truck Service,Brake Pads,5922,13721,19643,7.0,2026-03-07,No,Completed
S01854,V0346,ESN317748,2025-05-02,Engine Diagnostics,Emergency,P0171,Low oil pressure,TECH972,Prime Motors,Spark Plug,5685,11239,16924,3.1,2025-10-29,Yes,Completed
S01855,V0270,ESN284514,2025-04-22,Oil Change,Preventive,P0000,Battery degradation,TECH107,FleetCare Kochi,Oil Filter,5803,6159,11962,1.2,2025-10-19,No,Completed
S01856,V0416,ESN172421,2025-09-14,Battery Replacement,Emergency,P0000,Routine inspection,TECH960,FleetCare Kochi,Oil Filter,5872,6200,12072,4.1,2026-03-13,No,Completed
S01857,V0281,ESN370754,2025-09-30,Engine Diagnostics,Emergency,P0000,Low oil pressure,TECH176,Kerala Truck Service,Spark Plug,1050,1880,2930,5.5,2026-03-29,No,Completed
S01858,V0265,ESN909003,2025-03-19,Battery Replacement,Emergency,P0012,Engine overheating,TECH910,AutoMind Central,Coolant Hose,2414,4296,6710,9.2,2025-09-15,No,Pending
S01859,V0141,ESN198453,2025-07-16,Routine Service,Preventive,P0000,Low oil pressure,TECH867,AutoMind Central,Oil Filter,1048,3993,5041,6.1,2026-01-12,No,Completed
S01860,V0376,ESN217316,2025-08-03,Brake Service,Emergency,P0300,Routine inspection,TECH597,AutoMind Central,Brake Pads,2132,12590,14722,8.1,2026-01-30,Yes,Pending
S01861,V0197,ESN770544,2025-04-03,Oil Change,Emergency,P0171,Brake wear,TECH296,Kerala Truck Service,Battery,4984,16616,21600,8.4,2025-09-30,Yes,Completed
S01862,V0472,ESN264847,2025-09-17,Brake Service,Corrective,P0300,Brake wear,TECH623,FleetCare Kochi,Air Filter,5402,8287,13689,3.0,2026-03-16,Yes,Completed
S01863,V0022,ESN499424,2025-02-12,Routine Service,Emergency,P0171,Low oil pressure,TECH173,AutoMind Central,Battery,3551,12646,16197,2.5,2025-08-11,No,Pending
S01864,V0250,ESN339430,2025-05-04,Engine Diagnostics,Corrective,P0420,Battery degradation,TECH640,AutoMind Central,Brake Pads,3189,5349,8538,10.0,2025-10-31,No,Pending
S01865,V0076,ESN556999,2025-10-30,Engine Diagnostics,Corrective,P0171,Engine overheating,TECH900,Prime Motors,Battery,2952,1993,4945,4.8,2026-04-28,No,Completed
S01866,V0033,ESN242289,2025-02-06,Battery Replacement,Emergency,P0000,Brake wear,TECH779,Prime Motors,Spark Plug,5225,2228,7453,11.6,2025-08-05,No,Pending
S01867,V0492,ESN575913,2025-11-01,Cooling System,Corrective,P0420,Low oil pressure,TECH448,Prime Motors,Coolant Hose,2616,1060,3676,6.2,2026-04-30,No,Completed
S01868,V0093,ESN443962,2025-08-27,Routine Service,Emergency,P0300,Engine overheating,TECH499,Kerala Truck Service,Oil Filter,5314,4671,9985,4.2,2026-02-23,Yes,Pending
S01869,V0366,ESN988150,2025-04-13,Brake Service,Emergency,P0012,Brake wear,TECH662,AutoMind Central,Spark Plug,4552,19288,23840,9.0,2025-10-10,No,Pending
S01870,V0066,ESN271135,2025-05-28,Engine Diagnostics,Preventive,P0000,Brake wear,TECH227,Kerala Truck Service,Spark Plug,4837,2239,7076,4.6,2025-11-24,No,Pending
S01871,V0214,ESN234794,2025-12-24,Engine Diagnostics,Emergency,P0171,Battery degradation,TECH221,Prime Motors,Oil Filter,1274,8960,10234,9.9,2026-06-22,No,Pending
S01872,V0263,ESN531484,2025-12-08,Battery Replacement,Preventive,P0171,Low oil pressure,TECH930,AutoMind Central,Oil Filter,4661,9738,14399,5.2,2026-06-06,No,Completed
S01873,V0240,ESN582411,2025-07-07,Routine Service,Preventive,P0171,Low oil pressure,TECH394,AutoMind Central,Coolant Hose,4844,9228,14072,9.5,2026-01-03,Yes,Completed
S01874,V0169,ESN284764,2025-09-21,Oil Change,Corrective,P0000,Routine inspection,TECH993,AutoMind Central,Oil Filter,4813,17104,21917,10.7,2026-03-20,Yes,Pending
S01875,V0085,ESN351873,2025-06-12,Cooling System,Preventive,P0420,Engine overheating,TECH674,Kerala Truck Service,Battery,1055,14083,15138,4.3,2025-12-09,No,Completed
S01876,V0013,ESN237525,2025-12-25,Battery Replacement,Preventive,P0300,Routine inspection,TECH594,AutoMind Central,Battery,3997,12123,16120,9.9,2026-06-23,Yes,Pending
S01877,V0418,ESN838731,2025-09-18,Brake Service,Emergency,P0012,Battery degradation,TECH664,Kerala Truck Service,Oil Filter,1893,2702,4595,1.4,2026-03-17,Yes,Pending
S01878,V0353,ESN175459,2025-09-18,Battery Replacement,Corrective,P0420,Routine inspection,TECH418,Prime Motors,Coolant Hose,4181,5304,9485,11.0,2026-03-17,Yes,Pending
S01879,V0263,ESN432449,2025-11-02,Brake Service,Corrective,P0420,Low oil pressure,TECH502,Prime Motors,Air Filter,3879,13697,17576,9.2,2026-05-01,No,Pending
S01880,V0152,ESN435980,2025-08-27,Battery Replacement,Preventive,P0420,Low oil pressure,TECH527,Prime Motors,Battery,3494,1141,4635,3.6,2026-02-23,No,Completed
S01881,V0216,ESN917591,2025-06-12,Cooling System,Corrective,P0300,Routine inspection,TECH406,FleetCare Kochi,Battery,5686,7611,13297,10.7,2025-12-09,Yes,Pending
S01882,V0386,ESN145363,2025-09-08,Routine Service,Preventive,P0012,Low oil pressure,TECH517,FleetCare Kochi,Spark Plug,1798,9401,11199,7.5,2026-03-07,No,Pending
S01883,V0250,ESN598859,2025-12-03,Engine Diagnostics,Emergency,P0300,Engine overheating,TECH263,Prime Motors,Battery,3173,3810,6983,3.5,2026-06-01,Yes,Pending
S01884,V0317,ESN337595,2025-09-02,Engine Diagnostics,Corrective,P0420,Routine inspection,TECH125,Prime Motors,Spark Plug,3650,16254,19904,10.8,2026-03-01,No,Completed
S01885,V0456,ESN463319,2025-02-25,Cooling System,Corrective,P0012,Low oil pressure,TECH660,FleetCare Kochi,Oil Filter,1257,8876,10133,11.1,2025-08-24,No,Completed
S01886,V0238,ESN939490,2025-01-20,Brake Service,Corrective,P0300,Low oil pressure,TECH751,FleetCare Kochi,Brake Pads,1510,3526,5036,10.9,2025-07-19,No,Completed
S01887,V0448,ESN183053,2025-08-07,Engine Diagnostics,Preventive,P0420,Brake wear,TECH429,Kerala Truck Service,Air Filter,1396,12484,13880,3.8,2026-02-03,No,Pending
S01888,V0158,ESN557215,2025-02-13,Engine Diagnostics,Corrective,P0012,Engine overheating,TECH637,Kerala Truck Service,Coolant Hose,1798,12304,14102,2.8,2025-08-12,No,Completed
S01889,V0438,ESN975914,2025-04-18,Battery Replacement,Corrective,P0012,Routine inspection,TECH879,Kerala Truck Service,Oil Filter,2209,5682,7891,1.1,2025-10-15,Yes,Pending
S01890,V0418,ESN613465,2025-09-20,Battery Replacement,Preventive,P0000,Battery degradation,TECH617,Prime Motors,Oil Filter,5976,3020,8996,4.8,2026-03-19,Yes,Pending
S01891,V0015,ESN319481,2025-07-04,Oil Change,Corrective,P0300,Battery degradation,TECH713,Prime Motors,Battery,1662,5355,7017,5.4,2025-12-31,No,Completed
S01892,V0092,ESN630873,2025-06-17,Brake Service,Preventive,P0171,Low oil pressure,TECH227,Prime Motors,Oil Filter,3543,15391,18934,10.3,2025-12-14,Yes,Pending
S01893,V0435,ESN359550,2025-09-06,Routine Service,Preventive,P0000,Low oil pressure,TECH672,FleetCare Kochi,Brake Pads,1490,5723,7213,8.7,2026-03-05,Yes,Pending
S01894,V0121,ESN730553,2025-11-13,Routine Service,Corrective,P0000,Engine overheating,TECH769,FleetCare Kochi,Oil Filter,1315,10978,12293,7.1,2026-05-12,Yes,Pending
S01895,V0395,ESN453794,2025-06-28,Cooling System,Emergency,P0300,Routine inspection,TECH656,Prime Motors,Oil Filter,1566,17513,19079,6.7,2025-12-25,No,Pending
S01896,V0495,ESN509808,2025-03-31,Routine Service,Corrective,P0300,Battery degradation,TECH253,Prime Motors,Brake Pads,3130,1725,4855,7.0,2025-09-27,No,Completed
S01897,V0130,ESN168566,2025-12-23,Brake Service,Corrective,P0171,Engine overheating,TECH216,FleetCare Kochi,Air Filter,5208,4329,9537,11.8,2026-06-21,Yes,Pending
S01898,V0313,ESN832835,2025-10-15,Oil Change,Preventive,P0000,Low oil pressure,TECH941,FleetCare Kochi,Coolant Hose,3069,2107,5176,10.9,2026-04-13,Yes,Pending
S01899,V0168,ESN672928,2025-05-26,Brake Service,Corrective,P0171,Low oil pressure,TECH525,Prime Motors,Brake Pads,1916,14307,16223,6.1,2025-11-22,No,Completed
S01900,V0321,ESN569869,2025-06-05,Engine Diagnostics,Emergency,P0300,Brake wear,TECH761,FleetCare Kochi,Spark Plug,992,8280,9272,1.5,2025-12-02,Yes,Completed
S01901,V0221,ESN709986,2025-09-06,Oil Change,Preventive,P0171,Low oil pressure,TECH344,FleetCare Kochi,Spark Plug,4852,16634,21486,10.2,2026-03-05,Yes,Pending
S01902,V0220,ESN167306,2025-01-01,Brake Service,Preventive,P0000,Battery degradation,TECH579,FleetCare Kochi,Coolant Hose,1840,1339,3179,8.2,2025-06-30,Yes,Pending
S01903,V0218,ESN782551,2025-04-21,Engine Diagnostics,Emergency,P0012,Battery degradation,TECH468,Kerala Truck Service,Spark Plug,2873,3805,6678,3.2,2025-10-18,No,Completed
S01904,V0155,ESN268262,2025-12-20,Oil Change,Preventive,P0171,Engine overheating,TECH999,AutoMind Central,Air Filter,5743,6633,12376,6.8,2026-06-18,No,Pending
S01905,V0308,ESN531899,2025-12-23,Engine Diagnostics,Corrective,P0171,Engine overheating,TECH250,FleetCare Kochi,Brake Pads,1977,13051,15028,1.9,2026-06-21,No,Completed
S01906,V0053,ESN836941,2025-02-28,Battery Replacement,Emergency,P0420,Engine overheating,TECH326,Prime Motors,Coolant Hose,3492,9443,12935,9.0,2025-08-27,Yes,Completed
S01907,V0086,ESN530889,2025-02-21,Battery Replacement,Emergency,P0012,Engine overheating,TECH749,Prime Motors,Battery,2045,7166,9211,1.3,2025-08-20,Yes,Completed
S01908,V0060,ESN985915,2025-07-16,Oil Change,Preventive,P0171,Routine inspection,TECH172,Kerala Truck Service,Oil Filter,4717,15386,20103,8.7,2026-01-12,Yes,Pending
S01909,V0273,ESN294718,2025-07-30,Oil Change,Corrective,P0420,Low oil pressure,TECH767,Kerala Truck Service,Oil Filter,5224,16097,21321,8.4,2026-01-26,Yes,Pending
S01910,V0046,ESN492293,2025-07-30,Brake Service,Preventive,P0171,Brake wear,TECH771,FleetCare Kochi,Air Filter,5543,3629,9172,1.7,2026-01-26,No,Completed
S01911,V0478,ESN803897,2025-02-13,Engine Diagnostics,Emergency,P0000,Low oil pressure,TECH641,AutoMind Central,Air Filter,907,15885,16792,6.6,2025-08-12,No,Pending
S01912,V0466,ESN499261,2025-08-16,Cooling System,Corrective,P0171,Engine overheating,TECH679,FleetCare Kochi,Air Filter,4085,578,4663,6.7,2026-02-12,No,Pending
S01913,V0482,ESN331239,2025-02-17,Battery Replacement,Corrective,P0171,Battery degradation,TECH952,AutoMind Central,Spark Plug,2868,18495,21363,7.8,2025-08-16,Yes,Completed
S01914,V0375,ESN211032,2025-05-03,Routine Service,Preventive,P0171,Routine inspection,TECH801,Kerala Truck Service,Battery,1986,17069,19055,6.2,2025-10-30,No,Completed
S01915,V0089,ESN917690,2025-01-10,Oil Change,Preventive,P0000,Routine inspection,TECH188,AutoMind Central,Air Filter,4820,16861,21681,8.5,2025-07-09,No,Completed
S01916,V0217,ESN644434,2025-07-17,Oil Change,Preventive,P0420,Battery degradation,TECH729,Kerala Truck Service,Brake Pads,3864,14986,18850,9.3,2026-01-13,No,Pending
S01917,V0303,ESN105673,2025-11-30,Cooling System,Emergency,P0171,Routine inspection,TECH647,Kerala Truck Service,Brake Pads,5936,18808,24744,6.5,2026-05-29,No,Pending
S01918,V0419,ESN510951,2025-12-29,Oil Change,Preventive,P0420,Brake wear,TECH473,AutoMind Central,Battery,2150,2461,4611,2.9,2026-06-27,No,Pending
S01919,V0156,ESN227723,2025-09-25,Engine Diagnostics,Emergency,P0171,Low oil pressure,TECH208,Kerala Truck Service,Spark Plug,3675,4407,8082,8.2,2026-03-24,Yes,Completed
S01920,V0081,ESN207891,2025-10-18,Oil Change,Corrective,P0000,Engine overheating,TECH717,FleetCare Kochi,Brake Pads,5411,12017,17428,4.5,2026-04-16,Yes,Completed
S01921,V0256,ESN880508,2025-03-14,Battery Replacement,Preventive,P0012,Brake wear,TECH904,AutoMind Central,Spark Plug,3860,9519,13379,5.7,2025-09-10,No,Pending
S01922,V0253,ESN314806,2025-01-27,Oil Change,Preventive,P0300,Brake wear,TECH742,Kerala Truck Service,Spark Plug,4729,19232,23961,7.9,2025-07-26,No,Completed
S01923,V0282,ESN308393,2025-04-05,Battery Replacement,Emergency,P0420,Brake wear,TECH189,AutoMind Central,Battery,953,9950,10903,11.8,2025-10-02,No,Pending
S01924,V0196,ESN913858,2025-11-27,Cooling System,Emergency,P0300,Battery degradation,TECH638,FleetCare Kochi,Air Filter,5877,18942,24819,2.5,2026-05-26,Yes,Completed
S01925,V0443,ESN194474,2025-08-07,Cooling System,Corrective,P0420,Brake wear,TECH819,AutoMind Central,Air Filter,1156,3243,4399,8.8,2026-02-03,No,Completed
S01926,V0414,ESN217297,2025-08-17,Oil Change,Preventive,P0171,Low oil pressure,TECH373,AutoMind Central,Spark Plug,1808,1952,3760,3.1,2026-02-13,Yes,Completed
S01927,V0127,ESN455887,2025-06-14,Battery Replacement,Preventive,P0300,Engine overheating,TECH475,Kerala Truck Service,Oil Filter,4081,13972,18053,9.7,2025-12-11,Yes,Pending
S01928,V0475,ESN580737,2025-07-21,Brake Service,Emergency,P0300,Routine inspection,TECH854,Kerala Truck Service,Air Filter,5367,6215,11582,7.1,2026-01-17,No,Completed
S01929,V0100,ESN430654,2025-08-23,Cooling System,Preventive,P0012,Brake wear,TECH559,FleetCare Kochi,Battery,5028,3680,8708,9.0,2026-02-19,Yes,Pending
S01930,V0291,ESN357906,2025-07-04,Brake Service,Preventive,P0012,Routine inspection,TECH452,Prime Motors,Coolant Hose,4424,17325,21749,6.0,2025-12-31,No,Pending
S01931,V0212,ESN527826,2025-09-06,Battery Replacement,Corrective,P0300,Brake wear,TECH953,AutoMind Central,Coolant Hose,3792,17803,21595,7.2,2026-03-05,No,Pending
S01932,V0174,ESN254065,2025-10-23,Cooling System,Preventive,P0300,Brake wear,TECH667,FleetCare Kochi,Brake Pads,984,4467,5451,4.2,2026-04-21,No,Completed
S01933,V0115,ESN695953,2025-05-27,Battery Replacement,Corrective,P0171,Low oil pressure,TECH503,FleetCare Kochi,Battery,5410,544,5954,2.9,2025-11-23,Yes,Pending
S01934,V0270,ESN442105,2025-07-15,Brake Service,Corrective,P0012,Engine overheating,TECH120,Kerala Truck Service,Spark Plug,1853,1287,3140,4.8,2026-01-11,Yes,Pending
S01935,V0402,ESN436958,2025-06-19,Cooling System,Emergency,P0171,Low oil pressure,TECH529,Kerala Truck Service,Coolant Hose,5993,17693,23686,2.4,2025-12-16,Yes,Completed
S01936,V0263,ESN399822,2025-07-06,Oil Change,Emergency,P0012,Battery degradation,TECH223,AutoMind Central,Air Filter,2803,5950,8753,2.4,2026-01-02,Yes,Pending
S01937,V0311,ESN324006,2025-08-20,Battery Replacement,Corrective,P0000,Battery degradation,TECH246,Prime Motors,Battery,5089,1790,6879,10.1,2026-02-16,Yes,Pending
S01938,V0426,ESN346477,2025-01-01,Cooling System,Preventive,P0171,Low oil pressure,TECH981,Kerala Truck Service,Coolant Hose,2881,10927,13808,11.3,2025-06-30,Yes,Completed
S01939,V0069,ESN433581,2025-10-11,Oil Change,Emergency,P0420,Low oil pressure,TECH517,AutoMind Central,Spark Plug,3728,5279,9007,2.0,2026-04-09,Yes,Pending
S01940,V0154,ESN288550,2025-12-30,Routine Service,Preventive,P0420,Routine inspection,TECH293,FleetCare Kochi,Brake Pads,2706,9322,12028,4.6,2026-06-28,Yes,Pending
S01941,V0248,ESN622196,2025-02-23,Engine Diagnostics,Emergency,P0300,Engine overheating,TECH687,Kerala Truck Service,Oil Filter,3536,9657,13193,11.5,2025-08-22,No,Completed
S01942,V0452,ESN779972,2025-01-03,Routine Service,Emergency,P0012,Engine overheating,TECH416,Prime Motors,Air Filter,3908,13501,17409,3.0,2025-07-02,No,Completed
S01943,V0416,ESN901909,2025-03-12,Routine Service,Emergency,P0300,Brake wear,TECH727,Prime Motors,Coolant Hose,2575,18683,21258,1.1,2025-09-08,No,Pending
S01944,V0267,ESN926344,2025-10-06,Brake Service,Preventive,P0012,Low oil pressure,TECH151,Prime Motors,Coolant Hose,1604,7682,9286,8.3,2026-04-04,No,Completed
S01945,V0164,ESN716199,2025-07-31,Cooling System,Preventive,P0300,Routine inspection,TECH444,AutoMind Central,Oil Filter,998,2231,3229,9.0,2026-01-27,No,Pending
S01946,V0112,ESN979993,2025-03-07,Brake Service,Preventive,P0171,Brake wear,TECH117,Prime Motors,Oil Filter,5791,14956,20747,8.9,2025-09-03,No,Completed
S01947,V0013,ESN972873,2025-08-21,Battery Replacement,Preventive,P0012,Engine overheating,TECH577,Kerala Truck Service,Battery,4156,13584,17740,3.1,2026-02-17,Yes,Completed
S01948,V0276,ESN731116,2025-05-28,Engine Diagnostics,Corrective,P0420,Brake wear,TECH636,Prime Motors,Air Filter,3927,9037,12964,3.5,2025-11-24,No,Completed
S01949,V0067,ESN723144,2025-04-12,Routine Service,Preventive,P0000,Routine inspection,TECH542,Prime Motors,Brake Pads,2039,3955,5994,7.6,2025-10-09,Yes,Pending
S01950,V0140,ESN455623,2025-08-01,Routine Service,Emergency,P0420,Battery degradation,TECH303,AutoMind Central,Brake Pads,2413,9189,11602,8.9,2026-01-28,Yes,Completed
S01951,V0476,ESN317294,2025-10-12,Cooling System,Emergency,P0420,Brake wear,TECH539,FleetCare Kochi,Battery,2581,12677,15258,8.6,2026-04-10,Yes,Completed
S01952,V0058,ESN297425,2025-06-12,Brake Service,Corrective,P0300,Engine overheating,TECH408,FleetCare Kochi,Battery,1347,19327,20674,2.0,2025-12-09,No,Pending
S01953,V0388,ESN395619,2025-03-27,Routine Service,Preventive,P0000,Brake wear,TECH526,Kerala Truck Service,Air Filter,4239,12537,16776,3.2,2025-09-23,Yes,Completed
S01954,V0449,ESN247199,2025-10-08,Oil Change,Preventive,P0300,Battery degradation,TECH755,Prime Motors,Coolant Hose,1161,3051,4212,7.4,2026-04-06,Yes,Pending
S01955,V0365,ESN562404,2025-04-04,Oil Change,Preventive,P0000,Low oil pressure,TECH416,FleetCare Kochi,Spark Plug,4966,11548,16514,6.3,2025-10-01,Yes,Pending
S01956,V0384,ESN107025,2025-01-20,Brake Service,Corrective,P0420,Engine overheating,TECH683,Prime Motors,Battery,4690,18573,23263,5.8,2025-07-19,Yes,Completed
S01957,V0105,ESN305100,2025-12-31,Oil Change,Corrective,P0300,Routine inspection,TECH388,AutoMind Central,Brake Pads,2404,13747,16151,4.6,2026-06-29,No,Pending
S01958,V0354,ESN591705,2025-05-10,Engine Diagnostics,Emergency,P0012,Battery degradation,TECH164,AutoMind Central,Spark Plug,5658,10027,15685,6.1,2025-11-06,Yes,Completed
S01959,V0088,ESN742173,2025-04-23,Routine Service,Corrective,P0000,Low oil pressure,TECH587,AutoMind Central,Brake Pads,4295,3117,7412,11.8,2025-10-20,Yes,Completed
S01960,V0267,ESN242997,2025-05-03,Oil Change,Preventive,P0171,Routine inspection,TECH763,FleetCare Kochi,Battery,3426,17578,21004,11.3,2025-10-30,No,Pending
S01961,V0053,ESN713595,2025-12-30,Routine Service,Preventive,P0000,Low oil pressure,TECH452,Prime Motors,Battery,2268,12708,14976,2.4,2026-06-28,Yes,Completed
S01962,V0139,ESN681866,2025-12-29,Cooling System,Corrective,P0171,Engine overheating,TECH715,AutoMind Central,Oil Filter,5893,8103,13996,7.7,2026-06-27,Yes,Completed
S01963,V0145,ESN959758,2025-11-16,Engine Diagnostics,Emergency,P0000,Brake wear,TECH391,Prime Motors,Battery,1501,4395,5896,7.5,2026-05-15,Yes,Completed
S01964,V0313,ESN507009,2025-11-03,Routine Service,Corrective,P0300,Low oil pressure,TECH874,Kerala Truck Service,Coolant Hose,3296,13943,17239,9.5,2026-05-02,Yes,Completed
S01965,V0288,ESN336460,2025-08-14,Brake Service,Preventive,P0171,Routine inspection,TECH367,AutoMind Central,Oil Filter,1158,15318,16476,7.1,2026-02-10,No,Completed
S01966,V0146,ESN469057,2025-05-23,Routine Service,Preventive,P0420,Brake wear,TECH853,Kerala Truck Service,Brake Pads,1425,3257,4682,11.3,2025-11-19,Yes,Completed
S01967,V0069,ESN267075,2025-06-03,Engine Diagnostics,Preventive,P0000,Battery degradation,TECH289,AutoMind Central,Battery,2814,8277,11091,6.7,2025-11-30,No,Pending
S01968,V0140,ESN500708,2025-07-07,Routine Service,Corrective,P0171,Routine inspection,TECH292,Kerala Truck Service,Battery,2006,19467,21473,4.3,2026-01-03,No,Pending
S01969,V0214,ESN335720,2025-10-15,Battery Replacement,Corrective,P0420,Low oil pressure,TECH623,AutoMind Central,Battery,3012,16820,19832,7.0,2026-04-13,No,Completed
S01970,V0239,ESN158136,2025-03-07,Brake Service,Emergency,P0000,Routine inspection,TECH419,Kerala Truck Service,Air Filter,4668,13652,18320,1.3,2025-09-03,No,Completed
S01971,V0063,ESN229922,2025-03-30,Routine Service,Preventive,P0000,Routine inspection,TECH361,FleetCare Kochi,Air Filter,2983,1772,4755,11.1,2025-09-26,No,Pending
S01972,V0468,ESN634333,2025-12-02,Brake Service,Preventive,P0420,Brake wear,TECH753,FleetCare Kochi,Battery,5489,5139,10628,4.3,2026-05-31,No,Completed
S01973,V0355,ESN563979,2025-01-06,Engine Diagnostics,Preventive,P0300,Engine overheating,TECH645,Prime Motors,Brake Pads,3215,8606,11821,3.0,2025-07-05,No,Pending
S01974,V0133,ESN516927,2025-02-12,Brake Service,Emergency,P0171,Brake wear,TECH786,FleetCare Kochi,Oil Filter,3491,13872,17363,11.2,2025-08-11,Yes,Pending
S01975,V0101,ESN158107,2025-08-20,Routine Service,Preventive,P0000,Battery degradation,TECH709,FleetCare Kochi,Air Filter,3185,6418,9603,4.8,2026-02-16,No,Completed
S01976,V0455,ESN765935,2025-03-22,Engine Diagnostics,Preventive,P0000,Low oil pressure,TECH309,Prime Motors,Battery,1923,6664,8587,7.2,2025-09-18,Yes,Completed
S01977,V0212,ESN491078,2025-11-01,Cooling System,Emergency,P0000,Engine overheating,TECH248,Kerala Truck Service,Battery,5264,12915,18179,1.2,2026-04-30,No,Completed
S01978,V0247,ESN978244,2025-12-16,Routine Service,Emergency,P0012,Routine inspection,TECH274,Kerala Truck Service,Brake Pads,3997,5248,9245,5.6,2026-06-14,No,Completed
S01979,V0287,ESN759730,2025-09-11,Brake Service,Preventive,P0000,Battery degradation,TECH620,FleetCare Kochi,Oil Filter,4155,7267,11422,5.3,2026-03-10,No,Pending
S01980,V0444,ESN498894,2025-08-17,Battery Replacement,Corrective,P0300,Low oil pressure,TECH915,Prime Motors,Battery,5389,16450,21839,2.9,2026-02-13,No,Completed
S01981,V0460,ESN808608,2025-01-16,Battery Replacement,Emergency,P0420,Battery degradation,TECH150,FleetCare Kochi,Coolant Hose,1138,3590,4728,1.1,2025-07-15,No,Completed
S01982,V0381,ESN259711,2025-01-29,Routine Service,Corrective,P0012,Brake wear,TECH557,FleetCare Kochi,Air Filter,3751,18373,22124,4.3,2025-07-28,Yes,Completed
S01983,V0424,ESN196071,2025-09-27,Brake Service,Emergency,P0300,Low oil pressure,TECH124,AutoMind Central,Coolant Hose,5921,9737,15658,4.3,2026-03-26,Yes,Pending
S01984,V0135,ESN742259,2025-07-26,Engine Diagnostics,Emergency,P0300,Low oil pressure,TECH674,AutoMind Central,Coolant Hose,5970,9275,15245,7.1,2026-01-22,No,Completed
S01985,V0064,ESN571338,2025-06-25,Oil Change,Corrective,P0000,Routine inspection,TECH969,Prime Motors,Battery,3209,14101,17310,4.9,2025-12-22,No,Pending
S01986,V0097,ESN135716,2025-06-01,Battery Replacement,Emergency,P0300,Brake wear,TECH403,Kerala Truck Service,Oil Filter,3262,3773,7035,5.2,2025-11-28,Yes,Pending
S01987,V0350,ESN447499,2025-07-16,Cooling System,Emergency,P0171,Low oil pressure,TECH337,AutoMind Central,Battery,2230,17170,19400,3.1,2026-01-12,Yes,Completed
S01988,V0494,ESN674839,2025-02-21,Battery Replacement,Emergency,P0420,Routine inspection,TECH538,Kerala Truck Service,Battery,4178,14820,18998,6.2,2025-08-20,No,Pending
S01989,V0480,ESN459069,2025-03-09,Cooling System,Emergency,P0300,Battery degradation,TECH207,Prime Motors,Spark Plug,3532,17998,21530,5.7,2025-09-05,No,Pending
S01990,V0321,ESN400397,2025-09-25,Cooling System,Emergency,P0171,Engine overheating,TECH286,FleetCare Kochi,Oil Filter,2653,14029,16682,8.4,2026-03-24,No,Completed
S01991,V0198,ESN192527,2025-08-29,Routine Service,Corrective,P0420,Low oil pressure,TECH841,FleetCare Kochi,Brake Pads,4629,11596,16225,2.7,2026-02-25,No,Pending
S01992,V0235,ESN747810,2025-01-18,Engine Diagnostics,Preventive,P0012,Brake wear,TECH588,FleetCare Kochi,Coolant Hose,1158,14605,15763,7.1,2025-07-17,No,Pending
S01993,V0427,ESN350494,2025-07-05,Routine Service,Preventive,P0420,Brake wear,TECH436,FleetCare Kochi,Brake Pads,2915,4113,7028,11.5,2026-01-01,Yes,Pending
S01994,V0489,ESN974920,2025-05-16,Routine Service,Preventive,P0171,Low oil pressure,TECH960,Kerala Truck Service,Oil Filter,1515,14981,16496,2.3,2025-11-12,No,Pending
S01995,V0057,ESN561140,2025-01-07,Cooling System,Corrective,P0012,Brake wear,TECH505,FleetCare Kochi,Oil Filter,5975,6317,12292,8.9,2025-07-06,Yes,Pending
S01996,V0084,ESN125842,2025-08-07,Battery Replacement,Corrective,P0171,Routine inspection,TECH731,Kerala Truck Service,Spark Plug,2535,5892,8427,5.9,2026-02-03,No,Completed
S01997,V0431,ESN888044,2025-01-20,Engine Diagnostics,Corrective,P0000,Battery degradation,TECH153,Kerala Truck Service,Coolant Hose,2957,11627,14584,2.5,2025-07-19,Yes,Completed
S01998,V0333,ESN583050,2025-01-03,Routine Service,Corrective,P0012,Low oil pressure,TECH940,Prime Motors,Battery,4002,7971,11973,5.3,2025-07-02,Yes,Completed
S01999,V0137,ESN744604,2025-12-05,Cooling System,Corrective,P0300,Brake wear,TECH163,Prime Motors,Air Filter,1820,10702,12522,7.8,2026-06-03,No,Completed
S02000,V0265,ESN351622,2025-11-02,Oil Change,Emergency,P0171,Brake wear,TECH415,FleetCare Kochi,Spark Plug,3036,14997,18033,2.3,2026-05-01,No,Pending
S02001,V0445,ESN599506,2025-05-08,Routine Service,Corrective,P0300,Engine overheating,TECH875,Prime Motors,Spark Plug,4142,3668,7810,9.7,2025-11-04,No,Completed
S02002,V0023,ESN253734,2025-11-17,Engine Diagnostics,Corrective,P0171,Engine overheating,TECH270,AutoMind Central,Oil Filter,4652,9464,14116,3.9,2026-05-16,Yes,Pending
S02003,V0176,ESN725791,2025-02-03,Engine Diagnostics,Emergency,P0420,Low oil pressure,TECH440,Prime Motors,Battery,3434,12193,15627,4.5,2025-08-02,No,Pending
S02004,V0128,ESN309336,2025-05-18,Brake Service,Corrective,P0000,Routine inspection,TECH663,Kerala Truck Service,Battery,1867,13331,15198,6.8,2025-11-14,Yes,Completed
S02005,V0259,ESN963380,2025-09-25,Battery Replacement,Corrective,P0012,Engine overheating,TECH919,AutoMind Central,Air Filter,3119,5854,8973,9.0,2026-03-24,No,Completed
S02006,V0235,ESN571003,2025-05-09,Routine Service,Emergency,P0000,Engine overheating,TECH325,Kerala Truck Service,Spark Plug,904,18205,19109,5.2,2025-11-05,No,Completed
S02007,V0388,ESN172705,2025-09-27,Oil Change,Emergency,P0012,Low oil pressure,TECH494,FleetCare Kochi,Brake Pads,3575,4850,8425,8.8,2026-03-26,Yes,Completed
S02008,V0322,ESN973322,2025-02-11,Engine Diagnostics,Corrective,P0300,Battery degradation,TECH405,Prime Motors,Oil Filter,5710,12068,17778,11.7,2025-08-10,No,Completed
S02009,V0165,ESN881411,2025-11-15,Battery Replacement,Preventive,P0300,Routine inspection,TECH304,AutoMind Central,Brake Pads,5875,14175,20050,11.8,2026-05-14,No,Completed
S02010,V0411,ESN389589,2025-07-15,Brake Service,Corrective,P0300,Engine overheating,TECH469,Kerala Truck Service,Spark Plug,5981,2909,8890,4.8,2026-01-11,Yes,Completed
S02011,V0186,ESN107424,2025-08-12,Battery Replacement,Emergency,P0420,Engine overheating,TECH651,AutoMind Central,Brake Pads,3740,4767,8507,9.0,2026-02-08,No,Pending
S02012,V0083,ESN244643,2025-06-15,Oil Change,Corrective,P0171,Engine overheating,TECH526,FleetCare Kochi,Coolant Hose,2942,2642,5584,8.7,2025-12-12,Yes,Completed
S02013,V0174,ESN489736,2025-12-27,Oil Change,Preventive,P0171,Battery degradation,TECH929,Kerala Truck Service,Oil Filter,3210,17634,20844,8.3,2026-06-25,Yes,Completed
S02014,V0119,ESN849705,2025-07-06,Routine Service,Emergency,P0012,Routine inspection,TECH638,Prime Motors,Spark Plug,3187,8857,12044,1.3,2026-01-02,Yes,Pending
S02015,V0284,ESN153876,2025-05-27,Cooling System,Preventive,P0420,Brake wear,TECH536,Prime Motors,Air Filter,5334,14592,19926,1.2,2025-11-23,Yes,Completed
S02016,V0191,ESN903891,2025-10-03,Routine Service,Emergency,P0171,Routine inspection,TECH896,AutoMind Central,Battery,2793,3727,6520,6.5,2026-04-01,No,Pending
S02017,V0010,ESN561318,2025-03-14,Battery Replacement,Emergency,P0012,Routine inspection,TECH734,Prime Motors,Oil Filter,1772,14682,16454,5.6,2025-09-10,No,Pending
S02018,V0458,ESN902986,2025-10-26,Battery Replacement,Emergency,P0000,Routine inspection,TECH929,AutoMind Central,Battery,2205,4420,6625,10.0,2026-04-24,Yes,Pending
S02019,V0112,ESN151308,2025-01-11,Oil Change,Preventive,P0171,Engine overheating,TECH647,FleetCare Kochi,Air Filter,1470,6149,7619,1.6,2025-07-10,No,Pending
S02020,V0289,ESN792915,2025-06-17,Cooling System,Preventive,P0000,Engine overheating,TECH514,Prime Motors,Brake Pads,1747,4448,6195,5.5,2025-12-14,No,Pending
S02021,V0068,ESN427209,2025-02-28,Routine Service,Preventive,P0300,Battery degradation,TECH230,FleetCare Kochi,Air Filter,4163,6744,10907,8.9,2025-08-27,No,Pending
S02022,V0033,ESN183329,2025-12-06,Engine Diagnostics,Preventive,P0420,Routine inspection,TECH138,FleetCare Kochi,Coolant Hose,2659,2687,5346,8.0,2026-06-04,Yes,Pending
S02023,V0446,ESN572449,2025-01-03,Cooling System,Emergency,P0012,Routine inspection,TECH172,Kerala Truck Service,Coolant Hose,3013,12953,15966,6.6,2025-07-02,No,Completed
S02024,V0282,ESN736026,2025-12-27,Engine Diagnostics,Corrective,P0300,Routine inspection,TECH567,FleetCare Kochi,Spark Plug,4934,14420,19354,2.6,2026-06-25,Yes,Pending
S02025,V0009,ESN599325,2025-12-30,Engine Diagnostics,Corrective,P0171,Low oil pressure,TECH673,FleetCare Kochi,Battery,2009,18298,20307,8.7,2026-06-28,Yes,Pending
S02026,V0079,ESN182735,2025-10-28,Oil Change,Emergency,P0300,Brake wear,TECH855,Kerala Truck Service,Brake Pads,1040,9316,10356,7.0,2026-04-26,Yes,Completed
S02027,V0404,ESN327627,2025-12-24,Cooling System,Emergency,P0171,Routine inspection,TECH202,Prime Motors,Brake Pads,1797,16673,18470,5.6,2026-06-22,No,Pending
S02028,V0251,ESN529458,2025-03-26,Cooling System,Preventive,P0000,Battery degradation,TECH587,FleetCare Kochi,Air Filter,5946,10675,16621,3.3,2025-09-22,Yes,Completed
S02029,V0321,ESN585211,2025-11-13,Brake Service,Preventive,P0420,Low oil pressure,TECH640,AutoMind Central,Oil Filter,5148,19401,24549,4.4,2026-05-12,Yes,Pending
S02030,V0009,ESN684156,2025-08-18,Cooling System,Corrective,P0420,Routine inspection,TECH420,Prime Motors,Spark Plug,939,12743,13682,8.1,2026-02-14,Yes,Completed
S02031,V0249,ESN691883,2025-05-22,Routine Service,Preventive,P0300,Low oil pressure,TECH721,Prime Motors,Coolant Hose,2006,12456,14462,3.2,2025-11-18,No,Completed
S02032,V0237,ESN169871,2025-12-18,Oil Change,Corrective,P0012,Low oil pressure,TECH172,AutoMind Central,Brake Pads,5550,10512,16062,10.1,2026-06-16,Yes,Pending
S02033,V0110,ESN559140,2025-12-10,Oil Change,Corrective,P0012,Low oil pressure,TECH226,AutoMind Central,Spark Plug,1190,4198,5388,2.6,2026-06-08,Yes,Completed
S02034,V0487,ESN528796,2025-08-05,Engine Diagnostics,Corrective,P0012,Routine inspection,TECH980,FleetCare Kochi,Battery,4479,1634,6113,9.9,2026-02-01,Yes,Pending
S02035,V0089,ESN755031,2025-07-06,Cooling System,Preventive,P0012,Low oil pressure,TECH819,FleetCare Kochi,Air Filter,4998,2654,7652,11.1,2026-01-02,No,Completed
S02036,V0123,ESN853921,2025-12-27,Brake Service,Preventive,P0171,Battery degradation,TECH121,Kerala Truck Service,Coolant Hose,4286,16191,20477,2.2,2026-06-25,Yes,Completed
S02037,V0191,ESN362829,2025-01-31,Oil Change,Corrective,P0171,Engine overheating,TECH178,Kerala Truck Service,Oil Filter,5496,2233,7729,1.5,2025-07-30,Yes,Pending
S02038,V0494,ESN276567,2025-04-10,Engine Diagnostics,Preventive,P0420,Engine overheating,TECH243,Kerala Truck Service,Battery,3813,15562,19375,7.3,2025-10-07,No,Completed
S02039,V0232,ESN233291,2025-02-07,Brake Service,Emergency,P0171,Low oil pressure,TECH350,Prime Motors,Air Filter,5799,13445,19244,4.4,2025-08-06,No,Pending
S02040,V0231,ESN936132,2025-07-31,Oil Change,Preventive,P0300,Battery degradation,TECH813,Prime Motors,Coolant Hose,2402,5686,8088,7.3,2026-01-27,Yes,Completed
S02041,V0039,ESN870600,2025-07-29,Cooling System,Preventive,P0300,Brake wear,TECH609,Kerala Truck Service,Brake Pads,4381,973,5354,1.4,2026-01-25,Yes,Completed
S02042,V0206,ESN968392,2025-12-24,Oil Change,Preventive,P0012,Brake wear,TECH113,FleetCare Kochi,Battery,1677,17648,19325,6.3,2026-06-22,Yes,Pending
S02043,V0231,ESN663672,2025-02-06,Engine Diagnostics,Corrective,P0171,Engine overheating,TECH728,AutoMind Central,Battery,5928,537,6465,2.3,2025-08-05,Yes,Completed
S02044,V0343,ESN489237,2025-12-15,Oil Change,Emergency,P0300,Engine overheating,TECH336,Kerala Truck Service,Battery,3073,4872,7945,7.3,2026-06-13,No,Completed
S02045,V0127,ESN850229,2025-10-08,Engine Diagnostics,Preventive,P0000,Low oil pressure,TECH555,AutoMind Central,Air Filter,4942,11909,16851,11.3,2026-04-06,Yes,Completed
S02046,V0045,ESN946250,2025-09-05,Engine Diagnostics,Preventive,P0000,Battery degradation,TECH194,Prime Motors,Battery,5074,1377,6451,3.6,2026-03-04,Yes,Pending
S02047,V0379,ESN740377,2025-06-21,Oil Change,Emergency,P0171,Low oil pressure,TECH981,AutoMind Central,Coolant Hose,2255,2921,5176,1.1,2025-12-18,No,Completed
S02048,V0163,ESN562964,2025-08-07,Oil Change,Preventive,P0012,Low oil pressure,TECH382,Prime Motors,Coolant Hose,5918,15986,21904,6.9,2026-02-03,Yes,Pending
S02049,V0123,ESN242072,2025-01-03,Oil Change,Emergency,P0300,Engine overheating,TECH932,AutoMind Central,Battery,3547,19585,23132,10.8,2025-07-02,Yes,Completed
S02050,V0219,ESN961193,2025-03-15,Brake Service,Preventive,P0171,Brake wear,TECH763,AutoMind Central,Spark Plug,3875,6900,10775,5.4,2025-09-11,No,Pending
S02051,V0391,ESN527767,2025-08-23,Engine Diagnostics,Corrective,P0171,Low oil pressure,TECH302,Prime Motors,Air Filter,939,6234,7173,6.0,2026-02-19,No,Completed
S02052,V0368,ESN586503,2025-10-07,Oil Change,Emergency,P0012,Brake wear,TECH807,AutoMind Central,Brake Pads,2781,17952,20733,2.1,2026-04-05,Yes,Completed
S02053,V0027,ESN647043,2025-12-12,Brake Service,Emergency,P0171,Engine overheating,TECH509,Kerala Truck Service,Spark Plug,2889,1709,4598,11.6,2026-06-10,No,Completed
S02054,V0044,ESN992412,2025-12-17,Battery Replacement,Preventive,P0000,Brake wear,TECH622,Prime Motors,Air Filter,3002,14949,17951,4.5,2026-06-15,Yes,Completed
S02055,V0234,ESN654537,2025-09-01,Battery Replacement,Corrective,P0171,Routine inspection,TECH830,Prime Motors,Spark Plug,3442,4059,7501,6.6,2026-02-28,Yes,Pending
S02056,V0089,ESN723013,2025-01-11,Brake Service,Emergency,P0012,Routine inspection,TECH823,FleetCare Kochi,Spark Plug,971,18258,19229,7.7,2025-07-10,No,Pending
S02057,V0134,ESN245945,2025-04-28,Oil Change,Corrective,P0000,Brake wear,TECH529,Kerala Truck Service,Air Filter,3371,1747,5118,3.2,2025-10-25,No,Pending
S02058,V0346,ESN829351,2025-07-29,Oil Change,Emergency,P0420,Brake wear,TECH474,AutoMind Central,Brake Pads,4607,13112,17719,1.2,2026-01-25,Yes,Pending
S02059,V0153,ESN709742,2025-10-30,Routine Service,Emergency,P0012,Brake wear,TECH469,Prime Motors,Oil Filter,1024,19590,20614,1.5,2026-04-28,No,Completed
S02060,V0386,ESN841611,2025-08-04,Battery Replacement,Corrective,P0171,Engine overheating,TECH823,Kerala Truck Service,Brake Pads,3471,19396,22867,3.0,2026-01-31,Yes,Completed
S02061,V0132,ESN460974,2025-06-07,Oil Change,Corrective,P0012,Engine overheating,TECH285,AutoMind Central,Oil Filter,3995,18657,22652,5.3,2025-12-04,No,Completed
S02062,V0426,ESN100883,2025-03-17,Brake Service,Preventive,P0171,Routine inspection,TECH186,FleetCare Kochi,Brake Pads,2770,12373,15143,2.2,2025-09-13,Yes,Pending
S02063,V0187,ESN844401,2025-09-02,Battery Replacement,Preventive,P0000,Engine overheating,TECH549,Kerala Truck Service,Spark Plug,3355,16643,19998,10.0,2026-03-01,Yes,Completed
S02064,V0122,ESN882715,2025-08-14,Routine Service,Emergency,P0012,Routine inspection,TECH138,Prime Motors,Battery,1712,885,2597,6.9,2026-02-10,No,Pending
S02065,V0230,ESN988433,2025-01-11,Engine Diagnostics,Preventive,P0000,Engine overheating,TECH101,Kerala Truck Service,Coolant Hose,4540,713,5253,4.0,2025-07-10,No,Completed
S02066,V0458,ESN267586,2025-03-22,Engine Diagnostics,Emergency,P0000,Routine inspection,TECH906,AutoMind Central,Coolant Hose,4866,16337,21203,2.7,2025-09-18,No,Pending
S02067,V0336,ESN336407,2025-01-06,Routine Service,Emergency,P0420,Low oil pressure,TECH831,Kerala Truck Service,Brake Pads,1229,17029,18258,11.4,2025-07-05,No,Pending
S02068,V0262,ESN444884,2025-11-24,Routine Service,Corrective,P0420,Brake wear,TECH278,FleetCare Kochi,Coolant Hose,3277,9592,12869,5.4,2026-05-23,No,Completed
S02069,V0485,ESN242062,2025-12-02,Brake Service,Corrective,P0300,Battery degradation,TECH822,Prime Motors,Battery,5925,13783,19708,8.1,2026-05-31,No,Pending
S02070,V0322,ESN829890,2025-07-09,Engine Diagnostics,Preventive,P0000,Brake wear,TECH686,Kerala Truck Service,Spark Plug,3440,12454,15894,8.4,2026-01-05,No,Pending
S02071,V0310,ESN506165,2025-09-24,Oil Change,Preventive,P0300,Low oil pressure,TECH528,FleetCare Kochi,Spark Plug,5729,7739,13468,7.3,2026-03-23,Yes,Completed
S02072,V0075,ESN152370,2025-05-23,Brake Service,Corrective,P0300,Engine overheating,TECH360,FleetCare Kochi,Brake Pads,3961,16273,20234,11.0,2025-11-19,Yes,Completed
S02073,V0129,ESN545150,2025-06-15,Brake Service,Corrective,P0300,Routine inspection,TECH692,Kerala Truck Service,Spark Plug,2408,15244,17652,6.6,2025-12-12,No,Completed
S02074,V0241,ESN832317,2025-12-22,Engine Diagnostics,Corrective,P0012,Brake wear,TECH612,Kerala Truck Service,Spark Plug,1850,876,2726,4.1,2026-06-20,No,Pending
S02075,V0024,ESN384492,2025-07-02,Cooling System,Emergency,P0171,Engine overheating,TECH847,Prime Motors,Air Filter,1260,17436,18696,1.0,2025-12-29,No,Completed
S02076,V0126,ESN837855,2025-12-18,Routine Service,Corrective,P0000,Engine overheating,TECH987,AutoMind Central,Battery,1367,5330,6697,4.8,2026-06-16,No,Completed
S02077,V0318,ESN843815,2025-09-08,Oil Change,Preventive,P0300,Engine overheating,TECH931,FleetCare Kochi,Coolant Hose,2274,8445,10719,6.6,2026-03-07,Yes,Completed
S02078,V0230,ESN400461,2025-03-12,Engine Diagnostics,Preventive,P0171,Engine overheating,TECH623,AutoMind Central,Air Filter,5975,1122,7097,10.3,2025-09-08,No,Pending
S02079,V0169,ESN686291,2025-09-14,Engine Diagnostics,Emergency,P0171,Routine inspection,TECH743,Kerala Truck Service,Air Filter,3257,12712,15969,2.6,2026-03-13,Yes,Completed
S02080,V0443,ESN599794,2025-04-01,Engine Diagnostics,Emergency,P0171,Routine inspection,TECH200,FleetCare Kochi,Oil Filter,3659,18050,21709,11.8,2025-09-28,No,Completed
S02081,V0100,ESN120996,2025-11-26,Routine Service,Preventive,P0000,Battery degradation,TECH204,FleetCare Kochi,Air Filter,2278,2782,5060,6.9,2026-05-25,Yes,Pending
S02082,V0257,ESN330540,2025-06-16,Oil Change,Corrective,P0300,Battery degradation,TECH950,Kerala Truck Service,Air Filter,5232,18661,23893,10.5,2025-12-13,No,Completed
S02083,V0320,ESN302796,2025-01-22,Battery Replacement,Emergency,P0000,Battery degradation,TECH203,Kerala Truck Service,Oil Filter,5429,11182,16611,11.2,2025-07-21,Yes,Pending
S02084,V0276,ESN843918,2025-01-21,Engine Diagnostics,Emergency,P0420,Battery degradation,TECH143,Kerala Truck Service,Brake Pads,2620,14058,16678,10.1,2025-07-20,No,Completed
S02085,V0390,ESN731277,2025-04-13,Cooling System,Corrective,P0012,Battery degradation,TECH744,Prime Motors,Spark Plug,2309,13223,15532,3.7,2025-10-10,No,Pending
S02086,V0020,ESN152656,2025-01-31,Cooling System,Emergency,P0012,Routine inspection,TECH242,AutoMind Central,Battery,1790,11299,13089,6.1,2025-07-30,Yes,Completed
S02087,V0499,ESN167987,2025-04-23,Oil Change,Preventive,P0171,Low oil pressure,TECH897,FleetCare Kochi,Coolant Hose,1991,17540,19531,2.2,2025-10-20,Yes,Completed
S02088,V0469,ESN872519,2025-01-31,Engine Diagnostics,Emergency,P0000,Brake wear,TECH209,Kerala Truck Service,Oil Filter,1390,5435,6825,2.9,2025-07-30,No,Pending
S02089,V0384,ESN225135,2025-06-07,Routine Service,Preventive,P0000,Routine inspection,TECH856,AutoMind Central,Brake Pads,3961,2282,6243,7.0,2025-12-04,Yes,Pending
S02090,V0360,ESN581004,2025-07-12,Cooling System,Corrective,P0000,Battery degradation,TECH951,AutoMind Central,Brake Pads,4827,16189,21016,8.6,2026-01-08,Yes,Pending
S02091,V0420,ESN778796,2025-06-27,Engine Diagnostics,Emergency,P0012,Routine inspection,TECH230,FleetCare Kochi,Spark Plug,4710,7306,12016,6.8,2025-12-24,Yes,Completed
S02092,V0235,ESN966943,2025-03-08,Engine Diagnostics,Preventive,P0012,Engine overheating,TECH648,FleetCare Kochi,Coolant Hose,5465,2100,7565,7.6,2025-09-04,Yes,Pending
S02093,V0278,ESN956579,2025-10-24,Engine Diagnostics,Emergency,P0300,Routine inspection,TECH101,Kerala Truck Service,Battery,4819,16725,21544,9.6,2026-04-22,Yes,Completed
S02094,V0219,ESN538192,2025-12-06,Engine Diagnostics,Preventive,P0012,Battery degradation,TECH551,FleetCare Kochi,Brake Pads,3982,3414,7396,10.3,2026-06-04,Yes,Completed
S02095,V0490,ESN226253,2025-10-15,Engine Diagnostics,Emergency,P0420,Battery degradation,TECH136,FleetCare Kochi,Oil Filter,2209,13516,15725,8.7,2026-04-13,No,Pending
S02096,V0142,ESN497425,2025-08-06,Brake Service,Corrective,P0300,Engine overheating,TECH811,AutoMind Central,Brake Pads,4680,2661,7341,8.6,2026-02-02,Yes,Pending
S02097,V0102,ESN815197,2025-03-09,Battery Replacement,Corrective,P0171,Battery degradation,TECH638,FleetCare Kochi,Coolant Hose,3463,12710,16173,7.1,2025-09-05,No,Pending
S02098,V0396,ESN611829,2025-09-04,Brake Service,Preventive,P0012,Engine overheating,TECH136,FleetCare Kochi,Brake Pads,4460,12528,16988,10.0,2026-03-03,Yes,Pending
S02099,V0495,ESN994276,2025-06-19,Routine Service,Preventive,P0420,Battery degradation,TECH675,Kerala Truck Service,Air Filter,5517,4715,10232,5.1,2025-12-16,Yes,Pending
S02100,V0491,ESN367394,2025-09-03,Battery Replacement,Emergency,P0012,Brake wear,TECH719,Kerala Truck Service,Spark Plug,3793,2846,6639,1.9,2026-03-02,Yes,Pending
S02101,V0241,ESN439195,2025-12-04,Routine Service,Preventive,P0000,Routine inspection,TECH422,AutoMind Central,Oil Filter,5927,7807,13734,8.5,2026-06-02,No,Pending
S02102,V0357,ESN911269,2025-12-05,Brake Service,Emergency,P0420,Brake wear,TECH674,AutoMind Central,Battery,2965,12676,15641,2.2,2026-06-03,Yes,Pending
S02103,V0080,ESN290723,2025-05-12,Routine Service,Preventive,P0171,Routine inspection,TECH875,AutoMind Central,Brake Pads,3654,9064,12718,10.8,2025-11-08,No,Completed
S02104,V0171,ESN129494,2025-06-22,Cooling System,Corrective,P0300,Engine overheating,TECH343,Kerala Truck Service,Oil Filter,1088,18782,19870,6.3,2025-12-19,No,Pending
S02105,V0057,ESN278431,2025-09-19,Cooling System,Preventive,P0420,Brake wear,TECH331,Prime Motors,Spark Plug,4016,18387,22403,4.0,2026-03-18,Yes,Pending
S02106,V0160,ESN641940,2025-08-02,Brake Service,Emergency,P0300,Brake wear,TECH651,FleetCare Kochi,Oil Filter,5745,4543,10288,8.0,2026-01-29,No,Completed
S02107,V0067,ESN898524,2025-10-02,Engine Diagnostics,Emergency,P0171,Brake wear,TECH345,Prime Motors,Battery,3870,15348,19218,4.2,2026-03-31,No,Completed
S02108,V0309,ESN152028,2025-08-11,Routine Service,Preventive,P0171,Low oil pressure,TECH573,Prime Motors,Brake Pads,5600,13579,19179,8.2,2026-02-07,No,Completed
S02109,V0268,ESN665357,2025-09-10,Routine Service,Emergency,P0171,Brake wear,TECH732,FleetCare Kochi,Battery,2894,4475,7369,6.4,2026-03-09,No,Pending
S02110,V0118,ESN481818,2025-06-02,Oil Change,Emergency,P0012,Battery degradation,TECH858,Prime Motors,Battery,5309,3156,8465,3.9,2025-11-29,Yes,Completed
S02111,V0416,ESN356853,2025-04-25,Brake Service,Emergency,P0171,Brake wear,TECH893,Kerala Truck Service,Oil Filter,1304,18529,19833,5.4,2025-10-22,Yes,Pending
S02112,V0236,ESN211646,2025-07-01,Cooling System,Preventive,P0171,Brake wear,TECH326,FleetCare Kochi,Coolant Hose,1752,12663,14415,8.1,2025-12-28,Yes,Pending
S02113,V0054,ESN579207,2025-03-02,Engine Diagnostics,Preventive,P0000,Battery degradation,TECH276,Kerala Truck Service,Brake Pads,4397,17513,21910,4.8,2025-08-29,No,Pending
S02114,V0470,ESN331169,2025-08-16,Routine Service,Corrective,P0300,Brake wear,TECH178,Prime Motors,Brake Pads,5969,11345,17314,2.1,2026-02-12,Yes,Completed
S02115,V0061,ESN665804,2025-05-04,Brake Service,Corrective,P0012,Battery degradation,TECH696,Kerala Truck Service,Oil Filter,5145,12298,17443,6.2,2025-10-31,Yes,Pending
S02116,V0330,ESN914789,2025-04-10,Cooling System,Emergency,P0420,Low oil pressure,TECH798,AutoMind Central,Air Filter,1654,7996,9650,10.8,2025-10-07,No,Pending
S02117,V0249,ESN968128,2025-01-14,Cooling System,Preventive,P0000,Battery degradation,TECH115,FleetCare Kochi,Brake Pads,1196,14998,16194,10.3,2025-07-13,No,Completed
S02118,V0497,ESN760173,2025-05-20,Engine Diagnostics,Corrective,P0420,Engine overheating,TECH108,Kerala Truck Service,Air Filter,2266,17450,19716,5.6,2025-11-16,Yes,Completed
S02119,V0428,ESN837174,2025-07-28,Routine Service,Emergency,P0012,Battery degradation,TECH470,Kerala Truck Service,Brake Pads,1590,13372,14962,4.9,2026-01-24,Yes,Pending
S02120,V0419,ESN797731,2025-11-13,Routine Service,Preventive,P0300,Routine inspection,TECH970,FleetCare Kochi,Oil Filter,2612,7858,10470,8.0,2026-05-12,Yes,Pending
S02121,V0009,ESN516348,2025-03-21,Oil Change,Emergency,P0000,Engine overheating,TECH493,AutoMind Central,Coolant Hose,1404,13962,15366,11.0,2025-09-17,Yes,Pending
S02122,V0136,ESN341162,2025-08-26,Routine Service,Emergency,P0171,Routine inspection,TECH187,Kerala Truck Service,Spark Plug,4044,10827,14871,11.8,2026-02-22,No,Pending
S02123,V0020,ESN316292,2025-09-25,Brake Service,Preventive,P0000,Brake wear,TECH858,Prime Motors,Air Filter,5121,7697,12818,2.9,2026-03-24,No,Completed
S02124,V0118,ESN617386,2025-02-23,Engine Diagnostics,Emergency,P0000,Battery degradation,TECH288,FleetCare Kochi,Coolant Hose,3315,19639,22954,3.1,2025-08-22,Yes,Pending
S02125,V0399,ESN184736,2025-08-05,Cooling System,Emergency,P0300,Brake wear,TECH537,AutoMind Central,Oil Filter,3001,9988,12989,9.5,2026-02-01,Yes,Completed
S02126,V0203,ESN725592,2025-05-09,Battery Replacement,Corrective,P0012,Battery degradation,TECH473,AutoMind Central,Brake Pads,5154,13743,18897,8.1,2025-11-05,Yes,Pending
S02127,V0187,ESN687331,2025-01-17,Battery Replacement,Emergency,P0012,Battery degradation,TECH832,Kerala Truck Service,Coolant Hose,2911,14297,17208,1.7,2025-07-16,No,Completed
S02128,V0285,ESN599430,2025-02-16,Brake Service,Preventive,P0171,Low oil pressure,TECH860,Kerala Truck Service,Brake Pads,5681,6149,11830,2.4,2025-08-15,No,Pending
S02129,V0172,ESN704591,2025-08-08,Engine Diagnostics,Corrective,P0420,Low oil pressure,TECH131,Prime Motors,Coolant Hose,1671,9144,10815,6.2,2026-02-04,No,Completed
S02130,V0357,ESN204643,2025-08-07,Routine Service,Preventive,P0300,Engine overheating,TECH353,Prime Motors,Air Filter,2085,12446,14531,2.6,2026-02-03,No,Completed
S02131,V0225,ESN679306,2025-10-07,Engine Diagnostics,Emergency,P0012,Battery degradation,TECH998,Kerala Truck Service,Battery,3434,15998,19432,4.6,2026-04-05,No,Completed
S02132,V0183,ESN127120,2025-08-11,Battery Replacement,Corrective,P0000,Battery degradation,TECH787,Prime Motors,Brake Pads,5024,10459,15483,11.1,2026-02-07,Yes,Pending
S02133,V0135,ESN453621,2025-05-26,Engine Diagnostics,Preventive,P0012,Brake wear,TECH877,FleetCare Kochi,Oil Filter,1761,8339,10100,4.8,2025-11-22,Yes,Pending
S02134,V0440,ESN332159,2025-03-07,Brake Service,Emergency,P0300,Brake wear,TECH676,AutoMind Central,Spark Plug,5168,11511,16679,4.0,2025-09-03,Yes,Completed
S02135,V0027,ESN462070,2025-10-07,Routine Service,Emergency,P0420,Low oil pressure,TECH887,Kerala Truck Service,Oil Filter,5781,19028,24809,7.1,2026-04-05,Yes,Pending
S02136,V0394,ESN934063,2025-05-14,Routine Service,Emergency,P0420,Battery degradation,TECH842,Prime Motors,Oil Filter,2787,13133,15920,8.0,2025-11-10,No,Pending
S02137,V0201,ESN955486,2025-07-02,Oil Change,Emergency,P0000,Engine overheating,TECH908,FleetCare Kochi,Air Filter,2992,4237,7229,6.3,2025-12-29,Yes,Pending
S02138,V0285,ESN865436,2025-11-01,Cooling System,Emergency,P0000,Low oil pressure,TECH675,Prime Motors,Battery,1165,3440,4605,3.9,2026-04-30,Yes,Completed
S02139,V0390,ESN142413,2025-01-30,Oil Change,Corrective,P0171,Battery degradation,TECH454,Kerala Truck Service,Brake Pads,5580,3914,9494,10.5,2025-07-29,Yes,Pending
S02140,V0235,ESN764354,2025-03-24,Cooling System,Corrective,P0012,Brake wear,TECH730,FleetCare Kochi,Battery,1703,9901,11604,11.7,2025-09-20,No,Pending
S02141,V0327,ESN130340,2025-01-26,Cooling System,Preventive,P0012,Brake wear,TECH500,Kerala Truck Service,Coolant Hose,2121,4545,6666,3.8,2025-07-25,Yes,Pending
S02142,V0204,ESN514056,2025-10-18,Oil Change,Corrective,P0171,Low oil pressure,TECH369,Prime Motors,Brake Pads,4033,19500,23533,8.1,2026-04-16,Yes,Pending
S02143,V0048,ESN715038,2025-02-10,Brake Service,Emergency,P0012,Brake wear,TECH843,Kerala Truck Service,Oil Filter,4287,17182,21469,6.2,2025-08-09,Yes,Completed
S02144,V0420,ESN439741,2025-06-22,Brake Service,Corrective,P0420,Routine inspection,TECH235,FleetCare Kochi,Air Filter,4872,9079,13951,6.9,2025-12-19,Yes,Completed
S02145,V0408,ESN772116,2025-07-23,Cooling System,Emergency,P0300,Low oil pressure,TECH379,Kerala Truck Service,Battery,1000,11861,12861,2.5,2026-01-19,Yes,Pending
S02146,V0187,ESN822637,2025-06-24,Engine Diagnostics,Corrective,P0012,Routine inspection,TECH207,FleetCare Kochi,Spark Plug,3994,6777,10771,10.9,2025-12-21,Yes,Pending
S02147,V0145,ESN861747,2025-03-07,Engine Diagnostics,Corrective,P0012,Low oil pressure,TECH356,FleetCare Kochi,Brake Pads,3748,8015,11763,8.3,2025-09-03,Yes,Completed
S02148,V0398,ESN793446,2025-10-07,Cooling System,Corrective,P0171,Brake wear,TECH512,Kerala Truck Service,Brake Pads,2499,18762,21261,1.4,2026-04-05,No,Pending
S02149,V0249,ESN782201,2025-02-08,Oil Change,Corrective,P0300,Low oil pressure,TECH170,Prime Motors,Battery,1194,7061,8255,3.5,2025-08-07,Yes,Pending
S02150,V0137,ESN865568,2025-10-17,Cooling System,Corrective,P0000,Battery degradation,TECH434,Prime Motors,Brake Pads,1454,16765,18219,7.1,2026-04-15,Yes,Pending
S02151,V0218,ESN449255,2025-04-27,Engine Diagnostics,Corrective,P0300,Low oil pressure,TECH869,Kerala Truck Service,Battery,4967,6490,11457,1.1,2025-10-24,No,Completed
S02152,V0322,ESN938501,2025-02-07,Engine Diagnostics,Emergency,P0300,Battery degradation,TECH853,AutoMind Central,Air Filter,3169,15618,18787,8.0,2025-08-06,No,Completed
S02153,V0395,ESN897765,2025-07-28,Oil Change,Corrective,P0000,Engine overheating,TECH138,AutoMind Central,Brake Pads,879,18705,19584,11.6,2026-01-24,Yes,Completed
S02154,V0470,ESN534396,2025-12-11,Engine Diagnostics,Preventive,P0420,Brake wear,TECH223,Prime Motors,Oil Filter,2635,3648,6283,4.6,2026-06-09,Yes,Pending
S02155,V0272,ESN411195,2025-11-17,Engine Diagnostics,Corrective,P0012,Routine inspection,TECH397,AutoMind Central,Coolant Hose,3358,16556,19914,4.9,2026-05-16,No,Completed
S02156,V0423,ESN873616,2025-12-06,Engine Diagnostics,Emergency,P0171,Low oil pressure,TECH579,Prime Motors,Coolant Hose,4329,12666,16995,7.5,2026-06-04,No,Completed
S02157,V0188,ESN644070,2025-02-13,Brake Service,Preventive,P0012,Routine inspection,TECH107,Kerala Truck Service,Oil Filter,4454,9339,13793,10.4,2025-08-12,No,Completed
S02158,V0363,ESN943522,2025-11-29,Battery Replacement,Preventive,P0171,Low oil pressure,TECH675,FleetCare Kochi,Spark Plug,3680,4962,8642,1.3,2026-05-28,Yes,Pending
S02159,V0479,ESN443740,2025-07-19,Routine Service,Corrective,P0000,Battery degradation,TECH421,FleetCare Kochi,Brake Pads,1574,1548,3122,9.4,2026-01-15,No,Pending
S02160,V0442,ESN665875,2025-07-28,Oil Change,Preventive,P0000,Low oil pressure,TECH526,FleetCare Kochi,Coolant Hose,5111,17188,22299,5.6,2026-01-24,Yes,Completed
S02161,V0249,ESN563259,2025-05-19,Cooling System,Emergency,P0000,Battery degradation,TECH177,Kerala Truck Service,Battery,2715,9509,12224,5.4,2025-11-15,No,Completed
S02162,V0136,ESN227092,2025-09-19,Engine Diagnostics,Corrective,P0000,Routine inspection,TECH177,FleetCare Kochi,Brake Pads,2564,18530,21094,5.4,2026-03-18,No,Pending
S02163,V0362,ESN360365,2025-10-03,Oil Change,Emergency,P0420,Low oil pressure,TECH892,Kerala Truck Service,Brake Pads,4704,3332,8036,5.7,2026-04-01,No,Completed
S02164,V0186,ESN748649,2025-01-12,Brake Service,Emergency,P0420,Brake wear,TECH108,FleetCare Kochi,Air Filter,877,2563,3440,9.1,2025-07-11,No,Completed
S02165,V0361,ESN134488,2025-08-30,Brake Service,Preventive,P0000,Routine inspection,TECH280,AutoMind Central,Battery,985,19478,20463,7.6,2026-02-26,Yes,Pending
S02166,V0335,ESN871128,2025-04-04,Engine Diagnostics,Corrective,P0300,Low oil pressure,TECH325,Kerala Truck Service,Spark Plug,3244,17310,20554,4.2,2025-10-01,No,Completed
S02167,V0321,ESN677322,2025-07-25,Brake Service,Corrective,P0171,Routine inspection,TECH867,FleetCare Kochi,Coolant Hose,1250,15118,16368,4.1,2026-01-21,Yes,Pending
S02168,V0122,ESN253105,2025-01-29,Brake Service,Corrective,P0012,Brake wear,TECH573,FleetCare Kochi,Spark Plug,4649,19204,23853,4.5,2025-07-28,No,Pending
S02169,V0452,ESN879192,2025-07-10,Engine Diagnostics,Preventive,P0420,Brake wear,TECH959,AutoMind Central,Brake Pads,3078,6275,9353,2.8,2026-01-06,No,Pending
S02170,V0170,ESN389313,2025-03-07,Oil Change,Corrective,P0420,Routine inspection,TECH116,FleetCare Kochi,Coolant Hose,5428,16558,21986,3.7,2025-09-03,No,Pending
S02171,V0361,ESN326774,2025-07-22,Brake Service,Corrective,P0171,Brake wear,TECH215,Kerala Truck Service,Coolant Hose,2246,6237,8483,4.5,2026-01-18,Yes,Pending
S02172,V0428,ESN567759,2025-07-22,Cooling System,Corrective,P0000,Routine inspection,TECH534,Kerala Truck Service,Coolant Hose,3117,18308,21425,9.7,2026-01-18,Yes,Completed
S02173,V0421,ESN745127,2025-03-28,Cooling System,Emergency,P0171,Engine overheating,TECH986,AutoMind Central,Brake Pads,3197,3023,6220,5.5,2025-09-24,No,Pending
S02174,V0084,ESN267491,2025-07-23,Battery Replacement,Preventive,P0300,Routine inspection,TECH616,FleetCare Kochi,Battery,930,12533,13463,7.4,2026-01-19,Yes,Completed
S02175,V0060,ESN412655,2025-03-28,Brake Service,Emergency,P0420,Brake wear,TECH319,Prime Motors,Oil Filter,1891,7673,9564,5.6,2025-09-24,Yes,Completed
S02176,V0357,ESN896536,2025-06-28,Routine Service,Emergency,P0300,Brake wear,TECH817,AutoMind Central,Air Filter,1435,4027,5462,7.1,2025-12-25,No,Completed
S02177,V0412,ESN430874,2025-11-13,Oil Change,Preventive,P0420,Brake wear,TECH867,Prime Motors,Air Filter,1417,1052,2469,8.4,2026-05-12,Yes,Pending
S02178,V0353,ESN369405,2025-06-06,Brake Service,Corrective,P0000,Low oil pressure,TECH702,Kerala Truck Service,Oil Filter,4684,13348,18032,8.9,2025-12-03,No,Completed
S02179,V0265,ESN750405,2025-12-26,Cooling System,Corrective,P0000,Brake wear,TECH362,Kerala Truck Service,Oil Filter,5440,4462,9902,2.0,2026-06-24,Yes,Pending
S02180,V0255,ESN238989,2025-04-01,Battery Replacement,Preventive,P0300,Routine inspection,TECH911,FleetCare Kochi,Brake Pads,4645,4629,9274,6.4,2025-09-28,Yes,Completed
S02181,V0398,ESN830913,2025-12-02,Cooling System,Preventive,P0171,Brake wear,TECH169,FleetCare Kochi,Oil Filter,993,8127,9120,7.6,2026-05-31,No,Completed
S02182,V0182,ESN284725,2025-02-24,Brake Service,Preventive,P0012,Engine overheating,TECH722,FleetCare Kochi,Coolant Hose,1618,15731,17349,2.1,2025-08-23,Yes,Pending
S02183,V0479,ESN804555,2025-02-18,Oil Change,Emergency,P0171,Routine inspection,TECH607,Prime Motors,Air Filter,2255,1712,3967,4.7,2025-08-17,Yes,Pending
S02184,V0259,ESN524493,2025-05-02,Routine Service,Preventive,P0300,Engine overheating,TECH798,Prime Motors,Oil Filter,5102,2828,7930,8.8,2025-10-29,No,Completed
S02185,V0321,ESN113988,2025-05-21,Routine Service,Emergency,P0300,Battery degradation,TECH842,AutoMind Central,Brake Pads,5616,883,6499,4.5,2025-11-17,No,Pending
S02186,V0094,ESN715345,2025-06-19,Brake Service,Preventive,P0000,Low oil pressure,TECH362,AutoMind Central,Spark Plug,3048,1884,4932,1.8,2025-12-16,No,Completed
S02187,V0008,ESN135915,2025-10-11,Oil Change,Emergency,P0300,Low oil pressure,TECH454,AutoMind Central,Oil Filter,4300,1026,5326,4.7,2026-04-09,No,Pending
S02188,V0014,ESN618313,2025-05-17,Battery Replacement,Corrective,P0000,Battery degradation,TECH798,Kerala Truck Service,Oil Filter,1479,5456,6935,8.8,2025-11-13,No,Pending
S02189,V0367,ESN689681,2025-11-01,Engine Diagnostics,Corrective,P0000,Low oil pressure,TECH463,FleetCare Kochi,Air Filter,4208,793,5001,8.1,2026-04-30,Yes,Pending
S02190,V0312,ESN781536,2025-10-08,Cooling System,Emergency,P0300,Engine overheating,TECH761,AutoMind Central,Coolant Hose,5550,6326,11876,4.6,2026-04-06,No,Completed
S02191,V0012,ESN713919,2025-01-20,Routine Service,Corrective,P0420,Brake wear,TECH773,AutoMind Central,Battery,5820,19154,24974,2.7,2025-07-19,Yes,Pending
S02192,V0249,ESN689618,2025-03-08,Brake Service,Preventive,P0171,Routine inspection,TECH446,Kerala Truck Service,Oil Filter,3802,519,4321,3.4,2025-09-04,Yes,Pending
S02193,V0223,ESN329640,2025-11-29,Cooling System,Preventive,P0171,Routine inspection,TECH564,Prime Motors,Battery,1025,8104,9129,7.8,2026-05-28,Yes,Completed
S02194,V0099,ESN902754,2025-03-26,Cooling System,Corrective,P0420,Battery degradation,TECH787,Prime Motors,Air Filter,1136,19337,20473,7.0,2025-09-22,No,Completed
S02195,V0364,ESN203665,2025-10-05,Cooling System,Emergency,P0171,Brake wear,TECH801,FleetCare Kochi,Spark Plug,2525,14973,17498,8.6,2026-04-03,Yes,Pending
S02196,V0284,ESN247989,2025-09-26,Brake Service,Emergency,P0300,Routine inspection,TECH404,AutoMind Central,Battery,4275,4921,9196,2.6,2026-03-25,Yes,Completed
S02197,V0204,ESN849372,2025-05-13,Battery Replacement,Corrective,P0012,Routine inspection,TECH956,AutoMind Central,Brake Pads,5469,14063,19532,4.2,2025-11-09,No,Pending
S02198,V0053,ESN646948,2025-10-02,Cooling System,Corrective,P0171,Routine inspection,TECH615,Kerala Truck Service,Battery,2667,3055,5722,3.2,2026-03-31,No,Completed
S02199,V0144,ESN770223,2025-07-03,Cooling System,Emergency,P0000,Battery degradation,TECH709,FleetCare Kochi,Air Filter,1675,8201,9876,11.1,2025-12-30,No,Completed
S02200,V0464,ESN274786,2025-03-27,Engine Diagnostics,Preventive,P0171,Low oil pressure,TECH736,FleetCare Kochi,Spark Plug,2385,6607,8992,7.6,2025-09-23,Yes,Pending
S02201,V0133,ESN266161,2025-04-12,Engine Diagnostics,Corrective,P0171,Brake wear,TECH677,Kerala Truck Service,Spark Plug,2528,8145,10673,3.4,2025-10-09,No,Completed
S02202,V0063,ESN680262,2025-08-28,Routine Service,Preventive,P0012,Low oil pressure,TECH868,Kerala Truck Service,Brake Pads,3157,6770,9927,3.3,2026-02-24,Yes,Completed
S02203,V0358,ESN153834,2025-08-26,Battery Replacement,Corrective,P0171,Routine inspection,TECH449,AutoMind Central,Brake Pads,2881,9018,11899,5.2,2026-02-22,Yes,Completed
S02204,V0016,ESN828607,2025-11-09,Engine Diagnostics,Corrective,P0000,Engine overheating,TECH690,Kerala Truck Service,Oil Filter,5664,12838,18502,10.9,2026-05-08,Yes,Pending
S02205,V0487,ESN415304,2025-09-25,Oil Change,Preventive,P0171,Low oil pressure,TECH209,AutoMind Central,Brake Pads,3071,6445,9516,5.6,2026-03-24,No,Pending
S02206,V0025,ESN508695,2025-12-07,Routine Service,Emergency,P0171,Brake wear,TECH479,Prime Motors,Spark Plug,5672,5707,11379,7.7,2026-06-05,Yes,Completed
S02207,V0059,ESN439901,2025-05-28,Brake Service,Corrective,P0000,Battery degradation,TECH946,AutoMind Central,Coolant Hose,5509,13639,19148,2.5,2025-11-24,Yes,Completed
S02208,V0045,ESN900074,2025-09-11,Routine Service,Corrective,P0000,Engine overheating,TECH360,Prime Motors,Air Filter,2775,2406,5181,9.4,2026-03-10,No,Pending
S02209,V0393,ESN334514,2025-09-14,Oil Change,Corrective,P0000,Routine inspection,TECH231,Prime Motors,Air Filter,3927,8153,12080,2.4,2026-03-13,Yes,Pending
S02210,V0484,ESN940071,2025-08-16,Oil Change,Corrective,P0000,Brake wear,TECH190,Prime Motors,Spark Plug,3371,15934,19305,11.8,2026-02-12,Yes,Pending
S02211,V0086,ESN257025,2025-11-28,Routine Service,Preventive,P0300,Battery degradation,TECH715,Prime Motors,Brake Pads,1469,9198,10667,6.9,2026-05-27,No,Pending
S02212,V0190,ESN449945,2025-10-15,Engine Diagnostics,Preventive,P0420,Brake wear,TECH480,Kerala Truck Service,Oil Filter,3691,18523,22214,2.4,2026-04-13,Yes,Pending
S02213,V0465,ESN564123,2025-10-24,Cooling System,Emergency,P0000,Engine overheating,TECH376,FleetCare Kochi,Spark Plug,5638,13998,19636,8.1,2026-04-22,Yes,Completed
S02214,V0123,ESN935670,2025-06-11,Routine Service,Corrective,P0012,Battery degradation,TECH792,Prime Motors,Oil Filter,3850,817,4667,3.7,2025-12-08,No,Pending
S02215,V0418,ESN385297,2025-03-06,Battery Replacement,Preventive,P0000,Routine inspection,TECH834,Prime Motors,Brake Pads,4862,10574,15436,8.6,2025-09-02,Yes,Pending
S02216,V0004,ESN743036,2025-09-24,Battery Replacement,Corrective,P0300,Low oil pressure,TECH788,FleetCare Kochi,Oil Filter,5357,2856,8213,7.8,2026-03-23,Yes,Pending
S02217,V0480,ESN597830,2025-06-02,Routine Service,Corrective,P0171,Brake wear,TECH498,Prime Motors,Air Filter,3021,3066,6087,10.1,2025-11-29,Yes,Completed
S02218,V0266,ESN915170,2025-07-28,Oil Change,Emergency,P0420,Battery degradation,TECH131,Prime Motors,Air Filter,2285,6744,9029,10.2,2026-01-24,No,Completed
S02219,V0251,ESN746997,2025-08-26,Battery Replacement,Emergency,P0000,Routine inspection,TECH825,AutoMind Central,Air Filter,1487,4540,6027,6.6,2026-02-22,No,Completed
S02220,V0118,ESN599019,2025-12-13,Battery Replacement,Corrective,P0300,Battery degradation,TECH644,Kerala Truck Service,Spark Plug,4636,6526,11162,9.0,2026-06-11,Yes,Completed
S02221,V0402,ESN240346,2025-07-12,Engine Diagnostics,Preventive,P0000,Battery degradation,TECH719,Prime Motors,Air Filter,5830,6861,12691,11.7,2026-01-08,No,Pending
S02222,V0409,ESN740965,2025-05-12,Cooling System,Corrective,P0420,Battery degradation,TECH255,AutoMind Central,Oil Filter,1825,3035,4860,3.3,2025-11-08,No,Completed
S02223,V0444,ESN370776,2025-11-22,Engine Diagnostics,Preventive,P0420,Brake wear,TECH280,Prime Motors,Brake Pads,5200,18698,23898,9.9,2026-05-21,Yes,Pending
S02224,V0467,ESN173051,2025-09-02,Engine Diagnostics,Corrective,P0000,Routine inspection,TECH321,AutoMind Central,Brake Pads,2632,16426,19058,1.4,2026-03-01,No,Completed
S02225,V0088,ESN168872,2025-12-15,Battery Replacement,Preventive,P0000,Low oil pressure,TECH189,FleetCare Kochi,Oil Filter,4298,12570,16868,7.8,2026-06-13,Yes,Pending
S02226,V0303,ESN319760,2025-11-06,Brake Service,Preventive,P0171,Low oil pressure,TECH168,Kerala Truck Service,Air Filter,3767,13481,17248,6.0,2026-05-05,Yes,Completed
S02227,V0305,ESN305978,2025-02-20,Battery Replacement,Preventive,P0171,Engine overheating,TECH390,Kerala Truck Service,Oil Filter,1976,9185,11161,5.1,2025-08-19,No,Pending
S02228,V0367,ESN970242,2025-09-12,Oil Change,Corrective,P0000,Engine overheating,TECH901,Prime Motors,Air Filter,1707,2293,4000,11.1,2026-03-11,Yes,Pending
S02229,V0313,ESN885390,2025-03-16,Cooling System,Corrective,P0420,Engine overheating,TECH400,FleetCare Kochi,Coolant Hose,1314,15956,17270,5.5,2025-09-12,No,Completed
S02230,V0191,ESN650645,2025-10-23,Cooling System,Preventive,P0171,Brake wear,TECH275,FleetCare Kochi,Air Filter,3091,7587,10678,3.9,2026-04-21,Yes,Pending
S02231,V0029,ESN883553,2025-04-17,Brake Service,Preventive,P0012,Battery degradation,TECH157,Kerala Truck Service,Spark Plug,5112,4792,9904,11.0,2025-10-14,Yes,Pending
S02232,V0057,ESN903332,2025-05-11,Engine Diagnostics,Corrective,P0300,Routine inspection,TECH103,Kerala Truck Service,Oil Filter,5603,13218,18821,2.5,2025-11-07,No,Pending
S02233,V0338,ESN776654,2025-11-02,Battery Replacement,Corrective,P0300,Brake wear,TECH859,Kerala Truck Service,Coolant Hose,4725,7111,11836,5.0,2026-05-01,Yes,Completed
S02234,V0195,ESN289074,2025-03-29,Battery Replacement,Emergency,P0171,Brake wear,TECH366,FleetCare Kochi,Battery,5783,8071,13854,1.5,2025-09-25,No,Pending
S02235,V0241,ESN199789,2025-12-21,Brake Service,Preventive,P0000,Engine overheating,TECH939,Kerala Truck Service,Battery,4918,18464,23382,1.4,2026-06-19,No,Pending
S02236,V0269,ESN205395,2025-03-08,Cooling System,Emergency,P0000,Low oil pressure,TECH241,Prime Motors,Spark Plug,4663,13820,18483,4.6,2025-09-04,Yes,Completed
S02237,V0398,ESN311890,2025-04-14,Battery Replacement,Corrective,P0300,Engine overheating,TECH316,FleetCare Kochi,Oil Filter,3225,15014,18239,7.9,2025-10-11,Yes,Pending
S02238,V0231,ESN472054,2025-05-08,Engine Diagnostics,Emergency,P0420,Routine inspection,TECH591,AutoMind Central,Oil Filter,1152,6249,7401,2.1,2025-11-04,Yes,Pending
S02239,V0057,ESN813920,2025-02-23,Brake Service,Corrective,P0000,Brake wear,TECH706,Prime Motors,Battery,4051,10863,14914,11.8,2025-08-22,Yes,Pending
S02240,V0247,ESN514223,2025-02-28,Oil Change,Emergency,P0012,Engine overheating,TECH219,AutoMind Central,Oil Filter,4149,11783,15932,11.8,2025-08-27,Yes,Completed
S02241,V0488,ESN720194,2025-03-13,Battery Replacement,Preventive,P0000,Routine inspection,TECH792,AutoMind Central,Battery,5060,12624,17684,9.5,2025-09-09,Yes,Completed
S02242,V0213,ESN842302,2025-03-15,Engine Diagnostics,Emergency,P0012,Engine overheating,TECH505,Kerala Truck Service,Coolant Hose,4549,15388,19937,5.9,2025-09-11,Yes,Pending
S02243,V0376,ESN660350,2025-12-31,Cooling System,Emergency,P0171,Brake wear,TECH413,FleetCare Kochi,Battery,3408,13359,16767,12.0,2026-06-29,No,Pending
S02244,V0423,ESN749523,2025-10-06,Brake Service,Preventive,P0420,Engine overheating,TECH946,FleetCare Kochi,Air Filter,4209,14723,18932,4.8,2026-04-04,Yes,Pending
S02245,V0232,ESN307207,2025-06-14,Oil Change,Preventive,P0000,Routine inspection,TECH957,FleetCare Kochi,Air Filter,3147,4298,7445,10.3,2025-12-11,Yes,Completed
S02246,V0305,ESN671609,2025-06-13,Battery Replacement,Emergency,P0300,Brake wear,TECH426,Prime Motors,Air Filter,1404,722,2126,7.6,2025-12-10,Yes,Completed
S02247,V0203,ESN608823,2025-05-01,Cooling System,Emergency,P0171,Brake wear,TECH891,Prime Motors,Battery,1687,6733,8420,11.3,2025-10-28,Yes,Pending
S02248,V0333,ESN622816,2025-01-04,Engine Diagnostics,Emergency,P0171,Low oil pressure,TECH454,Prime Motors,Spark Plug,4786,18746,23532,10.6,2025-07-03,Yes,Completed
S02249,V0138,ESN755864,2025-04-24,Battery Replacement,Preventive,P0300,Battery degradation,TECH391,Prime Motors,Air Filter,5596,1098,6694,9.0,2025-10-21,No,Completed
S02250,V0117,ESN679579,2025-07-17,Engine Diagnostics,Corrective,P0000,Routine inspection,TECH252,FleetCare Kochi,Oil Filter,1473,4480,5953,10.9,2026-01-13,Yes,Completed
S02251,V0222,ESN298261,2025-12-04,Oil Change,Emergency,P0300,Brake wear,TECH324,Kerala Truck Service,Oil Filter,968,18436,19404,6.8,2026-06-02,Yes,Completed
S02252,V0359,ESN402768,2025-08-08,Oil Change,Emergency,P0000,Battery degradation,TECH378,Kerala Truck Service,Air Filter,3916,15671,19587,5.8,2026-02-04,No,Pending
S02253,V0340,ESN980852,2025-07-28,Cooling System,Emergency,P0300,Low oil pressure,TECH562,Prime Motors,Brake Pads,4588,6035,10623,2.8,2026-01-24,No,Completed
S02254,V0212,ESN148391,2025-07-07,Brake Service,Corrective,P0012,Low oil pressure,TECH627,Prime Motors,Coolant Hose,2415,13359,15774,4.5,2026-01-03,No,Pending
S02255,V0499,ESN169857,2025-09-12,Engine Diagnostics,Emergency,P0012,Routine inspection,TECH839,FleetCare Kochi,Coolant Hose,3604,10899,14503,11.8,2026-03-11,No,Pending
S02256,V0432,ESN830103,2025-11-11,Battery Replacement,Preventive,P0000,Routine inspection,TECH753,AutoMind Central,Coolant Hose,2102,18040,20142,11.4,2026-05-10,Yes,Pending
S02257,V0206,ESN212740,2025-04-28,Oil Change,Preventive,P0300,Low oil pressure,TECH332,Prime Motors,Battery,1967,8574,10541,10.3,2025-10-25,Yes,Completed
S02258,V0273,ESN991769,2025-11-06,Engine Diagnostics,Emergency,P0300,Engine overheating,TECH662,Kerala Truck Service,Oil Filter,1651,2890,4541,3.2,2026-05-05,Yes,Pending
S02259,V0379,ESN765913,2025-01-02,Routine Service,Emergency,P0000,Low oil pressure,TECH884,AutoMind Central,Air Filter,4577,7251,11828,3.2,2025-07-01,No,Completed
S02260,V0071,ESN696320,2025-02-01,Oil Change,Corrective,P0420,Low oil pressure,TECH720,Kerala Truck Service,Oil Filter,1203,7019,8222,3.1,2025-07-31,No,Pending
S02261,V0237,ESN857254,2025-09-25,Engine Diagnostics,Preventive,P0012,Brake wear,TECH331,FleetCare Kochi,Spark Plug,3955,15550,19505,12.0,2026-03-24,Yes,Pending
S02262,V0103,ESN988283,2025-07-28,Routine Service,Preventive,P0300,Engine overheating,TECH967,FleetCare Kochi,Oil Filter,4782,18392,23174,6.7,2026-01-24,No,Pending
S02263,V0356,ESN856418,2025-01-02,Brake Service,Corrective,P0300,Low oil pressure,TECH814,AutoMind Central,Spark Plug,1452,11517,12969,11.6,2025-07-01,No,Completed
S02264,V0186,ESN692205,2025-02-04,Battery Replacement,Preventive,P0420,Low oil pressure,TECH582,Kerala Truck Service,Oil Filter,2531,12054,14585,1.6,2025-08-03,Yes,Pending
S02265,V0182,ESN429135,2025-08-19,Oil Change,Corrective,P0420,Brake wear,TECH224,FleetCare Kochi,Brake Pads,2744,13606,16350,2.2,2026-02-15,Yes,Completed
S02266,V0445,ESN728671,2025-06-03,Brake Service,Preventive,P0012,Battery degradation,TECH833,Kerala Truck Service,Spark Plug,2982,9634,12616,10.3,2025-11-30,Yes,Completed
S02267,V0204,ESN472347,2025-04-30,Routine Service,Emergency,P0000,Low oil pressure,TECH389,Prime Motors,Air Filter,3164,2814,5978,4.4,2025-10-27,No,Completed
S02268,V0251,ESN352714,2025-11-15,Engine Diagnostics,Corrective,P0300,Low oil pressure,TECH201,Kerala Truck Service,Air Filter,4401,16564,20965,10.8,2026-05-14,No,Completed
S02269,V0029,ESN445759,2025-09-12,Brake Service,Corrective,P0012,Routine inspection,TECH155,FleetCare Kochi,Brake Pads,4453,13013,17466,11.1,2026-03-11,No,Completed
S02270,V0315,ESN467620,2025-02-27,Cooling System,Preventive,P0012,Engine overheating,TECH836,Prime Motors,Spark Plug,5670,5235,10905,10.1,2025-08-26,No,Completed
S02271,V0320,ESN172775,2025-11-14,Engine Diagnostics,Corrective,P0000,Brake wear,TECH155,Prime Motors,Coolant Hose,3109,9199,12308,8.0,2026-05-13,No,Pending
S02272,V0366,ESN329568,2025-05-26,Engine Diagnostics,Emergency,P0171,Engine overheating,TECH598,Kerala Truck Service,Battery,2318,10298,12616,6.3,2025-11-22,Yes,Pending
S02273,V0001,ESN769503,2025-08-02,Engine Diagnostics,Corrective,P0420,Brake wear,TECH600,AutoMind Central,Coolant Hose,4112,1385,5497,7.4,2026-01-29,Yes,Pending
S02274,V0276,ESN836348,2025-12-02,Routine Service,Emergency,P0012,Brake wear,TECH332,Kerala Truck Service,Battery,1730,14166,15896,9.4,2026-05-31,Yes,Pending
S02275,V0293,ESN888038,2025-02-08,Cooling System,Emergency,P0171,Routine inspection,TECH972,Kerala Truck Service,Coolant Hose,4024,12638,16662,4.4,2025-08-07,Yes,Completed
S02276,V0307,ESN119278,2025-01-07,Cooling System,Preventive,P0012,Low oil pressure,TECH600,FleetCare Kochi,Air Filter,4589,18485,23074,7.9,2025-07-06,No,Completed
S02277,V0080,ESN751015,2025-10-26,Oil Change,Emergency,P0300,Low oil pressure,TECH749,Prime Motors,Air Filter,1125,14197,15322,7.5,2026-04-24,Yes,Pending
S02278,V0154,ESN488086,2025-12-08,Routine Service,Preventive,P0171,Low oil pressure,TECH401,Prime Motors,Air Filter,4344,11569,15913,8.0,2026-06-06,No,Pending
S02279,V0207,ESN326356,2025-11-09,Routine Service,Preventive,P0300,Engine overheating,TECH359,Kerala Truck Service,Brake Pads,1242,10353,11595,5.9,2026-05-08,Yes,Pending
S02280,V0302,ESN227123,2025-01-20,Oil Change,Emergency,P0171,Brake wear,TECH497,AutoMind Central,Brake Pads,2252,13872,16124,1.2,2025-07-19,No,Pending
S02281,V0356,ESN525041,2025-10-08,Brake Service,Emergency,P0012,Brake wear,TECH660,Prime Motors,Spark Plug,3751,17226,20977,6.9,2026-04-06,No,Pending
S02282,V0087,ESN632441,2025-10-27,Cooling System,Preventive,P0171,Brake wear,TECH728,FleetCare Kochi,Spark Plug,3652,15625,19277,7.3,2026-04-25,Yes,Completed
S02283,V0201,ESN509581,2025-04-24,Oil Change,Emergency,P0171,Low oil pressure,TECH969,AutoMind Central,Air Filter,1430,12482,13912,11.0,2025-10-21,No,Pending
S02284,V0218,ESN558975,2025-11-10,Oil Change,Preventive,P0171,Engine overheating,TECH722,AutoMind Central,Coolant Hose,4261,18395,22656,9.9,2026-05-09,No,Completed
S02285,V0370,ESN270374,2025-01-10,Engine Diagnostics,Emergency,P0300,Engine overheating,TECH719,AutoMind Central,Air Filter,3201,15088,18289,3.2,2025-07-09,Yes,Pending
S02286,V0026,ESN162860,2025-12-04,Oil Change,Emergency,P0012,Brake wear,TECH540,Prime Motors,Battery,4411,14918,19329,3.2,2026-06-02,No,Pending
S02287,V0068,ESN509708,2025-05-08,Cooling System,Preventive,P0012,Routine inspection,TECH418,FleetCare Kochi,Brake Pads,5859,17116,22975,1.6,2025-11-04,No,Pending
S02288,V0488,ESN565264,2025-07-09,Oil Change,Emergency,P0300,Engine overheating,TECH856,Prime Motors,Air Filter,1817,4649,6466,8.3,2026-01-05,No,Pending
S02289,V0227,ESN540019,2025-08-16,Oil Change,Preventive,P0000,Low oil pressure,TECH638,Kerala Truck Service,Battery,1775,13762,15537,10.7,2026-02-12,Yes,Completed
S02290,V0061,ESN297184,2025-08-26,Routine Service,Corrective,P0420,Engine overheating,TECH789,Kerala Truck Service,Oil Filter,4742,2160,6902,4.8,2026-02-22,No,Pending
S02291,V0194,ESN547547,2025-07-24,Brake Service,Emergency,P0300,Engine overheating,TECH358,FleetCare Kochi,Spark Plug,5805,14995,20800,4.9,2026-01-20,Yes,Completed
S02292,V0072,ESN114764,2025-09-16,Routine Service,Emergency,P0012,Brake wear,TECH850,Prime Motors,Air Filter,4660,5081,9741,8.5,2026-03-15,No,Pending
S02293,V0207,ESN710429,2025-10-10,Engine Diagnostics,Corrective,P0171,Brake wear,TECH688,Prime Motors,Brake Pads,4488,8267,12755,1.7,2026-04-08,No,Completed
S02294,V0260,ESN821095,2025-08-03,Routine Service,Emergency,P0171,Battery degradation,TECH960,AutoMind Central,Battery,5160,14209,19369,10.0,2026-01-30,No,Pending
S02295,V0265,ESN341320,2025-08-15,Cooling System,Preventive,P0012,Low oil pressure,TECH572,Kerala Truck Service,Battery,3688,13470,17158,7.4,2026-02-11,No,Completed
S02296,V0463,ESN686243,2025-01-07,Battery Replacement,Corrective,P0000,Engine overheating,TECH359,Prime Motors,Battery,5100,18389,23489,3.7,2025-07-06,No,Completed
S02297,V0018,ESN467368,2025-05-26,Cooling System,Preventive,P0012,Low oil pressure,TECH324,Prime Motors,Air Filter,4511,18312,22823,9.4,2025-11-22,Yes,Pending
S02298,V0236,ESN782492,2025-10-28,Cooling System,Emergency,P0012,Engine overheating,TECH679,Kerala Truck Service,Air Filter,3842,12154,15996,1.0,2026-04-26,No,Completed
S02299,V0253,ESN805997,2025-06-27,Brake Service,Emergency,P0420,Low oil pressure,TECH777,Prime Motors,Brake Pads,2205,19701,21906,2.9,2025-12-24,No,Completed
S02300,V0115,ESN228334,2025-11-15,Routine Service,Corrective,P0420,Low oil pressure,TECH826,FleetCare Kochi,Spark Plug,5660,4131,9791,11.9,2026-05-14,Yes,Completed
S02301,V0093,ESN548634,2025-06-03,Routine Service,Corrective,P0300,Routine inspection,TECH551,FleetCare Kochi,Battery,4441,11165,15606,11.5,2025-11-30,No,Completed
S02302,V0284,ESN361646,2025-07-07,Oil Change,Corrective,P0420,Brake wear,TECH870,Kerala Truck Service,Air Filter,5884,5082,10966,6.9,2026-01-03,No,Completed
S02303,V0118,ESN377067,2025-03-21,Cooling System,Preventive,P0420,Low oil pressure,TECH854,AutoMind Central,Oil Filter,2759,9548,12307,5.0,2025-09-17,Yes,Pending
S02304,V0073,ESN161282,2025-12-28,Routine Service,Preventive,P0012,Brake wear,TECH859,AutoMind Central,Battery,5652,5867,11519,7.4,2026-06-26,No,Pending
S02305,V0377,ESN838521,2025-03-22,Routine Service,Emergency,P0000,Battery degradation,TECH236,AutoMind Central,Oil Filter,1417,8165,9582,4.4,2025-09-18,No,Pending
S02306,V0369,ESN641152,2025-11-28,Routine Service,Preventive,P0300,Low oil pressure,TECH560,Kerala Truck Service,Spark Plug,3712,11204,14916,8.1,2026-05-27,Yes,Completed
S02307,V0306,ESN430098,2025-05-18,Routine Service,Emergency,P0420,Low oil pressure,TECH736,FleetCare Kochi,Brake Pads,818,19530,20348,4.3,2025-11-14,Yes,Pending
S02308,V0170,ESN302627,2025-10-21,Engine Diagnostics,Emergency,P0300,Low oil pressure,TECH286,FleetCare Kochi,Spark Plug,4161,17803,21964,5.3,2026-04-19,Yes,Pending
S02309,V0100,ESN827819,2025-11-05,Engine Diagnostics,Preventive,P0420,Engine overheating,TECH827,Prime Motors,Spark Plug,1544,2848,4392,3.2,2026-05-04,No,Completed
S02310,V0371,ESN830964,2025-02-07,Engine Diagnostics,Corrective,P0012,Routine inspection,TECH859,Kerala Truck Service,Brake Pads,1978,6546,8524,11.9,2025-08-06,No,Completed
S02311,V0310,ESN563274,2025-04-17,Battery Replacement,Preventive,P0171,Engine overheating,TECH593,Kerala Truck Service,Coolant Hose,4889,16453,21342,3.4,2025-10-14,Yes,Pending
S02312,V0332,ESN665715,2025-05-28,Oil Change,Corrective,P0171,Brake wear,TECH395,Kerala Truck Service,Oil Filter,6000,6295,12295,1.1,2025-11-24,Yes,Completed
S02313,V0392,ESN287113,2025-03-29,Brake Service,Emergency,P0420,Engine overheating,TECH165,Kerala Truck Service,Oil Filter,3762,10810,14572,1.6,2025-09-25,No,Pending
S02314,V0332,ESN446452,2025-07-24,Oil Change,Corrective,P0171,Routine inspection,TECH452,Kerala Truck Service,Spark Plug,4070,8375,12445,3.7,2026-01-20,Yes,Pending
S02315,V0257,ESN947348,2025-08-27,Engine Diagnostics,Preventive,P0171,Routine inspection,TECH724,Kerala Truck Service,Coolant Hose,3707,14949,18656,1.1,2026-02-23,Yes,Completed
S02316,V0369,ESN359326,2025-09-12,Cooling System,Emergency,P0171,Routine inspection,TECH775,Prime Motors,Spark Plug,5367,3977,9344,5.5,2026-03-11,Yes,Completed
S02317,V0484,ESN924428,2025-04-09,Oil Change,Corrective,P0012,Battery degradation,TECH339,AutoMind Central,Brake Pads,5613,13715,19328,4.9,2025-10-06,No,Pending
S02318,V0219,ESN605465,2025-06-15,Engine Diagnostics,Preventive,P0012,Battery degradation,TECH634,Kerala Truck Service,Oil Filter,5737,10617,16354,2.0,2025-12-12,Yes,Completed
S02319,V0236,ESN330871,2025-12-28,Engine Diagnostics,Corrective,P0000,Battery degradation,TECH734,AutoMind Central,Air Filter,1057,5062,6119,8.3,2026-06-26,Yes,Pending
S02320,V0076,ESN922333,2025-12-03,Engine Diagnostics,Corrective,P0420,Battery degradation,TECH925,FleetCare Kochi,Oil Filter,2904,17894,20798,2.1,2026-06-01,Yes,Pending
S02321,V0072,ESN704003,2025-12-31,Oil Change,Emergency,P0000,Brake wear,TECH313,Kerala Truck Service,Air Filter,1350,12671,14021,6.7,2026-06-29,Yes,Completed
S02322,V0480,ESN430825,2025-05-05,Cooling System,Preventive,P0420,Low oil pressure,TECH426,AutoMind Central,Coolant Hose,3342,13755,17097,1.8,2025-11-01,No,Completed
S02323,V0370,ESN160900,2025-11-25,Routine Service,Corrective,P0012,Low oil pressure,TECH876,Prime Motors,Oil Filter,4206,1166,5372,5.3,2026-05-24,Yes,Completed
S02324,V0480,ESN189634,2025-06-15,Brake Service,Preventive,P0420,Low oil pressure,TECH493,FleetCare Kochi,Oil Filter,5489,7781,13270,8.4,2025-12-12,Yes,Pending
S02325,V0186,ESN472200,2025-08-26,Oil Change,Emergency,P0000,Routine inspection,TECH547,AutoMind Central,Spark Plug,5640,17456,23096,6.3,2026-02-22,No,Pending
S02326,V0045,ESN351885,2025-12-01,Routine Service,Corrective,P0420,Engine overheating,TECH750,Kerala Truck Service,Spark Plug,5626,12926,18552,5.7,2026-05-30,Yes,Completed
S02327,V0464,ESN479818,2025-03-23,Cooling System,Preventive,P0012,Routine inspection,TECH961,FleetCare Kochi,Brake Pads,3532,5105,8637,7.0,2025-09-19,No,Pending
S02328,V0012,ESN869203,2025-08-23,Engine Diagnostics,Emergency,P0012,Low oil pressure,TECH367,AutoMind Central,Brake Pads,5670,7438,13108,10.1,2026-02-19,Yes,Completed
S02329,V0101,ESN534561,2025-04-30,Brake Service,Emergency,P0012,Brake wear,TECH559,Prime Motors,Air Filter,2045,14352,16397,4.4,2025-10-27,No,Pending
S02330,V0124,ESN625002,2025-06-07,Oil Change,Preventive,P0171,Low oil pressure,TECH297,AutoMind Central,Coolant Hose,916,4349,5265,4.2,2025-12-04,Yes,Pending
S02331,V0349,ESN193122,2025-02-15,Oil Change,Emergency,P0420,Routine inspection,TECH359,Kerala Truck Service,Air Filter,1554,12919,14473,8.3,2025-08-14,No,Completed
S02332,V0491,ESN787453,2025-07-24,Cooling System,Preventive,P0420,Routine inspection,TECH753,Kerala Truck Service,Brake Pads,3599,9582,13181,10.5,2026-01-20,No,Completed
S02333,V0107,ESN926945,2025-12-26,Routine Service,Preventive,P0000,Engine overheating,TECH414,FleetCare Kochi,Coolant Hose,2503,15839,18342,8.4,2026-06-24,Yes,Pending
S02334,V0013,ESN517216,2025-03-23,Engine Diagnostics,Corrective,P0300,Engine overheating,TECH727,Kerala Truck Service,Air Filter,2776,18999,21775,2.2,2025-09-19,Yes,Completed
S02335,V0155,ESN659368,2025-02-28,Routine Service,Preventive,P0420,Brake wear,TECH263,AutoMind Central,Coolant Hose,1897,9494,11391,9.1,2025-08-27,Yes,Pending
S02336,V0121,ESN375746,2025-10-13,Routine Service,Emergency,P0420,Engine overheating,TECH436,Kerala Truck Service,Coolant Hose,3495,11064,14559,1.9,2026-04-11,Yes,Pending
S02337,V0116,ESN584340,2025-12-13,Routine Service,Preventive,P0300,Low oil pressure,TECH889,AutoMind Central,Spark Plug,4360,2062,6422,11.0,2026-06-11,Yes,Completed
S02338,V0180,ESN842584,2025-08-02,Oil Change,Emergency,P0171,Routine inspection,TECH916,Prime Motors,Coolant Hose,1613,11020,12633,2.9,2026-01-29,No,Pending
S02339,V0174,ESN314590,2025-03-27,Cooling System,Corrective,P0420,Battery degradation,TECH419,Kerala Truck Service,Battery,3217,2344,5561,1.7,2025-09-23,No,Completed
S02340,V0126,ESN836730,2025-07-16,Cooling System,Preventive,P0300,Routine inspection,TECH302,Prime Motors,Spark Plug,2169,11326,13495,9.0,2026-01-12,No,Pending
S02341,V0231,ESN490109,2025-01-15,Engine Diagnostics,Emergency,P0171,Routine inspection,TECH110,FleetCare Kochi,Spark Plug,1100,14107,15207,2.9,2025-07-14,No,Completed
S02342,V0152,ESN467771,2025-09-26,Engine Diagnostics,Corrective,P0300,Brake wear,TECH526,FleetCare Kochi,Coolant Hose,5683,15970,21653,4.7,2026-03-25,No,Completed
S02343,V0217,ESN853913,2025-03-25,Oil Change,Preventive,P0420,Brake wear,TECH573,Kerala Truck Service,Battery,5295,16700,21995,10.2,2025-09-21,Yes,Pending
S02344,V0008,ESN170629,2025-05-06,Cooling System,Emergency,P0012,Routine inspection,TECH447,AutoMind Central,Spark Plug,1528,3865,5393,5.3,2025-11-02,No,Pending
S02345,V0341,ESN124393,2025-12-11,Engine Diagnostics,Preventive,P0012,Low oil pressure,TECH925,FleetCare Kochi,Brake Pads,4610,15974,20584,10.7,2026-06-09,Yes,Pending
S02346,V0411,ESN465987,2025-02-06,Engine Diagnostics,Emergency,P0420,Engine overheating,TECH881,Kerala Truck Service,Coolant Hose,5571,3854,9425,4.0,2025-08-05,Yes,Completed
S02347,V0498,ESN185313,2025-08-04,Cooling System,Preventive,P0000,Engine overheating,TECH505,AutoMind Central,Brake Pads,2446,662,3108,8.0,2026-01-31,No,Pending
S02348,V0421,ESN369833,2025-08-14,Engine Diagnostics,Emergency,P0012,Battery degradation,TECH752,AutoMind Central,Air Filter,885,13660,14545,4.4,2026-02-10,Yes,Completed
S02349,V0043,ESN129972,2025-05-19,Cooling System,Emergency,P0000,Low oil pressure,TECH912,AutoMind Central,Brake Pads,4179,16272,20451,6.1,2025-11-15,Yes,Pending
S02350,V0456,ESN848319,2025-01-24,Oil Change,Preventive,P0420,Engine overheating,TECH773,AutoMind Central,Coolant Hose,4206,12045,16251,2.6,2025-07-23,Yes,Pending
S02351,V0098,ESN364095,2025-02-20,Brake Service,Emergency,P0012,Engine overheating,TECH164,FleetCare Kochi,Air Filter,1536,4411,5947,6.1,2025-08-19,Yes,Completed
S02352,V0188,ESN278844,2025-10-06,Oil Change,Emergency,P0300,Brake wear,TECH106,FleetCare Kochi,Brake Pads,1024,18893,19917,5.0,2026-04-04,No,Pending
S02353,V0024,ESN796239,2025-10-24,Cooling System,Emergency,P0171,Engine overheating,TECH452,Kerala Truck Service,Oil Filter,2465,13530,15995,5.9,2026-04-22,Yes,Pending
S02354,V0050,ESN553184,2025-03-03,Cooling System,Corrective,P0012,Low oil pressure,TECH515,Prime Motors,Oil Filter,1164,17860,19024,3.9,2025-08-30,No,Completed
S02355,V0428,ESN812302,2025-04-12,Battery Replacement,Preventive,P0300,Battery degradation,TECH664,AutoMind Central,Oil Filter,4746,13989,18735,2.8,2025-10-09,No,Completed
S02356,V0386,ESN329930,2025-06-10,Brake Service,Emergency,P0420,Battery degradation,TECH711,Kerala Truck Service,Battery,5672,6861,12533,11.7,2025-12-07,Yes,Completed
S02357,V0362,ESN957722,2025-06-14,Brake Service,Emergency,P0012,Low oil pressure,TECH246,Kerala Truck Service,Air Filter,1946,19953,21899,1.4,2025-12-11,No,Pending
S02358,V0292,ESN525087,2025-11-15,Cooling System,Preventive,P0300,Low oil pressure,TECH934,AutoMind Central,Spark Plug,4539,1555,6094,9.4,2026-05-14,Yes,Pending
S02359,V0265,ESN201999,2025-07-10,Brake Service,Corrective,P0300,Routine inspection,TECH256,AutoMind Central,Brake Pads,5205,15375,20580,6.6,2026-01-06,Yes,Pending
S02360,V0429,ESN526071,2025-11-12,Battery Replacement,Preventive,P0420,Routine inspection,TECH277,Kerala Truck Service,Brake Pads,3924,6057,9981,7.6,2026-05-11,No,Pending
S02361,V0204,ESN840680,2025-03-31,Engine Diagnostics,Emergency,P0300,Brake wear,TECH491,Kerala Truck Service,Coolant Hose,3136,1629,4765,6.4,2025-09-27,Yes,Pending
S02362,V0280,ESN677646,2025-11-06,Brake Service,Emergency,P0012,Routine inspection,TECH671,AutoMind Central,Coolant Hose,3666,17997,21663,11.5,2026-05-05,No,Pending
S02363,V0384,ESN721810,2025-02-19,Brake Service,Corrective,P0420,Brake wear,TECH443,Kerala Truck Service,Brake Pads,4606,12992,17598,7.3,2025-08-18,Yes,Completed
S02364,V0124,ESN648738,2025-07-13,Oil Change,Corrective,P0300,Routine inspection,TECH740,FleetCare Kochi,Coolant Hose,1004,6367,7371,1.8,2026-01-09,Yes,Completed
S02365,V0125,ESN136302,2025-05-04,Routine Service,Preventive,P0300,Battery degradation,TECH738,Prime Motors,Oil Filter,1573,8201,9774,7.6,2025-10-31,No,Completed
S02366,V0340,ESN670885,2025-07-03,Brake Service,Emergency,P0171,Battery degradation,TECH900,AutoMind Central,Air Filter,4312,1336,5648,2.6,2025-12-30,No,Pending
S02367,V0224,ESN940979,2025-02-13,Battery Replacement,Corrective,P0300,Brake wear,TECH666,Kerala Truck Service,Brake Pads,1222,15692,16914,4.9,2025-08-12,Yes,Pending
S02368,V0459,ESN407213,2025-02-06,Oil Change,Preventive,P0000,Engine overheating,TECH300,Kerala Truck Service,Oil Filter,4918,10081,14999,2.7,2025-08-05,Yes,Pending
S02369,V0353,ESN138471,2025-02-16,Routine Service,Emergency,P0000,Battery degradation,TECH824,AutoMind Central,Coolant Hose,1906,7811,9717,4.3,2025-08-15,Yes,Completed
S02370,V0324,ESN756037,2025-10-24,Engine Diagnostics,Preventive,P0171,Low oil pressure,TECH235,Prime Motors,Air Filter,862,8851,9713,5.9,2026-04-22,No,Pending
S02371,V0220,ESN101363,2025-01-04,Oil Change,Corrective,P0000,Low oil pressure,TECH139,Kerala Truck Service,Brake Pads,1236,9148,10384,8.1,2025-07-03,No,Pending
S02372,V0096,ESN857388,2025-01-13,Battery Replacement,Corrective,P0420,Low oil pressure,TECH669,AutoMind Central,Spark Plug,5528,9494,15022,7.5,2025-07-12,No,Completed
S02373,V0404,ESN798107,2025-10-23,Engine Diagnostics,Preventive,P0012,Low oil pressure,TECH962,Prime Motors,Air Filter,2846,9366,12212,9.4,2026-04-21,Yes,Completed
S02374,V0369,ESN563036,2025-09-29,Oil Change,Preventive,P0000,Brake wear,TECH222,Kerala Truck Service,Spark Plug,3030,12483,15513,7.4,2026-03-28,No,Pending
S02375,V0400,ESN828564,2025-04-04,Oil Change,Emergency,P0000,Brake wear,TECH925,FleetCare Kochi,Coolant Hose,1391,10387,11778,5.4,2025-10-01,No,Pending
S02376,V0169,ESN940333,2025-12-08,Brake Service,Preventive,P0171,Low oil pressure,TECH908,AutoMind Central,Coolant Hose,3395,9198,12593,3.0,2026-06-06,No,Pending
S02377,V0396,ESN957673,2025-06-21,Routine Service,Preventive,P0420,Engine overheating,TECH908,FleetCare Kochi,Coolant Hose,3552,4022,7574,8.6,2025-12-18,No,Pending
S02378,V0204,ESN955330,2025-06-25,Battery Replacement,Emergency,P0171,Engine overheating,TECH607,Kerala Truck Service,Air Filter,4526,14122,18648,3.3,2025-12-22,No,Pending
S02379,V0330,ESN223423,2025-12-28,Cooling System,Preventive,P0000,Brake wear,TECH424,FleetCare Kochi,Coolant Hose,3269,4357,7626,5.4,2026-06-26,No,Completed
S02380,V0478,ESN274839,2025-05-07,Brake Service,Corrective,P0000,Battery degradation,TECH987,Kerala Truck Service,Air Filter,3559,2190,5749,11.0,2025-11-03,Yes,Completed
S02381,V0186,ESN172954,2025-06-12,Cooling System,Corrective,P0000,Battery degradation,TECH404,AutoMind Central,Oil Filter,5227,5912,11139,8.6,2025-12-09,Yes,Pending
S02382,V0334,ESN708297,2025-04-14,Battery Replacement,Preventive,P0420,Engine overheating,TECH840,FleetCare Kochi,Brake Pads,1400,16112,17512,8.8,2025-10-11,No,Completed
S02383,V0257,ESN997141,2025-03-26,Oil Change,Preventive,P0012,Engine overheating,TECH422,Prime Motors,Battery,5081,16795,21876,3.6,2025-09-22,Yes,Completed
S02384,V0137,ESN434263,2025-10-31,Cooling System,Preventive,P0171,Brake wear,TECH902,FleetCare Kochi,Coolant Hose,3090,1517,4607,7.5,2026-04-29,Yes,Completed
S02385,V0483,ESN862448,2025-02-28,Oil Change,Corrective,P0000,Routine inspection,TECH864,Kerala Truck Service,Air Filter,3252,8880,12132,5.5,2025-08-27,No,Completed
S02386,V0041,ESN568728,2025-01-11,Oil Change,Emergency,P0012,Routine inspection,TECH607,FleetCare Kochi,Spark Plug,5292,2337,7629,4.0,2025-07-10,Yes,Completed
S02387,V0137,ESN177455,2025-08-07,Routine Service,Emergency,P0000,Engine overheating,TECH106,FleetCare Kochi,Coolant Hose,2998,16163,19161,9.8,2026-02-03,Yes,Pending
S02388,V0234,ESN501173,2025-05-18,Brake Service,Corrective,P0012,Engine overheating,TECH190,Kerala Truck Service,Brake Pads,910,12431,13341,4.1,2025-11-14,No,Completed
S02389,V0437,ESN745929,2025-03-28,Engine Diagnostics,Corrective,P0012,Brake wear,TECH891,FleetCare Kochi,Air Filter,5302,7460,12762,4.6,2025-09-24,Yes,Pending
S02390,V0476,ESN447888,2025-05-25,Brake Service,Preventive,P0012,Routine inspection,TECH682,Kerala Truck Service,Air Filter,2302,10956,13258,8.6,2025-11-21,No,Completed
S02391,V0449,ESN868355,2025-08-08,Cooling System,Emergency,P0171,Battery degradation,TECH443,Prime Motors,Oil Filter,2534,11478,14012,3.3,2026-02-04,No,Pending
S02392,V0035,ESN296875,2025-02-05,Brake Service,Preventive,P0171,Low oil pressure,TECH245,FleetCare Kochi,Oil Filter,2147,3286,5433,5.6,2025-08-04,Yes,Pending
S02393,V0065,ESN247920,2025-12-20,Routine Service,Preventive,P0300,Low oil pressure,TECH713,AutoMind Central,Battery,5125,19990,25115,1.4,2026-06-18,Yes,Completed
S02394,V0319,ESN362323,2025-11-20,Brake Service,Emergency,P0420,Routine inspection,TECH900,FleetCare Kochi,Air Filter,2676,19380,22056,8.6,2026-05-19,No,Completed
S02395,V0149,ESN113795,2025-01-05,Brake Service,Corrective,P0420,Routine inspection,TECH358,Prime Motors,Coolant Hose,5947,8395,14342,5.9,2025-07-04,Yes,Pending
S02396,V0444,ESN880607,2025-07-06,Engine Diagnostics,Corrective,P0420,Low oil pressure,TECH140,FleetCare Kochi,Spark Plug,2827,16729,19556,5.6,2026-01-02,No,Pending
S02397,V0369,ESN946262,2025-12-18,Brake Service,Emergency,P0300,Brake wear,TECH735,AutoMind Central,Spark Plug,4153,5545,9698,11.0,2026-06-16,Yes,Completed
S02398,V0104,ESN862933,2025-08-23,Battery Replacement,Emergency,P0420,Brake wear,TECH958,Prime Motors,Coolant Hose,4023,6058,10081,9.7,2026-02-19,Yes,Completed
S02399,V0412,ESN832531,2025-04-01,Cooling System,Preventive,P0171,Battery degradation,TECH925,FleetCare Kochi,Air Filter,4279,2133,6412,6.2,2025-09-28,Yes,Pending
S02400,V0340,ESN229982,2025-05-23,Brake Service,Emergency,P0171,Battery degradation,TECH613,FleetCare Kochi,Oil Filter,4638,1088,5726,10.4,2025-11-19,Yes,Completed
S02401,V0130,ESN533301,2025-09-03,Cooling System,Corrective,P0171,Low oil pressure,TECH950,AutoMind Central,Battery,2353,10582,12935,1.1,2026-03-02,No,Completed
S02402,V0380,ESN186541,2025-06-29,Battery Replacement,Corrective,P0000,Low oil pressure,TECH406,AutoMind Central,Battery,1262,11599,12861,10.0,2025-12-26,No,Pending
S02403,V0162,ESN505238,2025-05-18,Cooling System,Emergency,P0012,Low oil pressure,TECH567,FleetCare Kochi,Spark Plug,5769,8071,13840,5.1,2025-11-14,Yes,Completed
S02404,V0181,ESN872050,2025-10-09,Oil Change,Corrective,P0171,Low oil pressure,TECH655,AutoMind Central,Battery,4672,17760,22432,4.1,2026-04-07,No,Pending
S02405,V0339,ESN405434,2025-01-31,Cooling System,Preventive,P0300,Brake wear,TECH570,AutoMind Central,Spark Plug,3941,12388,16329,1.1,2025-07-30,Yes,Pending
S02406,V0165,ESN832112,2025-08-21,Engine Diagnostics,Preventive,P0420,Low oil pressure,TECH213,FleetCare Kochi,Air Filter,1721,5140,6861,3.2,2026-02-17,No,Completed
S02407,V0128,ESN713278,2025-06-10,Brake Service,Corrective,P0420,Low oil pressure,TECH629,Prime Motors,Coolant Hose,3524,6667,10191,1.1,2025-12-07,No,Completed
S02408,V0392,ESN318341,2025-01-09,Brake Service,Preventive,P0300,Brake wear,TECH807,FleetCare Kochi,Brake Pads,3395,19208,22603,2.9,2025-07-08,No,Completed
S02409,V0009,ESN925717,2025-12-17,Routine Service,Preventive,P0420,Low oil pressure,TECH259,AutoMind Central,Air Filter,2868,11848,14716,10.0,2026-06-15,No,Completed
S02410,V0169,ESN207290,2025-02-19,Routine Service,Corrective,P0171,Battery degradation,TECH965,Prime Motors,Oil Filter,1604,18953,20557,7.4,2025-08-18,Yes,Completed
S02411,V0094,ESN737799,2025-02-08,Engine Diagnostics,Preventive,P0420,Battery degradation,TECH305,AutoMind Central,Spark Plug,2466,19937,22403,5.6,2025-08-07,Yes,Completed
S02412,V0224,ESN181309,2025-03-03,Engine Diagnostics,Preventive,P0171,Battery degradation,TECH653,Prime Motors,Spark Plug,3175,6219,9394,7.6,2025-08-30,Yes,Pending
S02413,V0165,ESN524425,2025-07-10,Routine Service,Preventive,P0420,Routine inspection,TECH303,Prime Motors,Brake Pads,4444,12505,16949,2.8,2026-01-06,Yes,Completed
S02414,V0152,ESN242417,2025-09-17,Oil Change,Corrective,P0420,Routine inspection,TECH349,AutoMind Central,Brake Pads,5783,16663,22446,4.4,2026-03-16,Yes,Completed
S02415,V0114,ESN431407,2025-09-19,Oil Change,Corrective,P0300,Engine overheating,TECH930,Kerala Truck Service,Spark Plug,1964,18151,20115,6.2,2026-03-18,No,Pending
S02416,V0269,ESN839061,2025-08-16,Battery Replacement,Preventive,P0000,Brake wear,TECH333,FleetCare Kochi,Air Filter,4414,10517,14931,4.6,2026-02-12,Yes,Pending
S02417,V0251,ESN886938,2025-06-17,Brake Service,Emergency,P0000,Engine overheating,TECH479,FleetCare Kochi,Spark Plug,2662,8772,11434,10.6,2025-12-14,No,Completed
S02418,V0130,ESN272044,2025-04-30,Oil Change,Emergency,P0300,Routine inspection,TECH898,FleetCare Kochi,Oil Filter,2233,9627,11860,4.0,2025-10-27,Yes,Pending
S02419,V0043,ESN601287,2025-03-26,Battery Replacement,Emergency,P0012,Battery degradation,TECH998,Prime Motors,Spark Plug,3151,13048,16199,5.1,2025-09-22,Yes,Completed
S02420,V0344,ESN288916,2025-12-14,Oil Change,Corrective,P0171,Engine overheating,TECH124,FleetCare Kochi,Battery,1856,19014,20870,2.2,2026-06-12,No,Pending
S02421,V0367,ESN271751,2025-05-29,Routine Service,Corrective,P0000,Low oil pressure,TECH160,Prime Motors,Coolant Hose,5634,8276,13910,5.9,2025-11-25,No,Pending
S02422,V0062,ESN294119,2025-05-18,Brake Service,Preventive,P0420,Engine overheating,TECH294,FleetCare Kochi,Battery,2953,7606,10559,5.5,2025-11-14,No,Pending
S02423,V0438,ESN556020,2025-01-26,Battery Replacement,Preventive,P0420,Engine overheating,TECH108,Kerala Truck Service,Spark Plug,3125,19413,22538,9.0,2025-07-25,No,Completed
S02424,V0265,ESN948817,2025-03-07,Cooling System,Preventive,P0012,Brake wear,TECH767,Prime Motors,Oil Filter,1413,18888,20301,4.6,2025-09-03,No,Pending
S02425,V0108,ESN308945,2025-03-27,Battery Replacement,Corrective,P0012,Brake wear,TECH842,FleetCare Kochi,Spark Plug,1643,1134,2777,10.6,2025-09-23,No,Pending
S02426,V0050,ESN608922,2025-07-18,Routine Service,Corrective,P0012,Low oil pressure,TECH946,Prime Motors,Air Filter,6000,19451,25451,10.3,2026-01-14,Yes,Completed
S02427,V0366,ESN210153,2025-03-16,Cooling System,Preventive,P0012,Brake wear,TECH688,Kerala Truck Service,Battery,948,9111,10059,10.2,2025-09-12,Yes,Pending
S02428,V0009,ESN665526,2025-11-21,Engine Diagnostics,Emergency,P0420,Low oil pressure,TECH231,Kerala Truck Service,Oil Filter,4937,9790,14727,2.5,2026-05-20,No,Pending
S02429,V0494,ESN766221,2025-07-12,Cooling System,Corrective,P0300,Battery degradation,TECH250,AutoMind Central,Brake Pads,5980,14109,20089,1.4,2026-01-08,Yes,Completed
S02430,V0363,ESN736979,2025-09-28,Oil Change,Emergency,P0300,Low oil pressure,TECH162,Prime Motors,Spark Plug,3791,10981,14772,7.6,2026-03-27,No,Completed
S02431,V0349,ESN543139,2025-05-16,Battery Replacement,Emergency,P0420,Battery degradation,TECH833,Prime Motors,Brake Pads,3851,5436,9287,6.0,2025-11-12,No,Pending
S02432,V0447,ESN822739,2025-11-18,Brake Service,Preventive,P0012,Brake wear,TECH626,AutoMind Central,Air Filter,3346,19816,23162,8.4,2026-05-17,No,Pending
S02433,V0266,ESN223713,2025-07-27,Oil Change,Emergency,P0000,Routine inspection,TECH934,Prime Motors,Air Filter,4161,2942,7103,6.7,2026-01-23,Yes,Pending
S02434,V0012,ESN660746,2025-06-06,Routine Service,Preventive,P0420,Battery degradation,TECH179,Kerala Truck Service,Battery,1234,14371,15605,5.5,2025-12-03,No,Completed
S02435,V0434,ESN620468,2025-06-30,Oil Change,Corrective,P0000,Routine inspection,TECH860,Kerala Truck Service,Air Filter,1858,14615,16473,1.4,2025-12-27,No,Completed
S02436,V0437,ESN578456,2025-12-08,Routine Service,Emergency,P0000,Battery degradation,TECH458,FleetCare Kochi,Air Filter,5049,7559,12608,3.8,2026-06-06,No,Pending
S02437,V0316,ESN648030,2025-08-11,Brake Service,Preventive,P0171,Engine overheating,TECH155,FleetCare Kochi,Spark Plug,2058,6437,8495,9.3,2026-02-07,No,Completed
S02438,V0485,ESN248690,2025-01-30,Cooling System,Emergency,P0420,Brake wear,TECH816,Prime Motors,Battery,2053,3138,5191,3.4,2025-07-29,Yes,Completed
S02439,V0318,ESN906706,2025-06-28,Battery Replacement,Corrective,P0171,Low oil pressure,TECH439,FleetCare Kochi,Coolant Hose,1308,14240,15548,8.0,2025-12-25,Yes,Completed
S02440,V0020,ESN833772,2025-10-23,Engine Diagnostics,Emergency,P0300,Routine inspection,TECH633,Kerala Truck Service,Air Filter,5666,1370,7036,1.3,2026-04-21,Yes,Pending
S02441,V0269,ESN720933,2025-12-18,Oil Change,Corrective,P0420,Battery degradation,TECH414,FleetCare Kochi,Battery,5986,4576,10562,2.7,2026-06-16,No,Completed
S02442,V0440,ESN143828,2025-08-13,Cooling System,Corrective,P0300,Engine overheating,TECH147,AutoMind Central,Air Filter,943,4938,5881,9.1,2026-02-09,Yes,Pending
S02443,V0324,ESN228976,2025-06-01,Cooling System,Emergency,P0420,Battery degradation,TECH632,AutoMind Central,Coolant Hose,5712,2217,7929,11.3,2025-11-28,Yes,Completed
S02444,V0474,ESN844848,2025-10-30,Battery Replacement,Corrective,P0012,Brake wear,TECH689,FleetCare Kochi,Spark Plug,2917,7357,10274,7.7,2026-04-28,No,Completed
S02445,V0161,ESN505106,2025-08-26,Brake Service,Emergency,P0420,Low oil pressure,TECH670,FleetCare Kochi,Brake Pads,3861,16978,20839,6.9,2026-02-22,Yes,Completed
S02446,V0381,ESN167869,2025-04-07,Brake Service,Preventive,P0171,Low oil pressure,TECH719,Prime Motors,Coolant Hose,911,3243,4154,10.8,2025-10-04,Yes,Pending
S02447,V0268,ESN337728,2025-10-18,Engine Diagnostics,Emergency,P0420,Low oil pressure,TECH297,Kerala Truck Service,Brake Pads,1458,4335,5793,8.6,2026-04-16,No,Completed
S02448,V0065,ESN548406,2025-04-09,Oil Change,Emergency,P0171,Routine inspection,TECH119,AutoMind Central,Air Filter,1453,1429,2882,11.6,2025-10-06,Yes,Completed
S02449,V0352,ESN835841,2025-02-17,Oil Change,Preventive,P0171,Brake wear,TECH631,Prime Motors,Battery,3154,10689,13843,9.4,2025-08-16,Yes,Pending
S02450,V0209,ESN609592,2025-04-27,Engine Diagnostics,Preventive,P0420,Brake wear,TECH946,FleetCare Kochi,Air Filter,4133,10142,14275,3.3,2025-10-24,No,Pending
S02451,V0266,ESN702417,2025-08-24,Brake Service,Corrective,P0000,Battery degradation,TECH387,FleetCare Kochi,Brake Pads,4362,13562,17924,8.0,2026-02-20,Yes,Pending
S02452,V0023,ESN595783,2025-05-15,Engine Diagnostics,Preventive,P0012,Brake wear,TECH734,FleetCare Kochi,Coolant Hose,4103,938,5041,6.9,2025-11-11,Yes,Completed
S02453,V0087,ESN399340,2025-04-29,Brake Service,Corrective,P0420,Routine inspection,TECH887,FleetCare Kochi,Oil Filter,5794,10553,16347,1.8,2025-10-26,No,Pending
S02454,V0107,ESN173345,2025-05-09,Cooling System,Emergency,P0420,Battery degradation,TECH554,FleetCare Kochi,Oil Filter,2402,16012,18414,11.2,2025-11-05,Yes,Pending
S02455,V0240,ESN700744,2025-01-17,Oil Change,Emergency,P0012,Brake wear,TECH736,AutoMind Central,Brake Pads,913,6346,7259,10.0,2025-07-16,No,Pending
S02456,V0226,ESN609612,2025-12-18,Engine Diagnostics,Corrective,P0300,Brake wear,TECH293,FleetCare Kochi,Spark Plug,5950,5902,11852,10.9,2026-06-16,No,Completed
S02457,V0439,ESN368524,2025-10-07,Engine Diagnostics,Corrective,P0300,Battery degradation,TECH974,Kerala Truck Service,Brake Pads,3548,3909,7457,5.3,2026-04-05,No,Pending
S02458,V0118,ESN963051,2025-08-06,Battery Replacement,Emergency,P0012,Engine overheating,TECH251,Kerala Truck Service,Brake Pads,1370,4587,5957,3.9,2026-02-02,No,Completed
S02459,V0422,ESN626739,2025-07-17,Brake Service,Corrective,P0012,Battery degradation,TECH696,Kerala Truck Service,Oil Filter,2846,14539,17385,4.0,2026-01-13,Yes,Completed
S02460,V0032,ESN615704,2025-01-21,Routine Service,Preventive,P0171,Brake wear,TECH558,AutoMind Central,Brake Pads,5092,19648,24740,5.7,2025-07-20,No,Pending
S02461,V0367,ESN449974,2025-02-07,Oil Change,Preventive,P0300,Engine overheating,TECH220,FleetCare Kochi,Spark Plug,4019,7932,11951,5.8,2025-08-06,No,Completed
S02462,V0103,ESN578943,2025-03-26,Battery Replacement,Corrective,P0420,Routine inspection,TECH736,Kerala Truck Service,Battery,5117,11042,16159,5.1,2025-09-22,Yes,Completed
S02463,V0121,ESN153046,2025-09-26,Oil Change,Corrective,P0420,Brake wear,TECH453,Kerala Truck Service,Spark Plug,3691,17031,20722,9.6,2026-03-25,Yes,Completed
S02464,V0150,ESN107837,2025-11-28,Routine Service,Preventive,P0000,Engine overheating,TECH852,Kerala Truck Service,Spark Plug,2374,8735,11109,7.1,2026-05-27,Yes,Pending
S02465,V0261,ESN949505,2025-05-21,Routine Service,Preventive,P0420,Routine inspection,TECH458,AutoMind Central,Oil Filter,3926,8064,11990,1.0,2025-11-17,Yes,Completed
S02466,V0032,ESN349977,2025-07-25,Cooling System,Preventive,P0012,Battery degradation,TECH911,Prime Motors,Brake Pads,3418,19893,23311,9.8,2026-01-21,No,Pending
S02467,V0248,ESN894568,2025-02-06,Engine Diagnostics,Corrective,P0000,Routine inspection,TECH516,Kerala Truck Service,Battery,3484,2366,5850,3.5,2025-08-05,No,Completed
S02468,V0075,ESN157124,2025-04-05,Cooling System,Preventive,P0012,Engine overheating,TECH205,Prime Motors,Air Filter,4479,12166,16645,10.2,2025-10-02,Yes,Completed
S02469,V0295,ESN353580,2025-11-23,Oil Change,Preventive,P0012,Engine overheating,TECH253,Prime Motors,Coolant Hose,3533,17961,21494,1.9,2026-05-22,No,Completed
S02470,V0406,ESN683090,2025-05-03,Engine Diagnostics,Preventive,P0012,Routine inspection,TECH855,Kerala Truck Service,Air Filter,5728,1810,7538,4.3,2025-10-30,Yes,Completed
S02471,V0023,ESN780267,2025-11-03,Cooling System,Corrective,P0000,Low oil pressure,TECH663,AutoMind Central,Oil Filter,3098,11666,14764,6.7,2026-05-02,Yes,Completed
S02472,V0461,ESN162761,2025-06-02,Brake Service,Corrective,P0012,Brake wear,TECH658,FleetCare Kochi,Spark Plug,4958,12919,17877,8.3,2025-11-29,Yes,Pending
S02473,V0146,ESN327122,2025-09-11,Battery Replacement,Corrective,P0420,Engine overheating,TECH210,AutoMind Central,Brake Pads,5334,11366,16700,10.3,2026-03-10,Yes,Completed
S02474,V0171,ESN821782,2025-02-09,Engine Diagnostics,Preventive,P0000,Brake wear,TECH439,Kerala Truck Service,Battery,2757,15627,18384,8.7,2025-08-08,Yes,Completed
S02475,V0110,ESN412616,2025-06-19,Routine Service,Emergency,P0000,Low oil pressure,TECH693,AutoMind Central,Air Filter,1189,5959,7148,8.7,2025-12-16,No,Completed
S02476,V0125,ESN751159,2025-02-14,Routine Service,Corrective,P0012,Battery degradation,TECH807,Prime Motors,Air Filter,4535,9072,13607,11.8,2025-08-13,No,Pending
S02477,V0322,ESN813655,2025-11-21,Routine Service,Corrective,P0000,Low oil pressure,TECH700,Kerala Truck Service,Coolant Hose,3661,7348,11009,8.0,2026-05-20,No,Completed
S02478,V0335,ESN925932,2025-04-11,Brake Service,Emergency,P0420,Routine inspection,TECH332,Kerala Truck Service,Oil Filter,4192,6212,10404,11.0,2025-10-08,Yes,Pending
S02479,V0396,ESN672727,2025-03-17,Brake Service,Emergency,P0000,Battery degradation,TECH156,Kerala Truck Service,Brake Pads,3720,1918,5638,4.6,2025-09-13,Yes,Pending
S02480,V0331,ESN248728,2025-01-23,Oil Change,Preventive,P0000,Routine inspection,TECH962,FleetCare Kochi,Brake Pads,1564,3519,5083,1.3,2025-07-22,Yes,Pending
S02481,V0275,ESN926004,2025-02-02,Cooling System,Corrective,P0171,Engine overheating,TECH575,Prime Motors,Coolant Hose,5788,11053,16841,1.3,2025-08-01,No,Pending
S02482,V0415,ESN553297,2025-01-13,Oil Change,Emergency,P0012,Battery degradation,TECH608,Prime Motors,Oil Filter,5167,19125,24292,7.2,2025-07-12,Yes,Completed
S02483,V0304,ESN507621,2025-03-06,Cooling System,Emergency,P0012,Battery degradation,TECH295,AutoMind Central,Battery,4783,9400,14183,8.2,2025-09-02,Yes,Pending
S02484,V0273,ESN410615,2025-03-23,Engine Diagnostics,Corrective,P0171,Engine overheating,TECH531,AutoMind Central,Coolant Hose,1681,15063,16744,8.0,2025-09-19,No,Completed
S02485,V0188,ESN147336,2025-08-30,Battery Replacement,Corrective,P0000,Routine inspection,TECH475,Kerala Truck Service,Air Filter,4512,5544,10056,4.2,2026-02-26,Yes,Completed
S02486,V0347,ESN175600,2025-02-19,Brake Service,Corrective,P0300,Routine inspection,TECH818,Kerala Truck Service,Brake Pads,5003,2447,7450,5.9,2025-08-18,No,Pending
S02487,V0023,ESN385470,2025-01-10,Engine Diagnostics,Preventive,P0000,Low oil pressure,TECH464,FleetCare Kochi,Spark Plug,3156,1840,4996,3.0,2025-07-09,Yes,Completed
S02488,V0055,ESN424106,2025-10-18,Brake Service,Preventive,P0171,Engine overheating,TECH798,Kerala Truck Service,Brake Pads,3496,11338,14834,10.9,2026-04-16,Yes,Pending
S02489,V0384,ESN492931,2025-07-15,Engine Diagnostics,Preventive,P0000,Brake wear,TECH837,FleetCare Kochi,Spark Plug,5063,17154,22217,1.1,2026-01-11,Yes,Pending
S02490,V0404,ESN329793,2025-08-10,Cooling System,Preventive,P0420,Brake wear,TECH752,AutoMind Central,Air Filter,4481,16053,20534,2.1,2026-02-06,No,Pending
S02491,V0181,ESN482054,2025-05-15,Cooling System,Preventive,P0012,Low oil pressure,TECH137,Kerala Truck Service,Battery,4753,3776,8529,3.6,2025-11-11,No,Completed
S02492,V0195,ESN530740,2025-12-08,Brake Service,Corrective,P0012,Engine overheating,TECH944,FleetCare Kochi,Spark Plug,4746,2970,7716,11.9,2026-06-06,No,Pending
S02493,V0175,ESN937966,2025-08-23,Routine Service,Preventive,P0171,Routine inspection,TECH383,Kerala Truck Service,Oil Filter,2794,12209,15003,4.9,2026-02-19,No,Completed
S02494,V0242,ESN787790,2025-11-15,Battery Replacement,Corrective,P0012,Engine overheating,TECH128,Prime Motors,Oil Filter,5723,15248,20971,4.5,2026-05-14,Yes,Completed
S02495,V0414,ESN285122,2025-11-02,Cooling System,Emergency,P0420,Brake wear,TECH181,Kerala Truck Service,Coolant Hose,4670,1715,6385,8.2,2026-05-01,Yes,Completed
S02496,V0355,ESN637868,2025-03-04,Cooling System,Preventive,P0171,Brake wear,TECH224,Kerala Truck Service,Oil Filter,3974,12076,16050,8.0,2025-08-31,Yes,Completed
S02497,V0254,ESN545693,2025-07-31,Cooling System,Preventive,P0000,Routine inspection,TECH611,FleetCare Kochi,Spark Plug,2350,15374,17724,10.2,2026-01-27,Yes,Pending
S02498,V0209,ESN974401,2025-11-25,Engine Diagnostics,Preventive,P0420,Low oil pressure,TECH989,AutoMind Central,Spark Plug,4753,2049,6802,6.0,2026-05-24,Yes,Pending
S02499,V0257,ESN511577,2025-11-21,Battery Replacement,Emergency,P0300,Battery degradation,TECH711,AutoMind Central,Oil Filter,4038,10838,14876,1.3,2026-05-20,Yes,Pending
S02500,V0409,ESN860350,2025-01-15,Cooling System,Preventive,P0420,Engine overheating,TECH656,Kerala Truck Service,Brake Pads,1474,12291,13765,1.2,2025-07-14,No,Completed
S02501,V0293,ESN178501,2025-07-02,Cooling System,Corrective,P0171,Battery degradation,TECH203,Prime Motors,Coolant Hose,1301,667,1968,1.2,2025-12-29,No,Pending
S02502,V0024,ESN972876,2025-11-28,Engine Diagnostics,Emergency,P0300,Low oil pressure,TECH531,FleetCare Kochi,Coolant Hose,910,9834,10744,2.8,2026-05-27,Yes,Pending
S02503,V0007,ESN800580,2025-01-22,Oil Change,Emergency,P0420,Battery degradation,TECH710,Kerala Truck Service,Battery,5685,10304,15989,9.7,2025-07-21,No,Pending
S02504,V0456,ESN782822,2025-03-30,Oil Change,Emergency,P0171,Engine overheating,TECH842,FleetCare Kochi,Brake Pads,2396,15712,18108,8.3,2025-09-26,No,Pending
S02505,V0402,ESN801605,2025-10-17,Engine Diagnostics,Emergency,P0012,Engine overheating,TECH179,FleetCare Kochi,Coolant Hose,3409,12575,15984,6.6,2026-04-15,Yes,Pending
S02506,V0229,ESN260775,2025-02-01,Brake Service,Corrective,P0420,Routine inspection,TECH616,FleetCare Kochi,Spark Plug,1115,12379,13494,5.9,2025-07-31,No,Pending
S02507,V0086,ESN553654,2025-07-24,Oil Change,Corrective,P0420,Brake wear,TECH464,FleetCare Kochi,Oil Filter,5038,7959,12997,11.4,2026-01-20,Yes,Completed
S02508,V0142,ESN505368,2025-03-11,Cooling System,Preventive,P0000,Brake wear,TECH996,FleetCare Kochi,Oil Filter,5557,1380,6937,5.7,2025-09-07,No,Completed
S02509,V0199,ESN981748,2025-03-22,Routine Service,Preventive,P0012,Routine inspection,TECH363,FleetCare Kochi,Coolant Hose,5793,2136,7929,6.4,2025-09-18,Yes,Completed
S02510,V0357,ESN419161,2025-05-20,Routine Service,Corrective,P0420,Routine inspection,TECH652,Prime Motors,Brake Pads,4921,6180,11101,3.1,2025-11-16,Yes,Completed
S02511,V0492,ESN552176,2025-02-08,Cooling System,Preventive,P0300,Brake wear,TECH139,Kerala Truck Service,Brake Pads,4105,11762,15867,9.7,2025-08-07,Yes,Pending
S02512,V0444,ESN141267,2025-08-30,Cooling System,Preventive,P0171,Routine inspection,TECH587,AutoMind Central,Oil Filter,5464,946,6410,11.1,2026-02-26,Yes,Completed
S02513,V0032,ESN110224,2025-04-23,Cooling System,Corrective,P0012,Engine overheating,TECH695,Kerala Truck Service,Battery,1034,2906,3940,9.2,2025-10-20,No,Pending
S02514,V0254,ESN203507,2025-06-27,Oil Change,Corrective,P0000,Routine inspection,TECH718,AutoMind Central,Brake Pads,4668,7286,11954,4.1,2025-12-24,Yes,Completed
S02515,V0410,ESN201055,2025-11-09,Cooling System,Preventive,P0171,Routine inspection,TECH121,FleetCare Kochi,Air Filter,4121,4855,8976,11.2,2026-05-08,No,Pending
S02516,V0130,ESN107894,2025-02-18,Battery Replacement,Emergency,P0420,Engine overheating,TECH460,Prime Motors,Coolant Hose,5617,11808,17425,8.4,2025-08-17,No,Pending
S02517,V0241,ESN998245,2025-11-12,Routine Service,Corrective,P0300,Low oil pressure,TECH254,FleetCare Kochi,Battery,5432,8957,14389,8.3,2026-05-11,Yes,Completed
S02518,V0340,ESN186274,2025-09-10,Engine Diagnostics,Preventive,P0420,Brake wear,TECH663,Prime Motors,Spark Plug,3452,13618,17070,8.1,2026-03-09,Yes,Completed
S02519,V0220,ESN793188,2025-06-21,Oil Change,Preventive,P0420,Brake wear,TECH128,Kerala Truck Service,Spark Plug,3852,6476,10328,10.3,2025-12-18,No,Pending
S02520,V0304,ESN829006,2025-04-17,Battery Replacement,Preventive,P0000,Low oil pressure,TECH732,Prime Motors,Spark Plug,1751,19807,21558,11.7,2025-10-14,No,Completed
S02521,V0169,ESN711295,2025-06-07,Cooling System,Corrective,P0300,Routine inspection,TECH642,Prime Motors,Spark Plug,4067,6000,10067,1.1,2025-12-04,No,Pending
S02522,V0222,ESN402752,2025-05-12,Brake Service,Preventive,P0420,Brake wear,TECH486,Prime Motors,Battery,1034,2426,3460,11.4,2025-11-08,No,Pending
S02523,V0471,ESN259502,2025-10-25,Battery Replacement,Preventive,P0300,Engine overheating,TECH724,Kerala Truck Service,Battery,4768,17339,22107,10.2,2026-04-23,No,Pending
S02524,V0213,ESN845950,2025-12-17,Routine Service,Corrective,P0000,Engine overheating,TECH823,AutoMind Central,Brake Pads,4628,7660,12288,8.2,2026-06-15,Yes,Completed
S02525,V0363,ESN524150,2025-03-01,Brake Service,Emergency,P0171,Routine inspection,TECH446,AutoMind Central,Coolant Hose,1628,3688,5316,11.3,2025-08-28,No,Pending
S02526,V0231,ESN896731,2025-11-06,Oil Change,Corrective,P0420,Routine inspection,TECH623,FleetCare Kochi,Battery,4112,19817,23929,1.5,2026-05-05,Yes,Pending
S02527,V0383,ESN110085,2025-09-28,Engine Diagnostics,Emergency,P0000,Low oil pressure,TECH592,FleetCare Kochi,Coolant Hose,2625,5549,8174,9.8,2026-03-27,Yes,Pending
S02528,V0058,ESN864809,2025-03-16,Routine Service,Emergency,P0000,Routine inspection,TECH195,Prime Motors,Air Filter,5715,7254,12969,7.5,2025-09-12,No,Completed
S02529,V0069,ESN606094,2025-01-27,Oil Change,Preventive,P0012,Brake wear,TECH162,Kerala Truck Service,Spark Plug,3029,1533,4562,6.9,2025-07-26,Yes,Completed
S02530,V0216,ESN545218,2025-05-20,Engine Diagnostics,Preventive,P0420,Low oil pressure,TECH706,Kerala Truck Service,Oil Filter,4615,15960,20575,8.4,2025-11-16,No,Pending
S02531,V0461,ESN536424,2025-04-09,Battery Replacement,Corrective,P0300,Routine inspection,TECH580,FleetCare Kochi,Air Filter,6000,12496,18496,2.4,2025-10-06,No,Pending
S02532,V0180,ESN279501,2025-02-01,Cooling System,Corrective,P0012,Low oil pressure,TECH898,FleetCare Kochi,Brake Pads,5655,7495,13150,3.0,2025-07-31,Yes,Completed
S02533,V0441,ESN832732,2025-09-12,Engine Diagnostics,Preventive,P0171,Engine overheating,TECH273,FleetCare Kochi,Spark Plug,5770,7198,12968,6.2,2026-03-11,No,Completed
S02534,V0252,ESN360322,2025-11-12,Routine Service,Emergency,P0000,Brake wear,TECH831,Kerala Truck Service,Brake Pads,2841,7629,10470,4.7,2026-05-11,No,Pending
S02535,V0386,ESN497202,2025-02-11,Routine Service,Emergency,P0000,Battery degradation,TECH265,Prime Motors,Spark Plug,1836,2518,4354,11.5,2025-08-10,Yes,Completed
S02536,V0102,ESN522490,2025-04-08,Routine Service,Corrective,P0171,Low oil pressure,TECH514,FleetCare Kochi,Brake Pads,5468,19131,24599,10.0,2025-10-05,No,Completed
S02537,V0112,ESN785607,2025-02-05,Oil Change,Corrective,P0171,Brake wear,TECH627,Prime Motors,Air Filter,3549,12756,16305,8.3,2025-08-04,No,Completed
S02538,V0379,ESN219060,2025-10-31,Oil Change,Preventive,P0000,Routine inspection,TECH502,Prime Motors,Battery,5446,19186,24632,11.7,2026-04-29,No,Completed
S02539,V0013,ESN895778,2025-11-04,Routine Service,Corrective,P0012,Battery degradation,TECH767,FleetCare Kochi,Battery,2289,14795,17084,5.6,2026-05-03,No,Completed
S02540,V0446,ESN671756,2025-01-29,Routine Service,Emergency,P0000,Low oil pressure,TECH456,Prime Motors,Coolant Hose,4132,7016,11148,7.1,2025-07-28,No,Pending
S02541,V0241,ESN581716,2025-04-06,Oil Change,Corrective,P0420,Engine overheating,TECH578,Kerala Truck Service,Air Filter,4030,2879,6909,7.2,2025-10-03,Yes,Completed
S02542,V0206,ESN592393,2025-05-15,Routine Service,Preventive,P0300,Battery degradation,TECH738,Kerala Truck Service,Oil Filter,1176,18574,19750,11.9,2025-11-11,No,Completed
S02543,V0304,ESN284015,2025-08-30,Cooling System,Emergency,P0300,Engine overheating,TECH321,Prime Motors,Spark Plug,2545,12306,14851,6.5,2026-02-26,Yes,Pending
S02544,V0075,ESN762054,2025-03-19,Battery Replacement,Corrective,P0000,Brake wear,TECH263,FleetCare Kochi,Spark Plug,1989,7745,9734,1.2,2025-09-15,Yes,Pending
S02545,V0423,ESN535106,2025-02-12,Routine Service,Corrective,P0171,Engine overheating,TECH284,Prime Motors,Spark Plug,2192,8690,10882,5.5,2025-08-11,Yes,Pending
S02546,V0039,ESN303100,2025-05-02,Battery Replacement,Preventive,P0171,Engine overheating,TECH321,FleetCare Kochi,Brake Pads,3326,12214,15540,11.4,2025-10-29,No,Completed
S02547,V0437,ESN397753,2025-07-12,Battery Replacement,Corrective,P0420,Battery degradation,TECH293,Kerala Truck Service,Coolant Hose,4641,12255,16896,5.7,2026-01-08,No,Completed
S02548,V0366,ESN705781,2025-05-13,Battery Replacement,Emergency,P0171,Engine overheating,TECH952,AutoMind Central,Battery,5185,16761,21946,8.6,2025-11-09,Yes,Pending
S02549,V0187,ESN948269,2025-02-19,Oil Change,Corrective,P0300,Engine overheating,TECH233,Prime Motors,Spark Plug,3118,16092,19210,8.8,2025-08-18,Yes,Completed
S02550,V0400,ESN941641,2025-12-03,Routine Service,Corrective,P0420,Routine inspection,TECH115,Prime Motors,Air Filter,2316,13779,16095,6.1,2026-06-01,No,Pending
S02551,V0471,ESN377994,2025-01-03,Oil Change,Emergency,P0012,Low oil pressure,TECH753,Kerala Truck Service,Spark Plug,3693,9580,13273,1.4,2025-07-02,Yes,Pending
S02552,V0091,ESN901031,2025-05-22,Battery Replacement,Emergency,P0012,Routine inspection,TECH975,AutoMind Central,Brake Pads,1596,7430,9026,8.0,2025-11-18,Yes,Completed
S02553,V0145,ESN223034,2025-07-23,Cooling System,Emergency,P0300,Engine overheating,TECH591,Prime Motors,Coolant Hose,4853,18117,22970,3.8,2026-01-19,Yes,Pending
S02554,V0267,ESN275822,2025-07-05,Brake Service,Preventive,P0000,Engine overheating,TECH852,Kerala Truck Service,Battery,5583,1487,7070,5.8,2026-01-01,Yes,Pending
S02555,V0354,ESN810995,2025-01-21,Routine Service,Corrective,P0000,Routine inspection,TECH779,FleetCare Kochi,Oil Filter,3489,16119,19608,7.0,2025-07-20,No,Completed
S02556,V0496,ESN564524,2025-10-07,Battery Replacement,Emergency,P0420,Engine overheating,TECH792,Prime Motors,Battery,2876,18142,21018,3.0,2026-04-05,Yes,Completed
S02557,V0195,ESN606739,2025-04-22,Cooling System,Corrective,P0171,Routine inspection,TECH136,Kerala Truck Service,Brake Pads,2286,8725,11011,11.5,2025-10-19,Yes,Pending
S02558,V0195,ESN528549,2025-09-30,Oil Change,Emergency,P0171,Routine inspection,TECH347,FleetCare Kochi,Battery,5732,14349,20081,4.1,2026-03-29,Yes,Completed
S02559,V0333,ESN968932,2025-05-30,Battery Replacement,Corrective,P0000,Engine overheating,TECH990,AutoMind Central,Spark Plug,5507,16809,22316,6.5,2025-11-26,No,Pending
S02560,V0385,ESN167626,2025-03-09,Battery Replacement,Emergency,P0000,Engine overheating,TECH127,Kerala Truck Service,Brake Pads,3490,15600,19090,1.8,2025-09-05,No,Completed
S02561,V0281,ESN849205,2025-12-02,Cooling System,Preventive,P0000,Battery degradation,TECH565,FleetCare Kochi,Air Filter,2934,18205,21139,10.2,2026-05-31,Yes,Pending
S02562,V0085,ESN572858,2025-12-10,Oil Change,Emergency,P0171,Low oil pressure,TECH717,FleetCare Kochi,Air Filter,5516,18811,24327,5.3,2026-06-08,Yes,Pending
S02563,V0378,ESN575820,2025-09-10,Engine Diagnostics,Emergency,P0171,Engine overheating,TECH825,Kerala Truck Service,Brake Pads,3646,5413,9059,1.6,2026-03-09,Yes,Pending
S02564,V0141,ESN847793,2025-01-03,Routine Service,Emergency,P0012,Battery degradation,TECH347,AutoMind Central,Coolant Hose,1619,7908,9527,7.1,2025-07-02,No,Completed
S02565,V0087,ESN224991,2025-09-15,Oil Change,Corrective,P0420,Battery degradation,TECH518,FleetCare Kochi,Brake Pads,2376,18025,20401,2.5,2026-03-14,No,Pending
S02566,V0242,ESN246567,2025-08-07,Oil Change,Emergency,P0000,Engine overheating,TECH220,Prime Motors,Battery,3170,7580,10750,2.1,2026-02-03,No,Completed
S02567,V0320,ESN386290,2025-11-24,Engine Diagnostics,Corrective,P0171,Battery degradation,TECH517,Kerala Truck Service,Oil Filter,1103,15215,16318,11.4,2026-05-23,No,Completed
S02568,V0384,ESN891408,2025-02-15,Cooling System,Emergency,P0420,Brake wear,TECH512,Prime Motors,Coolant Hose,1520,19099,20619,6.8,2025-08-14,Yes,Pending
S02569,V0170,ESN340947,2025-05-14,Battery Replacement,Corrective,P0420,Low oil pressure,TECH850,AutoMind Central,Battery,5382,14817,20199,4.9,2025-11-10,No,Pending
S02570,V0351,ESN699482,2025-08-29,Battery Replacement,Preventive,P0012,Routine inspection,TECH853,AutoMind Central,Oil Filter,2691,19382,22073,10.6,2026-02-25,Yes,Completed
S02571,V0086,ESN554874,2025-02-27,Routine Service,Emergency,P0300,Brake wear,TECH194,AutoMind Central,Spark Plug,5979,14672,20651,9.8,2025-08-26,No,Completed
S02572,V0406,ESN355919,2025-11-23,Brake Service,Corrective,P0000,Brake wear,TECH972,Kerala Truck Service,Oil Filter,5892,8061,13953,10.9,2026-05-22,Yes,Pending
S02573,V0382,ESN361108,2025-10-18,Cooling System,Preventive,P0300,Battery degradation,TECH159,Prime Motors,Coolant Hose,2055,2402,4457,9.8,2026-04-16,Yes,Pending
S02574,V0138,ESN690323,2025-03-05,Engine Diagnostics,Corrective,P0012,Routine inspection,TECH210,AutoMind Central,Brake Pads,4249,9082,13331,9.4,2025-09-01,No,Pending
S02575,V0360,ESN507937,2025-08-21,Oil Change,Preventive,P0420,Engine overheating,TECH824,FleetCare Kochi,Spark Plug,3577,19231,22808,4.1,2026-02-17,No,Completed
S02576,V0426,ESN550014,2025-02-15,Cooling System,Preventive,P0300,Engine overheating,TECH186,FleetCare Kochi,Coolant Hose,5190,17457,22647,7.2,2025-08-14,No,Completed
S02577,V0036,ESN354357,2025-01-15,Cooling System,Preventive,P0420,Battery degradation,TECH422,Prime Motors,Oil Filter,1496,14561,16057,4.1,2025-07-14,No,Completed
S02578,V0426,ESN516915,2025-03-12,Engine Diagnostics,Emergency,P0420,Routine inspection,TECH785,Prime Motors,Brake Pads,2980,14112,17092,10.2,2025-09-08,Yes,Completed
S02579,V0114,ESN538146,2025-06-28,Oil Change,Corrective,P0171,Engine overheating,TECH768,Kerala Truck Service,Oil Filter,1606,14297,15903,1.7,2025-12-25,No,Pending
S02580,V0422,ESN588769,2025-04-26,Oil Change,Corrective,P0420,Brake wear,TECH458,FleetCare Kochi,Oil Filter,4791,2767,7558,11.5,2025-10-23,No,Pending
S02581,V0302,ESN265201,2025-12-21,Battery Replacement,Preventive,P0420,Low oil pressure,TECH951,Kerala Truck Service,Coolant Hose,2620,15207,17827,7.0,2026-06-19,No,Completed
S02582,V0351,ESN882387,2025-05-12,Brake Service,Corrective,P0000,Routine inspection,TECH189,Prime Motors,Oil Filter,972,12339,13311,3.4,2025-11-08,Yes,Pending
S02583,V0302,ESN879451,2025-10-27,Routine Service,Preventive,P0171,Battery degradation,TECH789,AutoMind Central,Coolant Hose,2309,6616,8925,5.5,2026-04-25,No,Completed
S02584,V0093,ESN894146,2025-06-16,Cooling System,Preventive,P0420,Routine inspection,TECH561,AutoMind Central,Brake Pads,4675,19602,24277,6.0,2025-12-13,No,Pending
S02585,V0043,ESN869223,2025-07-18,Brake Service,Emergency,P0171,Routine inspection,TECH691,Kerala Truck Service,Oil Filter,4240,3233,7473,1.3,2026-01-14,No,Completed
S02586,V0285,ESN554824,2025-05-06,Brake Service,Emergency,P0420,Battery degradation,TECH321,FleetCare Kochi,Coolant Hose,1129,6523,7652,3.7,2025-11-02,No,Completed
S02587,V0271,ESN382170,2025-07-03,Brake Service,Emergency,P0300,Brake wear,TECH290,AutoMind Central,Brake Pads,1486,18602,20088,11.3,2025-12-30,Yes,Completed
S02588,V0459,ESN103663,2025-07-04,Routine Service,Corrective,P0420,Routine inspection,TECH219,AutoMind Central,Air Filter,3541,11677,15218,10.4,2025-12-31,No,Pending
S02589,V0096,ESN825892,2025-04-25,Oil Change,Corrective,P0420,Brake wear,TECH917,FleetCare Kochi,Brake Pads,5617,12563,18180,5.4,2025-10-22,No,Completed
S02590,V0056,ESN312240,2025-08-30,Routine Service,Corrective,P0420,Low oil pressure,TECH364,AutoMind Central,Coolant Hose,1322,921,2243,11.7,2026-02-26,Yes,Pending
S02591,V0103,ESN592603,2025-12-31,Cooling System,Preventive,P0300,Low oil pressure,TECH154,AutoMind Central,Brake Pads,4906,1166,6072,1.1,2026-06-29,No,Pending
S02592,V0123,ESN139902,2025-09-13,Oil Change,Corrective,P0000,Battery degradation,TECH826,AutoMind Central,Coolant Hose,4613,11807,16420,4.4,2026-03-12,Yes,Completed
S02593,V0391,ESN680546,2025-05-22,Battery Replacement,Emergency,P0012,Low oil pressure,TECH797,AutoMind Central,Battery,2180,8879,11059,12.0,2025-11-18,Yes,Pending
S02594,V0147,ESN657695,2025-05-02,Battery Replacement,Corrective,P0012,Brake wear,TECH345,Prime Motors,Battery,1549,2949,4498,6.0,2025-10-29,Yes,Pending
S02595,V0266,ESN326352,2025-07-07,Brake Service,Corrective,P0420,Routine inspection,TECH739,Prime Motors,Oil Filter,5643,6940,12583,10.9,2026-01-03,No,Pending
S02596,V0384,ESN409694,2025-11-08,Engine Diagnostics,Corrective,P0420,Brake wear,TECH866,FleetCare Kochi,Air Filter,4262,5643,9905,9.4,2026-05-07,Yes,Completed
S02597,V0046,ESN342154,2025-05-04,Brake Service,Emergency,P0012,Engine overheating,TECH454,AutoMind Central,Brake Pads,2302,13079,15381,9.1,2025-10-31,No,Pending
S02598,V0044,ESN114394,2025-08-13,Oil Change,Emergency,P0171,Routine inspection,TECH833,AutoMind Central,Air Filter,3493,18278,21771,8.8,2026-02-09,No,Completed
S02599,V0454,ESN787376,2025-03-22,Brake Service,Preventive,P0000,Brake wear,TECH446,AutoMind Central,Coolant Hose,4331,8378,12709,3.9,2025-09-18,Yes,Completed
S02600,V0380,ESN566686,2025-10-10,Cooling System,Emergency,P0000,Routine inspection,TECH454,Kerala Truck Service,Brake Pads,3711,18177,21888,9.2,2026-04-08,Yes,Pending
S02601,V0431,ESN342365,2025-11-23,Cooling System,Preventive,P0420,Low oil pressure,TECH214,Kerala Truck Service,Air Filter,4307,16594,20901,5.9,2026-05-22,No,Pending
S02602,V0397,ESN589292,2025-01-02,Oil Change,Preventive,P0171,Battery degradation,TECH106,AutoMind Central,Oil Filter,2407,9757,12164,10.2,2025-07-01,Yes,Pending
S02603,V0427,ESN358540,2025-06-10,Battery Replacement,Corrective,P0171,Battery degradation,TECH291,FleetCare Kochi,Coolant Hose,2485,12515,15000,11.0,2025-12-07,Yes,Completed
S02604,V0160,ESN589982,2025-09-18,Oil Change,Emergency,P0420,Battery degradation,TECH327,Prime Motors,Coolant Hose,2573,10891,13464,6.5,2026-03-17,No,Completed
S02605,V0433,ESN370513,2025-06-27,Oil Change,Preventive,P0012,Low oil pressure,TECH274,Kerala Truck Service,Oil Filter,4231,2441,6672,10.7,2025-12-24,Yes,Pending
S02606,V0500,ESN333863,2025-10-01,Routine Service,Emergency,P0300,Routine inspection,TECH568,AutoMind Central,Coolant Hose,4553,16513,21066,2.6,2026-03-30,No,Pending
S02607,V0061,ESN800426,2025-01-14,Brake Service,Corrective,P0000,Routine inspection,TECH286,Kerala Truck Service,Brake Pads,1148,1156,2304,1.8,2025-07-13,Yes,Completed
S02608,V0218,ESN891139,2025-04-04,Cooling System,Corrective,P0171,Battery degradation,TECH137,AutoMind Central,Battery,5116,914,6030,7.5,2025-10-01,No,Completed
S02609,V0374,ESN301049,2025-06-22,Cooling System,Corrective,P0300,Low oil pressure,TECH135,Kerala Truck Service,Spark Plug,5905,19149,25054,5.1,2025-12-19,No,Pending
S02610,V0443,ESN650597,2025-02-14,Cooling System,Preventive,P0420,Brake wear,TECH964,AutoMind Central,Spark Plug,1847,3263,5110,4.5,2025-08-13,No,Completed
S02611,V0154,ESN474536,2025-12-14,Engine Diagnostics,Emergency,P0171,Low oil pressure,TECH831,AutoMind Central,Air Filter,3131,17289,20420,8.2,2026-06-12,Yes,Completed
S02612,V0279,ESN511906,2025-05-04,Brake Service,Emergency,P0420,Routine inspection,TECH676,FleetCare Kochi,Air Filter,5689,19857,25546,10.3,2025-10-31,Yes,Completed
S02613,V0234,ESN650514,2025-12-21,Routine Service,Corrective,P0300,Low oil pressure,TECH243,Prime Motors,Brake Pads,3230,972,4202,4.0,2026-06-19,Yes,Completed
S02614,V0075,ESN565088,2025-07-29,Routine Service,Emergency,P0000,Routine inspection,TECH272,Kerala Truck Service,Brake Pads,4288,11595,15883,5.4,2026-01-25,Yes,Completed
S02615,V0036,ESN753667,2025-10-28,Cooling System,Emergency,P0000,Battery degradation,TECH723,Prime Motors,Spark Plug,902,3977,4879,2.8,2026-04-26,Yes,Pending
S02616,V0272,ESN646831,2025-07-24,Cooling System,Corrective,P0300,Routine inspection,TECH939,FleetCare Kochi,Spark Plug,4305,4089,8394,11.2,2026-01-20,No,Pending
S02617,V0484,ESN418472,2025-04-01,Brake Service,Emergency,P0300,Battery degradation,TECH233,Prime Motors,Oil Filter,2059,3099,5158,10.4,2025-09-28,Yes,Pending
S02618,V0036,ESN247907,2025-06-17,Cooling System,Preventive,P0012,Low oil pressure,TECH789,FleetCare Kochi,Battery,1027,6340,7367,7.1,2025-12-14,Yes,Completed
S02619,V0207,ESN663627,2025-02-07,Routine Service,Preventive,P0000,Brake wear,TECH720,FleetCare Kochi,Battery,5281,1385,6666,4.0,2025-08-06,No,Completed
S02620,V0342,ESN402939,2025-01-15,Battery Replacement,Corrective,P0171,Low oil pressure,TECH818,Kerala Truck Service,Battery,2008,17852,19860,4.6,2025-07-14,Yes,Pending
S02621,V0222,ESN700026,2025-05-28,Brake Service,Corrective,P0420,Brake wear,TECH513,AutoMind Central,Brake Pads,1511,16123,17634,3.2,2025-11-24,No,Completed
S02622,V0023,ESN883532,2025-06-11,Engine Diagnostics,Corrective,P0171,Battery degradation,TECH135,AutoMind Central,Spark Plug,5632,16755,22387,10.8,2025-12-08,Yes,Completed
S02623,V0457,ESN602524,2025-11-24,Battery Replacement,Preventive,P0300,Brake wear,TECH977,Kerala Truck Service,Coolant Hose,1222,17981,19203,10.0,2026-05-23,Yes,Completed
S02624,V0500,ESN194035,2025-05-07,Routine Service,Emergency,P0300,Brake wear,TECH579,Kerala Truck Service,Air Filter,3051,5947,8998,8.6,2025-11-03,Yes,Pending
S02625,V0059,ESN341577,2025-09-04,Cooling System,Preventive,P0012,Brake wear,TECH181,FleetCare Kochi,Oil Filter,5207,1417,6624,7.2,2026-03-03,No,Pending
S02626,V0189,ESN462905,2025-02-28,Oil Change,Corrective,P0012,Low oil pressure,TECH913,Prime Motors,Air Filter,1070,5054,6124,11.8,2025-08-27,Yes,Completed
S02627,V0466,ESN652335,2025-03-14,Engine Diagnostics,Emergency,P0012,Low oil pressure,TECH103,AutoMind Central,Oil Filter,2089,3373,5462,2.8,2025-09-10,No,Completed
S02628,V0435,ESN256054,2025-12-27,Engine Diagnostics,Emergency,P0000,Routine inspection,TECH319,Kerala Truck Service,Battery,1141,8881,10022,4.6,2026-06-25,No,Completed
S02629,V0008,ESN469374,2025-03-25,Routine Service,Corrective,P0171,Engine overheating,TECH710,AutoMind Central,Spark Plug,2708,12477,15185,4.4,2025-09-21,No,Completed
S02630,V0264,ESN384170,2025-03-31,Cooling System,Emergency,P0000,Brake wear,TECH170,Kerala Truck Service,Coolant Hose,2494,5544,8038,2.4,2025-09-27,Yes,Pending
S02631,V0363,ESN839262,2025-06-13,Battery Replacement,Emergency,P0300,Engine overheating,TECH364,Kerala Truck Service,Oil Filter,5770,10796,16566,5.2,2025-12-10,Yes,Completed
S02632,V0156,ESN284279,2025-05-27,Cooling System,Preventive,P0171,Routine inspection,TECH519,FleetCare Kochi,Oil Filter,4873,8016,12889,5.6,2025-11-23,No,Completed
S02633,V0002,ESN657206,2025-06-10,Cooling System,Corrective,P0300,Battery degradation,TECH881,FleetCare Kochi,Spark Plug,998,10364,11362,5.9,2025-12-07,Yes,Completed
S02634,V0032,ESN749092,2025-06-30,Engine Diagnostics,Preventive,P0420,Low oil pressure,TECH242,Prime Motors,Coolant Hose,1637,7587,9224,9.4,2025-12-27,Yes,Pending
S02635,V0070,ESN738902,2025-08-26,Brake Service,Corrective,P0300,Low oil pressure,TECH671,FleetCare Kochi,Oil Filter,3147,10361,13508,2.3,2026-02-22,No,Completed
S02636,V0295,ESN820109,2025-09-18,Engine Diagnostics,Emergency,P0420,Low oil pressure,TECH418,AutoMind Central,Air Filter,5119,2265,7384,9.2,2026-03-17,Yes,Pending
S02637,V0251,ESN232309,2025-10-11,Oil Change,Preventive,P0171,Routine inspection,TECH161,Prime Motors,Brake Pads,2550,2091,4641,11.9,2026-04-09,Yes,Completed
S02638,V0233,ESN225882,2025-01-12,Brake Service,Corrective,P0300,Engine overheating,TECH243,Prime Motors,Coolant Hose,1368,17538,18906,6.5,2025-07-11,No,Completed
S02639,V0435,ESN395592,2025-07-25,Oil Change,Preventive,P0420,Engine overheating,TECH422,FleetCare Kochi,Oil Filter,1413,9808,11221,5.3,2026-01-21,Yes,Completed
S02640,V0430,ESN727456,2025-01-10,Oil Change,Emergency,P0300,Routine inspection,TECH930,FleetCare Kochi,Oil Filter,1065,15314,16379,8.0,2025-07-09,No,Completed
S02641,V0458,ESN376603,2025-09-12,Oil Change,Corrective,P0300,Brake wear,TECH726,AutoMind Central,Air Filter,5115,18351,23466,3.4,2026-03-11,Yes,Pending
S02642,V0288,ESN218123,2025-09-19,Cooling System,Preventive,P0300,Engine overheating,TECH106,FleetCare Kochi,Air Filter,4745,19934,24679,9.9,2026-03-18,Yes,Pending
S02643,V0461,ESN616619,2025-08-11,Engine Diagnostics,Emergency,P0000,Battery degradation,TECH587,Kerala Truck Service,Battery,5561,14801,20362,8.7,2026-02-07,No,Completed
S02644,V0102,ESN874093,2025-12-06,Cooling System,Corrective,P0420,Brake wear,TECH358,Kerala Truck Service,Air Filter,4978,8221,13199,9.5,2026-06-04,Yes,Pending
S02645,V0261,ESN881710,2025-11-19,Routine Service,Preventive,P0171,Brake wear,TECH670,AutoMind Central,Coolant Hose,5152,18080,23232,7.3,2026-05-18,Yes,Completed
S02646,V0418,ESN975564,2025-11-08,Cooling System,Preventive,P0420,Engine overheating,TECH273,AutoMind Central,Brake Pads,1535,5773,7308,11.7,2026-05-07,No,Completed
S02647,V0254,ESN136736,2025-05-11,Cooling System,Emergency,P0012,Routine inspection,TECH394,Kerala Truck Service,Oil Filter,3478,19850,23328,10.0,2025-11-07,Yes,Completed
S02648,V0224,ESN394971,2025-07-05,Cooling System,Preventive,P0300,Battery degradation,TECH688,Kerala Truck Service,Spark Plug,3279,3026,6305,7.5,2026-01-01,Yes,Pending
S02649,V0280,ESN941301,2025-12-08,Battery Replacement,Emergency,P0171,Low oil pressure,TECH968,Kerala Truck Service,Air Filter,1356,2697,4053,1.9,2026-06-06,Yes,Pending
S02650,V0300,ESN322894,2025-03-27,Cooling System,Corrective,P0012,Battery degradation,TECH139,Prime Motors,Air Filter,4198,9728,13926,2.4,2025-09-23,No,Pending
S02651,V0249,ESN310863,2025-01-19,Routine Service,Emergency,P0000,Low oil pressure,TECH658,FleetCare Kochi,Air Filter,1002,11291,12293,10.3,2025-07-18,No,Completed
S02652,V0483,ESN300659,2025-01-19,Brake Service,Preventive,P0171,Brake wear,TECH805,AutoMind Central,Air Filter,1456,18391,19847,8.6,2025-07-18,No,Pending
S02653,V0426,ESN224526,2025-05-05,Engine Diagnostics,Corrective,P0000,Brake wear,TECH126,FleetCare Kochi,Oil Filter,4915,15855,20770,2.0,2025-11-01,No,Completed
S02654,V0011,ESN120748,2025-02-24,Cooling System,Corrective,P0300,Battery degradation,TECH185,FleetCare Kochi,Oil Filter,4012,5510,9522,1.5,2025-08-23,Yes,Completed
S02655,V0261,ESN580993,2025-01-19,Battery Replacement,Corrective,P0171,Battery degradation,TECH692,AutoMind Central,Oil Filter,5001,11772,16773,10.9,2025-07-18,No,Completed
S02656,V0397,ESN714732,2025-05-10,Oil Change,Corrective,P0012,Brake wear,TECH764,Kerala Truck Service,Air Filter,4451,5329,9780,7.3,2025-11-06,Yes,Pending
S02657,V0230,ESN942724,2025-01-20,Cooling System,Preventive,P0171,Brake wear,TECH407,Prime Motors,Oil Filter,4574,8008,12582,3.4,2025-07-19,Yes,Completed
S02658,V0363,ESN985153,2025-06-19,Routine Service,Corrective,P0000,Routine inspection,TECH516,AutoMind Central,Battery,2090,5323,7413,7.7,2025-12-16,Yes,Completed
S02659,V0284,ESN821626,2025-08-09,Routine Service,Emergency,P0000,Low oil pressure,TECH372,Prime Motors,Coolant Hose,845,13070,13915,3.8,2026-02-05,Yes,Pending
S02660,V0182,ESN525923,2025-04-23,Engine Diagnostics,Preventive,P0300,Low oil pressure,TECH699,Kerala Truck Service,Brake Pads,5090,3830,8920,11.0,2025-10-20,Yes,Pending
S02661,V0286,ESN973071,2025-10-22,Cooling System,Preventive,P0420,Brake wear,TECH655,Prime Motors,Oil Filter,3411,2899,6310,4.7,2026-04-20,Yes,Pending
S02662,V0496,ESN451033,2025-05-08,Routine Service,Preventive,P0012,Routine inspection,TECH535,AutoMind Central,Battery,3044,18102,21146,7.4,2025-11-04,No,Pending
S02663,V0476,ESN545216,2025-04-17,Routine Service,Emergency,P0012,Battery degradation,TECH573,AutoMind Central,Brake Pads,4350,3739,8089,8.2,2025-10-14,Yes,Completed
S02664,V0188,ESN878680,2025-06-21,Engine Diagnostics,Corrective,P0012,Battery degradation,TECH171,AutoMind Central,Brake Pads,2939,13158,16097,10.6,2025-12-18,No,Completed
S02665,V0043,ESN986959,2025-05-05,Battery Replacement,Preventive,P0171,Brake wear,TECH305,FleetCare Kochi,Coolant Hose,3372,14056,17428,1.7,2025-11-01,No,Completed
S02666,V0291,ESN699444,2025-06-20,Routine Service,Emergency,P0300,Routine inspection,TECH619,Prime Motors,Spark Plug,2812,12368,15180,8.6,2025-12-17,Yes,Pending
S02667,V0361,ESN863393,2025-07-02,Battery Replacement,Corrective,P0300,Brake wear,TECH430,Kerala Truck Service,Brake Pads,4441,16087,20528,8.2,2025-12-29,No,Pending
S02668,V0019,ESN394392,2025-04-25,Oil Change,Corrective,P0420,Engine overheating,TECH788,Kerala Truck Service,Coolant Hose,5415,1217,6632,11.6,2025-10-22,Yes,Pending
S02669,V0199,ESN150902,2025-01-31,Cooling System,Preventive,P0000,Routine inspection,TECH776,AutoMind Central,Brake Pads,4804,16639,21443,5.9,2025-07-30,Yes,Completed
S02670,V0076,ESN238960,2025-01-29,Engine Diagnostics,Emergency,P0420,Low oil pressure,TECH281,FleetCare Kochi,Air Filter,4472,16531,21003,5.6,2025-07-28,No,Pending
S02671,V0246,ESN592957,2025-02-09,Cooling System,Preventive,P0171,Engine overheating,TECH191,FleetCare Kochi,Brake Pads,2073,16319,18392,5.4,2025-08-08,Yes,Completed
S02672,V0029,ESN450741,2025-10-13,Battery Replacement,Preventive,P0000,Battery degradation,TECH178,FleetCare Kochi,Coolant Hose,1378,9879,11257,2.6,2026-04-11,Yes,Pending
S02673,V0489,ESN907535,2025-12-26,Brake Service,Corrective,P0000,Low oil pressure,TECH589,Prime Motors,Oil Filter,1221,17182,18403,6.8,2026-06-24,Yes,Pending
S02674,V0134,ESN787453,2025-06-10,Oil Change,Emergency,P0171,Battery degradation,TECH509,FleetCare Kochi,Brake Pads,994,17964,18958,6.7,2025-12-07,Yes,Pending
S02675,V0140,ESN145652,2025-10-28,Battery Replacement,Corrective,P0300,Routine inspection,TECH595,AutoMind Central,Air Filter,2387,3208,5595,10.1,2026-04-26,No,Pending
S02676,V0013,ESN601667,2025-07-01,Battery Replacement,Preventive,P0420,Routine inspection,TECH421,Kerala Truck Service,Brake Pads,4383,5892,10275,3.3,2025-12-28,No,Pending
S02677,V0410,ESN409895,2025-06-06,Battery Replacement,Emergency,P0000,Routine inspection,TECH904,Kerala Truck Service,Air Filter,3232,924,4156,11.9,2025-12-03,No,Completed
S02678,V0084,ESN918326,2025-12-12,Oil Change,Preventive,P0171,Brake wear,TECH636,AutoMind Central,Oil Filter,3246,1146,4392,8.6,2026-06-10,No,Completed
S02679,V0376,ESN411444,2025-11-13,Cooling System,Corrective,P0171,Brake wear,TECH414,Kerala Truck Service,Coolant Hose,2843,9066,11909,11.5,2026-05-12,Yes,Completed
S02680,V0207,ESN747400,2025-06-19,Engine Diagnostics,Emergency,P0300,Battery degradation,TECH385,Prime Motors,Spark Plug,3574,16056,19630,10.6,2025-12-16,Yes,Pending
S02681,V0417,ESN335756,2025-03-24,Engine Diagnostics,Corrective,P0171,Battery degradation,TECH402,Prime Motors,Battery,1882,8106,9988,6.6,2025-09-20,No,Pending
S02682,V0082,ESN893733,2025-03-14,Battery Replacement,Corrective,P0171,Routine inspection,TECH487,Prime Motors,Air Filter,4798,14118,18916,7.3,2025-09-10,Yes,Completed
S02683,V0408,ESN353764,2025-08-14,Routine Service,Emergency,P0000,Battery degradation,TECH971,Prime Motors,Coolant Hose,5913,4637,10550,11.5,2026-02-10,Yes,Completed
S02684,V0057,ESN833663,2025-11-24,Routine Service,Corrective,P0012,Low oil pressure,TECH140,Prime Motors,Oil Filter,1687,3938,5625,2.3,2026-05-23,Yes,Completed
S02685,V0206,ESN395452,2025-11-23,Battery Replacement,Emergency,P0420,Brake wear,TECH254,FleetCare Kochi,Brake Pads,4619,6458,11077,10.4,2026-05-22,No,Completed
S02686,V0100,ESN150069,2025-08-06,Engine Diagnostics,Emergency,P0171,Brake wear,TECH384,AutoMind Central,Battery,2083,1098,3181,7.6,2026-02-02,Yes,Pending
S02687,V0451,ESN391653,2025-03-14,Routine Service,Emergency,P0171,Routine inspection,TECH835,AutoMind Central,Battery,4614,8637,13251,11.0,2025-09-10,Yes,Pending
S02688,V0481,ESN438370,2025-03-04,Engine Diagnostics,Preventive,P0012,Low oil pressure,TECH790,Prime Motors,Spark Plug,2428,12778,15206,8.4,2025-08-31,No,Pending
S02689,V0044,ESN729021,2025-09-17,Brake Service,Preventive,P0000,Routine inspection,TECH707,AutoMind Central,Spark Plug,5822,19230,25052,3.7,2026-03-16,Yes,Pending
S02690,V0326,ESN358090,2025-06-15,Cooling System,Emergency,P0171,Engine overheating,TECH223,Prime Motors,Air Filter,5825,6051,11876,6.4,2025-12-12,Yes,Completed
S02691,V0116,ESN249260,2025-07-10,Battery Replacement,Preventive,P0420,Engine overheating,TECH367,AutoMind Central,Coolant Hose,1389,10957,12346,3.8,2026-01-06,No,Pending
S02692,V0142,ESN544027,2025-03-04,Cooling System,Emergency,P0420,Brake wear,TECH635,AutoMind Central,Brake Pads,5747,9397,15144,11.9,2025-08-31,Yes,Pending
S02693,V0304,ESN483486,2025-02-05,Cooling System,Emergency,P0300,Low oil pressure,TECH235,Kerala Truck Service,Air Filter,1182,2027,3209,11.5,2025-08-04,No,Pending
S02694,V0249,ESN915565,2025-07-22,Battery Replacement,Emergency,P0171,Routine inspection,TECH607,FleetCare Kochi,Brake Pads,2265,13981,16246,10.5,2026-01-18,No,Completed
S02695,V0064,ESN354805,2025-10-07,Oil Change,Emergency,P0300,Low oil pressure,TECH596,AutoMind Central,Spark Plug,3944,16192,20136,1.9,2026-04-05,Yes,Completed
S02696,V0038,ESN946357,2025-01-04,Battery Replacement,Emergency,P0420,Routine inspection,TECH158,AutoMind Central,Spark Plug,2148,3551,5699,5.5,2025-07-03,No,Pending
S02697,V0210,ESN855708,2025-11-09,Oil Change,Emergency,P0300,Battery degradation,TECH168,Kerala Truck Service,Air Filter,5694,17499,23193,10.8,2026-05-08,Yes,Completed
S02698,V0013,ESN828412,2025-08-11,Cooling System,Corrective,P0171,Battery degradation,TECH937,FleetCare Kochi,Battery,4284,13072,17356,5.0,2026-02-07,No,Pending
S02699,V0426,ESN950315,2025-04-03,Battery Replacement,Corrective,P0012,Routine inspection,TECH779,Prime Motors,Brake Pads,3853,18925,22778,2.0,2025-09-30,No,Completed
S02700,V0485,ESN604169,2025-03-11,Brake Service,Preventive,P0171,Battery degradation,TECH502,Prime Motors,Spark Plug,4183,6238,10421,3.9,2025-09-07,No,Completed
S02701,V0396,ESN641180,2025-05-06,Brake Service,Preventive,P0171,Battery degradation,TECH449,AutoMind Central,Spark Plug,3385,10349,13734,2.6,2025-11-02,Yes,Completed
S02702,V0206,ESN892223,2025-10-18,Oil Change,Preventive,P0300,Battery degradation,TECH540,AutoMind Central,Oil Filter,3828,16532,20360,1.7,2026-04-16,No,Pending
S02703,V0257,ESN783548,2025-06-20,Battery Replacement,Emergency,P0012,Brake wear,TECH641,Kerala Truck Service,Battery,1122,13470,14592,6.6,2025-12-17,Yes,Completed
S02704,V0241,ESN442429,2025-08-03,Oil Change,Emergency,P0171,Engine overheating,TECH291,FleetCare Kochi,Air Filter,1154,7381,8535,7.3,2026-01-30,Yes,Pending
S02705,V0333,ESN354318,2025-05-19,Battery Replacement,Preventive,P0420,Routine inspection,TECH534,Prime Motors,Air Filter,2205,6265,8470,6.3,2025-11-15,Yes,Pending
S02706,V0337,ESN322883,2025-03-31,Cooling System,Emergency,P0171,Brake wear,TECH817,Prime Motors,Air Filter,4675,5469,10144,6.8,2025-09-27,No,Pending
S02707,V0358,ESN327413,2025-01-16,Routine Service,Corrective,P0300,Routine inspection,TECH100,FleetCare Kochi,Brake Pads,5883,8453,14336,11.0,2025-07-15,Yes,Completed
S02708,V0003,ESN191372,2025-05-10,Oil Change,Emergency,P0012,Battery degradation,TECH136,FleetCare Kochi,Air Filter,4751,11344,16095,8.1,2025-11-06,No,Completed
S02709,V0472,ESN151051,2025-11-24,Routine Service,Emergency,P0420,Engine overheating,TECH682,AutoMind Central,Spark Plug,3054,5996,9050,3.5,2026-05-23,No,Pending
S02710,V0122,ESN907223,2025-06-26,Oil Change,Corrective,P0420,Brake wear,TECH396,FleetCare Kochi,Spark Plug,5777,16056,21833,8.1,2025-12-23,No,Pending
S02711,V0308,ESN765384,2025-03-29,Oil Change,Corrective,P0171,Engine overheating,TECH475,Kerala Truck Service,Air Filter,5800,784,6584,10.5,2025-09-25,No,Pending
S02712,V0050,ESN372898,2025-03-28,Engine Diagnostics,Corrective,P0000,Routine inspection,TECH934,AutoMind Central,Coolant Hose,1241,8455,9696,8.9,2025-09-24,Yes,Completed
S02713,V0407,ESN333281,2025-03-20,Battery Replacement,Preventive,P0012,Battery degradation,TECH372,FleetCare Kochi,Brake Pads,1839,1662,3501,5.6,2025-09-16,No,Completed
S02714,V0047,ESN275382,2025-03-17,Engine Diagnostics,Emergency,P0000,Low oil pressure,TECH406,AutoMind Central,Brake Pads,2207,11187,13394,4.7,2025-09-13,No,Completed
S02715,V0154,ESN105739,2025-02-10,Battery Replacement,Emergency,P0300,Low oil pressure,TECH246,Kerala Truck Service,Air Filter,1957,5931,7888,7.6,2025-08-09,No,Pending
S02716,V0217,ESN675660,2025-09-02,Battery Replacement,Preventive,P0420,Routine inspection,TECH203,AutoMind Central,Brake Pads,5157,6901,12058,8.8,2026-03-01,Yes,Pending
S02717,V0284,ESN222117,2025-01-22,Brake Service,Emergency,P0000,Low oil pressure,TECH545,AutoMind Central,Coolant Hose,4474,3013,7487,4.9,2025-07-21,Yes,Pending
S02718,V0330,ESN259442,2025-12-07,Engine Diagnostics,Corrective,P0012,Routine inspection,TECH275,FleetCare Kochi,Coolant Hose,4151,8406,12557,10.8,2026-06-05,Yes,Completed
S02719,V0147,ESN681751,2025-12-25,Oil Change,Preventive,P0300,Battery degradation,TECH938,AutoMind Central,Brake Pads,2980,16710,19690,11.5,2026-06-23,Yes,Completed
S02720,V0178,ESN440547,2025-04-25,Cooling System,Preventive,P0000,Routine inspection,TECH478,Prime Motors,Battery,2150,11300,13450,4.1,2025-10-22,No,Pending
S02721,V0054,ESN859632,2025-11-12,Routine Service,Emergency,P0420,Battery degradation,TECH557,AutoMind Central,Air Filter,4475,3470,7945,11.7,2026-05-11,No,Completed
S02722,V0329,ESN652980,2025-12-23,Oil Change,Corrective,P0012,Engine overheating,TECH429,Kerala Truck Service,Coolant Hose,3563,7995,11558,2.3,2026-06-21,Yes,Completed
S02723,V0178,ESN756567,2025-09-30,Battery Replacement,Emergency,P0000,Battery degradation,TECH622,AutoMind Central,Oil Filter,3179,3742,6921,1.9,2026-03-29,No,Completed
S02724,V0199,ESN166627,2025-11-20,Oil Change,Corrective,P0300,Routine inspection,TECH457,AutoMind Central,Brake Pads,2510,4570,7080,6.8,2026-05-19,No,Pending
S02725,V0342,ESN363114,2025-01-18,Routine Service,Corrective,P0171,Routine inspection,TECH275,FleetCare Kochi,Spark Plug,2628,14339,16967,9.1,2025-07-17,Yes,Pending
S02726,V0028,ESN254830,2025-12-05,Routine Service,Corrective,P0300,Battery degradation,TECH419,AutoMind Central,Oil Filter,5575,10219,15794,8.9,2026-06-03,Yes,Completed
S02727,V0454,ESN815560,2025-02-27,Oil Change,Emergency,P0171,Routine inspection,TECH888,Prime Motors,Battery,2338,4367,6705,10.8,2025-08-26,No,Completed
S02728,V0011,ESN465955,2025-10-10,Brake Service,Emergency,P0171,Engine overheating,TECH423,AutoMind Central,Spark Plug,2487,11031,13518,11.0,2026-04-08,No,Completed
S02729,V0461,ESN920607,2025-10-05,Engine Diagnostics,Corrective,P0000,Routine inspection,TECH830,Prime Motors,Brake Pads,3444,7769,11213,4.4,2026-04-03,Yes,Pending
S02730,V0198,ESN518425,2025-09-04,Brake Service,Preventive,P0000,Routine inspection,TECH957,Kerala Truck Service,Air Filter,5635,6878,12513,12.0,2026-03-03,Yes,Completed
S02731,V0405,ESN922199,2025-10-17,Brake Service,Emergency,P0000,Brake wear,TECH184,Prime Motors,Spark Plug,4755,7049,11804,11.6,2026-04-15,No,Pending
S02732,V0034,ESN462267,2025-08-20,Battery Replacement,Corrective,P0420,Low oil pressure,TECH430,AutoMind Central,Coolant Hose,4207,3106,7313,11.0,2026-02-16,Yes,Pending
S02733,V0493,ESN431598,2025-07-06,Brake Service,Emergency,P0000,Low oil pressure,TECH972,Prime Motors,Coolant Hose,3253,18232,21485,3.9,2026-01-02,No,Completed
S02734,V0351,ESN940424,2025-03-29,Engine Diagnostics,Emergency,P0420,Brake wear,TECH709,FleetCare Kochi,Spark Plug,1159,15525,16684,5.5,2025-09-25,Yes,Completed
S02735,V0346,ESN345312,2025-07-18,Brake Service,Corrective,P0000,Battery degradation,TECH213,AutoMind Central,Spark Plug,2862,15957,18819,2.9,2026-01-14,No,Pending
S02736,V0107,ESN858167,2025-03-25,Oil Change,Corrective,P0171,Engine overheating,TECH490,Prime Motors,Spark Plug,1026,5792,6818,11.4,2025-09-21,No,Pending
S02737,V0130,ESN966876,2025-07-21,Oil Change,Preventive,P0012,Low oil pressure,TECH621,Kerala Truck Service,Air Filter,2075,18956,21031,8.4,2026-01-17,Yes,Pending
S02738,V0395,ESN516971,2025-03-28,Brake Service,Corrective,P0012,Routine inspection,TECH528,AutoMind Central,Battery,5520,17555,23075,3.8,2025-09-24,No,Completed
S02739,V0051,ESN807578,2025-06-20,Cooling System,Preventive,P0300,Routine inspection,TECH166,FleetCare Kochi,Coolant Hose,2976,16432,19408,9.8,2025-12-17,Yes,Completed
S02740,V0046,ESN886383,2025-02-27,Battery Replacement,Preventive,P0171,Engine overheating,TECH544,Kerala Truck Service,Brake Pads,5836,10723,16559,1.3,2025-08-26,No,Pending
S02741,V0353,ESN516167,2025-03-29,Battery Replacement,Preventive,P0171,Battery degradation,TECH577,AutoMind Central,Spark Plug,2982,6675,9657,6.8,2025-09-25,Yes,Completed
S02742,V0281,ESN895178,2025-10-17,Brake Service,Corrective,P0012,Routine inspection,TECH399,FleetCare Kochi,Spark Plug,1796,1671,3467,6.7,2026-04-15,Yes,Completed
S02743,V0288,ESN405605,2025-09-09,Cooling System,Corrective,P0420,Routine inspection,TECH153,Kerala Truck Service,Coolant Hose,5927,10452,16379,2.0,2026-03-08,No,Completed
S02744,V0496,ESN662944,2025-09-01,Oil Change,Preventive,P0000,Engine overheating,TECH142,Prime Motors,Coolant Hose,5903,9726,15629,9.2,2026-02-28,Yes,Pending
S02745,V0189,ESN761146,2025-01-04,Cooling System,Preventive,P0000,Low oil pressure,TECH761,Kerala Truck Service,Air Filter,1333,17923,19256,3.0,2025-07-03,No,Pending
S02746,V0448,ESN175004,2025-03-06,Cooling System,Corrective,P0420,Brake wear,TECH893,Prime Motors,Spark Plug,2079,16690,18769,2.8,2025-09-02,No,Completed
S02747,V0244,ESN551921,2025-09-09,Brake Service,Preventive,P0171,Engine overheating,TECH211,Kerala Truck Service,Coolant Hose,3627,18859,22486,4.0,2026-03-08,Yes,Completed
S02748,V0456,ESN841276,2025-07-18,Cooling System,Emergency,P0420,Brake wear,TECH920,FleetCare Kochi,Coolant Hose,2474,10948,13422,5.9,2026-01-14,No,Pending
S02749,V0033,ESN213425,2025-07-04,Routine Service,Preventive,P0012,Brake wear,TECH941,AutoMind Central,Air Filter,5558,13685,19243,9.1,2025-12-31,No,Completed
S02750,V0328,ESN616363,2025-08-15,Engine Diagnostics,Emergency,P0300,Routine inspection,TECH342,Prime Motors,Spark Plug,2629,19593,22222,5.4,2026-02-11,No,Pending
S02751,V0218,ESN304044,2025-11-09,Cooling System,Emergency,P0171,Battery degradation,TECH606,Kerala Truck Service,Oil Filter,5766,16429,22195,11.3,2026-05-08,Yes,Pending
S02752,V0281,ESN845619,2025-04-27,Battery Replacement,Corrective,P0420,Brake wear,TECH978,Kerala Truck Service,Brake Pads,2014,5444,7458,3.5,2025-10-24,Yes,Completed
S02753,V0048,ESN518851,2025-02-18,Engine Diagnostics,Preventive,P0012,Brake wear,TECH846,AutoMind Central,Oil Filter,2389,17834,20223,4.2,2025-08-17,Yes,Pending
S02754,V0473,ESN862655,2025-04-07,Engine Diagnostics,Emergency,P0171,Brake wear,TECH325,AutoMind Central,Oil Filter,3599,7061,10660,3.2,2025-10-04,Yes,Completed
S02755,V0193,ESN778254,2025-08-26,Routine Service,Emergency,P0300,Routine inspection,TECH401,Prime Motors,Brake Pads,1022,14335,15357,8.9,2026-02-22,No,Completed
S02756,V0010,ESN178453,2025-12-16,Engine Diagnostics,Emergency,P0420,Low oil pressure,TECH378,AutoMind Central,Oil Filter,5552,628,6180,7.2,2026-06-14,Yes,Pending
S02757,V0487,ESN438132,2025-06-23,Routine Service,Preventive,P0012,Brake wear,TECH585,Prime Motors,Brake Pads,5151,7945,13096,11.5,2025-12-20,Yes,Pending
S02758,V0340,ESN541601,2025-12-09,Oil Change,Preventive,P0300,Brake wear,TECH712,Prime Motors,Coolant Hose,4456,15368,19824,5.7,2026-06-07,No,Pending
S02759,V0372,ESN713108,2025-01-18,Oil Change,Preventive,P0012,Brake wear,TECH609,Kerala Truck Service,Battery,3076,9252,12328,10.0,2025-07-17,Yes,Pending
S02760,V0162,ESN502688,2025-11-03,Engine Diagnostics,Corrective,P0012,Brake wear,TECH859,FleetCare Kochi,Air Filter,830,12605,13435,4.8,2026-05-02,No,Pending
S02761,V0040,ESN551945,2025-11-14,Cooling System,Emergency,P0012,Brake wear,TECH496,FleetCare Kochi,Oil Filter,1721,10630,12351,6.1,2026-05-13,Yes,Pending
S02762,V0023,ESN401819,2025-12-14,Cooling System,Corrective,P0300,Battery degradation,TECH183,Prime Motors,Air Filter,1410,1658,3068,1.1,2026-06-12,No,Pending
S02763,V0400,ESN930648,2025-12-09,Battery Replacement,Corrective,P0012,Routine inspection,TECH425,Kerala Truck Service,Coolant Hose,1490,17685,19175,7.2,2026-06-07,No,Pending
S02764,V0223,ESN704558,2025-11-12,Battery Replacement,Corrective,P0300,Engine overheating,TECH416,FleetCare Kochi,Oil Filter,5754,15741,21495,7.9,2026-05-11,No,Pending
S02765,V0096,ESN522260,2025-10-07,Routine Service,Preventive,P0000,Routine inspection,TECH328,FleetCare Kochi,Coolant Hose,4035,9868,13903,10.3,2026-04-05,No,Completed
S02766,V0094,ESN576038,2025-12-28,Cooling System,Preventive,P0171,Battery degradation,TECH531,Kerala Truck Service,Air Filter,1566,947,2513,11.8,2026-06-26,No,Pending
S02767,V0318,ESN915402,2025-11-06,Battery Replacement,Emergency,P0420,Brake wear,TECH566,AutoMind Central,Brake Pads,1530,17079,18609,1.9,2026-05-05,No,Completed
S02768,V0357,ESN573431,2025-02-03,Brake Service,Emergency,P0300,Brake wear,TECH581,AutoMind Central,Spark Plug,1528,12099,13627,5.1,2025-08-02,No,Pending
S02769,V0023,ESN422923,2025-05-13,Oil Change,Corrective,P0000,Battery degradation,TECH814,Prime Motors,Brake Pads,3621,11527,15148,9.3,2025-11-09,Yes,Pending
S02770,V0233,ESN669202,2025-02-07,Cooling System,Corrective,P0300,Routine inspection,TECH574,Prime Motors,Battery,5752,12292,18044,2.6,2025-08-06,No,Completed
S02771,V0252,ESN503613,2025-09-26,Battery Replacement,Emergency,P0000,Routine inspection,TECH972,Kerala Truck Service,Brake Pads,4881,13080,17961,5.6,2026-03-25,No,Completed
S02772,V0102,ESN478258,2025-10-06,Oil Change,Emergency,P0012,Brake wear,TECH731,FleetCare Kochi,Spark Plug,1473,11291,12764,7.0,2026-04-04,No,Completed
S02773,V0170,ESN529465,2025-04-14,Routine Service,Corrective,P0000,Routine inspection,TECH935,Kerala Truck Service,Battery,2052,12280,14332,11.0,2025-10-11,Yes,Pending
S02774,V0121,ESN186020,2025-08-06,Engine Diagnostics,Emergency,P0000,Brake wear,TECH903,AutoMind Central,Spark Plug,1360,547,1907,9.4,2026-02-02,Yes,Pending
S02775,V0031,ESN498038,2025-04-02,Battery Replacement,Emergency,P0300,Brake wear,TECH277,FleetCare Kochi,Brake Pads,1444,5184,6628,4.0,2025-09-29,Yes,Completed
S02776,V0172,ESN406801,2025-02-25,Battery Replacement,Preventive,P0171,Routine inspection,TECH826,Kerala Truck Service,Air Filter,3366,14859,18225,2.0,2025-08-24,Yes,Pending
S02777,V0417,ESN132892,2025-07-27,Oil Change,Emergency,P0300,Low oil pressure,TECH933,FleetCare Kochi,Oil Filter,851,3677,4528,2.5,2026-01-23,Yes,Pending
S02778,V0233,ESN617139,2025-05-01,Cooling System,Emergency,P0171,Engine overheating,TECH434,Kerala Truck Service,Oil Filter,5065,17285,22350,8.1,2025-10-28,No,Pending
S02779,V0083,ESN907961,2025-08-27,Routine Service,Preventive,P0171,Routine inspection,TECH467,AutoMind Central,Spark Plug,4737,4152,8889,6.8,2026-02-23,Yes,Completed
S02780,V0071,ESN829952,2025-04-10,Oil Change,Emergency,P0012,Engine overheating,TECH867,Kerala Truck Service,Air Filter,1958,12425,14383,5.4,2025-10-07,Yes,Completed
S02781,V0237,ESN839258,2025-11-06,Engine Diagnostics,Emergency,P0171,Routine inspection,TECH220,Kerala Truck Service,Battery,5397,10000,15397,5.4,2026-05-05,No,Pending
S02782,V0095,ESN237152,2025-11-09,Routine Service,Emergency,P0012,Brake wear,TECH276,AutoMind Central,Spark Plug,3390,2813,6203,3.3,2026-05-08,No,Pending
S02783,V0103,ESN863981,2025-10-16,Brake Service,Preventive,P0012,Engine overheating,TECH949,Kerala Truck Service,Battery,5984,998,6982,8.7,2026-04-14,No,Completed
S02784,V0163,ESN539752,2025-06-15,Routine Service,Corrective,P0000,Battery degradation,TECH184,Prime Motors,Brake Pads,1231,10556,11787,4.1,2025-12-12,Yes,Completed
S02785,V0500,ESN419492,2025-09-12,Engine Diagnostics,Corrective,P0171,Low oil pressure,TECH153,FleetCare Kochi,Brake Pads,4967,3955,8922,4.9,2026-03-11,Yes,Pending
S02786,V0475,ESN576677,2025-05-21,Cooling System,Preventive,P0012,Engine overheating,TECH306,AutoMind Central,Coolant Hose,1383,18597,19980,8.5,2025-11-17,Yes,Completed
S02787,V0036,ESN608058,2025-03-24,Cooling System,Corrective,P0171,Battery degradation,TECH524,Kerala Truck Service,Coolant Hose,4840,1102,5942,10.5,2025-09-20,Yes,Pending
S02788,V0500,ESN300241,2025-07-24,Battery Replacement,Corrective,P0000,Brake wear,TECH314,Prime Motors,Battery,4313,12112,16425,5.0,2026-01-20,Yes,Completed
S02789,V0259,ESN647969,2025-11-03,Brake Service,Emergency,P0171,Brake wear,TECH927,Prime Motors,Spark Plug,5700,19211,24911,6.6,2026-05-02,No,Completed
S02790,V0462,ESN335933,2025-01-28,Brake Service,Emergency,P0171,Low oil pressure,TECH647,FleetCare Kochi,Air Filter,3891,11996,15887,9.7,2025-07-27,Yes,Pending
S02791,V0419,ESN511790,2025-07-16,Brake Service,Preventive,P0420,Engine overheating,TECH833,AutoMind Central,Air Filter,4921,16520,21441,8.3,2026-01-12,No,Completed
S02792,V0305,ESN792008,2025-08-16,Battery Replacement,Preventive,P0300,Routine inspection,TECH124,FleetCare Kochi,Oil Filter,3144,14029,17173,10.5,2026-02-12,No,Completed
S02793,V0292,ESN847857,2025-01-22,Engine Diagnostics,Corrective,P0171,Battery degradation,TECH918,FleetCare Kochi,Spark Plug,4241,9619,13860,11.0,2025-07-21,No,Pending
S02794,V0004,ESN304474,2025-07-14,Routine Service,Emergency,P0012,Brake wear,TECH485,Prime Motors,Oil Filter,2900,2946,5846,3.7,2026-01-10,No,Pending
S02795,V0239,ESN582525,2025-07-07,Engine Diagnostics,Emergency,P0420,Engine overheating,TECH892,FleetCare Kochi,Air Filter,5032,9952,14984,2.7,2026-01-03,No,Pending
S02796,V0173,ESN837792,2025-11-08,Routine Service,Preventive,P0000,Engine overheating,TECH568,Kerala Truck Service,Oil Filter,1280,6805,8085,2.6,2026-05-07,Yes,Completed
S02797,V0078,ESN106715,2025-08-05,Routine Service,Emergency,P0012,Low oil pressure,TECH559,Kerala Truck Service,Brake Pads,4570,10282,14852,5.9,2026-02-01,No,Completed
S02798,V0253,ESN376822,2025-12-22,Brake Service,Corrective,P0420,Battery degradation,TECH936,Prime Motors,Oil Filter,3060,15789,18849,2.9,2026-06-20,Yes,Pending
S02799,V0040,ESN135763,2025-06-26,Cooling System,Emergency,P0171,Engine overheating,TECH611,AutoMind Central,Air Filter,2711,2037,4748,2.0,2025-12-23,No,Completed
S02800,V0157,ESN406277,2025-12-12,Oil Change,Corrective,P0012,Routine inspection,TECH270,Kerala Truck Service,Brake Pads,3688,11948,15636,2.4,2026-06-10,Yes,Pending
S02801,V0316,ESN351627,2025-05-30,Cooling System,Emergency,P0171,Brake wear,TECH254,FleetCare Kochi,Coolant Hose,1319,7803,9122,7.8,2025-11-26,No,Completed
S02802,V0387,ESN154095,2025-07-07,Cooling System,Emergency,P0300,Routine inspection,TECH859,Kerala Truck Service,Spark Plug,4315,7189,11504,11.2,2026-01-03,Yes,Completed
S02803,V0181,ESN248686,2025-09-26,Engine Diagnostics,Emergency,P0420,Brake wear,TECH638,Kerala Truck Service,Air Filter,4613,18544,23157,1.8,2026-03-25,No,Pending
S02804,V0128,ESN364878,2025-08-30,Cooling System,Corrective,P0000,Engine overheating,TECH816,AutoMind Central,Spark Plug,2533,10932,13465,3.6,2026-02-26,Yes,Pending
S02805,V0375,ESN130314,2025-04-01,Routine Service,Preventive,P0171,Brake wear,TECH410,FleetCare Kochi,Oil Filter,3738,7185,10923,10.4,2025-09-28,Yes,Pending
S02806,V0377,ESN908188,2025-07-01,Cooling System,Corrective,P0012,Low oil pressure,TECH631,FleetCare Kochi,Battery,1875,18880,20755,9.7,2025-12-28,No,Pending
S02807,V0378,ESN876520,2025-09-10,Battery Replacement,Preventive,P0012,Low oil pressure,TECH343,AutoMind Central,Oil Filter,2179,2300,4479,9.5,2026-03-09,No,Completed
S02808,V0065,ESN413521,2025-05-15,Battery Replacement,Preventive,P0300,Routine inspection,TECH411,FleetCare Kochi,Oil Filter,5022,7680,12702,10.3,2025-11-11,No,Completed
S02809,V0266,ESN230643,2025-09-14,Engine Diagnostics,Corrective,P0012,Engine overheating,TECH717,FleetCare Kochi,Spark Plug,3170,2057,5227,9.6,2026-03-13,Yes,Pending
S02810,V0186,ESN934901,2025-04-10,Cooling System,Preventive,P0012,Low oil pressure,TECH389,Prime Motors,Battery,3318,18238,21556,2.8,2025-10-07,No,Pending
S02811,V0281,ESN904576,2025-10-19,Oil Change,Emergency,P0420,Engine overheating,TECH968,FleetCare Kochi,Coolant Hose,4103,10169,14272,11.4,2026-04-17,No,Pending
S02812,V0444,ESN728720,2025-11-03,Engine Diagnostics,Preventive,P0171,Engine overheating,TECH134,AutoMind Central,Air Filter,2682,16385,19067,1.3,2026-05-02,No,Pending
S02813,V0161,ESN406265,2025-03-03,Battery Replacement,Emergency,P0012,Routine inspection,TECH454,AutoMind Central,Oil Filter,4853,590,5443,5.7,2025-08-30,Yes,Pending
S02814,V0228,ESN618787,2025-08-08,Brake Service,Preventive,P0000,Engine overheating,TECH538,FleetCare Kochi,Spark Plug,2739,9005,11744,2.7,2026-02-04,Yes,Pending
S02815,V0339,ESN628897,2025-04-08,Oil Change,Corrective,P0000,Low oil pressure,TECH389,Prime Motors,Coolant Hose,5329,16704,22033,1.5,2025-10-05,No,Completed
S02816,V0354,ESN338297,2025-02-19,Engine Diagnostics,Preventive,P0012,Battery degradation,TECH833,Kerala Truck Service,Brake Pads,815,11392,12207,3.7,2025-08-18,No,Pending
S02817,V0173,ESN536877,2025-09-05,Cooling System,Emergency,P0300,Brake wear,TECH369,Prime Motors,Battery,4726,9765,14491,7.7,2026-03-04,No,Pending
S02818,V0135,ESN884439,2025-12-27,Cooling System,Preventive,P0000,Routine inspection,TECH336,FleetCare Kochi,Spark Plug,5814,5335,11149,9.9,2026-06-25,Yes,Completed
S02819,V0381,ESN424516,2025-07-30,Battery Replacement,Preventive,P0420,Routine inspection,TECH242,AutoMind Central,Oil Filter,3503,19575,23078,5.1,2026-01-26,No,Pending
S02820,V0437,ESN199828,2025-08-10,Battery Replacement,Preventive,P0420,Battery degradation,TECH829,Prime Motors,Oil Filter,2043,7552,9595,9.4,2026-02-06,Yes,Completed
S02821,V0181,ESN783286,2025-01-13,Cooling System,Corrective,P0420,Engine overheating,TECH364,AutoMind Central,Coolant Hose,2763,3215,5978,8.7,2025-07-12,Yes,Pending
S02822,V0296,ESN513601,2025-02-02,Brake Service,Corrective,P0300,Battery degradation,TECH548,FleetCare Kochi,Oil Filter,2148,3581,5729,9.3,2025-08-01,Yes,Completed
S02823,V0424,ESN192453,2025-09-27,Engine Diagnostics,Emergency,P0012,Routine inspection,TECH565,Kerala Truck Service,Spark Plug,5913,17834,23747,5.8,2026-03-26,Yes,Pending
S02824,V0259,ESN439020,2025-10-01,Routine Service,Emergency,P0300,Brake wear,TECH873,AutoMind Central,Coolant Hose,2390,19058,21448,3.0,2026-03-30,Yes,Pending
S02825,V0327,ESN797542,2025-01-15,Brake Service,Corrective,P0000,Battery degradation,TECH830,Prime Motors,Battery,1678,19158,20836,3.6,2025-07-14,Yes,Pending
S02826,V0312,ESN825822,2025-06-16,Routine Service,Emergency,P0171,Battery degradation,TECH373,Prime Motors,Coolant Hose,4532,2044,6576,5.4,2025-12-13,No,Completed
S02827,V0316,ESN900760,2025-09-18,Engine Diagnostics,Emergency,P0171,Low oil pressure,TECH960,Prime Motors,Spark Plug,1456,16694,18150,8.9,2026-03-17,Yes,Completed
S02828,V0469,ESN587755,2025-07-06,Cooling System,Emergency,P0420,Low oil pressure,TECH835,AutoMind Central,Brake Pads,3368,12714,16082,1.4,2026-01-02,No,Completed
S02829,V0357,ESN757083,2025-07-17,Routine Service,Emergency,P0420,Battery degradation,TECH518,Prime Motors,Battery,4087,14020,18107,5.3,2026-01-13,Yes,Pending
S02830,V0287,ESN593813,2025-07-23,Battery Replacement,Corrective,P0420,Routine inspection,TECH148,Kerala Truck Service,Coolant Hose,3259,5165,8424,5.1,2026-01-19,No,Pending
S02831,V0058,ESN107267,2025-01-09,Cooling System,Emergency,P0300,Routine inspection,TECH324,Prime Motors,Brake Pads,3489,2457,5946,2.8,2025-07-08,Yes,Completed
S02832,V0245,ESN471644,2025-06-29,Oil Change,Emergency,P0000,Routine inspection,TECH897,AutoMind Central,Oil Filter,1507,2075,3582,2.3,2025-12-26,Yes,Completed
S02833,V0086,ESN601695,2025-07-18,Routine Service,Emergency,P0420,Brake wear,TECH385,Kerala Truck Service,Coolant Hose,1122,8576,9698,4.9,2026-01-14,Yes,Pending
S02834,V0167,ESN801778,2025-06-01,Engine Diagnostics,Emergency,P0300,Battery degradation,TECH608,Prime Motors,Air Filter,3106,11868,14974,4.0,2025-11-28,No,Pending
S02835,V0349,ESN547875,2025-10-20,Cooling System,Emergency,P0171,Routine inspection,TECH334,FleetCare Kochi,Brake Pads,2636,19636,22272,7.8,2026-04-18,Yes,Pending
S02836,V0348,ESN137830,2025-11-28,Cooling System,Emergency,P0300,Battery degradation,TECH395,AutoMind Central,Oil Filter,5371,5576,10947,4.1,2026-05-27,No,Completed
S02837,V0367,ESN940790,2025-03-20,Battery Replacement,Corrective,P0300,Battery degradation,TECH397,Prime Motors,Oil Filter,3194,8162,11356,11.0,2025-09-16,Yes,Completed
S02838,V0349,ESN433959,2025-04-13,Brake Service,Preventive,P0000,Low oil pressure,TECH398,FleetCare Kochi,Brake Pads,4190,17242,21432,8.9,2025-10-10,No,Completed
S02839,V0223,ESN928228,2025-11-21,Cooling System,Preventive,P0012,Routine inspection,TECH769,FleetCare Kochi,Oil Filter,2253,16198,18451,7.3,2026-05-20,No,Completed
S02840,V0415,ESN852985,2025-12-24,Routine Service,Corrective,P0171,Battery degradation,TECH475,Kerala Truck Service,Spark Plug,5857,12209,18066,8.6,2026-06-22,No,Completed
S02841,V0451,ESN909603,2025-02-06,Routine Service,Preventive,P0300,Battery degradation,TECH455,AutoMind Central,Brake Pads,5819,3000,8819,11.2,2025-08-05,Yes,Pending
S02842,V0471,ESN342442,2025-10-01,Oil Change,Corrective,P0012,Low oil pressure,TECH986,Prime Motors,Brake Pads,4407,5729,10136,5.9,2026-03-30,No,Pending
S02843,V0320,ESN646083,2025-03-30,Brake Service,Corrective,P0300,Low oil pressure,TECH741,Prime Motors,Air Filter,4806,13850,18656,6.6,2025-09-26,Yes,Completed
S02844,V0017,ESN949446,2025-12-07,Cooling System,Preventive,P0171,Engine overheating,TECH831,Kerala Truck Service,Battery,815,3387,4202,3.9,2026-06-05,No,Pending
S02845,V0101,ESN677237,2025-02-11,Oil Change,Preventive,P0012,Engine overheating,TECH336,AutoMind Central,Air Filter,5389,11545,16934,2.7,2025-08-10,Yes,Pending
S02846,V0167,ESN804432,2025-11-14,Oil Change,Emergency,P0000,Brake wear,TECH674,Kerala Truck Service,Battery,5628,12982,18610,8.6,2026-05-13,Yes,Completed
S02847,V0188,ESN427060,2025-11-03,Cooling System,Emergency,P0420,Low oil pressure,TECH786,AutoMind Central,Battery,2098,16374,18472,1.5,2026-05-02,Yes,Completed
S02848,V0342,ESN755684,2025-01-11,Cooling System,Preventive,P0420,Routine inspection,TECH929,AutoMind Central,Oil Filter,1311,6421,7732,1.4,2025-07-10,Yes,Pending
S02849,V0161,ESN534321,2025-12-14,Battery Replacement,Preventive,P0420,Brake wear,TECH846,AutoMind Central,Oil Filter,1373,2829,4202,1.7,2026-06-12,No,Pending
S02850,V0243,ESN225230,2025-03-21,Oil Change,Preventive,P0300,Brake wear,TECH918,Prime Motors,Brake Pads,1192,12745,13937,1.8,2025-09-17,Yes,Pending
S02851,V0025,ESN489819,2025-03-05,Engine Diagnostics,Preventive,P0000,Brake wear,TECH681,Kerala Truck Service,Air Filter,1652,18883,20535,9.0,2025-09-01,Yes,Pending
S02852,V0054,ESN505836,2025-07-30,Engine Diagnostics,Emergency,P0171,Routine inspection,TECH249,AutoMind Central,Brake Pads,3636,3858,7494,5.9,2026-01-26,Yes,Pending
S02853,V0281,ESN733883,2025-11-04,Brake Service,Corrective,P0000,Battery degradation,TECH591,Kerala Truck Service,Spark Plug,1665,1317,2982,9.8,2026-05-03,No,Completed
S02854,V0486,ESN788994,2025-03-29,Oil Change,Preventive,P0300,Battery degradation,TECH452,AutoMind Central,Spark Plug,5006,12971,17977,11.6,2025-09-25,Yes,Completed
S02855,V0342,ESN685985,2025-11-10,Engine Diagnostics,Preventive,P0300,Battery degradation,TECH812,Kerala Truck Service,Oil Filter,2308,1531,3839,5.3,2026-05-09,No,Completed
S02856,V0059,ESN985647,2025-12-15,Brake Service,Corrective,P0000,Routine inspection,TECH727,Prime Motors,Brake Pads,4643,3961,8604,7.4,2026-06-13,Yes,Pending
S02857,V0434,ESN336885,2025-02-20,Cooling System,Emergency,P0012,Routine inspection,TECH643,AutoMind Central,Spark Plug,1255,11276,12531,2.0,2025-08-19,No,Completed
S02858,V0096,ESN736351,2025-06-06,Brake Service,Corrective,P0171,Brake wear,TECH504,AutoMind Central,Air Filter,1227,16816,18043,5.8,2025-12-03,No,Completed
S02859,V0097,ESN937249,2025-09-13,Brake Service,Emergency,P0000,Low oil pressure,TECH695,AutoMind Central,Spark Plug,4524,6288,10812,2.0,2026-03-12,Yes,Completed
S02860,V0172,ESN591791,2025-05-11,Battery Replacement,Emergency,P0012,Engine overheating,TECH631,Prime Motors,Spark Plug,4590,10365,14955,2.7,2025-11-07,Yes,Pending
S02861,V0493,ESN748073,2025-05-02,Battery Replacement,Corrective,P0012,Routine inspection,TECH911,Prime Motors,Spark Plug,4954,14523,19477,11.5,2025-10-29,No,Completed
S02862,V0076,ESN207104,2025-03-21,Routine Service,Emergency,P0420,Low oil pressure,TECH724,Kerala Truck Service,Air Filter,2174,15781,17955,10.9,2025-09-17,No,Pending
S02863,V0291,ESN386032,2025-11-29,Engine Diagnostics,Emergency,P0012,Routine inspection,TECH536,Prime Motors,Spark Plug,5417,12943,18360,10.8,2026-05-28,Yes,Pending
S02864,V0186,ESN430638,2025-12-09,Brake Service,Preventive,P0300,Routine inspection,TECH767,Kerala Truck Service,Air Filter,1237,19750,20987,7.6,2026-06-07,No,Completed
S02865,V0001,ESN564537,2025-06-07,Battery Replacement,Corrective,P0420,Battery degradation,TECH582,Prime Motors,Spark Plug,3451,19509,22960,5.8,2025-12-04,Yes,Completed
S02866,V0425,ESN934779,2025-03-18,Battery Replacement,Preventive,P0171,Routine inspection,TECH242,AutoMind Central,Coolant Hose,2594,12573,15167,9.5,2025-09-14,Yes,Completed
S02867,V0206,ESN887725,2025-03-20,Cooling System,Emergency,P0012,Engine overheating,TECH232,Prime Motors,Oil Filter,1641,12132,13773,3.3,2025-09-16,No,Pending
S02868,V0319,ESN679471,2025-08-06,Routine Service,Corrective,P0012,Low oil pressure,TECH278,Kerala Truck Service,Coolant Hose,4559,2161,6720,8.7,2026-02-02,No,Pending
S02869,V0431,ESN484231,2025-01-10,Routine Service,Corrective,P0420,Battery degradation,TECH396,Kerala Truck Service,Air Filter,875,13900,14775,5.2,2025-07-09,Yes,Completed
S02870,V0068,ESN532272,2025-04-19,Cooling System,Preventive,P0012,Brake wear,TECH345,Prime Motors,Oil Filter,4540,3334,7874,11.7,2025-10-16,No,Pending
S02871,V0036,ESN770110,2025-05-10,Brake Service,Preventive,P0012,Brake wear,TECH773,Prime Motors,Air Filter,5758,11553,17311,1.1,2025-11-06,Yes,Completed
S02872,V0350,ESN783736,2025-05-03,Engine Diagnostics,Preventive,P0420,Low oil pressure,TECH358,Prime Motors,Air Filter,2530,8094,10624,4.8,2025-10-30,No,Completed
S02873,V0431,ESN998986,2025-03-18,Brake Service,Emergency,P0420,Battery degradation,TECH130,Kerala Truck Service,Brake Pads,5101,7297,12398,5.5,2025-09-14,Yes,Completed
S02874,V0054,ESN423134,2025-12-06,Oil Change,Emergency,P0171,Brake wear,TECH625,Kerala Truck Service,Oil Filter,5415,17358,22773,6.5,2026-06-04,Yes,Completed
S02875,V0081,ESN664175,2025-09-15,Oil Change,Preventive,P0300,Engine overheating,TECH801,FleetCare Kochi,Air Filter,5216,10866,16082,8.8,2026-03-14,Yes,Pending
S02876,V0322,ESN716166,2025-03-22,Engine Diagnostics,Corrective,P0000,Low oil pressure,TECH507,Prime Motors,Brake Pads,5002,11661,16663,6.1,2025-09-18,Yes,Pending
S02877,V0026,ESN559840,2025-02-03,Routine Service,Corrective,P0171,Low oil pressure,TECH773,AutoMind Central,Brake Pads,3566,13160,16726,7.0,2025-08-02,No,Completed
S02878,V0404,ESN663856,2025-05-14,Engine Diagnostics,Emergency,P0420,Routine inspection,TECH195,FleetCare Kochi,Coolant Hose,4070,4563,8633,1.7,2025-11-10,No,Completed
S02879,V0359,ESN560777,2025-10-25,Oil Change,Emergency,P0300,Brake wear,TECH433,Kerala Truck Service,Oil Filter,3471,14468,17939,2.5,2026-04-23,Yes,Pending
S02880,V0352,ESN173034,2025-01-29,Brake Service,Corrective,P0012,Battery degradation,TECH631,FleetCare Kochi,Brake Pads,3846,11555,15401,1.9,2025-07-28,Yes,Completed
S02881,V0127,ESN399865,2025-01-28,Battery Replacement,Corrective,P0012,Battery degradation,TECH624,Prime Motors,Spark Plug,3598,15459,19057,4.2,2025-07-27,Yes,Completed
S02882,V0302,ESN196493,2025-03-22,Brake Service,Emergency,P0300,Engine overheating,TECH848,Prime Motors,Spark Plug,3358,19935,23293,9.9,2025-09-18,No,Completed
S02883,V0331,ESN937026,2025-11-30,Cooling System,Preventive,P0012,Engine overheating,TECH178,Kerala Truck Service,Air Filter,4325,18455,22780,5.0,2026-05-29,Yes,Completed
S02884,V0367,ESN765645,2025-03-06,Oil Change,Emergency,P0300,Battery degradation,TECH839,FleetCare Kochi,Brake Pads,968,9987,10955,5.4,2025-09-02,Yes,Pending
S02885,V0308,ESN608039,2025-11-09,Oil Change,Corrective,P0171,Battery degradation,TECH596,AutoMind Central,Brake Pads,4209,610,4819,10.6,2026-05-08,Yes,Pending
S02886,V0229,ESN533540,2025-11-11,Oil Change,Corrective,P0300,Brake wear,TECH103,FleetCare Kochi,Battery,1443,1551,2994,2.0,2026-05-10,No,Pending
S02887,V0376,ESN360152,2025-11-21,Engine Diagnostics,Preventive,P0420,Routine inspection,TECH317,Prime Motors,Oil Filter,1029,1095,2124,5.3,2026-05-20,Yes,Completed
S02888,V0246,ESN128955,2025-10-31,Cooling System,Preventive,P0000,Low oil pressure,TECH825,AutoMind Central,Battery,5632,14773,20405,5.8,2026-04-29,No,Completed
S02889,V0136,ESN629343,2025-08-20,Cooling System,Corrective,P0171,Routine inspection,TECH884,Kerala Truck Service,Air Filter,1161,12558,13719,8.1,2026-02-16,Yes,Pending
S02890,V0163,ESN757181,2025-03-22,Brake Service,Corrective,P0300,Brake wear,TECH532,Kerala Truck Service,Coolant Hose,4589,5042,9631,5.9,2025-09-18,Yes,Pending
S02891,V0061,ESN147411,2025-05-23,Routine Service,Preventive,P0420,Battery degradation,TECH975,Prime Motors,Brake Pads,1384,17626,19010,6.9,2025-11-19,Yes,Pending
S02892,V0428,ESN772035,2025-08-22,Brake Service,Emergency,P0300,Engine overheating,TECH525,Kerala Truck Service,Coolant Hose,1854,9927,11781,4.0,2026-02-18,Yes,Completed
S02893,V0478,ESN363692,2025-11-21,Brake Service,Corrective,P0000,Routine inspection,TECH567,AutoMind Central,Oil Filter,1451,824,2275,1.4,2026-05-20,Yes,Completed
S02894,V0174,ESN242717,2025-06-06,Routine Service,Preventive,P0000,Brake wear,TECH947,Kerala Truck Service,Battery,4734,18090,22824,5.1,2025-12-03,Yes,Pending
S02895,V0268,ESN733941,2025-07-23,Routine Service,Preventive,P0012,Low oil pressure,TECH298,AutoMind Central,Oil Filter,5613,1487,7100,8.7,2026-01-19,No,Pending
S02896,V0203,ESN943329,2025-08-09,Routine Service,Corrective,P0000,Battery degradation,TECH474,Prime Motors,Oil Filter,1848,8138,9986,3.2,2026-02-05,Yes,Completed
S02897,V0451,ESN636245,2025-04-04,Cooling System,Emergency,P0000,Low oil pressure,TECH276,FleetCare Kochi,Battery,1287,15105,16392,10.7,2025-10-01,Yes,Pending
S02898,V0113,ESN922610,2025-08-28,Brake Service,Corrective,P0012,Low oil pressure,TECH976,FleetCare Kochi,Spark Plug,4007,14023,18030,2.2,2026-02-24,No,Pending
S02899,V0463,ESN455157,2025-02-07,Routine Service,Corrective,P0300,Low oil pressure,TECH956,FleetCare Kochi,Battery,3183,13889,17072,3.8,2025-08-06,Yes,Completed
S02900,V0256,ESN240443,2025-10-02,Battery Replacement,Corrective,P0420,Low oil pressure,TECH746,AutoMind Central,Air Filter,4085,10533,14618,9.0,2026-03-31,Yes,Completed
S02901,V0438,ESN581962,2025-07-21,Cooling System,Emergency,P0012,Engine overheating,TECH353,FleetCare Kochi,Battery,1221,2049,3270,9.4,2026-01-17,No,Completed
S02902,V0124,ESN421431,2025-07-23,Battery Replacement,Emergency,P0012,Battery degradation,TECH732,FleetCare Kochi,Battery,4353,1649,6002,4.6,2026-01-19,Yes,Pending
S02903,V0292,ESN474867,2025-12-10,Engine Diagnostics,Emergency,P0300,Low oil pressure,TECH929,Prime Motors,Brake Pads,2300,6790,9090,6.9,2026-06-08,No,Pending
S02904,V0496,ESN255903,2025-03-11,Engine Diagnostics,Emergency,P0420,Routine inspection,TECH797,AutoMind Central,Coolant Hose,3827,6254,10081,5.4,2025-09-07,No,Completed
S02905,V0195,ESN857630,2025-09-26,Battery Replacement,Corrective,P0420,Brake wear,TECH149,AutoMind Central,Brake Pads,3158,15447,18605,8.1,2026-03-25,No,Completed
S02906,V0191,ESN357747,2025-07-26,Routine Service,Corrective,P0171,Low oil pressure,TECH533,AutoMind Central,Air Filter,982,14956,15938,11.3,2026-01-22,No,Pending
S02907,V0100,ESN725043,2025-12-29,Oil Change,Emergency,P0420,Battery degradation,TECH475,Prime Motors,Spark Plug,4661,2467,7128,4.4,2026-06-27,No,Pending
S02908,V0266,ESN178242,2025-03-05,Routine Service,Preventive,P0300,Routine inspection,TECH503,Prime Motors,Air Filter,3913,10124,14037,11.3,2025-09-01,Yes,Pending
S02909,V0284,ESN798036,2025-07-25,Routine Service,Emergency,P0420,Brake wear,TECH718,Prime Motors,Spark Plug,5445,9471,14916,9.7,2026-01-21,No,Pending
S02910,V0192,ESN134253,2025-12-04,Engine Diagnostics,Preventive,P0000,Routine inspection,TECH694,FleetCare Kochi,Air Filter,5918,6759,12677,4.2,2026-06-02,Yes,Completed
S02911,V0500,ESN634062,2025-05-11,Battery Replacement,Emergency,P0012,Battery degradation,TECH973,Kerala Truck Service,Coolant Hose,2899,6236,9135,9.9,2025-11-07,No,Pending
S02912,V0420,ESN618049,2025-11-15,Cooling System,Corrective,P0171,Brake wear,TECH586,Kerala Truck Service,Brake Pads,2519,5411,7930,8.3,2026-05-14,Yes,Pending
S02913,V0271,ESN706154,2025-07-14,Battery Replacement,Preventive,P0420,Engine overheating,TECH236,Kerala Truck Service,Battery,1848,6773,8621,9.5,2026-01-10,No,Completed
S02914,V0315,ESN242664,2025-08-17,Routine Service,Preventive,P0171,Brake wear,TECH986,Prime Motors,Battery,3617,6685,10302,8.5,2026-02-13,No,Completed
S02915,V0269,ESN360362,2025-11-13,Routine Service,Corrective,P0012,Low oil pressure,TECH998,Prime Motors,Brake Pads,4034,12495,16529,6.8,2026-05-12,Yes,Pending
S02916,V0393,ESN264101,2025-01-31,Oil Change,Corrective,P0012,Engine overheating,TECH412,Kerala Truck Service,Battery,5456,11936,17392,10.2,2025-07-30,Yes,Pending
S02917,V0205,ESN189679,2025-10-14,Engine Diagnostics,Emergency,P0420,Engine overheating,TECH101,Prime Motors,Spark Plug,2259,17364,19623,8.2,2026-04-12,No,Completed
S02918,V0492,ESN976049,2025-11-13,Engine Diagnostics,Preventive,P0000,Battery degradation,TECH717,Prime Motors,Coolant Hose,4898,12954,17852,9.2,2026-05-12,Yes,Completed
S02919,V0430,ESN130556,2025-03-06,Cooling System,Corrective,P0171,Routine inspection,TECH621,Kerala Truck Service,Battery,3149,12690,15839,2.6,2025-09-02,Yes,Completed
S02920,V0191,ESN669575,2025-10-15,Engine Diagnostics,Corrective,P0420,Low oil pressure,TECH690,AutoMind Central,Coolant Hose,5662,2335,7997,9.6,2026-04-13,Yes,Pending
S02921,V0326,ESN249306,2025-09-18,Engine Diagnostics,Corrective,P0300,Brake wear,TECH779,AutoMind Central,Oil Filter,4328,13797,18125,1.9,2026-03-17,No,Pending
S02922,V0037,ESN665484,2025-07-26,Battery Replacement,Emergency,P0012,Low oil pressure,TECH886,Kerala Truck Service,Oil Filter,5102,4010,9112,1.3,2026-01-22,Yes,Completed
S02923,V0208,ESN800090,2025-03-16,Cooling System,Corrective,P0012,Engine overheating,TECH375,Kerala Truck Service,Battery,3447,5976,9423,6.0,2025-09-12,Yes,Completed
S02924,V0145,ESN500148,2025-09-22,Battery Replacement,Corrective,P0300,Low oil pressure,TECH382,AutoMind Central,Air Filter,2226,15343,17569,6.3,2026-03-21,Yes,Pending
S02925,V0287,ESN850444,2025-05-02,Battery Replacement,Corrective,P0000,Battery degradation,TECH806,FleetCare Kochi,Spark Plug,5077,14080,19157,2.7,2025-10-29,Yes,Pending
S02926,V0157,ESN426319,2025-04-15,Cooling System,Corrective,P0012,Low oil pressure,TECH182,AutoMind Central,Air Filter,3955,2373,6328,11.3,2025-10-12,No,Completed
S02927,V0352,ESN187581,2025-08-07,Routine Service,Corrective,P0012,Routine inspection,TECH433,AutoMind Central,Air Filter,2822,6219,9041,1.4,2026-02-03,No,Pending
S02928,V0139,ESN754186,2025-05-19,Battery Replacement,Emergency,P0420,Brake wear,TECH337,AutoMind Central,Battery,5242,8905,14147,11.3,2025-11-15,No,Pending
S02929,V0005,ESN570587,2025-07-02,Brake Service,Preventive,P0420,Engine overheating,TECH336,Kerala Truck Service,Oil Filter,836,4506,5342,11.1,2025-12-29,No,Pending
S02930,V0289,ESN905951,2025-01-25,Routine Service,Emergency,P0171,Low oil pressure,TECH336,AutoMind Central,Spark Plug,5652,12426,18078,5.1,2025-07-24,No,Pending
S02931,V0045,ESN123972,2025-11-01,Brake Service,Corrective,P0012,Low oil pressure,TECH331,FleetCare Kochi,Coolant Hose,2230,19896,22126,1.1,2026-04-30,No,Pending
S02932,V0245,ESN564387,2025-05-26,Battery Replacement,Preventive,P0171,Brake wear,TECH766,FleetCare Kochi,Coolant Hose,4341,14535,18876,1.8,2025-11-22,Yes,Pending
S02933,V0411,ESN372285,2025-05-17,Oil Change,Emergency,P0420,Brake wear,TECH589,FleetCare Kochi,Coolant Hose,5777,18361,24138,11.1,2025-11-13,Yes,Pending
S02934,V0270,ESN202913,2025-11-09,Brake Service,Preventive,P0171,Routine inspection,TECH413,Prime Motors,Oil Filter,1387,8726,10113,8.2,2026-05-08,No,Pending
S02935,V0227,ESN169216,2025-07-22,Battery Replacement,Emergency,P0300,Low oil pressure,TECH472,FleetCare Kochi,Coolant Hose,5586,18264,23850,11.9,2026-01-18,Yes,Completed
S02936,V0321,ESN303519,2025-04-18,Engine Diagnostics,Preventive,P0171,Engine overheating,TECH500,Kerala Truck Service,Air Filter,2697,19103,21800,7.4,2025-10-15,Yes,Pending
S02937,V0146,ESN941285,2025-07-29,Oil Change,Corrective,P0012,Routine inspection,TECH263,FleetCare Kochi,Battery,1637,1414,3051,11.7,2026-01-25,No,Pending
S02938,V0026,ESN268044,2025-01-20,Engine Diagnostics,Corrective,P0000,Low oil pressure,TECH942,Kerala Truck Service,Air Filter,5151,13298,18449,7.3,2025-07-19,No,Completed
S02939,V0256,ESN259531,2025-08-27,Brake Service,Preventive,P0000,Brake wear,TECH867,Kerala Truck Service,Battery,1792,13405,15197,7.7,2026-02-23,Yes,Pending
S02940,V0121,ESN449983,2025-03-06,Oil Change,Corrective,P0012,Brake wear,TECH440,FleetCare Kochi,Air Filter,3701,1769,5470,1.8,2025-09-02,No,Completed
S02941,V0459,ESN743340,2025-07-30,Engine Diagnostics,Corrective,P0300,Routine inspection,TECH574,Prime Motors,Coolant Hose,1767,14180,15947,7.3,2026-01-26,No,Completed
S02942,V0254,ESN646570,2025-10-22,Cooling System,Corrective,P0300,Brake wear,TECH578,Prime Motors,Coolant Hose,3456,4607,8063,9.5,2026-04-20,Yes,Pending
S02943,V0311,ESN638432,2025-12-21,Battery Replacement,Emergency,P0171,Engine overheating,TECH447,Prime Motors,Spark Plug,1841,1085,2926,1.4,2026-06-19,Yes,Pending
S02944,V0290,ESN628941,2025-02-24,Engine Diagnostics,Corrective,P0300,Engine overheating,TECH498,FleetCare Kochi,Air Filter,4192,14090,18282,10.5,2025-08-23,No,Completed
S02945,V0068,ESN963914,2025-01-08,Brake Service,Emergency,P0000,Low oil pressure,TECH824,FleetCare Kochi,Coolant Hose,2726,6260,8986,6.7,2025-07-07,Yes,Pending
S02946,V0179,ESN355997,2025-07-11,Routine Service,Corrective,P0300,Brake wear,TECH419,Prime Motors,Brake Pads,955,1715,2670,11.4,2026-01-07,No,Completed
S02947,V0107,ESN309332,2025-06-03,Brake Service,Corrective,P0420,Routine inspection,TECH549,AutoMind Central,Air Filter,2923,2613,5536,11.7,2025-11-30,No,Pending
S02948,V0198,ESN809099,2025-05-30,Cooling System,Preventive,P0171,Battery degradation,TECH275,Kerala Truck Service,Battery,5495,19389,24884,5.0,2025-11-26,Yes,Pending
S02949,V0473,ESN717032,2025-05-28,Routine Service,Preventive,P0300,Brake wear,TECH430,FleetCare Kochi,Spark Plug,2218,12202,14420,3.1,2025-11-24,No,Completed
S02950,V0376,ESN416033,2025-02-26,Engine Diagnostics,Preventive,P0171,Engine overheating,TECH760,FleetCare Kochi,Spark Plug,2809,3526,6335,5.9,2025-08-25,No,Pending
S02951,V0300,ESN104877,2025-01-07,Routine Service,Preventive,P0012,Battery degradation,TECH673,AutoMind Central,Oil Filter,4303,1422,5725,5.6,2025-07-06,No,Pending
S02952,V0062,ESN274780,2025-03-01,Routine Service,Corrective,P0171,Routine inspection,TECH187,AutoMind Central,Air Filter,1851,4985,6836,11.0,2025-08-28,Yes,Completed
S02953,V0169,ESN459781,2025-01-09,Battery Replacement,Corrective,P0000,Brake wear,TECH964,Prime Motors,Battery,2635,13490,16125,2.7,2025-07-08,Yes,Completed
S02954,V0385,ESN814143,2025-10-24,Brake Service,Corrective,P0420,Routine inspection,TECH329,Prime Motors,Brake Pads,4573,8178,12751,6.7,2026-04-22,No,Completed
S02955,V0165,ESN934303,2025-07-24,Cooling System,Preventive,P0012,Engine overheating,TECH174,Kerala Truck Service,Air Filter,4872,15791,20663,8.7,2026-01-20,Yes,Pending
S02956,V0103,ESN882519,2025-11-05,Engine Diagnostics,Emergency,P0300,Battery degradation,TECH585,Prime Motors,Spark Plug,5656,15620,21276,8.1,2026-05-04,Yes,Completed
S02957,V0336,ESN234721,2025-10-14,Engine Diagnostics,Emergency,P0000,Battery degradation,TECH743,AutoMind Central,Brake Pads,5299,3577,8876,5.5,2026-04-12,No,Completed
S02958,V0417,ESN866849,2025-06-03,Oil Change,Preventive,P0012,Low oil pressure,TECH263,Kerala Truck Service,Battery,812,17142,17954,1.3,2025-11-30,No,Pending
S02959,V0240,ESN681622,2025-03-14,Cooling System,Preventive,P0012,Low oil pressure,TECH816,Kerala Truck Service,Coolant Hose,3774,16970,20744,1.3,2025-09-10,No,Completed
S02960,V0271,ESN782772,2025-03-17,Cooling System,Emergency,P0300,Engine overheating,TECH730,Prime Motors,Battery,5231,3715,8946,10.3,2025-09-13,No,Pending
S02961,V0007,ESN665648,2025-08-26,Routine Service,Emergency,P0171,Brake wear,TECH513,AutoMind Central,Air Filter,2074,18890,20964,3.1,2026-02-22,No,Pending
S02962,V0351,ESN374229,2025-08-24,Oil Change,Emergency,P0420,Brake wear,TECH417,Prime Motors,Brake Pads,4844,7193,12037,5.7,2026-02-20,Yes,Completed
S02963,V0028,ESN168813,2025-08-23,Brake Service,Preventive,P0012,Battery degradation,TECH952,FleetCare Kochi,Coolant Hose,5186,13021,18207,9.4,2026-02-19,No,Completed
S02964,V0127,ESN126296,2025-10-18,Routine Service,Corrective,P0000,Routine inspection,TECH412,Kerala Truck Service,Coolant Hose,3828,6116,9944,5.8,2026-04-16,Yes,Completed
S02965,V0436,ESN876350,2025-02-27,Routine Service,Corrective,P0012,Brake wear,TECH848,AutoMind Central,Oil Filter,5297,7057,12354,6.8,2025-08-26,No,Completed
S02966,V0411,ESN486917,2025-04-15,Brake Service,Corrective,P0300,Low oil pressure,TECH971,FleetCare Kochi,Spark Plug,1425,11489,12914,2.0,2025-10-12,Yes,Pending
S02967,V0391,ESN866479,2025-08-03,Battery Replacement,Emergency,P0300,Routine inspection,TECH896,FleetCare Kochi,Air Filter,2637,12540,15177,5.4,2026-01-30,No,Pending
S02968,V0239,ESN627033,2025-06-07,Oil Change,Preventive,P0300,Routine inspection,TECH165,Kerala Truck Service,Air Filter,1252,2929,4181,4.7,2025-12-04,Yes,Pending
S02969,V0467,ESN436212,2025-01-03,Routine Service,Corrective,P0000,Engine overheating,TECH679,Kerala Truck Service,Oil Filter,5642,18669,24311,3.4,2025-07-02,No,Completed
S02970,V0126,ESN325113,2025-11-04,Cooling System,Corrective,P0012,Battery degradation,TECH331,Prime Motors,Spark Plug,2419,3739,6158,6.8,2026-05-03,No,Completed
S02971,V0462,ESN111326,2025-09-05,Cooling System,Emergency,P0171,Routine inspection,TECH716,Kerala Truck Service,Oil Filter,3312,1592,4904,10.9,2026-03-04,No,Completed
S02972,V0324,ESN573556,2025-04-23,Brake Service,Preventive,P0300,Routine inspection,TECH433,Prime Motors,Brake Pads,2428,3373,5801,6.4,2025-10-20,Yes,Pending
S02973,V0498,ESN575745,2025-11-08,Cooling System,Emergency,P0012,Brake wear,TECH227,Prime Motors,Air Filter,2289,8429,10718,4.8,2026-05-07,No,Completed
S02974,V0297,ESN119308,2025-02-22,Routine Service,Corrective,P0420,Brake wear,TECH411,FleetCare Kochi,Coolant Hose,3231,2768,5999,1.5,2025-08-21,No,Pending
S02975,V0070,ESN278042,2025-07-19,Cooling System,Emergency,P0000,Brake wear,TECH704,AutoMind Central,Coolant Hose,5181,5787,10968,11.2,2026-01-15,Yes,Completed
S02976,V0407,ESN765311,2025-06-27,Cooling System,Preventive,P0012,Engine overheating,TECH844,Prime Motors,Air Filter,5880,5360,11240,1.8,2025-12-24,Yes,Completed
S02977,V0220,ESN458332,2025-11-23,Brake Service,Emergency,P0012,Battery degradation,TECH830,AutoMind Central,Brake Pads,2319,6989,9308,6.2,2026-05-22,Yes,Completed
S02978,V0342,ESN968312,2025-01-14,Engine Diagnostics,Corrective,P0420,Routine inspection,TECH420,FleetCare Kochi,Brake Pads,5574,6762,12336,9.1,2025-07-13,Yes,Pending
S02979,V0447,ESN308290,2025-05-24,Routine Service,Corrective,P0300,Battery degradation,TECH477,FleetCare Kochi,Brake Pads,925,17142,18067,8.9,2025-11-20,Yes,Pending
S02980,V0470,ESN806528,2025-07-06,Routine Service,Emergency,P0012,Brake wear,TECH666,Kerala Truck Service,Spark Plug,1608,17967,19575,1.8,2026-01-02,Yes,Pending
S02981,V0429,ESN688084,2025-04-08,Battery Replacement,Preventive,P0420,Battery degradation,TECH609,FleetCare Kochi,Oil Filter,5741,11094,16835,2.6,2025-10-05,Yes,Pending
S02982,V0070,ESN667185,2025-09-30,Engine Diagnostics,Corrective,P0000,Engine overheating,TECH821,Kerala Truck Service,Air Filter,2408,14776,17184,7.7,2026-03-29,Yes,Pending
S02983,V0490,ESN123932,2025-05-01,Routine Service,Preventive,P0012,Routine inspection,TECH208,Kerala Truck Service,Air Filter,5443,10153,15596,11.1,2025-10-28,No,Completed
S02984,V0271,ESN463242,2025-09-22,Cooling System,Preventive,P0012,Engine overheating,TECH508,Prime Motors,Brake Pads,1297,4930,6227,8.9,2026-03-21,Yes,Completed
S02985,V0036,ESN276137,2025-12-18,Oil Change,Corrective,P0000,Battery degradation,TECH466,FleetCare Kochi,Brake Pads,1976,5885,7861,12.0,2026-06-16,Yes,Pending
S02986,V0096,ESN978313,2025-02-05,Oil Change,Preventive,P0300,Low oil pressure,TECH341,Kerala Truck Service,Air Filter,1331,18327,19658,3.9,2025-08-04,No,Completed
S02987,V0214,ESN260006,2025-09-16,Battery Replacement,Corrective,P0012,Routine inspection,TECH613,FleetCare Kochi,Oil Filter,3614,5285,8899,11.9,2026-03-15,Yes,Completed
S02988,V0299,ESN672005,2025-02-26,Brake Service,Corrective,P0012,Engine overheating,TECH874,Prime Motors,Coolant Hose,5175,1229,6404,7.7,2025-08-25,No,Pending
S02989,V0049,ESN637296,2025-05-19,Brake Service,Emergency,P0300,Low oil pressure,TECH309,AutoMind Central,Air Filter,4069,6729,10798,2.6,2025-11-15,No,Pending
S02990,V0210,ESN214889,2025-10-19,Cooling System,Corrective,P0300,Engine overheating,TECH527,FleetCare Kochi,Air Filter,4568,8552,13120,10.1,2026-04-17,Yes,Pending
S02991,V0454,ESN700557,2025-08-24,Brake Service,Corrective,P0171,Brake wear,TECH555,FleetCare Kochi,Oil Filter,1915,11371,13286,2.0,2026-02-20,No,Completed
S02992,V0139,ESN480401,2025-03-27,Engine Diagnostics,Emergency,P0420,Engine overheating,TECH592,Kerala Truck Service,Coolant Hose,4000,13730,17730,8.1,2025-09-23,No,Completed
S02993,V0426,ESN871599,2025-12-08,Routine Service,Preventive,P0012,Brake wear,TECH306,Kerala Truck Service,Brake Pads,1312,18721,20033,1.8,2026-06-06,No,Completed
S02994,V0149,ESN980466,2025-03-31,Engine Diagnostics,Corrective,P0171,Battery degradation,TECH205,Prime Motors,Air Filter,5416,19125,24541,8.9,2025-09-27,Yes,Completed
S02995,V0281,ESN705340,2025-05-07,Brake Service,Preventive,P0300,Low oil pressure,TECH244,FleetCare Kochi,Brake Pads,1684,5505,7189,1.2,2025-11-03,No,Completed
S02996,V0326,ESN466774,2025-09-09,Cooling System,Preventive,P0171,Engine overheating,TECH944,FleetCare Kochi,Coolant Hose,1704,9436,11140,2.6,2026-03-08,No,Completed
S02997,V0349,ESN701196,2025-03-24,Cooling System,Emergency,P0300,Engine overheating,TECH426,FleetCare Kochi,Air Filter,5953,12807,18760,11.2,2025-09-20,Yes,Completed
S02998,V0386,ESN928109,2025-09-05,Brake Service,Preventive,P0000,Brake wear,TECH533,FleetCare Kochi,Brake Pads,1826,8950,10776,3.9,2026-03-04,Yes,Completed
S02999,V0314,ESN952717,2025-12-23,Brake Service,Emergency,P0171,Battery degradation,TECH688,FleetCare Kochi,Coolant Hose,4286,5748,10034,10.0,2026-06-21,Yes,Pending
S03000,V0395,ESN308021,2025-02-15,Brake Service,Emergency,P0300,Engine overheating,TECH558,Prime Motors,Oil Filter,2814,1260,4074,2.8,2025-08-14,Yes,Completed
S03001,V0337,ESN427309,2025-12-25,Brake Service,Corrective,P0171,Low oil pressure,TECH712,FleetCare Kochi,Spark Plug,4354,1624,5978,3.0,2026-06-23,No,Completed
S03002,V0397,ESN328603,2025-04-14,Oil Change,Preventive,P0420,Brake wear,TECH531,AutoMind Central,Air Filter,5355,2790,8145,8.9,2025-10-11,No,Completed
S03003,V0167,ESN664039,2025-10-29,Engine Diagnostics,Emergency,P0012,Low oil pressure,TECH346,FleetCare Kochi,Spark Plug,1309,17846,19155,1.9,2026-04-27,No,Completed
S03004,V0435,ESN370915,2025-05-11,Cooling System,Preventive,P0000,Engine overheating,TECH193,AutoMind Central,Coolant Hose,2753,12579,15332,11.5,2025-11-07,Yes,Completed
S03005,V0071,ESN147972,2025-09-28,Oil Change,Corrective,P0420,Low oil pressure,TECH367,Kerala Truck Service,Oil Filter,2598,2622,5220,11.7,2026-03-27,Yes,Pending
S03006,V0366,ESN536788,2025-06-24,Routine Service,Preventive,P0420,Brake wear,TECH339,Kerala Truck Service,Brake Pads,5836,12543,18379,10.2,2025-12-21,Yes,Completed
S03007,V0213,ESN694368,2025-10-02,Routine Service,Emergency,P0171,Brake wear,TECH186,Kerala Truck Service,Air Filter,1607,16314,17921,5.8,2026-03-31,Yes,Pending
S03008,V0169,ESN313919,2025-10-03,Routine Service,Emergency,P0300,Routine inspection,TECH131,Kerala Truck Service,Coolant Hose,4776,18226,23002,11.3,2026-04-01,Yes,Pending
S03009,V0380,ESN426904,2025-12-09,Oil Change,Preventive,P0171,Brake wear,TECH129,Kerala Truck Service,Coolant Hose,5554,19029,24583,11.5,2026-06-07,Yes,Pending
S03010,V0309,ESN435048,2025-10-28,Brake Service,Corrective,P0300,Routine inspection,TECH179,AutoMind Central,Brake Pads,4354,7891,12245,11.2,2026-04-26,Yes,Pending
S03011,V0169,ESN438254,2025-07-31,Routine Service,Preventive,P0012,Routine inspection,TECH925,Kerala Truck Service,Oil Filter,5872,2655,8527,10.3,2026-01-27,Yes,Pending
S03012,V0302,ESN741452,2025-09-05,Battery Replacement,Preventive,P0012,Routine inspection,TECH569,AutoMind Central,Air Filter,5758,14698,20456,4.1,2026-03-04,No,Completed
S03013,V0183,ESN397433,2025-11-09,Cooling System,Emergency,P0000,Brake wear,TECH507,Kerala Truck Service,Air Filter,4535,12815,17350,9.6,2026-05-08,No,Pending
S03014,V0197,ESN161840,2025-09-07,Oil Change,Corrective,P0171,Routine inspection,TECH820,Prime Motors,Oil Filter,3783,18951,22734,4.2,2026-03-06,No,Completed
S03015,V0322,ESN759222,2025-07-15,Brake Service,Corrective,P0012,Engine overheating,TECH804,AutoMind Central,Coolant Hose,1874,1478,3352,5.7,2026-01-11,No,Pending
S03016,V0279,ESN411926,2025-04-27,Battery Replacement,Preventive,P0012,Low oil pressure,TECH619,FleetCare Kochi,Battery,4109,18374,22483,3.9,2025-10-24,No,Pending
S03017,V0165,ESN248069,2025-06-04,Battery Replacement,Emergency,P0012,Battery degradation,TECH687,FleetCare Kochi,Battery,3929,18940,22869,1.9,2025-12-01,No,Pending
S03018,V0318,ESN779705,2025-05-14,Oil Change,Emergency,P0420,Brake wear,TECH968,Kerala Truck Service,Battery,2558,10469,13027,1.2,2025-11-10,No,Pending
S03019,V0253,ESN409205,2025-01-18,Routine Service,Preventive,P0171,Battery degradation,TECH771,FleetCare Kochi,Coolant Hose,3817,16048,19865,7.5,2025-07-17,No,Pending
S03020,V0194,ESN686064,2025-01-12,Cooling System,Corrective,P0420,Brake wear,TECH470,Prime Motors,Battery,2357,17820,20177,8.1,2025-07-11,Yes,Pending
S03021,V0342,ESN543997,2025-11-27,Brake Service,Emergency,P0171,Routine inspection,TECH363,Prime Motors,Coolant Hose,5601,5001,10602,10.2,2026-05-26,No,Completed
S03022,V0487,ESN569644,2025-08-16,Routine Service,Corrective,P0000,Battery degradation,TECH309,AutoMind Central,Oil Filter,4031,2104,6135,3.3,2026-02-12,No,Pending
S03023,V0393,ESN906285,2025-11-28,Engine Diagnostics,Preventive,P0300,Low oil pressure,TECH426,AutoMind Central,Coolant Hose,5187,11800,16987,10.0,2026-05-27,No,Completed
S03024,V0089,ESN202889,2025-01-12,Cooling System,Emergency,P0000,Engine overheating,TECH309,Prime Motors,Brake Pads,4519,17039,21558,5.1,2025-07-11,Yes,Completed
S03025,V0410,ESN738579,2025-08-18,Brake Service,Preventive,P0000,Routine inspection,TECH237,AutoMind Central,Coolant Hose,1371,8263,9634,10.1,2026-02-14,No,Completed
S03026,V0347,ESN675935,2025-05-05,Battery Replacement,Emergency,P0012,Routine inspection,TECH221,FleetCare Kochi,Air Filter,5070,6417,11487,8.0,2025-11-01,Yes,Completed
S03027,V0474,ESN320396,2025-09-17,Brake Service,Preventive,P0012,Brake wear,TECH494,AutoMind Central,Spark Plug,2488,706,3194,3.3,2026-03-16,No,Completed
S03028,V0368,ESN200940,2025-03-06,Routine Service,Preventive,P0420,Low oil pressure,TECH745,AutoMind Central,Spark Plug,2167,2475,4642,1.8,2025-09-02,Yes,Pending
S03029,V0498,ESN580899,2025-08-24,Routine Service,Preventive,P0000,Routine inspection,TECH501,AutoMind Central,Oil Filter,4926,8023,12949,6.0,2026-02-20,No,Completed
S03030,V0395,ESN953264,2025-04-26,Brake Service,Preventive,P0000,Battery degradation,TECH731,FleetCare Kochi,Spark Plug,3403,16925,20328,11.8,2025-10-23,Yes,Pending
S03031,V0052,ESN586034,2025-02-05,Oil Change,Corrective,P0012,Routine inspection,TECH423,AutoMind Central,Coolant Hose,5945,11341,17286,2.9,2025-08-04,Yes,Completed
S03032,V0343,ESN392297,2025-10-10,Battery Replacement,Preventive,P0171,Engine overheating,TECH879,AutoMind Central,Brake Pads,5996,1264,7260,1.6,2026-04-08,Yes,Pending
S03033,V0049,ESN928242,2025-06-08,Routine Service,Corrective,P0171,Low oil pressure,TECH403,FleetCare Kochi,Coolant Hose,3743,12989,16732,2.9,2025-12-05,No,Pending
S03034,V0153,ESN417030,2025-10-12,Routine Service,Emergency,P0171,Brake wear,TECH760,Prime Motors,Brake Pads,5778,595,6373,8.8,2026-04-10,No,Completed
S03035,V0331,ESN343374,2025-01-17,Oil Change,Preventive,P0000,Low oil pressure,TECH883,AutoMind Central,Brake Pads,3491,10773,14264,1.4,2025-07-16,Yes,Pending
S03036,V0091,ESN668679,2025-05-12,Brake Service,Emergency,P0300,Low oil pressure,TECH164,AutoMind Central,Spark Plug,2820,581,3401,9.4,2025-11-08,No,Pending
S03037,V0326,ESN266656,2025-04-19,Cooling System,Emergency,P0420,Brake wear,TECH796,Prime Motors,Oil Filter,3384,3664,7048,4.5,2025-10-16,No,Pending
S03038,V0443,ESN692135,2025-06-07,Routine Service,Emergency,P0012,Routine inspection,TECH659,AutoMind Central,Battery,2700,14443,17143,11.7,2025-12-04,Yes,Pending
S03039,V0438,ESN806038,2025-09-19,Cooling System,Corrective,P0300,Routine inspection,TECH180,Prime Motors,Battery,1157,16483,17640,9.1,2026-03-18,Yes,Completed
S03040,V0420,ESN956557,2025-11-12,Routine Service,Corrective,P0420,Routine inspection,TECH693,Prime Motors,Coolant Hose,5598,3323,8921,5.4,2026-05-11,Yes,Pending
S03041,V0217,ESN599238,2025-12-17,Battery Replacement,Preventive,P0012,Low oil pressure,TECH255,Prime Motors,Oil Filter,4241,4627,8868,8.7,2026-06-15,No,Pending
S03042,V0029,ESN675466,2025-07-28,Cooling System,Preventive,P0012,Engine overheating,TECH948,AutoMind Central,Coolant Hose,5790,16944,22734,9.8,2026-01-24,No,Completed
S03043,V0170,ESN868280,2025-10-03,Routine Service,Preventive,P0171,Brake wear,TECH131,Kerala Truck Service,Brake Pads,4799,13266,18065,5.2,2026-04-01,No,Completed
S03044,V0079,ESN159703,2025-12-07,Engine Diagnostics,Preventive,P0420,Routine inspection,TECH802,AutoMind Central,Air Filter,1363,5667,7030,4.2,2026-06-05,No,Completed
S03045,V0354,ESN817785,2025-02-11,Battery Replacement,Corrective,P0171,Engine overheating,TECH292,Kerala Truck Service,Oil Filter,2149,1037,3186,4.1,2025-08-10,Yes,Completed
S03046,V0129,ESN112894,2025-10-04,Battery Replacement,Corrective,P0171,Battery degradation,TECH899,AutoMind Central,Battery,2845,19502,22347,3.5,2026-04-02,No,Completed
S03047,V0301,ESN476875,2025-04-01,Oil Change,Corrective,P0000,Engine overheating,TECH325,Kerala Truck Service,Air Filter,2076,9127,11203,8.7,2025-09-28,Yes,Pending
S03048,V0330,ESN426716,2025-04-03,Engine Diagnostics,Corrective,P0420,Low oil pressure,TECH449,AutoMind Central,Spark Plug,2040,8097,10137,10.8,2025-09-30,No,Completed
S03049,V0308,ESN427629,2025-01-22,Battery Replacement,Emergency,P0000,Engine overheating,TECH328,Kerala Truck Service,Battery,2406,16082,18488,5.5,2025-07-21,Yes,Pending
S03050,V0276,ESN642708,2025-09-19,Oil Change,Preventive,P0420,Routine inspection,TECH517,AutoMind Central,Coolant Hose,4255,670,4925,1.8,2026-03-18,Yes,Pending
S03051,V0393,ESN715687,2025-09-01,Brake Service,Preventive,P0420,Routine inspection,TECH628,Kerala Truck Service,Spark Plug,2607,5273,7880,3.2,2026-02-28,Yes,Completed
S03052,V0042,ESN775597,2025-07-17,Oil Change,Preventive,P0171,Battery degradation,TECH284,Kerala Truck Service,Air Filter,4307,9245,13552,2.8,2026-01-13,Yes,Pending
S03053,V0009,ESN337956,2025-06-09,Oil Change,Preventive,P0000,Low oil pressure,TECH457,FleetCare Kochi,Battery,1161,667,1828,6.2,2025-12-06,Yes,Completed
S03054,V0311,ESN618731,2025-12-16,Cooling System,Preventive,P0000,Battery degradation,TECH506,FleetCare Kochi,Battery,3069,11267,14336,10.1,2026-06-14,Yes,Completed
S03055,V0457,ESN522382,2025-12-15,Oil Change,Corrective,P0420,Battery degradation,TECH824,Kerala Truck Service,Brake Pads,3297,7881,11178,1.3,2026-06-13,Yes,Pending
S03056,V0286,ESN747923,2025-01-20,Brake Service,Corrective,P0012,Brake wear,TECH758,FleetCare Kochi,Brake Pads,1756,1925,3681,2.8,2025-07-19,No,Pending
S03057,V0496,ESN383342,2025-05-09,Engine Diagnostics,Preventive,P0300,Battery degradation,TECH288,AutoMind Central,Brake Pads,5417,5327,10744,11.8,2025-11-05,Yes,Pending
S03058,V0244,ESN244168,2025-05-21,Routine Service,Corrective,P0171,Routine inspection,TECH856,Prime Motors,Brake Pads,5722,11551,17273,2.8,2025-11-17,Yes,Completed
S03059,V0446,ESN362238,2025-02-28,Routine Service,Preventive,P0420,Low oil pressure,TECH759,Kerala Truck Service,Coolant Hose,1079,19448,20527,7.2,2025-08-27,Yes,Completed
S03060,V0305,ESN504915,2025-06-01,Engine Diagnostics,Corrective,P0012,Routine inspection,TECH477,Kerala Truck Service,Battery,3521,4137,7658,5.9,2025-11-28,Yes,Pending
S03061,V0453,ESN495664,2025-02-25,Engine Diagnostics,Corrective,P0000,Low oil pressure,TECH782,FleetCare Kochi,Air Filter,3929,1500,5429,5.3,2025-08-24,No,Completed
S03062,V0496,ESN173843,2025-09-14,Cooling System,Emergency,P0171,Low oil pressure,TECH622,Kerala Truck Service,Brake Pads,1452,11500,12952,8.5,2026-03-13,No,Pending
S03063,V0347,ESN670364,2025-01-02,Cooling System,Emergency,P0300,Engine overheating,TECH983,AutoMind Central,Brake Pads,1098,5794,6892,3.1,2025-07-01,Yes,Completed
S03064,V0146,ESN214596,2025-07-26,Cooling System,Preventive,P0300,Routine inspection,TECH839,Kerala Truck Service,Brake Pads,4111,9318,13429,4.5,2026-01-22,No,Completed
S03065,V0024,ESN133428,2025-07-10,Battery Replacement,Corrective,P0420,Brake wear,TECH627,FleetCare Kochi,Coolant Hose,4122,12909,17031,9.2,2026-01-06,Yes,Completed
S03066,V0434,ESN519966,2025-11-15,Battery Replacement,Emergency,P0300,Routine inspection,TECH569,Prime Motors,Spark Plug,2713,7747,10460,4.9,2026-05-14,No,Completed
S03067,V0082,ESN155458,2025-11-30,Battery Replacement,Corrective,P0300,Routine inspection,TECH313,FleetCare Kochi,Battery,1014,19944,20958,4.8,2026-05-29,No,Completed
S03068,V0224,ESN172701,2025-01-04,Engine Diagnostics,Corrective,P0171,Engine overheating,TECH686,FleetCare Kochi,Oil Filter,2632,6108,8740,2.8,2025-07-03,Yes,Completed
S03069,V0329,ESN816320,2025-11-29,Battery Replacement,Preventive,P0420,Routine inspection,TECH543,Prime Motors,Coolant Hose,2342,11299,13641,6.2,2026-05-28,No,Completed
S03070,V0335,ESN430759,2025-04-24,Battery Replacement,Corrective,P0000,Routine inspection,TECH119,AutoMind Central,Spark Plug,5686,16534,22220,6.8,2025-10-21,Yes,Pending
S03071,V0085,ESN807967,2025-09-10,Cooling System,Preventive,P0300,Routine inspection,TECH204,AutoMind Central,Spark Plug,3114,9867,12981,11.6,2026-03-09,No,Completed
S03072,V0139,ESN391359,2025-05-06,Engine Diagnostics,Corrective,P0000,Brake wear,TECH699,AutoMind Central,Coolant Hose,1923,11571,13494,8.4,2025-11-02,No,Pending
S03073,V0470,ESN434492,2025-03-30,Battery Replacement,Corrective,P0000,Routine inspection,TECH162,FleetCare Kochi,Brake Pads,4665,15854,20519,8.2,2025-09-26,No,Pending
S03074,V0322,ESN180718,2025-12-08,Oil Change,Emergency,P0012,Routine inspection,TECH744,Prime Motors,Air Filter,3459,5526,8985,8.8,2026-06-06,Yes,Pending
S03075,V0444,ESN191789,2025-09-13,Brake Service,Emergency,P0420,Routine inspection,TECH330,Prime Motors,Air Filter,2231,886,3117,9.8,2026-03-12,Yes,Completed
S03076,V0061,ESN845748,2025-07-22,Engine Diagnostics,Emergency,P0420,Routine inspection,TECH543,FleetCare Kochi,Spark Plug,5007,4235,9242,2.5,2026-01-18,Yes,Completed
S03077,V0157,ESN875554,2025-07-29,Cooling System,Emergency,P0000,Brake wear,TECH266,FleetCare Kochi,Battery,2194,16448,18642,9.3,2026-01-25,Yes,Completed
S03078,V0077,ESN915425,2025-05-29,Battery Replacement,Preventive,P0300,Brake wear,TECH627,FleetCare Kochi,Air Filter,2076,7468,9544,9.5,2025-11-25,Yes,Completed
S03079,V0188,ESN881480,2025-03-03,Engine Diagnostics,Emergency,P0012,Battery degradation,TECH846,Kerala Truck Service,Air Filter,3934,13301,17235,8.2,2025-08-30,No,Completed
S03080,V0025,ESN209469,2025-03-06,Oil Change,Emergency,P0012,Brake wear,TECH970,AutoMind Central,Battery,2268,17519,19787,5.1,2025-09-02,No,Completed
S03081,V0288,ESN173407,2025-10-26,Oil Change,Emergency,P0012,Low oil pressure,TECH387,Prime Motors,Air Filter,3036,1625,4661,6.1,2026-04-24,Yes,Completed
S03082,V0384,ESN139157,2025-11-08,Engine Diagnostics,Emergency,P0171,Low oil pressure,TECH593,Prime Motors,Oil Filter,5227,5343,10570,2.1,2026-05-07,Yes,Completed
S03083,V0008,ESN202045,2025-06-12,Oil Change,Preventive,P0420,Battery degradation,TECH440,Prime Motors,Coolant Hose,4370,13534,17904,4.4,2025-12-09,Yes,Pending
S03084,V0033,ESN330628,2025-01-26,Battery Replacement,Emergency,P0420,Low oil pressure,TECH116,FleetCare Kochi,Coolant Hose,860,18418,19278,7.1,2025-07-25,No,Pending
S03085,V0334,ESN771635,2025-02-05,Cooling System,Preventive,P0300,Engine overheating,TECH380,AutoMind Central,Brake Pads,3766,11700,15466,8.9,2025-08-04,Yes,Completed
S03086,V0258,ESN724817,2025-01-25,Cooling System,Preventive,P0012,Engine overheating,TECH751,Kerala Truck Service,Coolant Hose,5526,8395,13921,6.4,2025-07-24,Yes,Pending
S03087,V0459,ESN385541,2025-05-07,Engine Diagnostics,Emergency,P0300,Low oil pressure,TECH673,FleetCare Kochi,Coolant Hose,4637,512,5149,1.7,2025-11-03,Yes,Completed
S03088,V0214,ESN288919,2025-05-12,Brake Service,Preventive,P0420,Brake wear,TECH337,Kerala Truck Service,Battery,4707,10986,15693,11.8,2025-11-08,No,Pending
S03089,V0362,ESN979029,2025-11-25,Brake Service,Corrective,P0300,Battery degradation,TECH838,AutoMind Central,Oil Filter,3977,5158,9135,11.0,2026-05-24,No,Pending
S03090,V0280,ESN564755,2025-12-06,Brake Service,Emergency,P0300,Routine inspection,TECH640,Kerala Truck Service,Brake Pads,4973,5856,10829,7.2,2026-06-04,No,Completed
S03091,V0248,ESN421976,2025-06-02,Engine Diagnostics,Emergency,P0171,Engine overheating,TECH575,Kerala Truck Service,Brake Pads,5524,14774,20298,3.7,2025-11-29,No,Completed
S03092,V0027,ESN104945,2025-09-15,Routine Service,Preventive,P0171,Engine overheating,TECH349,FleetCare Kochi,Air Filter,5038,15986,21024,10.6,2026-03-14,Yes,Completed
S03093,V0038,ESN386186,2025-05-06,Routine Service,Corrective,P0000,Low oil pressure,TECH717,FleetCare Kochi,Oil Filter,1363,17138,18501,6.4,2025-11-02,Yes,Completed
S03094,V0209,ESN201747,2025-10-22,Brake Service,Emergency,P0300,Engine overheating,TECH374,FleetCare Kochi,Spark Plug,4059,14095,18154,6.3,2026-04-20,No,Completed
S03095,V0440,ESN629341,2025-02-08,Oil Change,Corrective,P0171,Routine inspection,TECH780,Kerala Truck Service,Battery,2317,639,2956,4.4,2025-08-07,No,Completed
S03096,V0484,ESN364474,2025-10-26,Oil Change,Preventive,P0171,Brake wear,TECH590,Prime Motors,Battery,5986,1793,7779,4.6,2026-04-24,Yes,Completed
S03097,V0257,ESN744578,2025-03-05,Routine Service,Emergency,P0000,Battery degradation,TECH175,FleetCare Kochi,Spark Plug,2041,15180,17221,5.1,2025-09-01,No,Completed
S03098,V0300,ESN140816,2025-11-24,Oil Change,Preventive,P0000,Low oil pressure,TECH368,AutoMind Central,Air Filter,938,5076,6014,4.1,2026-05-23,No,Pending
S03099,V0150,ESN312176,2025-12-17,Engine Diagnostics,Preventive,P0420,Routine inspection,TECH136,Prime Motors,Spark Plug,3760,1363,5123,7.4,2026-06-15,Yes,Completed
S03100,V0293,ESN749806,2025-02-09,Battery Replacement,Preventive,P0012,Routine inspection,TECH762,FleetCare Kochi,Brake Pads,3954,5052,9006,10.5,2025-08-08,No,Completed
S03101,V0433,ESN388825,2025-10-11,Routine Service,Corrective,P0300,Low oil pressure,TECH786,FleetCare Kochi,Air Filter,4544,19580,24124,2.2,2026-04-09,Yes,Pending
S03102,V0165,ESN424793,2025-06-03,Battery Replacement,Corrective,P0420,Routine inspection,TECH282,FleetCare Kochi,Battery,1044,5530,6574,5.3,2025-11-30,No,Pending
S03103,V0400,ESN360899,2025-05-04,Oil Change,Emergency,P0420,Engine overheating,TECH922,Prime Motors,Battery,1544,7238,8782,2.5,2025-10-31,No,Pending
S03104,V0300,ESN543309,2025-11-14,Battery Replacement,Preventive,P0171,Battery degradation,TECH913,AutoMind Central,Spark Plug,1007,2781,3788,8.3,2026-05-13,No,Pending
S03105,V0210,ESN256672,2025-09-21,Engine Diagnostics,Preventive,P0171,Routine inspection,TECH490,Kerala Truck Service,Spark Plug,3622,1689,5311,9.4,2026-03-20,Yes,Completed
S03106,V0219,ESN824793,2025-02-17,Routine Service,Emergency,P0012,Routine inspection,TECH172,FleetCare Kochi,Spark Plug,5113,8665,13778,7.4,2025-08-16,No,Pending
S03107,V0170,ESN842742,2025-08-06,Battery Replacement,Preventive,P0000,Low oil pressure,TECH675,FleetCare Kochi,Coolant Hose,5660,5991,11651,1.5,2026-02-02,No,Completed
S03108,V0127,ESN360874,2025-01-02,Battery Replacement,Corrective,P0012,Brake wear,TECH724,FleetCare Kochi,Air Filter,3091,1814,4905,4.9,2025-07-01,No,Completed
S03109,V0351,ESN317382,2025-10-01,Oil Change,Emergency,P0420,Low oil pressure,TECH240,AutoMind Central,Battery,2659,10618,13277,10.2,2026-03-30,Yes,Completed
S03110,V0487,ESN264981,2025-02-07,Engine Diagnostics,Emergency,P0000,Routine inspection,TECH445,AutoMind Central,Air Filter,3590,3491,7081,3.9,2025-08-06,Yes,Pending
S03111,V0185,ESN751291,2025-08-01,Oil Change,Preventive,P0012,Routine inspection,TECH617,Kerala Truck Service,Coolant Hose,2742,3635,6377,1.1,2026-01-28,Yes,Pending
S03112,V0371,ESN234094,2025-11-25,Oil Change,Emergency,P0300,Engine overheating,TECH786,AutoMind Central,Air Filter,1791,581,2372,11.8,2026-05-24,Yes,Completed
S03113,V0025,ESN361292,2025-08-08,Engine Diagnostics,Corrective,P0000,Battery degradation,TECH617,Prime Motors,Spark Plug,5687,10613,16300,4.3,2026-02-04,Yes,Pending
S03114,V0448,ESN708169,2025-12-10,Battery Replacement,Preventive,P0420,Brake wear,TECH111,AutoMind Central,Brake Pads,3671,9183,12854,4.1,2026-06-08,Yes,Pending
S03115,V0476,ESN469452,2025-02-21,Routine Service,Preventive,P0300,Engine overheating,TECH184,FleetCare Kochi,Brake Pads,5044,13791,18835,4.0,2025-08-20,No,Completed
S03116,V0123,ESN613003,2025-09-15,Oil Change,Preventive,P0012,Engine overheating,TECH322,Kerala Truck Service,Air Filter,4602,5407,10009,8.3,2026-03-14,No,Pending
S03117,V0241,ESN191579,2025-02-09,Oil Change,Corrective,P0420,Brake wear,TECH649,FleetCare Kochi,Spark Plug,1602,16769,18371,5.7,2025-08-08,Yes,Completed
S03118,V0255,ESN331738,2025-10-07,Battery Replacement,Preventive,P0000,Routine inspection,TECH794,Kerala Truck Service,Brake Pads,5197,14717,19914,3.3,2026-04-05,No,Pending
S03119,V0477,ESN845971,2025-09-13,Oil Change,Preventive,P0000,Low oil pressure,TECH779,FleetCare Kochi,Brake Pads,2224,14653,16877,7.9,2026-03-12,Yes,Completed
S03120,V0439,ESN723188,2025-07-20,Engine Diagnostics,Preventive,P0012,Brake wear,TECH843,Kerala Truck Service,Oil Filter,4885,4685,9570,5.5,2026-01-16,Yes,Completed
S03121,V0007,ESN806214,2025-04-02,Brake Service,Corrective,P0300,Engine overheating,TECH956,AutoMind Central,Coolant Hose,820,12517,13337,9.3,2025-09-29,No,Pending
S03122,V0184,ESN486916,2025-05-23,Engine Diagnostics,Corrective,P0300,Routine inspection,TECH990,Kerala Truck Service,Battery,1137,5949,7086,11.1,2025-11-19,No,Pending
S03123,V0342,ESN874342,2025-05-21,Routine Service,Emergency,P0171,Battery degradation,TECH609,AutoMind Central,Oil Filter,5978,16117,22095,6.8,2025-11-17,Yes,Completed
S03124,V0005,ESN853175,2025-01-11,Battery Replacement,Preventive,P0000,Routine inspection,TECH626,FleetCare Kochi,Spark Plug,2184,15346,17530,9.7,2025-07-10,Yes,Completed
S03125,V0121,ESN205991,2025-05-29,Cooling System,Corrective,P0012,Battery degradation,TECH482,FleetCare Kochi,Spark Plug,4433,17323,21756,8.0,2025-11-25,No,Pending
S03126,V0461,ESN343620,2025-07-06,Routine Service,Corrective,P0171,Battery degradation,TECH524,Prime Motors,Brake Pads,3004,2614,5618,4.2,2026-01-02,Yes,Completed
S03127,V0286,ESN284635,2025-10-08,Cooling System,Emergency,P0012,Battery degradation,TECH322,Prime Motors,Brake Pads,2747,2912,5659,11.1,2026-04-06,No,Pending
S03128,V0367,ESN867353,2025-03-18,Cooling System,Emergency,P0000,Battery degradation,TECH397,AutoMind Central,Oil Filter,2844,6980,9824,11.1,2025-09-14,Yes,Pending
S03129,V0255,ESN956313,2025-12-12,Battery Replacement,Emergency,P0171,Engine overheating,TECH983,FleetCare Kochi,Battery,1967,14122,16089,3.0,2026-06-10,Yes,Completed
S03130,V0410,ESN897709,2025-03-25,Engine Diagnostics,Preventive,P0171,Battery degradation,TECH611,AutoMind Central,Brake Pads,3646,15201,18847,4.2,2025-09-21,Yes,Pending
S03131,V0377,ESN746346,2025-04-16,Brake Service,Emergency,P0000,Engine overheating,TECH134,FleetCare Kochi,Spark Plug,2382,19238,21620,11.4,2025-10-13,Yes,Pending
S03132,V0446,ESN740344,2025-03-11,Engine Diagnostics,Emergency,P0300,Routine inspection,TECH709,AutoMind Central,Battery,5164,8139,13303,10.0,2025-09-07,No,Pending
S03133,V0491,ESN353300,2025-07-21,Brake Service,Corrective,P0420,Engine overheating,TECH716,AutoMind Central,Battery,4579,11565,16144,6.2,2026-01-17,No,Pending
S03134,V0167,ESN695134,2025-04-05,Brake Service,Emergency,P0012,Engine overheating,TECH130,Prime Motors,Brake Pads,3150,3593,6743,7.7,2025-10-02,No,Completed
S03135,V0309,ESN515854,2025-02-20,Battery Replacement,Corrective,P0300,Brake wear,TECH452,FleetCare Kochi,Coolant Hose,1128,6342,7470,2.0,2025-08-19,Yes,Pending
S03136,V0063,ESN491021,2025-10-24,Battery Replacement,Corrective,P0171,Brake wear,TECH776,Prime Motors,Coolant Hose,1912,1212,3124,7.6,2026-04-22,Yes,Pending
S03137,V0220,ESN325572,2025-09-23,Engine Diagnostics,Emergency,P0000,Battery degradation,TECH262,FleetCare Kochi,Oil Filter,2147,8966,11113,9.4,2026-03-22,No,Pending
S03138,V0440,ESN923961,2025-02-03,Battery Replacement,Emergency,P0420,Battery degradation,TECH951,Prime Motors,Air Filter,840,12840,13680,7.0,2025-08-02,Yes,Completed
S03139,V0259,ESN300849,2025-04-10,Brake Service,Emergency,P0000,Low oil pressure,TECH567,Prime Motors,Brake Pads,3633,10576,14209,11.3,2025-10-07,No,Pending
S03140,V0014,ESN193597,2025-11-27,Cooling System,Preventive,P0420,Low oil pressure,TECH878,Kerala Truck Service,Brake Pads,2769,16183,18952,11.4,2026-05-26,No,Pending
S03141,V0476,ESN617067,2025-08-26,Battery Replacement,Emergency,P0000,Brake wear,TECH969,Kerala Truck Service,Oil Filter,1660,4253,5913,12.0,2026-02-22,Yes,Pending
S03142,V0416,ESN769862,2025-10-29,Cooling System,Preventive,P0171,Routine inspection,TECH919,Kerala Truck Service,Oil Filter,1238,11833,13071,5.8,2026-04-27,No,Completed
S03143,V0179,ESN394536,2025-09-09,Battery Replacement,Preventive,P0012,Battery degradation,TECH368,AutoMind Central,Coolant Hose,3133,4835,7968,2.7,2026-03-08,No,Completed
S03144,V0370,ESN510865,2025-10-19,Routine Service,Corrective,P0000,Battery degradation,TECH922,Prime Motors,Oil Filter,2503,6425,8928,3.9,2026-04-17,No,Pending
S03145,V0317,ESN576555,2025-10-01,Routine Service,Preventive,P0420,Brake wear,TECH350,Kerala Truck Service,Air Filter,5718,11117,16835,4.4,2026-03-30,No,Completed
S03146,V0254,ESN796321,2025-11-14,Battery Replacement,Emergency,P0000,Low oil pressure,TECH623,Kerala Truck Service,Brake Pads,1653,2458,4111,1.8,2026-05-13,No,Completed
S03147,V0268,ESN462454,2025-10-15,Brake Service,Corrective,P0000,Brake wear,TECH509,Prime Motors,Spark Plug,854,9118,9972,9.7,2026-04-13,Yes,Pending
S03148,V0248,ESN123364,2025-09-05,Brake Service,Preventive,P0420,Low oil pressure,TECH389,Prime Motors,Spark Plug,4130,10343,14473,11.5,2026-03-04,No,Pending
S03149,V0375,ESN128321,2025-10-14,Battery Replacement,Preventive,P0000,Engine overheating,TECH914,Prime Motors,Air Filter,2242,19236,21478,3.7,2026-04-12,Yes,Pending
S03150,V0079,ESN934434,2025-07-27,Battery Replacement,Preventive,P0300,Low oil pressure,TECH512,Kerala Truck Service,Spark Plug,2663,949,3612,10.4,2026-01-23,No,Pending
S03151,V0244,ESN621937,2025-06-19,Brake Service,Emergency,P0012,Routine inspection,TECH493,Prime Motors,Brake Pads,1562,866,2428,11.0,2025-12-16,Yes,Pending
S03152,V0099,ESN750822,2025-03-21,Engine Diagnostics,Preventive,P0012,Routine inspection,TECH132,Prime Motors,Spark Plug,3615,1124,4739,4.3,2025-09-17,Yes,Pending
S03153,V0358,ESN433290,2025-12-07,Routine Service,Corrective,P0012,Routine inspection,TECH325,FleetCare Kochi,Coolant Hose,4821,4446,9267,3.3,2026-06-05,Yes,Pending
S03154,V0299,ESN702385,2025-07-29,Oil Change,Preventive,P0012,Brake wear,TECH960,Kerala Truck Service,Brake Pads,3249,10496,13745,3.8,2026-01-25,No,Completed
S03155,V0304,ESN308748,2025-07-31,Engine Diagnostics,Emergency,P0171,Engine overheating,TECH423,FleetCare Kochi,Oil Filter,2492,8078,10570,8.3,2026-01-27,No,Pending
S03156,V0013,ESN992699,2025-07-17,Battery Replacement,Preventive,P0000,Low oil pressure,TECH307,FleetCare Kochi,Oil Filter,5486,14742,20228,7.8,2026-01-13,No,Completed
S03157,V0098,ESN442367,2025-12-28,Cooling System,Emergency,P0171,Brake wear,TECH156,Prime Motors,Brake Pads,2712,3362,6074,10.8,2026-06-26,Yes,Completed
S03158,V0072,ESN926422,2025-09-18,Oil Change,Emergency,P0420,Battery degradation,TECH122,FleetCare Kochi,Brake Pads,1672,13647,15319,8.3,2026-03-17,No,Pending
S03159,V0180,ESN624294,2025-08-19,Battery Replacement,Emergency,P0171,Routine inspection,TECH109,FleetCare Kochi,Air Filter,5693,6895,12588,6.5,2026-02-15,Yes,Completed
S03160,V0011,ESN706961,2025-01-29,Cooling System,Corrective,P0000,Low oil pressure,TECH941,FleetCare Kochi,Spark Plug,5253,9583,14836,4.2,2025-07-28,Yes,Pending
S03161,V0303,ESN694745,2025-02-24,Battery Replacement,Corrective,P0000,Low oil pressure,TECH553,Prime Motors,Brake Pads,3335,6344,9679,10.0,2025-08-23,Yes,Pending
S03162,V0133,ESN402661,2025-02-14,Oil Change,Preventive,P0300,Brake wear,TECH333,Kerala Truck Service,Spark Plug,2141,13333,15474,1.2,2025-08-13,Yes,Completed
S03163,V0061,ESN389401,2025-02-22,Cooling System,Emergency,P0171,Brake wear,TECH759,Prime Motors,Oil Filter,4063,19753,23816,5.7,2025-08-21,No,Pending
S03164,V0059,ESN612176,2025-11-29,Oil Change,Emergency,P0171,Brake wear,TECH770,Prime Motors,Oil Filter,5767,3195,8962,6.0,2026-05-28,Yes,Pending
S03165,V0319,ESN642645,2025-10-24,Brake Service,Preventive,P0171,Engine overheating,TECH311,Kerala Truck Service,Brake Pads,1261,18995,20256,9.9,2026-04-22,No,Pending
S03166,V0259,ESN708706,2025-03-21,Cooling System,Preventive,P0420,Engine overheating,TECH585,Kerala Truck Service,Spark Plug,4499,2438,6937,10.0,2025-09-17,Yes,Completed
S03167,V0426,ESN669591,2025-03-12,Routine Service,Preventive,P0000,Battery degradation,TECH869,Kerala Truck Service,Coolant Hose,3807,6547,10354,10.4,2025-09-08,Yes,Completed
S03168,V0129,ESN469581,2025-08-13,Engine Diagnostics,Corrective,P0000,Brake wear,TECH203,Kerala Truck Service,Oil Filter,3976,9471,13447,7.1,2026-02-09,Yes,Completed
S03169,V0246,ESN363124,2025-03-05,Cooling System,Preventive,P0012,Engine overheating,TECH710,Kerala Truck Service,Brake Pads,4240,13472,17712,1.9,2025-09-01,Yes,Completed
S03170,V0190,ESN385871,2025-08-15,Cooling System,Emergency,P0300,Routine inspection,TECH501,FleetCare Kochi,Coolant Hose,3978,12405,16383,4.4,2026-02-11,No,Completed
S03171,V0363,ESN515074,2025-12-24,Battery Replacement,Corrective,P0000,Battery degradation,TECH960,AutoMind Central,Coolant Hose,1971,10217,12188,5.9,2026-06-22,Yes,Pending
S03172,V0313,ESN962082,2025-09-14,Cooling System,Corrective,P0012,Routine inspection,TECH471,Kerala Truck Service,Air Filter,2741,1770,4511,9.2,2026-03-13,No,Completed
S03173,V0425,ESN316182,2025-09-11,Brake Service,Emergency,P0000,Brake wear,TECH654,Prime Motors,Air Filter,5337,2813,8150,3.6,2026-03-10,No,Completed
S03174,V0231,ESN232672,2025-11-06,Routine Service,Preventive,P0000,Brake wear,TECH328,Kerala Truck Service,Air Filter,2763,12657,15420,4.3,2026-05-05,Yes,Pending
S03175,V0293,ESN862963,2025-02-27,Cooling System,Corrective,P0420,Engine overheating,TECH619,FleetCare Kochi,Brake Pads,3775,14535,18310,6.3,2025-08-26,No,Completed
S03176,V0415,ESN890461,2025-04-19,Oil Change,Preventive,P0012,Brake wear,TECH391,AutoMind Central,Air Filter,4809,12062,16871,10.3,2025-10-16,No,Completed
S03177,V0023,ESN318290,2025-12-10,Routine Service,Emergency,P0420,Routine inspection,TECH968,Prime Motors,Air Filter,5087,12391,17478,5.9,2026-06-08,No,Completed
S03178,V0475,ESN659440,2025-05-03,Engine Diagnostics,Corrective,P0000,Engine overheating,TECH350,Prime Motors,Coolant Hose,2302,5330,7632,7.3,2025-10-30,No,Pending
S03179,V0455,ESN160023,2025-10-01,Battery Replacement,Emergency,P0012,Routine inspection,TECH746,Kerala Truck Service,Battery,3602,7336,10938,9.5,2026-03-30,Yes,Pending
S03180,V0495,ESN833829,2025-08-01,Engine Diagnostics,Emergency,P0012,Brake wear,TECH102,FleetCare Kochi,Brake Pads,4184,1763,5947,9.6,2026-01-28,No,Pending
S03181,V0026,ESN844311,2025-04-26,Brake Service,Emergency,P0420,Battery degradation,TECH365,FleetCare Kochi,Brake Pads,1524,15553,17077,8.8,2025-10-23,No,Pending
S03182,V0054,ESN804787,2025-02-26,Engine Diagnostics,Emergency,P0000,Routine inspection,TECH345,AutoMind Central,Coolant Hose,2808,5167,7975,7.1,2025-08-25,No,Pending
S03183,V0164,ESN903808,2025-09-14,Brake Service,Emergency,P0012,Brake wear,TECH374,AutoMind Central,Coolant Hose,4891,9937,14828,8.6,2026-03-13,Yes,Pending
S03184,V0481,ESN819763,2025-04-10,Routine Service,Emergency,P0171,Battery degradation,TECH811,AutoMind Central,Battery,3709,9805,13514,2.2,2025-10-07,Yes,Pending
S03185,V0298,ESN624720,2025-05-28,Engine Diagnostics,Corrective,P0171,Routine inspection,TECH100,AutoMind Central,Coolant Hose,5637,10953,16590,7.8,2025-11-24,No,Pending
S03186,V0270,ESN130663,2025-01-28,Cooling System,Corrective,P0000,Low oil pressure,TECH728,Prime Motors,Battery,3910,11516,15426,7.5,2025-07-27,No,Pending
S03187,V0127,ESN510482,2025-05-16,Routine Service,Preventive,P0420,Battery degradation,TECH580,FleetCare Kochi,Brake Pads,4842,2878,7720,4.3,2025-11-12,No,Pending
S03188,V0324,ESN240187,2025-12-31,Engine Diagnostics,Corrective,P0420,Battery degradation,TECH419,Kerala Truck Service,Air Filter,5039,731,5770,4.5,2026-06-29,Yes,Completed
S03189,V0183,ESN868083,2025-10-23,Cooling System,Preventive,P0000,Low oil pressure,TECH569,Prime Motors,Brake Pads,2528,4532,7060,6.1,2026-04-21,No,Pending
S03190,V0060,ESN240626,2025-10-28,Routine Service,Emergency,P0171,Brake wear,TECH557,AutoMind Central,Brake Pads,3799,18882,22681,10.3,2026-04-26,Yes,Completed
S03191,V0111,ESN695221,2025-02-12,Routine Service,Preventive,P0300,Battery degradation,TECH257,AutoMind Central,Battery,4603,17037,21640,10.5,2025-08-11,Yes,Completed
S03192,V0258,ESN526237,2025-01-06,Oil Change,Preventive,P0012,Low oil pressure,TECH400,AutoMind Central,Coolant Hose,3546,10455,14001,6.4,2025-07-05,No,Completed
S03193,V0029,ESN417663,2025-10-26,Cooling System,Emergency,P0000,Battery degradation,TECH881,Prime Motors,Spark Plug,4034,2443,6477,6.6,2026-04-24,No,Pending
S03194,V0117,ESN423486,2025-04-01,Cooling System,Preventive,P0171,Battery degradation,TECH380,AutoMind Central,Brake Pads,1067,18527,19594,7.6,2025-09-28,Yes,Pending
S03195,V0289,ESN690379,2025-05-15,Oil Change,Preventive,P0000,Engine overheating,TECH312,Prime Motors,Oil Filter,3720,5135,8855,4.3,2025-11-11,Yes,Pending
S03196,V0490,ESN627619,2025-08-25,Oil Change,Corrective,P0420,Brake wear,TECH147,Prime Motors,Coolant Hose,1512,3765,5277,10.5,2026-02-21,Yes,Pending
S03197,V0165,ESN914103,2025-09-07,Engine Diagnostics,Corrective,P0012,Routine inspection,TECH106,AutoMind Central,Air Filter,4677,12485,17162,7.4,2026-03-06,No,Pending
S03198,V0198,ESN455236,2025-12-12,Battery Replacement,Preventive,P0420,Routine inspection,TECH596,Prime Motors,Brake Pads,3507,5329,8836,3.8,2026-06-10,Yes,Completed
S03199,V0056,ESN868137,2025-05-19,Brake Service,Preventive,P0000,Routine inspection,TECH600,Prime Motors,Oil Filter,4605,13316,17921,7.4,2025-11-15,Yes,Completed
S03200,V0345,ESN430802,2025-03-21,Engine Diagnostics,Corrective,P0300,Battery degradation,TECH705,Prime Motors,Battery,2744,16576,19320,6.5,2025-09-17,Yes,Completed
S03201,V0219,ESN299932,2025-07-07,Brake Service,Emergency,P0171,Brake wear,TECH562,AutoMind Central,Brake Pads,1207,2235,3442,4.6,2026-01-03,Yes,Pending
S03202,V0352,ESN251703,2025-05-22,Oil Change,Corrective,P0300,Routine inspection,TECH459,Kerala Truck Service,Brake Pads,2108,12580,14688,10.3,2025-11-18,No,Completed
S03203,V0127,ESN251946,2025-07-07,Battery Replacement,Preventive,P0012,Low oil pressure,TECH187,FleetCare Kochi,Battery,1430,4682,6112,6.4,2026-01-03,No,Pending
S03204,V0288,ESN537507,2025-11-07,Routine Service,Corrective,P0000,Low oil pressure,TECH871,Kerala Truck Service,Brake Pads,5633,18503,24136,4.9,2026-05-06,No,Completed
S03205,V0477,ESN765574,2025-08-12,Cooling System,Corrective,P0171,Low oil pressure,TECH631,AutoMind Central,Oil Filter,1560,13933,15493,6.1,2026-02-08,Yes,Pending
S03206,V0178,ESN975661,2025-05-29,Battery Replacement,Corrective,P0000,Engine overheating,TECH806,FleetCare Kochi,Air Filter,3004,9443,12447,2.9,2025-11-25,No,Completed
S03207,V0178,ESN917708,2025-02-11,Brake Service,Emergency,P0300,Engine overheating,TECH859,FleetCare Kochi,Air Filter,3060,11040,14100,2.8,2025-08-10,No,Pending
S03208,V0244,ESN430415,2025-03-31,Battery Replacement,Preventive,P0420,Routine inspection,TECH898,FleetCare Kochi,Coolant Hose,1801,10580,12381,3.0,2025-09-27,No,Pending
S03209,V0099,ESN308994,2025-04-23,Routine Service,Corrective,P0420,Brake wear,TECH764,AutoMind Central,Spark Plug,2086,14631,16717,9.8,2025-10-20,No,Completed
S03210,V0106,ESN341405,2025-05-25,Oil Change,Emergency,P0000,Brake wear,TECH436,AutoMind Central,Coolant Hose,5041,16065,21106,8.3,2025-11-21,No,Completed
S03211,V0219,ESN769318,2025-12-23,Brake Service,Emergency,P0000,Engine overheating,TECH534,FleetCare Kochi,Oil Filter,5045,14880,19925,11.3,2026-06-21,Yes,Completed
S03212,V0330,ESN702830,2025-01-07,Brake Service,Emergency,P0420,Low oil pressure,TECH241,AutoMind Central,Brake Pads,5877,14040,19917,5.7,2025-07-06,Yes,Completed
S03213,V0134,ESN337915,2025-04-12,Routine Service,Corrective,P0000,Brake wear,TECH806,AutoMind Central,Battery,5272,1434,6706,2.2,2025-10-09,Yes,Pending
S03214,V0302,ESN440033,2025-07-19,Cooling System,Preventive,P0420,Low oil pressure,TECH987,FleetCare Kochi,Brake Pads,2485,6434,8919,8.1,2026-01-15,No,Completed
S03215,V0326,ESN864576,2025-07-11,Cooling System,Emergency,P0000,Low oil pressure,TECH745,AutoMind Central,Brake Pads,4673,19013,23686,1.4,2026-01-07,No,Pending
S03216,V0005,ESN304801,2025-04-03,Engine Diagnostics,Preventive,P0000,Routine inspection,TECH905,FleetCare Kochi,Brake Pads,3379,12371,15750,1.6,2025-09-30,Yes,Completed
S03217,V0299,ESN223603,2025-06-08,Battery Replacement,Emergency,P0171,Routine inspection,TECH462,AutoMind Central,Air Filter,5389,2321,7710,4.5,2025-12-05,Yes,Pending
S03218,V0278,ESN160197,2025-07-13,Battery Replacement,Emergency,P0000,Brake wear,TECH319,AutoMind Central,Spark Plug,5999,16173,22172,8.5,2026-01-09,No,Completed
S03219,V0375,ESN547346,2025-09-11,Engine Diagnostics,Preventive,P0000,Battery degradation,TECH881,Prime Motors,Coolant Hose,5301,4612,9913,6.0,2026-03-10,Yes,Pending
S03220,V0265,ESN372454,2025-07-12,Brake Service,Emergency,P0420,Battery degradation,TECH854,FleetCare Kochi,Spark Plug,2673,18814,21487,6.1,2026-01-08,No,Completed
S03221,V0200,ESN502743,2025-07-31,Engine Diagnostics,Preventive,P0300,Battery degradation,TECH656,AutoMind Central,Spark Plug,5550,1356,6906,4.2,2026-01-27,No,Completed
S03222,V0095,ESN827049,2025-05-25,Cooling System,Corrective,P0171,Brake wear,TECH543,AutoMind Central,Battery,4678,4071,8749,1.1,2025-11-21,No,Completed
S03223,V0469,ESN191605,2025-08-22,Engine Diagnostics,Preventive,P0171,Routine inspection,TECH189,Prime Motors,Coolant Hose,4932,4781,9713,1.2,2026-02-18,No,Pending
S03224,V0364,ESN411130,2025-04-28,Brake Service,Emergency,P0000,Battery degradation,TECH762,FleetCare Kochi,Battery,3502,10762,14264,9.5,2025-10-25,Yes,Completed
S03225,V0276,ESN420517,2025-09-17,Battery Replacement,Preventive,P0000,Low oil pressure,TECH453,Prime Motors,Brake Pads,4936,1065,6001,10.6,2026-03-16,Yes,Completed
S03226,V0234,ESN213497,2025-04-30,Brake Service,Preventive,P0000,Engine overheating,TECH106,Prime Motors,Air Filter,4377,19970,24347,10.3,2025-10-27,Yes,Pending
S03227,V0217,ESN660556,2025-05-30,Cooling System,Preventive,P0012,Low oil pressure,TECH349,FleetCare Kochi,Battery,813,19879,20692,10.9,2025-11-26,Yes,Completed
S03228,V0460,ESN458552,2025-03-23,Cooling System,Emergency,P0000,Battery degradation,TECH912,AutoMind Central,Coolant Hose,2268,14166,16434,8.0,2025-09-19,No,Completed
S03229,V0090,ESN878827,2025-06-15,Brake Service,Corrective,P0171,Battery degradation,TECH245,Prime Motors,Air Filter,4949,8734,13683,3.9,2025-12-12,Yes,Completed
S03230,V0425,ESN714241,2025-11-21,Battery Replacement,Corrective,P0171,Routine inspection,TECH838,AutoMind Central,Coolant Hose,4598,1996,6594,9.9,2026-05-20,Yes,Completed
S03231,V0363,ESN454446,2025-11-02,Engine Diagnostics,Corrective,P0300,Battery degradation,TECH171,Kerala Truck Service,Air Filter,5071,1739,6810,11.4,2026-05-01,No,Completed
S03232,V0074,ESN362637,2025-12-07,Cooling System,Preventive,P0420,Brake wear,TECH798,Prime Motors,Battery,4385,17943,22328,9.4,2026-06-05,No,Completed
S03233,V0007,ESN869768,2025-08-25,Engine Diagnostics,Corrective,P0300,Routine inspection,TECH691,AutoMind Central,Coolant Hose,1053,2064,3117,11.6,2026-02-21,Yes,Pending
S03234,V0340,ESN872900,2025-12-31,Oil Change,Corrective,P0300,Low oil pressure,TECH909,Prime Motors,Brake Pads,4204,14983,19187,2.6,2026-06-29,No,Completed
S03235,V0096,ESN774983,2025-09-02,Routine Service,Corrective,P0300,Brake wear,TECH468,FleetCare Kochi,Air Filter,5984,748,6732,8.9,2026-03-01,No,Completed
S03236,V0107,ESN178896,2025-03-08,Cooling System,Corrective,P0171,Brake wear,TECH900,AutoMind Central,Oil Filter,4520,4369,8889,5.0,2025-09-04,Yes,Pending
S03237,V0205,ESN246263,2025-08-11,Routine Service,Corrective,P0300,Brake wear,TECH737,Kerala Truck Service,Oil Filter,4936,14416,19352,7.6,2026-02-07,No,Completed
S03238,V0083,ESN611841,2025-10-21,Brake Service,Emergency,P0420,Routine inspection,TECH952,Prime Motors,Coolant Hose,1211,19592,20803,2.2,2026-04-19,No,Completed
S03239,V0134,ESN274099,2025-01-25,Battery Replacement,Preventive,P0420,Routine inspection,TECH706,FleetCare Kochi,Air Filter,3661,6479,10140,1.6,2025-07-24,No,Pending
S03240,V0175,ESN459378,2025-02-16,Oil Change,Corrective,P0171,Brake wear,TECH352,AutoMind Central,Spark Plug,2824,3901,6725,6.8,2025-08-15,Yes,Pending
S03241,V0005,ESN198185,2025-06-17,Cooling System,Emergency,P0171,Engine overheating,TECH236,Prime Motors,Air Filter,3817,2232,6049,4.4,2025-12-14,Yes,Pending
S03242,V0092,ESN337220,2025-02-19,Engine Diagnostics,Preventive,P0300,Brake wear,TECH917,Prime Motors,Brake Pads,3925,5057,8982,2.9,2025-08-18,Yes,Pending
S03243,V0405,ESN573329,2025-03-23,Brake Service,Corrective,P0012,Low oil pressure,TECH761,Kerala Truck Service,Brake Pads,1193,16079,17272,8.3,2025-09-19,No,Completed
S03244,V0252,ESN904196,2025-02-02,Routine Service,Emergency,P0012,Routine inspection,TECH936,Kerala Truck Service,Spark Plug,5643,11638,17281,3.2,2025-08-01,No,Completed
S03245,V0208,ESN811879,2025-07-27,Battery Replacement,Corrective,P0420,Routine inspection,TECH964,Prime Motors,Brake Pads,1469,2076,3545,8.5,2026-01-23,Yes,Completed
S03246,V0060,ESN827187,2025-05-24,Battery Replacement,Preventive,P0012,Battery degradation,TECH754,Kerala Truck Service,Coolant Hose,1266,600,1866,7.4,2025-11-20,No,Pending
S03247,V0268,ESN522665,2025-09-16,Brake Service,Corrective,P0012,Brake wear,TECH915,Kerala Truck Service,Spark Plug,3674,3319,6993,11.8,2026-03-15,No,Completed
S03248,V0400,ESN482520,2025-03-30,Engine Diagnostics,Emergency,P0420,Engine overheating,TECH307,Prime Motors,Brake Pads,5719,6236,11955,8.7,2025-09-26,No,Pending
S03249,V0416,ESN955196,2025-01-10,Engine Diagnostics,Emergency,P0420,Routine inspection,TECH384,AutoMind Central,Spark Plug,2603,11168,13771,10.1,2025-07-09,No,Pending
S03250,V0106,ESN863544,2025-07-23,Routine Service,Corrective,P0012,Battery degradation,TECH170,Kerala Truck Service,Brake Pads,3717,4179,7896,9.0,2026-01-19,Yes,Pending
S03251,V0257,ESN479233,2025-03-19,Oil Change,Emergency,P0012,Low oil pressure,TECH412,FleetCare Kochi,Battery,5579,14071,19650,1.6,2025-09-15,Yes,Pending
S03252,V0126,ESN528319,2025-06-20,Battery Replacement,Emergency,P0171,Battery degradation,TECH240,AutoMind Central,Coolant Hose,2024,7506,9530,6.5,2025-12-17,Yes,Completed
S03253,V0385,ESN535415,2025-06-22,Routine Service,Corrective,P0300,Engine overheating,TECH385,Prime Motors,Air Filter,2951,1407,4358,10.8,2025-12-19,Yes,Pending
S03254,V0014,ESN147186,2025-10-15,Routine Service,Corrective,P0171,Battery degradation,TECH750,Prime Motors,Air Filter,2179,11337,13516,3.3,2026-04-13,Yes,Completed
S03255,V0092,ESN129953,2025-07-19,Engine Diagnostics,Emergency,P0000,Routine inspection,TECH715,Kerala Truck Service,Battery,5072,17224,22296,6.2,2026-01-15,No,Pending
S03256,V0438,ESN250124,2025-07-05,Battery Replacement,Emergency,P0420,Routine inspection,TECH290,Kerala Truck Service,Spark Plug,5133,11844,16977,5.2,2026-01-01,Yes,Pending
S03257,V0040,ESN419022,2025-09-05,Battery Replacement,Preventive,P0000,Brake wear,TECH469,AutoMind Central,Brake Pads,2381,6314,8695,10.7,2026-03-04,No,Completed
S03258,V0227,ESN321146,2025-02-22,Brake Service,Preventive,P0420,Routine inspection,TECH644,FleetCare Kochi,Spark Plug,3499,19451,22950,6.8,2025-08-21,No,Pending
S03259,V0239,ESN479867,2025-06-17,Engine Diagnostics,Preventive,P0000,Engine overheating,TECH165,Kerala Truck Service,Oil Filter,2203,12042,14245,6.2,2025-12-14,Yes,Completed
S03260,V0118,ESN371313,2025-06-07,Engine Diagnostics,Corrective,P0171,Routine inspection,TECH700,Kerala Truck Service,Spark Plug,4401,1714,6115,4.0,2025-12-04,Yes,Pending
S03261,V0033,ESN766377,2025-05-25,Battery Replacement,Preventive,P0000,Engine overheating,TECH471,Prime Motors,Battery,1449,12805,14254,1.8,2025-11-21,No,Completed
S03262,V0087,ESN957078,2025-07-18,Oil Change,Corrective,P0000,Engine overheating,TECH696,AutoMind Central,Spark Plug,5753,5116,10869,2.5,2026-01-14,Yes,Completed
S03263,V0255,ESN259408,2025-08-15,Routine Service,Preventive,P0300,Routine inspection,TECH485,AutoMind Central,Coolant Hose,3456,4068,7524,6.9,2026-02-11,Yes,Completed
S03264,V0471,ESN206738,2025-12-15,Oil Change,Preventive,P0012,Engine overheating,TECH997,Kerala Truck Service,Brake Pads,2240,1252,3492,2.3,2026-06-13,Yes,Pending
S03265,V0019,ESN301526,2025-08-13,Cooling System,Preventive,P0171,Engine overheating,TECH409,Prime Motors,Brake Pads,4191,8229,12420,10.3,2026-02-09,Yes,Pending
S03266,V0185,ESN608092,2025-01-13,Routine Service,Preventive,P0012,Battery degradation,TECH840,Prime Motors,Brake Pads,5341,8775,14116,6.9,2025-07-12,Yes,Pending
S03267,V0010,ESN311445,2025-07-09,Routine Service,Emergency,P0171,Engine overheating,TECH853,AutoMind Central,Brake Pads,904,19795,20699,9.5,2026-01-05,Yes,Pending
S03268,V0162,ESN637883,2025-11-26,Engine Diagnostics,Corrective,P0171,Routine inspection,TECH449,AutoMind Central,Battery,1847,950,2797,3.4,2026-05-25,Yes,Pending
S03269,V0403,ESN357839,2025-04-22,Routine Service,Corrective,P0420,Brake wear,TECH694,FleetCare Kochi,Coolant Hose,5963,11702,17665,9.1,2025-10-19,Yes,Pending
S03270,V0258,ESN966171,2025-05-25,Routine Service,Emergency,P0300,Engine overheating,TECH641,FleetCare Kochi,Oil Filter,2153,5058,7211,7.5,2025-11-21,Yes,Completed
S03271,V0257,ESN139896,2025-12-19,Engine Diagnostics,Preventive,P0000,Brake wear,TECH720,FleetCare Kochi,Battery,3300,4476,7776,4.6,2026-06-17,No,Pending
S03272,V0234,ESN693213,2025-12-02,Engine Diagnostics,Corrective,P0000,Battery degradation,TECH697,Prime Motors,Coolant Hose,3845,10155,14000,11.7,2026-05-31,No,Pending
S03273,V0202,ESN608848,2025-05-30,Brake Service,Corrective,P0300,Low oil pressure,TECH376,Prime Motors,Spark Plug,4659,13085,17744,10.2,2025-11-26,No,Completed
S03274,V0477,ESN864408,2025-06-17,Oil Change,Emergency,P0012,Low oil pressure,TECH360,FleetCare Kochi,Oil Filter,2529,8697,11226,2.3,2025-12-14,Yes,Completed
S03275,V0275,ESN208801,2025-08-07,Engine Diagnostics,Emergency,P0000,Brake wear,TECH894,AutoMind Central,Spark Plug,3303,965,4268,5.7,2026-02-03,No,Pending
S03276,V0081,ESN887109,2025-12-17,Oil Change,Preventive,P0171,Brake wear,TECH605,AutoMind Central,Battery,4189,4851,9040,11.4,2026-06-15,No,Pending
S03277,V0175,ESN418300,2025-01-18,Battery Replacement,Emergency,P0012,Brake wear,TECH942,Prime Motors,Brake Pads,4047,2624,6671,4.2,2025-07-17,Yes,Pending
S03278,V0285,ESN878088,2025-10-16,Brake Service,Preventive,P0000,Battery degradation,TECH910,AutoMind Central,Oil Filter,1930,14584,16514,8.6,2026-04-14,Yes,Completed
S03279,V0043,ESN345073,2025-02-04,Cooling System,Emergency,P0420,Brake wear,TECH203,AutoMind Central,Spark Plug,5653,17558,23211,5.0,2025-08-03,No,Pending
S03280,V0328,ESN853767,2025-11-30,Oil Change,Preventive,P0420,Engine overheating,TECH154,Kerala Truck Service,Coolant Hose,3554,6204,9758,10.2,2026-05-29,No,Pending
S03281,V0461,ESN384996,2025-06-26,Battery Replacement,Preventive,P0012,Brake wear,TECH819,AutoMind Central,Oil Filter,2991,11487,14478,4.9,2025-12-23,Yes,Pending
S03282,V0408,ESN784444,2025-03-14,Engine Diagnostics,Emergency,P0171,Routine inspection,TECH877,Prime Motors,Brake Pads,3552,9433,12985,4.6,2025-09-10,Yes,Completed
S03283,V0040,ESN512219,2025-05-26,Cooling System,Emergency,P0012,Routine inspection,TECH724,FleetCare Kochi,Coolant Hose,2322,4196,6518,8.6,2025-11-22,No,Completed
S03284,V0338,ESN403720,2025-02-22,Cooling System,Emergency,P0171,Brake wear,TECH577,Kerala Truck Service,Spark Plug,3076,10631,13707,7.6,2025-08-21,Yes,Completed
S03285,V0175,ESN140122,2025-06-22,Oil Change,Emergency,P0012,Routine inspection,TECH338,Kerala Truck Service,Brake Pads,4459,3373,7832,5.9,2025-12-19,Yes,Pending
S03286,V0493,ESN871597,2025-11-24,Cooling System,Emergency,P0000,Brake wear,TECH893,Prime Motors,Brake Pads,2790,15419,18209,6.7,2026-05-23,Yes,Pending
S03287,V0195,ESN260801,2025-07-20,Brake Service,Emergency,P0012,Low oil pressure,TECH676,Kerala Truck Service,Brake Pads,4909,19741,24650,9.6,2026-01-16,No,Pending
S03288,V0406,ESN397732,2025-06-25,Battery Replacement,Emergency,P0000,Engine overheating,TECH229,FleetCare Kochi,Air Filter,3487,3541,7028,3.7,2025-12-22,Yes,Pending
S03289,V0228,ESN743037,2025-10-26,Oil Change,Preventive,P0000,Brake wear,TECH751,Kerala Truck Service,Oil Filter,1020,16407,17427,9.9,2026-04-24,No,Completed
S03290,V0343,ESN788362,2025-03-07,Brake Service,Corrective,P0000,Brake wear,TECH157,Kerala Truck Service,Brake Pads,2588,6513,9101,6.3,2025-09-03,No,Completed
S03291,V0376,ESN521208,2025-11-17,Engine Diagnostics,Preventive,P0420,Low oil pressure,TECH397,AutoMind Central,Coolant Hose,4516,17286,21802,3.3,2026-05-16,No,Pending
S03292,V0213,ESN756531,2025-07-26,Cooling System,Corrective,P0171,Routine inspection,TECH552,Kerala Truck Service,Battery,4318,19060,23378,3.9,2026-01-22,No,Pending
S03293,V0009,ESN588858,2025-11-23,Brake Service,Preventive,P0420,Routine inspection,TECH120,Prime Motors,Brake Pads,2874,10102,12976,1.8,2026-05-22,No,Pending
S03294,V0088,ESN472957,2025-01-22,Battery Replacement,Emergency,P0420,Engine overheating,TECH888,FleetCare Kochi,Battery,5441,15531,20972,5.6,2025-07-21,Yes,Completed
S03295,V0404,ESN713849,2025-07-28,Engine Diagnostics,Preventive,P0012,Engine overheating,TECH655,Kerala Truck Service,Coolant Hose,5800,10681,16481,10.4,2026-01-24,No,Pending
S03296,V0077,ESN616802,2025-06-19,Engine Diagnostics,Corrective,P0012,Engine overheating,TECH246,Prime Motors,Air Filter,1819,8485,10304,8.9,2025-12-16,Yes,Completed
S03297,V0076,ESN404292,2025-12-16,Battery Replacement,Corrective,P0300,Routine inspection,TECH640,FleetCare Kochi,Oil Filter,1559,15093,16652,8.6,2026-06-14,Yes,Pending
S03298,V0283,ESN808393,2025-08-05,Battery Replacement,Emergency,P0171,Routine inspection,TECH263,Prime Motors,Coolant Hose,5316,9068,14384,10.6,2026-02-01,Yes,Completed
S03299,V0290,ESN219293,2025-03-06,Routine Service,Emergency,P0171,Battery degradation,TECH255,Kerala Truck Service,Oil Filter,4495,11459,15954,2.3,2025-09-02,No,Pending
S03300,V0322,ESN755741,2025-10-05,Brake Service,Corrective,P0171,Brake wear,TECH534,Kerala Truck Service,Battery,5786,10107,15893,3.4,2026-04-03,No,Completed
S03301,V0065,ESN688620,2025-08-25,Engine Diagnostics,Corrective,P0171,Battery degradation,TECH164,FleetCare Kochi,Battery,5336,19781,25117,6.4,2026-02-21,Yes,Pending
S03302,V0088,ESN262323,2025-09-09,Routine Service,Emergency,P0300,Low oil pressure,TECH100,AutoMind Central,Coolant Hose,3853,2410,6263,5.4,2026-03-08,No,Pending
S03303,V0487,ESN949526,2025-07-07,Routine Service,Corrective,P0420,Battery degradation,TECH518,AutoMind Central,Battery,4838,18756,23594,6.0,2026-01-03,Yes,Completed
S03304,V0120,ESN721707,2025-02-16,Battery Replacement,Corrective,P0171,Brake wear,TECH582,AutoMind Central,Air Filter,2576,2990,5566,1.5,2025-08-15,Yes,Completed
S03305,V0369,ESN432271,2025-10-27,Brake Service,Preventive,P0012,Engine overheating,TECH775,AutoMind Central,Brake Pads,5530,13918,19448,11.1,2026-04-25,No,Pending
S03306,V0287,ESN533346,2025-08-23,Routine Service,Corrective,P0012,Low oil pressure,TECH201,AutoMind Central,Oil Filter,3353,16359,19712,10.7,2026-02-19,Yes,Completed
S03307,V0484,ESN918277,2025-10-10,Engine Diagnostics,Preventive,P0420,Engine overheating,TECH426,Kerala Truck Service,Air Filter,3604,6280,9884,6.1,2026-04-08,Yes,Pending
S03308,V0264,ESN546365,2025-05-27,Brake Service,Preventive,P0171,Brake wear,TECH411,AutoMind Central,Brake Pads,1760,7064,8824,6.6,2025-11-23,No,Pending
S03309,V0106,ESN223501,2025-02-17,Engine Diagnostics,Corrective,P0420,Engine overheating,TECH853,AutoMind Central,Coolant Hose,859,12915,13774,3.7,2025-08-16,No,Completed
S03310,V0395,ESN559873,2025-09-14,Oil Change,Emergency,P0012,Battery degradation,TECH995,AutoMind Central,Coolant Hose,1640,599,2239,3.4,2026-03-13,No,Pending
S03311,V0189,ESN188462,2025-06-28,Engine Diagnostics,Preventive,P0300,Engine overheating,TECH690,FleetCare Kochi,Oil Filter,2612,2394,5006,8.9,2025-12-25,Yes,Pending
S03312,V0396,ESN668571,2025-05-01,Oil Change,Preventive,P0000,Engine overheating,TECH462,AutoMind Central,Spark Plug,5151,18119,23270,4.8,2025-10-28,No,Pending
S03313,V0019,ESN597547,2025-08-05,Cooling System,Emergency,P0420,Battery degradation,TECH759,Prime Motors,Oil Filter,4845,19361,24206,5.0,2026-02-01,No,Completed
S03314,V0062,ESN137122,2025-12-05,Cooling System,Emergency,P0420,Engine overheating,TECH879,FleetCare Kochi,Spark Plug,2904,8090,10994,5.4,2026-06-03,Yes,Completed
S03315,V0462,ESN350652,2025-06-29,Cooling System,Emergency,P0300,Routine inspection,TECH513,Prime Motors,Coolant Hose,2636,19606,22242,1.4,2025-12-26,No,Pending
S03316,V0394,ESN613171,2025-05-08,Battery Replacement,Emergency,P0300,Brake wear,TECH668,FleetCare Kochi,Oil Filter,5636,15209,20845,2.1,2025-11-04,No,Completed
S03317,V0382,ESN735228,2025-06-07,Oil Change,Corrective,P0420,Low oil pressure,TECH973,Kerala Truck Service,Oil Filter,1913,5148,7061,6.7,2025-12-04,Yes,Pending
S03318,V0380,ESN608733,2025-12-05,Battery Replacement,Emergency,P0171,Engine overheating,TECH220,Kerala Truck Service,Coolant Hose,5932,6984,12916,2.6,2026-06-03,Yes,Pending
S03319,V0092,ESN867913,2025-05-26,Oil Change,Preventive,P0420,Brake wear,TECH439,FleetCare Kochi,Air Filter,4083,12105,16188,6.1,2025-11-22,Yes,Completed
S03320,V0439,ESN224691,2025-12-22,Brake Service,Corrective,P0012,Battery degradation,TECH592,FleetCare Kochi,Air Filter,5479,18783,24262,8.3,2026-06-20,No,Pending
S03321,V0076,ESN140792,2025-10-04,Engine Diagnostics,Emergency,P0171,Battery degradation,TECH685,AutoMind Central,Coolant Hose,5626,17157,22783,8.7,2026-04-02,No,Pending
S03322,V0088,ESN857548,2025-03-11,Routine Service,Emergency,P0000,Low oil pressure,TECH618,AutoMind Central,Brake Pads,4848,15707,20555,2.8,2025-09-07,Yes,Pending
S03323,V0065,ESN154177,2025-08-26,Routine Service,Corrective,P0300,Routine inspection,TECH264,AutoMind Central,Coolant Hose,1232,2104,3336,7.4,2026-02-22,No,Pending
S03324,V0299,ESN764708,2025-01-14,Battery Replacement,Preventive,P0300,Engine overheating,TECH398,Kerala Truck Service,Spark Plug,2079,7991,10070,11.4,2025-07-13,No,Completed
S03325,V0050,ESN291536,2025-03-09,Battery Replacement,Emergency,P0300,Routine inspection,TECH501,Kerala Truck Service,Air Filter,3736,10339,14075,2.6,2025-09-05,No,Completed
S03326,V0248,ESN219258,2025-10-24,Engine Diagnostics,Corrective,P0300,Battery degradation,TECH239,Prime Motors,Coolant Hose,5898,8245,14143,1.4,2026-04-22,Yes,Completed
S03327,V0223,ESN419831,2025-06-28,Cooling System,Corrective,P0300,Engine overheating,TECH441,Kerala Truck Service,Coolant Hose,1517,6676,8193,4.9,2025-12-25,No,Completed
S03328,V0344,ESN459295,2025-06-15,Brake Service,Corrective,P0300,Brake wear,TECH948,Prime Motors,Coolant Hose,4546,3824,8370,6.1,2025-12-12,Yes,Completed
S03329,V0479,ESN755957,2025-09-24,Routine Service,Corrective,P0012,Routine inspection,TECH365,Kerala Truck Service,Coolant Hose,5563,6936,12499,4.2,2026-03-23,Yes,Completed
S03330,V0119,ESN715700,2025-10-08,Cooling System,Emergency,P0000,Low oil pressure,TECH448,FleetCare Kochi,Brake Pads,4529,2832,7361,9.3,2026-04-06,No,Pending
S03331,V0078,ESN426245,2025-04-04,Oil Change,Corrective,P0000,Battery degradation,TECH297,Prime Motors,Air Filter,5052,19049,24101,11.7,2025-10-01,Yes,Completed
S03332,V0267,ESN632302,2025-12-13,Oil Change,Corrective,P0420,Engine overheating,TECH720,Kerala Truck Service,Spark Plug,1860,7243,9103,2.3,2026-06-11,No,Pending
S03333,V0114,ESN937229,2025-11-27,Brake Service,Preventive,P0420,Engine overheating,TECH126,Prime Motors,Spark Plug,1683,13188,14871,7.0,2026-05-26,Yes,Pending
S03334,V0036,ESN931035,2025-07-21,Cooling System,Emergency,P0420,Routine inspection,TECH152,Kerala Truck Service,Air Filter,2848,7713,10561,11.5,2026-01-17,Yes,Completed
S03335,V0313,ESN669285,2025-04-10,Brake Service,Emergency,P0300,Battery degradation,TECH237,Prime Motors,Air Filter,1101,2617,3718,2.9,2025-10-07,No,Completed
S03336,V0276,ESN630136,2025-01-20,Routine Service,Preventive,P0171,Low oil pressure,TECH464,Kerala Truck Service,Coolant Hose,4184,10493,14677,2.2,2025-07-19,Yes,Pending
S03337,V0109,ESN325169,2025-01-27,Battery Replacement,Preventive,P0171,Low oil pressure,TECH106,FleetCare Kochi,Battery,2512,7212,9724,10.8,2025-07-26,Yes,Pending
S03338,V0336,ESN594905,2025-08-29,Routine Service,Emergency,P0012,Brake wear,TECH649,FleetCare Kochi,Brake Pads,5176,2177,7353,1.0,2026-02-25,Yes,Completed
S03339,V0343,ESN151715,2025-07-23,Cooling System,Emergency,P0300,Battery degradation,TECH702,Kerala Truck Service,Oil Filter,1514,9414,10928,1.7,2026-01-19,No,Pending
S03340,V0359,ESN334104,2025-03-08,Cooling System,Emergency,P0012,Engine overheating,TECH751,Kerala Truck Service,Air Filter,5881,10051,15932,7.8,2025-09-04,Yes,Completed
S03341,V0461,ESN336066,2025-07-14,Routine Service,Emergency,P0000,Routine inspection,TECH368,Prime Motors,Air Filter,4438,13262,17700,7.1,2026-01-10,Yes,Pending
S03342,V0158,ESN823483,2025-07-20,Brake Service,Preventive,P0420,Battery degradation,TECH435,Prime Motors,Spark Plug,5111,855,5966,1.6,2026-01-16,Yes,Completed
S03343,V0240,ESN345524,2025-08-29,Engine Diagnostics,Emergency,P0420,Routine inspection,TECH901,Prime Motors,Coolant Hose,1765,14456,16221,6.1,2026-02-25,No,Pending
S03344,V0351,ESN791498,2025-06-17,Battery Replacement,Emergency,P0300,Low oil pressure,TECH262,Kerala Truck Service,Coolant Hose,3953,16323,20276,1.0,2025-12-14,Yes,Pending
S03345,V0279,ESN261918,2025-07-24,Battery Replacement,Preventive,P0171,Low oil pressure,TECH165,Prime Motors,Battery,3687,9522,13209,6.3,2026-01-20,No,Pending
S03346,V0308,ESN971214,2025-04-03,Routine Service,Corrective,P0420,Battery degradation,TECH448,Kerala Truck Service,Oil Filter,4877,17138,22015,10.0,2025-09-30,Yes,Completed
S03347,V0487,ESN447159,2025-04-22,Brake Service,Corrective,P0300,Battery degradation,TECH106,AutoMind Central,Battery,4006,1830,5836,8.2,2025-10-19,No,Pending
S03348,V0021,ESN714867,2025-09-24,Routine Service,Emergency,P0171,Low oil pressure,TECH288,AutoMind Central,Coolant Hose,2414,13010,15424,5.2,2026-03-23,Yes,Completed
S03349,V0089,ESN323081,2025-05-10,Routine Service,Emergency,P0300,Brake wear,TECH215,Kerala Truck Service,Oil Filter,4028,4577,8605,8.2,2025-11-06,No,Completed
S03350,V0498,ESN360310,2025-01-16,Oil Change,Preventive,P0171,Engine overheating,TECH722,AutoMind Central,Brake Pads,2865,3325,6190,11.6,2025-07-15,Yes,Pending
S03351,V0431,ESN420527,2025-02-01,Engine Diagnostics,Preventive,P0000,Low oil pressure,TECH215,Prime Motors,Battery,5834,18207,24041,11.2,2025-07-31,Yes,Pending
S03352,V0145,ESN257305,2025-09-09,Cooling System,Emergency,P0000,Engine overheating,TECH941,Kerala Truck Service,Air Filter,2345,11463,13808,8.2,2026-03-08,Yes,Pending
S03353,V0410,ESN940982,2025-12-03,Brake Service,Preventive,P0171,Brake wear,TECH147,Prime Motors,Oil Filter,3948,4361,8309,1.7,2026-06-01,No,Completed
S03354,V0333,ESN531174,2025-05-03,Routine Service,Corrective,P0420,Engine overheating,TECH104,FleetCare Kochi,Oil Filter,3035,4978,8013,5.0,2025-10-30,Yes,Completed
S03355,V0170,ESN889904,2025-04-21,Cooling System,Emergency,P0300,Brake wear,TECH861,FleetCare Kochi,Battery,2758,10617,13375,8.6,2025-10-18,No,Pending
S03356,V0388,ESN513177,2025-10-25,Cooling System,Emergency,P0420,Low oil pressure,TECH497,FleetCare Kochi,Air Filter,1361,14363,15724,3.1,2026-04-23,No,Pending
S03357,V0381,ESN988968,2025-11-26,Oil Change,Preventive,P0420,Brake wear,TECH574,FleetCare Kochi,Battery,2110,6484,8594,11.8,2026-05-25,Yes,Completed
S03358,V0450,ESN447442,2025-02-13,Engine Diagnostics,Emergency,P0420,Routine inspection,TECH879,Prime Motors,Coolant Hose,2804,4359,7163,5.4,2025-08-12,No,Pending
S03359,V0390,ESN742037,2025-08-09,Brake Service,Preventive,P0420,Low oil pressure,TECH138,FleetCare Kochi,Brake Pads,5279,4057,9336,2.7,2026-02-05,No,Pending
S03360,V0280,ESN965534,2025-10-15,Cooling System,Corrective,P0000,Low oil pressure,TECH697,Kerala Truck Service,Battery,2300,9304,11604,1.7,2026-04-13,No,Completed
S03361,V0426,ESN995535,2025-01-11,Engine Diagnostics,Emergency,P0171,Engine overheating,TECH983,FleetCare Kochi,Spark Plug,1382,1529,2911,9.5,2025-07-10,No,Pending
S03362,V0409,ESN836818,2025-12-24,Cooling System,Corrective,P0012,Low oil pressure,TECH714,FleetCare Kochi,Oil Filter,4975,9904,14879,2.0,2026-06-22,Yes,Pending
S03363,V0179,ESN887761,2025-11-28,Brake Service,Emergency,P0000,Battery degradation,TECH403,FleetCare Kochi,Coolant Hose,5050,12198,17248,8.6,2026-05-27,Yes,Completed
S03364,V0468,ESN102493,2025-09-24,Battery Replacement,Preventive,P0420,Low oil pressure,TECH586,AutoMind Central,Spark Plug,1740,17207,18947,3.3,2026-03-23,No,Pending
S03365,V0414,ESN925561,2025-01-31,Routine Service,Corrective,P0300,Routine inspection,TECH889,FleetCare Kochi,Air Filter,3519,15791,19310,2.3,2025-07-30,Yes,Completed
S03366,V0166,ESN735377,2025-10-29,Battery Replacement,Corrective,P0300,Brake wear,TECH172,AutoMind Central,Battery,4668,2157,6825,8.4,2026-04-27,Yes,Completed
S03367,V0267,ESN755150,2025-09-11,Battery Replacement,Corrective,P0000,Brake wear,TECH967,Kerala Truck Service,Air Filter,4800,18663,23463,10.4,2026-03-10,Yes,Pending
S03368,V0241,ESN399397,2025-01-05,Oil Change,Corrective,P0300,Low oil pressure,TECH456,Prime Motors,Battery,3389,3190,6579,8.2,2025-07-04,No,Pending
S03369,V0038,ESN598488,2025-07-12,Brake Service,Emergency,P0171,Engine overheating,TECH226,Kerala Truck Service,Air Filter,4192,12784,16976,7.0,2026-01-08,No,Completed
S03370,V0250,ESN384086,2025-11-06,Cooling System,Corrective,P0000,Routine inspection,TECH170,Prime Motors,Spark Plug,3198,671,3869,11.6,2026-05-05,Yes,Completed
S03371,V0408,ESN346059,2025-12-20,Routine Service,Emergency,P0171,Engine overheating,TECH342,AutoMind Central,Brake Pads,1985,16254,18239,2.0,2026-06-18,No,Completed
S03372,V0163,ESN591364,2025-06-06,Oil Change,Corrective,P0300,Routine inspection,TECH342,Kerala Truck Service,Brake Pads,5365,11850,17215,10.0,2025-12-03,No,Completed
S03373,V0159,ESN509842,2025-10-18,Engine Diagnostics,Corrective,P0300,Engine overheating,TECH859,AutoMind Central,Brake Pads,3415,19317,22732,8.5,2026-04-16,Yes,Completed
S03374,V0226,ESN955566,2025-08-10,Engine Diagnostics,Corrective,P0012,Battery degradation,TECH123,AutoMind Central,Oil Filter,2097,12344,14441,9.0,2026-02-06,No,Pending
S03375,V0182,ESN540583,2025-05-13,Battery Replacement,Emergency,P0012,Engine overheating,TECH317,AutoMind Central,Battery,4217,15147,19364,7.0,2025-11-09,Yes,Completed
S03376,V0121,ESN381352,2025-06-01,Oil Change,Corrective,P0171,Routine inspection,TECH475,Kerala Truck Service,Battery,4190,11548,15738,6.4,2025-11-28,Yes,Completed
S03377,V0319,ESN799514,2025-02-06,Brake Service,Corrective,P0300,Low oil pressure,TECH177,Prime Motors,Oil Filter,5014,4418,9432,2.3,2025-08-05,No,Pending
S03378,V0407,ESN413949,2025-04-29,Engine Diagnostics,Emergency,P0300,Routine inspection,TECH780,Prime Motors,Air Filter,4654,2970,7624,10.0,2025-10-26,Yes,Completed
S03379,V0321,ESN427812,2025-10-26,Battery Replacement,Preventive,P0000,Battery degradation,TECH711,Prime Motors,Spark Plug,5595,19265,24860,9.9,2026-04-24,Yes,Completed
S03380,V0026,ESN848158,2025-06-12,Oil Change,Preventive,P0420,Routine inspection,TECH165,Prime Motors,Brake Pads,5343,1724,7067,3.2,2025-12-09,Yes,Pending
S03381,V0315,ESN152318,2025-10-05,Routine Service,Emergency,P0012,Routine inspection,TECH550,Kerala Truck Service,Air Filter,2941,6434,9375,9.4,2026-04-03,Yes,Completed
S03382,V0281,ESN752453,2025-09-11,Engine Diagnostics,Preventive,P0012,Routine inspection,TECH417,FleetCare Kochi,Air Filter,4452,18596,23048,2.0,2026-03-10,Yes,Completed
S03383,V0360,ESN541026,2025-06-09,Engine Diagnostics,Preventive,P0000,Engine overheating,TECH436,AutoMind Central,Air Filter,2863,2091,4954,1.9,2025-12-06,Yes,Completed
S03384,V0409,ESN988040,2025-03-05,Oil Change,Emergency,P0012,Low oil pressure,TECH355,Prime Motors,Battery,4750,16694,21444,2.8,2025-09-01,Yes,Completed
S03385,V0216,ESN544176,2025-12-24,Battery Replacement,Preventive,P0012,Engine overheating,TECH212,AutoMind Central,Oil Filter,2610,15075,17685,3.2,2026-06-22,Yes,Completed
S03386,V0379,ESN772719,2025-02-06,Engine Diagnostics,Corrective,P0300,Low oil pressure,TECH973,FleetCare Kochi,Air Filter,1521,19984,21505,2.0,2025-08-05,No,Completed
S03387,V0431,ESN564935,2025-06-22,Routine Service,Corrective,P0000,Battery degradation,TECH452,Kerala Truck Service,Brake Pads,3748,4143,7891,10.3,2025-12-19,No,Pending
S03388,V0021,ESN986180,2025-01-03,Brake Service,Corrective,P0012,Brake wear,TECH627,AutoMind Central,Brake Pads,2283,1244,3527,1.4,2025-07-02,Yes,Completed
S03389,V0318,ESN856706,2025-03-22,Routine Service,Emergency,P0300,Low oil pressure,TECH570,Kerala Truck Service,Coolant Hose,5618,15591,21209,3.8,2025-09-18,Yes,Completed
S03390,V0384,ESN267007,2025-06-23,Oil Change,Preventive,P0000,Low oil pressure,TECH347,Prime Motors,Brake Pads,2809,6870,9679,5.2,2025-12-20,Yes,Pending
S03391,V0165,ESN531919,2025-10-08,Routine Service,Emergency,P0171,Routine inspection,TECH578,FleetCare Kochi,Spark Plug,5803,19282,25085,10.6,2026-04-06,Yes,Pending
S03392,V0497,ESN360023,2025-06-13,Battery Replacement,Emergency,P0000,Low oil pressure,TECH152,Kerala Truck Service,Spark Plug,3402,18877,22279,6.7,2025-12-10,No,Pending
S03393,V0094,ESN131310,2025-11-18,Engine Diagnostics,Emergency,P0171,Brake wear,TECH137,FleetCare Kochi,Spark Plug,1082,7553,8635,9.5,2026-05-17,No,Pending
S03394,V0176,ESN690371,2025-05-09,Cooling System,Emergency,P0420,Engine overheating,TECH582,AutoMind Central,Oil Filter,3296,6628,9924,4.9,2025-11-05,Yes,Pending
S03395,V0190,ESN627908,2025-02-01,Oil Change,Corrective,P0012,Battery degradation,TECH724,Kerala Truck Service,Brake Pads,1365,19403,20768,11.0,2025-07-31,No,Pending
S03396,V0316,ESN641150,2025-03-01,Engine Diagnostics,Preventive,P0000,Battery degradation,TECH187,Kerala Truck Service,Coolant Hose,1545,4637,6182,1.5,2025-08-28,No,Pending
S03397,V0219,ESN818623,2025-01-14,Engine Diagnostics,Corrective,P0012,Low oil pressure,TECH861,FleetCare Kochi,Brake Pads,3005,7288,10293,10.3,2025-07-13,No,Pending
S03398,V0172,ESN984121,2025-12-01,Oil Change,Corrective,P0300,Battery degradation,TECH514,Prime Motors,Air Filter,5094,19339,24433,11.0,2026-05-30,No,Completed
S03399,V0097,ESN347413,2025-12-16,Oil Change,Corrective,P0300,Routine inspection,TECH514,AutoMind Central,Coolant Hose,4853,5200,10053,5.5,2026-06-14,No,Completed
S03400,V0255,ESN228390,2025-12-28,Engine Diagnostics,Preventive,P0300,Battery degradation,TECH866,Kerala Truck Service,Coolant Hose,3176,16261,19437,9.8,2026-06-26,Yes,Pending
S03401,V0167,ESN685149,2025-03-31,Routine Service,Preventive,P0420,Low oil pressure,TECH321,Kerala Truck Service,Air Filter,3992,15738,19730,4.7,2025-09-27,No,Pending
S03402,V0192,ESN981513,2025-07-23,Brake Service,Corrective,P0420,Engine overheating,TECH778,AutoMind Central,Brake Pads,5978,12124,18102,3.3,2026-01-19,No,Completed
S03403,V0275,ESN893962,2025-05-06,Routine Service,Corrective,P0171,Routine inspection,TECH297,FleetCare Kochi,Air Filter,5085,11032,16117,10.6,2025-11-02,No,Pending
S03404,V0028,ESN844743,2025-09-08,Cooling System,Corrective,P0012,Brake wear,TECH718,Prime Motors,Brake Pads,1492,987,2479,10.7,2026-03-07,No,Completed
S03405,V0495,ESN815919,2025-11-21,Brake Service,Emergency,P0420,Routine inspection,TECH371,Prime Motors,Battery,4882,7670,12552,6.6,2026-05-20,No,Completed
S03406,V0196,ESN723267,2025-05-13,Brake Service,Preventive,P0012,Battery degradation,TECH337,FleetCare Kochi,Oil Filter,4678,15439,20117,5.3,2025-11-09,No,Completed
S03407,V0319,ESN499077,2025-01-04,Oil Change,Preventive,P0300,Routine inspection,TECH133,AutoMind Central,Oil Filter,4470,17822,22292,3.3,2025-07-03,No,Completed
S03408,V0500,ESN781477,2025-03-30,Engine Diagnostics,Preventive,P0300,Engine overheating,TECH783,Kerala Truck Service,Brake Pads,5421,4482,9903,9.1,2025-09-26,Yes,Pending
S03409,V0033,ESN651770,2025-10-16,Engine Diagnostics,Preventive,P0012,Engine overheating,TECH864,Kerala Truck Service,Battery,4875,15636,20511,8.0,2026-04-14,No,Completed
S03410,V0040,ESN528751,2025-01-20,Routine Service,Emergency,P0012,Low oil pressure,TECH164,FleetCare Kochi,Air Filter,5081,6517,11598,7.2,2025-07-19,Yes,Completed
S03411,V0073,ESN704191,2025-08-09,Brake Service,Emergency,P0171,Low oil pressure,TECH897,Prime Motors,Brake Pads,1529,8110,9639,5.2,2026-02-05,No,Completed
S03412,V0355,ESN299127,2025-01-31,Cooling System,Preventive,P0012,Engine overheating,TECH660,AutoMind Central,Air Filter,5928,13279,19207,3.2,2025-07-30,No,Pending
S03413,V0428,ESN507991,2025-09-09,Cooling System,Preventive,P0000,Routine inspection,TECH908,Kerala Truck Service,Oil Filter,1904,8707,10611,1.4,2026-03-08,No,Completed
S03414,V0113,ESN678614,2025-03-06,Routine Service,Emergency,P0420,Brake wear,TECH247,FleetCare Kochi,Air Filter,2285,6260,8545,7.3,2025-09-02,No,Completed
S03415,V0216,ESN640697,2025-11-23,Oil Change,Emergency,P0012,Brake wear,TECH612,AutoMind Central,Oil Filter,3068,19652,22720,7.6,2026-05-22,No,Completed
S03416,V0421,ESN335930,2025-11-18,Engine Diagnostics,Corrective,P0000,Low oil pressure,TECH756,FleetCare Kochi,Air Filter,1833,15296,17129,11.5,2026-05-17,No,Pending
S03417,V0433,ESN283022,2025-09-26,Engine Diagnostics,Corrective,P0012,Brake wear,TECH237,FleetCare Kochi,Battery,5097,19006,24103,9.9,2026-03-25,Yes,Pending
S03418,V0354,ESN924836,2025-07-30,Engine Diagnostics,Preventive,P0000,Low oil pressure,TECH504,FleetCare Kochi,Coolant Hose,5271,5602,10873,9.1,2026-01-26,No,Completed
S03419,V0384,ESN148612,2025-12-08,Oil Change,Emergency,P0171,Brake wear,TECH723,Prime Motors,Battery,1719,928,2647,3.2,2026-06-06,Yes,Pending
S03420,V0387,ESN667083,2025-11-08,Oil Change,Corrective,P0012,Brake wear,TECH948,FleetCare Kochi,Air Filter,5775,13787,19562,6.7,2026-05-07,No,Completed
S03421,V0442,ESN116116,2025-07-30,Oil Change,Corrective,P0300,Brake wear,TECH647,AutoMind Central,Oil Filter,3949,7897,11846,5.5,2026-01-26,No,Completed
S03422,V0216,ESN154078,2025-10-28,Cooling System,Preventive,P0171,Battery degradation,TECH644,Kerala Truck Service,Brake Pads,3115,4490,7605,11.4,2026-04-26,No,Completed
S03423,V0033,ESN227481,2025-08-08,Brake Service,Preventive,P0300,Routine inspection,TECH828,Prime Motors,Oil Filter,1758,5779,7537,4.3,2026-02-04,No,Pending
S03424,V0193,ESN776090,2025-05-27,Brake Service,Corrective,P0000,Brake wear,TECH678,Prime Motors,Battery,1319,17192,18511,11.9,2025-11-23,Yes,Completed
S03425,V0024,ESN185073,2025-11-15,Oil Change,Emergency,P0420,Engine overheating,TECH939,Kerala Truck Service,Oil Filter,4555,15005,19560,6.6,2026-05-14,No,Completed
S03426,V0231,ESN916804,2025-03-28,Brake Service,Corrective,P0000,Brake wear,TECH460,FleetCare Kochi,Coolant Hose,4478,19834,24312,8.4,2025-09-24,Yes,Pending
S03427,V0312,ESN164435,2025-04-24,Routine Service,Emergency,P0300,Routine inspection,TECH400,FleetCare Kochi,Brake Pads,1772,12707,14479,11.8,2025-10-21,Yes,Completed
S03428,V0051,ESN595407,2025-01-02,Brake Service,Preventive,P0420,Brake wear,TECH301,FleetCare Kochi,Brake Pads,2588,6577,9165,3.2,2025-07-01,Yes,Completed
S03429,V0193,ESN640174,2025-04-18,Oil Change,Preventive,P0300,Engine overheating,TECH783,FleetCare Kochi,Battery,1600,12695,14295,6.0,2025-10-15,No,Completed
S03430,V0169,ESN554474,2025-08-13,Engine Diagnostics,Preventive,P0300,Brake wear,TECH751,AutoMind Central,Spark Plug,2377,4158,6535,11.4,2026-02-09,No,Pending
S03431,V0052,ESN843258,2025-10-29,Oil Change,Preventive,P0171,Engine overheating,TECH217,FleetCare Kochi,Coolant Hose,5554,8111,13665,3.2,2026-04-27,Yes,Completed
S03432,V0004,ESN646156,2025-08-07,Cooling System,Emergency,P0012,Battery degradation,TECH410,AutoMind Central,Coolant Hose,5538,4207,9745,10.3,2026-02-03,No,Completed
S03433,V0001,ESN782128,2025-01-24,Engine Diagnostics,Emergency,P0300,Routine inspection,TECH925,Kerala Truck Service,Oil Filter,2481,14466,16947,6.4,2025-07-23,No,Completed
S03434,V0110,ESN637534,2025-04-14,Cooling System,Emergency,P0420,Engine overheating,TECH770,Kerala Truck Service,Spark Plug,1194,10829,12023,5.5,2025-10-11,No,Completed
S03435,V0431,ESN363129,2025-06-15,Battery Replacement,Preventive,P0171,Routine inspection,TECH648,Prime Motors,Air Filter,3116,13459,16575,11.6,2025-12-12,Yes,Pending
S03436,V0354,ESN501084,2025-03-22,Engine Diagnostics,Emergency,P0000,Battery degradation,TECH102,Prime Motors,Oil Filter,862,16755,17617,2.2,2025-09-18,No,Pending
S03437,V0025,ESN631619,2025-04-04,Cooling System,Preventive,P0171,Brake wear,TECH390,Prime Motors,Battery,1885,11718,13603,6.2,2025-10-01,Yes,Pending
S03438,V0154,ESN715802,2025-02-06,Oil Change,Emergency,P0171,Low oil pressure,TECH235,Kerala Truck Service,Spark Plug,2875,14214,17089,2.2,2025-08-05,No,Pending
S03439,V0085,ESN643322,2025-10-09,Routine Service,Preventive,P0012,Brake wear,TECH366,FleetCare Kochi,Oil Filter,996,5266,6262,2.1,2026-04-07,No,Pending
S03440,V0122,ESN437788,2025-02-05,Battery Replacement,Preventive,P0171,Engine overheating,TECH125,FleetCare Kochi,Air Filter,4808,15129,19937,9.1,2025-08-04,Yes,Pending
S03441,V0308,ESN485037,2025-11-02,Oil Change,Emergency,P0171,Routine inspection,TECH390,Prime Motors,Brake Pads,5752,14507,20259,1.6,2026-05-01,No,Completed
S03442,V0479,ESN167995,2025-07-13,Routine Service,Preventive,P0300,Engine overheating,TECH870,FleetCare Kochi,Spark Plug,4319,2776,7095,1.5,2026-01-09,No,Pending
S03443,V0337,ESN901367,2025-07-16,Battery Replacement,Corrective,P0171,Brake wear,TECH299,FleetCare Kochi,Coolant Hose,2663,6297,8960,9.1,2026-01-12,No,Completed
S03444,V0418,ESN511671,2025-10-22,Battery Replacement,Corrective,P0300,Brake wear,TECH407,FleetCare Kochi,Air Filter,1878,3453,5331,11.3,2026-04-20,No,Completed
S03445,V0051,ESN928669,2025-07-28,Oil Change,Corrective,P0012,Engine overheating,TECH490,Prime Motors,Coolant Hose,2060,5613,7673,2.5,2026-01-24,Yes,Pending
S03446,V0044,ESN201260,2025-02-17,Cooling System,Corrective,P0171,Brake wear,TECH864,Kerala Truck Service,Battery,2507,14396,16903,3.0,2025-08-16,No,Completed
S03447,V0097,ESN982465,2025-08-23,Engine Diagnostics,Preventive,P0171,Engine overheating,TECH125,Prime Motors,Air Filter,4594,15042,19636,5.5,2026-02-19,Yes,Completed
S03448,V0311,ESN588760,2025-04-12,Brake Service,Corrective,P0171,Low oil pressure,TECH269,Prime Motors,Battery,1849,9641,11490,8.4,2025-10-09,Yes,Pending
S03449,V0086,ESN685933,2025-05-02,Oil Change,Preventive,P0000,Battery degradation,TECH274,AutoMind Central,Brake Pads,3029,19571,22600,11.7,2025-10-29,Yes,Pending
S03450,V0140,ESN415196,2025-05-05,Battery Replacement,Corrective,P0171,Low oil pressure,TECH605,AutoMind Central,Oil Filter,2765,3864,6629,2.1,2025-11-01,Yes,Completed
S03451,V0425,ESN600877,2025-04-02,Battery Replacement,Emergency,P0000,Low oil pressure,TECH998,Kerala Truck Service,Battery,4160,7946,12106,11.2,2025-09-29,No,Pending
S03452,V0104,ESN576931,2025-03-09,Routine Service,Corrective,P0300,Brake wear,TECH478,FleetCare Kochi,Coolant Hose,1096,12745,13841,5.7,2025-09-05,No,Completed
S03453,V0279,ESN982220,2025-08-15,Routine Service,Preventive,P0420,Low oil pressure,TECH631,AutoMind Central,Coolant Hose,3167,16816,19983,9.2,2026-02-11,Yes,Pending
S03454,V0001,ESN517312,2025-08-03,Battery Replacement,Preventive,P0300,Brake wear,TECH367,FleetCare Kochi,Spark Plug,5473,6754,12227,8.2,2026-01-30,Yes,Completed
S03455,V0407,ESN954774,2025-08-13,Engine Diagnostics,Corrective,P0171,Brake wear,TECH742,AutoMind Central,Oil Filter,4704,2946,7650,4.5,2026-02-09,No,Pending
S03456,V0133,ESN218662,2025-04-19,Oil Change,Emergency,P0171,Engine overheating,TECH102,FleetCare Kochi,Battery,2996,5990,8986,2.7,2025-10-16,No,Pending
S03457,V0330,ESN554096,2025-10-30,Oil Change,Emergency,P0171,Low oil pressure,TECH210,Prime Motors,Brake Pads,3949,607,4556,3.6,2026-04-28,Yes,Pending
S03458,V0125,ESN142445,2025-08-26,Engine Diagnostics,Corrective,P0000,Battery degradation,TECH495,FleetCare Kochi,Coolant Hose,3590,15713,19303,4.3,2026-02-22,Yes,Pending
S03459,V0041,ESN590724,2025-08-16,Brake Service,Emergency,P0000,Routine inspection,TECH781,FleetCare Kochi,Air Filter,3698,10100,13798,11.8,2026-02-12,Yes,Completed
S03460,V0477,ESN626658,2025-02-18,Brake Service,Preventive,P0171,Engine overheating,TECH593,AutoMind Central,Air Filter,5142,6011,11153,11.5,2025-08-17,Yes,Pending
S03461,V0336,ESN289706,2025-01-21,Oil Change,Emergency,P0171,Low oil pressure,TECH935,FleetCare Kochi,Coolant Hose,2362,12927,15289,7.6,2025-07-20,No,Pending
S03462,V0224,ESN260525,2025-03-21,Engine Diagnostics,Corrective,P0171,Brake wear,TECH962,FleetCare Kochi,Spark Plug,1124,6352,7476,6.9,2025-09-17,No,Completed
S03463,V0020,ESN806948,2025-02-20,Battery Replacement,Preventive,P0300,Low oil pressure,TECH494,Prime Motors,Oil Filter,1567,9271,10838,10.6,2025-08-19,No,Pending
S03464,V0015,ESN506684,2025-07-28,Oil Change,Emergency,P0012,Brake wear,TECH539,AutoMind Central,Air Filter,1177,1906,3083,10.9,2026-01-24,Yes,Pending
S03465,V0022,ESN426141,2025-01-10,Oil Change,Corrective,P0012,Battery degradation,TECH279,Prime Motors,Spark Plug,2001,3210,5211,6.5,2025-07-09,No,Completed
S03466,V0300,ESN133203,2025-09-07,Engine Diagnostics,Preventive,P0000,Low oil pressure,TECH189,Kerala Truck Service,Spark Plug,5293,11212,16505,5.3,2026-03-06,No,Pending
S03467,V0310,ESN955948,2025-05-26,Brake Service,Emergency,P0300,Battery degradation,TECH225,Prime Motors,Coolant Hose,3257,5950,9207,2.7,2025-11-22,Yes,Completed
S03468,V0403,ESN651563,2025-07-30,Engine Diagnostics,Preventive,P0300,Low oil pressure,TECH124,Kerala Truck Service,Oil Filter,5178,7096,12274,1.2,2026-01-26,No,Completed
S03469,V0397,ESN303544,2025-09-26,Brake Service,Emergency,P0171,Engine overheating,TECH903,Prime Motors,Battery,3960,2389,6349,10.9,2026-03-25,Yes,Pending
S03470,V0488,ESN713626,2025-03-03,Brake Service,Preventive,P0012,Low oil pressure,TECH195,FleetCare Kochi,Air Filter,5324,11405,16729,3.9,2025-08-30,No,Pending
S03471,V0190,ESN452834,2025-04-20,Oil Change,Preventive,P0171,Routine inspection,TECH789,FleetCare Kochi,Battery,1729,14773,16502,8.4,2025-10-17,Yes,Pending
S03472,V0035,ESN507990,2025-05-04,Battery Replacement,Corrective,P0012,Battery degradation,TECH887,Kerala Truck Service,Battery,2076,18942,21018,4.0,2025-10-31,Yes,Pending
S03473,V0313,ESN472432,2025-11-17,Oil Change,Preventive,P0012,Low oil pressure,TECH206,AutoMind Central,Air Filter,3543,5147,8690,3.2,2026-05-16,No,Completed
S03474,V0195,ESN241870,2025-05-21,Routine Service,Emergency,P0420,Brake wear,TECH509,Prime Motors,Oil Filter,1073,8255,9328,11.4,2025-11-17,No,Pending
S03475,V0097,ESN899962,2025-11-15,Oil Change,Preventive,P0012,Engine overheating,TECH681,Kerala Truck Service,Oil Filter,4006,9607,13613,8.9,2026-05-14,No,Completed
S03476,V0178,ESN451780,2025-05-17,Cooling System,Preventive,P0012,Engine overheating,TECH639,FleetCare Kochi,Brake Pads,1003,12330,13333,3.5,2025-11-13,Yes,Pending
S03477,V0134,ESN677689,2025-03-06,Oil Change,Emergency,P0300,Low oil pressure,TECH481,Kerala Truck Service,Oil Filter,1309,8711,10020,7.9,2025-09-02,No,Pending
S03478,V0360,ESN304952,2025-11-07,Cooling System,Emergency,P0300,Low oil pressure,TECH144,AutoMind Central,Air Filter,5974,8486,14460,7.1,2026-05-06,Yes,Completed
S03479,V0162,ESN145488,2025-09-03,Battery Replacement,Preventive,P0420,Low oil pressure,TECH124,Prime Motors,Battery,4881,2652,7533,1.1,2026-03-02,No,Pending
S03480,V0362,ESN414303,2025-06-18,Cooling System,Preventive,P0171,Battery degradation,TECH119,FleetCare Kochi,Battery,5236,15161,20397,6.4,2025-12-15,No,Pending
S03481,V0199,ESN525067,2025-01-11,Battery Replacement,Preventive,P0000,Battery degradation,TECH473,FleetCare Kochi,Battery,2306,11499,13805,2.9,2025-07-10,Yes,Completed
S03482,V0291,ESN851868,2025-05-19,Oil Change,Preventive,P0012,Engine overheating,TECH708,FleetCare Kochi,Battery,3095,1988,5083,6.8,2025-11-15,Yes,Completed
S03483,V0109,ESN547072,2025-10-22,Routine Service,Emergency,P0171,Brake wear,TECH392,FleetCare Kochi,Brake Pads,3971,6648,10619,3.5,2026-04-20,No,Completed
S03484,V0459,ESN920907,2025-05-25,Brake Service,Emergency,P0420,Low oil pressure,TECH549,Kerala Truck Service,Coolant Hose,1167,19895,21062,6.7,2025-11-21,Yes,Completed
S03485,V0438,ESN764008,2025-11-16,Oil Change,Corrective,P0171,Engine overheating,TECH839,Kerala Truck Service,Air Filter,4150,11582,15732,4.5,2026-05-15,No,Pending
S03486,V0408,ESN550071,2025-11-30,Cooling System,Preventive,P0012,Routine inspection,TECH563,Kerala Truck Service,Spark Plug,2329,14019,16348,5.8,2026-05-29,Yes,Completed
S03487,V0493,ESN297165,2025-07-25,Engine Diagnostics,Corrective,P0300,Brake wear,TECH192,Kerala Truck Service,Oil Filter,5254,13228,18482,8.6,2026-01-21,Yes,Completed
S03488,V0031,ESN101499,2025-01-29,Battery Replacement,Corrective,P0300,Low oil pressure,TECH995,Prime Motors,Oil Filter,3475,10192,13667,7.9,2025-07-28,Yes,Pending
S03489,V0306,ESN612891,2025-07-29,Routine Service,Preventive,P0300,Engine overheating,TECH195,FleetCare Kochi,Spark Plug,5533,16689,22222,11.3,2026-01-25,Yes,Completed
S03490,V0119,ESN712857,2025-10-27,Routine Service,Preventive,P0420,Battery degradation,TECH400,FleetCare Kochi,Air Filter,2080,743,2823,11.1,2026-04-25,Yes,Completed
S03491,V0496,ESN620743,2025-10-14,Brake Service,Preventive,P0012,Engine overheating,TECH382,Prime Motors,Coolant Hose,1157,4121,5278,8.6,2026-04-12,No,Completed
S03492,V0253,ESN299330,2025-09-04,Battery Replacement,Emergency,P0300,Battery degradation,TECH607,Kerala Truck Service,Oil Filter,4315,14062,18377,1.0,2026-03-03,No,Pending
S03493,V0050,ESN459141,2025-01-31,Engine Diagnostics,Emergency,P0012,Battery degradation,TECH237,Prime Motors,Oil Filter,1048,5377,6425,9.5,2025-07-30,Yes,Pending
S03494,V0250,ESN679499,2025-12-04,Battery Replacement,Emergency,P0171,Routine inspection,TECH891,Kerala Truck Service,Oil Filter,5093,15984,21077,11.9,2026-06-02,No,Completed
S03495,V0025,ESN944615,2025-07-20,Engine Diagnostics,Corrective,P0300,Routine inspection,TECH180,Prime Motors,Air Filter,5706,7716,13422,9.9,2026-01-16,No,Pending
S03496,V0355,ESN487016,2025-05-18,Engine Diagnostics,Corrective,P0012,Routine inspection,TECH606,Prime Motors,Oil Filter,2587,14348,16935,3.2,2025-11-14,No,Completed
S03497,V0260,ESN367811,2025-08-14,Battery Replacement,Emergency,P0300,Engine overheating,TECH924,Kerala Truck Service,Air Filter,5726,15267,20993,11.3,2026-02-10,No,Completed
S03498,V0354,ESN885128,2025-10-07,Brake Service,Corrective,P0420,Engine overheating,TECH948,Prime Motors,Battery,2080,5983,8063,7.5,2026-04-05,No,Pending
S03499,V0328,ESN342161,2025-09-07,Routine Service,Preventive,P0420,Routine inspection,TECH266,FleetCare Kochi,Brake Pads,3928,17570,21498,5.3,2026-03-06,Yes,Pending
S03500,V0078,ESN310686,2025-10-25,Oil Change,Emergency,P0300,Engine overheating,TECH750,AutoMind Central,Coolant Hose,2007,17073,19080,7.6,2026-04-23,No,Pending
S03501,V0259,ESN395676,2025-11-09,Battery Replacement,Preventive,P0420,Routine inspection,TECH233,FleetCare Kochi,Spark Plug,3631,1482,5113,5.8,2026-05-08,No,Completed
S03502,V0138,ESN989965,2025-02-27,Routine Service,Corrective,P0171,Low oil pressure,TECH738,AutoMind Central,Coolant Hose,2050,1148,3198,8.6,2025-08-26,Yes,Completed
S03503,V0098,ESN314362,2025-08-11,Brake Service,Preventive,P0171,Engine overheating,TECH184,FleetCare Kochi,Air Filter,2613,6134,8747,11.7,2026-02-07,No,Pending
S03504,V0054,ESN409535,2025-06-25,Routine Service,Emergency,P0171,Routine inspection,TECH370,FleetCare Kochi,Air Filter,2580,15304,17884,5.6,2025-12-22,Yes,Pending
S03505,V0188,ESN918014,2025-09-24,Cooling System,Emergency,P0171,Brake wear,TECH624,AutoMind Central,Coolant Hose,5328,19281,24609,4.8,2026-03-23,Yes,Completed
S03506,V0122,ESN884620,2025-03-22,Battery Replacement,Preventive,P0420,Engine overheating,TECH370,Kerala Truck Service,Air Filter,1153,10429,11582,11.9,2025-09-18,No,Pending
S03507,V0209,ESN417835,2025-11-28,Battery Replacement,Corrective,P0012,Routine inspection,TECH111,Kerala Truck Service,Spark Plug,2667,15494,18161,8.2,2026-05-27,No,Completed
S03508,V0154,ESN104248,2025-02-18,Engine Diagnostics,Preventive,P0000,Routine inspection,TECH508,FleetCare Kochi,Battery,3915,1159,5074,2.1,2025-08-17,No,Pending
S03509,V0034,ESN119872,2025-05-12,Cooling System,Emergency,P0420,Engine overheating,TECH584,AutoMind Central,Brake Pads,964,1426,2390,5.4,2025-11-08,No,Pending
S03510,V0102,ESN700168,2025-02-02,Routine Service,Emergency,P0012,Brake wear,TECH777,Kerala Truck Service,Air Filter,1585,13966,15551,6.6,2025-08-01,No,Completed
S03511,V0213,ESN183608,2025-07-04,Oil Change,Corrective,P0420,Routine inspection,TECH357,FleetCare Kochi,Coolant Hose,2871,18788,21659,11.3,2025-12-31,Yes,Completed
S03512,V0011,ESN143456,2025-03-31,Brake Service,Preventive,P0000,Brake wear,TECH363,FleetCare Kochi,Coolant Hose,3275,9365,12640,1.3,2025-09-27,Yes,Completed
S03513,V0014,ESN248026,2025-01-17,Routine Service,Emergency,P0000,Low oil pressure,TECH614,Prime Motors,Spark Plug,1806,9778,11584,8.3,2025-07-16,No,Pending
S03514,V0075,ESN884399,2025-07-08,Cooling System,Emergency,P0300,Routine inspection,TECH758,FleetCare Kochi,Brake Pads,941,18780,19721,8.5,2026-01-04,Yes,Pending
S03515,V0409,ESN778089,2025-02-25,Cooling System,Preventive,P0000,Engine overheating,TECH791,Prime Motors,Brake Pads,3974,14566,18540,10.0,2025-08-24,No,Completed
S03516,V0284,ESN362543,2025-12-29,Oil Change,Preventive,P0171,Battery degradation,TECH359,AutoMind Central,Air Filter,3038,4201,7239,3.7,2026-06-27,Yes,Pending
S03517,V0113,ESN929822,2025-06-15,Brake Service,Emergency,P0000,Brake wear,TECH672,Prime Motors,Air Filter,1267,987,2254,5.9,2025-12-12,Yes,Pending
S03518,V0449,ESN278720,2025-05-26,Routine Service,Corrective,P0420,Engine overheating,TECH906,FleetCare Kochi,Coolant Hose,3246,2403,5649,5.7,2025-11-22,No,Completed
S03519,V0109,ESN809433,2025-10-22,Engine Diagnostics,Emergency,P0300,Routine inspection,TECH211,Prime Motors,Spark Plug,1309,12302,13611,11.9,2026-04-20,No,Pending
S03520,V0137,ESN473891,2025-02-12,Cooling System,Preventive,P0420,Routine inspection,TECH657,Kerala Truck Service,Coolant Hose,3391,17997,21388,5.2,2025-08-11,No,Pending
S03521,V0093,ESN924217,2025-08-02,Engine Diagnostics,Corrective,P0000,Routine inspection,TECH389,Prime Motors,Oil Filter,1592,8208,9800,11.8,2026-01-29,No,Completed
S03522,V0236,ESN752691,2025-11-27,Engine Diagnostics,Preventive,P0000,Routine inspection,TECH584,Prime Motors,Brake Pads,5551,13637,19188,2.6,2026-05-26,Yes,Pending
S03523,V0400,ESN817730,2025-06-23,Cooling System,Corrective,P0300,Low oil pressure,TECH408,FleetCare Kochi,Spark Plug,2274,14779,17053,10.6,2025-12-20,Yes,Completed
S03524,V0368,ESN350371,2025-10-03,Oil Change,Emergency,P0171,Routine inspection,TECH397,Kerala Truck Service,Battery,2102,8749,10851,7.3,2026-04-01,Yes,Completed
S03525,V0393,ESN950925,2025-06-22,Cooling System,Emergency,P0300,Brake wear,TECH979,FleetCare Kochi,Air Filter,5332,6208,11540,1.8,2025-12-19,No,Completed
S03526,V0084,ESN158088,2025-08-03,Oil Change,Preventive,P0420,Engine overheating,TECH120,Kerala Truck Service,Brake Pads,2329,15997,18326,4.9,2026-01-30,No,Completed
S03527,V0013,ESN515076,2025-06-20,Engine Diagnostics,Emergency,P0171,Engine overheating,TECH374,AutoMind Central,Brake Pads,3035,2184,5219,6.4,2025-12-17,Yes,Completed
S03528,V0065,ESN518842,2025-09-06,Oil Change,Emergency,P0012,Routine inspection,TECH690,FleetCare Kochi,Battery,3738,4001,7739,4.3,2026-03-05,Yes,Completed
S03529,V0030,ESN551634,2025-01-25,Cooling System,Emergency,P0171,Routine inspection,TECH903,Kerala Truck Service,Spark Plug,5769,6267,12036,9.3,2025-07-24,No,Pending
S03530,V0212,ESN742480,2025-08-30,Brake Service,Preventive,P0171,Battery degradation,TECH905,FleetCare Kochi,Coolant Hose,4272,9974,14246,3.5,2026-02-26,No,Pending
S03531,V0313,ESN949953,2025-08-11,Cooling System,Corrective,P0012,Low oil pressure,TECH209,AutoMind Central,Air Filter,1805,14224,16029,7.2,2026-02-07,Yes,Pending
S03532,V0491,ESN978253,2025-08-22,Brake Service,Emergency,P0171,Engine overheating,TECH538,Prime Motors,Air Filter,2231,7544,9775,7.5,2026-02-18,Yes,Completed
S03533,V0456,ESN260977,2025-11-20,Oil Change,Emergency,P0171,Battery degradation,TECH147,Kerala Truck Service,Brake Pads,1769,9302,11071,8.4,2026-05-19,Yes,Completed
S03534,V0236,ESN572807,2025-09-19,Brake Service,Emergency,P0420,Routine inspection,TECH731,Prime Motors,Spark Plug,1282,3724,5006,1.7,2026-03-18,Yes,Pending
S03535,V0090,ESN851319,2025-01-26,Engine Diagnostics,Preventive,P0012,Low oil pressure,TECH370,AutoMind Central,Battery,1988,15817,17805,9.3,2025-07-25,No,Completed
S03536,V0446,ESN658460,2025-02-17,Oil Change,Preventive,P0000,Brake wear,TECH388,AutoMind Central,Battery,4443,17783,22226,1.8,2025-08-16,No,Pending
S03537,V0386,ESN747417,2025-11-25,Routine Service,Emergency,P0300,Battery degradation,TECH845,AutoMind Central,Oil Filter,2649,13265,15914,2.9,2026-05-24,No,Completed
S03538,V0062,ESN811414,2025-07-19,Routine Service,Emergency,P0171,Brake wear,TECH512,Kerala Truck Service,Battery,2409,18403,20812,1.2,2026-01-15,Yes,Completed
S03539,V0217,ESN569785,2025-06-10,Brake Service,Preventive,P0171,Low oil pressure,TECH678,Kerala Truck Service,Brake Pads,5754,7193,12947,10.2,2025-12-07,No,Completed
S03540,V0429,ESN678947,2025-11-24,Battery Replacement,Preventive,P0012,Brake wear,TECH532,Prime Motors,Oil Filter,1254,16111,17365,4.5,2026-05-23,Yes,Pending
S03541,V0415,ESN578154,2025-03-25,Routine Service,Corrective,P0012,Engine overheating,TECH413,Prime Motors,Brake Pads,5266,1122,6388,8.9,2025-09-21,Yes,Pending
S03542,V0305,ESN247312,2025-09-24,Battery Replacement,Preventive,P0012,Low oil pressure,TECH294,Prime Motors,Air Filter,3224,8756,11980,2.7,2026-03-23,No,Pending
S03543,V0434,ESN332922,2025-12-28,Engine Diagnostics,Emergency,P0420,Routine inspection,TECH434,Kerala Truck Service,Brake Pads,3482,7217,10699,9.9,2026-06-26,Yes,Completed
S03544,V0329,ESN341467,2025-10-01,Battery Replacement,Preventive,P0012,Routine inspection,TECH887,AutoMind Central,Spark Plug,4487,17581,22068,9.5,2026-03-30,No,Completed
S03545,V0054,ESN974901,2025-03-26,Cooling System,Emergency,P0420,Battery degradation,TECH775,FleetCare Kochi,Coolant Hose,4480,17087,21567,1.6,2025-09-22,No,Completed
S03546,V0176,ESN863927,2025-07-15,Brake Service,Preventive,P0171,Routine inspection,TECH258,Kerala Truck Service,Battery,3306,7446,10752,7.8,2026-01-11,No,Completed
S03547,V0170,ESN569516,2025-02-07,Brake Service,Preventive,P0420,Low oil pressure,TECH460,AutoMind Central,Spark Plug,2285,16515,18800,2.1,2025-08-06,Yes,Pending
S03548,V0323,ESN473557,2025-07-03,Brake Service,Corrective,P0000,Engine overheating,TECH181,FleetCare Kochi,Spark Plug,5815,20000,25815,1.9,2025-12-30,No,Pending
S03549,V0075,ESN352048,2025-09-15,Battery Replacement,Emergency,P0000,Low oil pressure,TECH709,Kerala Truck Service,Oil Filter,3970,772,4742,1.3,2026-03-14,Yes,Completed
S03550,V0160,ESN253551,2025-09-14,Routine Service,Emergency,P0420,Routine inspection,TECH271,Prime Motors,Air Filter,1978,16370,18348,5.5,2026-03-13,No,Completed
S03551,V0089,ESN163144,2025-01-09,Battery Replacement,Preventive,P0420,Brake wear,TECH971,AutoMind Central,Battery,5105,17098,22203,5.3,2025-07-08,Yes,Pending
S03552,V0320,ESN466850,2025-01-20,Brake Service,Emergency,P0300,Routine inspection,TECH979,FleetCare Kochi,Brake Pads,5795,671,6466,11.1,2025-07-19,No,Completed
S03553,V0012,ESN491919,2025-07-27,Cooling System,Preventive,P0000,Low oil pressure,TECH971,AutoMind Central,Battery,2916,13558,16474,7.4,2026-01-23,Yes,Completed
S03554,V0048,ESN915035,2025-10-21,Routine Service,Preventive,P0300,Brake wear,TECH756,AutoMind Central,Battery,3952,18300,22252,4.4,2026-04-19,Yes,Completed
S03555,V0022,ESN873081,2025-01-20,Routine Service,Preventive,P0171,Low oil pressure,TECH305,Kerala Truck Service,Oil Filter,5249,17844,23093,11.2,2025-07-19,Yes,Completed
S03556,V0424,ESN741135,2025-08-08,Oil Change,Emergency,P0012,Brake wear,TECH452,Prime Motors,Battery,2808,6914,9722,9.7,2026-02-04,No,Completed
S03557,V0159,ESN321528,2025-10-09,Cooling System,Corrective,P0420,Engine overheating,TECH458,Kerala Truck Service,Battery,3963,17757,21720,4.6,2026-04-07,Yes,Completed
S03558,V0120,ESN414160,2025-08-19,Cooling System,Corrective,P0420,Battery degradation,TECH224,Kerala Truck Service,Brake Pads,2419,14881,17300,9.5,2026-02-15,Yes,Pending
S03559,V0197,ESN722867,2025-06-18,Battery Replacement,Preventive,P0420,Engine overheating,TECH418,Prime Motors,Battery,1605,13649,15254,3.2,2025-12-15,No,Completed
S03560,V0177,ESN120451,2025-03-26,Engine Diagnostics,Emergency,P0300,Low oil pressure,TECH777,FleetCare Kochi,Brake Pads,2492,19562,22054,10.9,2025-09-22,No,Pending
S03561,V0233,ESN700103,2025-08-14,Oil Change,Emergency,P0171,Brake wear,TECH975,Kerala Truck Service,Battery,2732,8946,11678,11.3,2026-02-10,Yes,Completed
S03562,V0139,ESN522238,2025-04-07,Routine Service,Corrective,P0171,Routine inspection,TECH120,AutoMind Central,Brake Pads,2648,16428,19076,7.8,2025-10-04,No,Completed
S03563,V0205,ESN406819,2025-07-14,Engine Diagnostics,Emergency,P0420,Brake wear,TECH645,Kerala Truck Service,Coolant Hose,1128,13384,14512,4.6,2026-01-10,Yes,Pending
S03564,V0143,ESN393812,2025-02-06,Brake Service,Preventive,P0420,Battery degradation,TECH894,Prime Motors,Coolant Hose,5532,7303,12835,3.5,2025-08-05,Yes,Pending
S03565,V0460,ESN512015,2025-05-23,Oil Change,Emergency,P0171,Low oil pressure,TECH347,Kerala Truck Service,Air Filter,3341,13406,16747,4.5,2025-11-19,No,Completed
S03566,V0106,ESN535065,2025-04-23,Routine Service,Emergency,P0171,Routine inspection,TECH739,AutoMind Central,Oil Filter,3553,18188,21741,10.5,2025-10-20,No,Pending
S03567,V0403,ESN551390,2025-09-27,Routine Service,Preventive,P0300,Low oil pressure,TECH190,AutoMind Central,Oil Filter,5061,18398,23459,11.1,2026-03-26,Yes,Completed
S03568,V0447,ESN328457,2025-02-11,Routine Service,Corrective,P0171,Battery degradation,TECH647,AutoMind Central,Battery,3569,3806,7375,5.3,2025-08-10,Yes,Pending
S03569,V0008,ESN942888,2025-01-19,Battery Replacement,Preventive,P0012,Battery degradation,TECH154,AutoMind Central,Spark Plug,1462,15623,17085,10.0,2025-07-18,No,Pending
S03570,V0128,ESN588923,2025-01-30,Routine Service,Preventive,P0000,Routine inspection,TECH866,AutoMind Central,Coolant Hose,1874,3801,5675,4.9,2025-07-29,No,Completed
S03571,V0262,ESN777401,2025-10-15,Oil Change,Preventive,P0000,Brake wear,TECH330,Kerala Truck Service,Oil Filter,3397,7464,10861,3.0,2026-04-13,Yes,Completed
S03572,V0316,ESN418298,2025-04-22,Engine Diagnostics,Emergency,P0171,Battery degradation,TECH406,Kerala Truck Service,Air Filter,3255,5333,8588,8.4,2025-10-19,No,Completed
S03573,V0056,ESN747682,2025-08-18,Brake Service,Preventive,P0300,Low oil pressure,TECH955,Kerala Truck Service,Oil Filter,4856,3946,8802,9.5,2026-02-14,Yes,Pending
S03574,V0331,ESN444338,2025-02-28,Routine Service,Emergency,P0171,Battery degradation,TECH752,FleetCare Kochi,Air Filter,3126,12559,15685,10.0,2025-08-27,No,Completed
S03575,V0363,ESN381295,2025-09-04,Battery Replacement,Corrective,P0012,Low oil pressure,TECH960,FleetCare Kochi,Air Filter,3892,14998,18890,4.1,2026-03-03,Yes,Completed
S03576,V0286,ESN431868,2025-12-05,Cooling System,Emergency,P0420,Routine inspection,TECH374,AutoMind Central,Brake Pads,2964,16331,19295,9.3,2026-06-03,Yes,Pending
S03577,V0410,ESN736039,2025-01-13,Brake Service,Corrective,P0420,Battery degradation,TECH409,FleetCare Kochi,Spark Plug,1017,2911,3928,11.6,2025-07-12,No,Completed
S03578,V0497,ESN570520,2025-01-28,Oil Change,Preventive,P0300,Brake wear,TECH318,FleetCare Kochi,Air Filter,4317,5037,9354,2.3,2025-07-27,No,Completed
S03579,V0351,ESN189346,2025-07-20,Routine Service,Preventive,P0012,Low oil pressure,TECH525,FleetCare Kochi,Brake Pads,1598,13129,14727,10.6,2026-01-16,No,Completed
S03580,V0150,ESN825190,2025-12-18,Cooling System,Emergency,P0000,Low oil pressure,TECH322,Prime Motors,Air Filter,1953,8395,10348,4.8,2026-06-16,Yes,Pending
S03581,V0394,ESN126597,2025-03-21,Brake Service,Preventive,P0300,Brake wear,TECH811,Prime Motors,Spark Plug,2018,13864,15882,1.2,2025-09-17,Yes,Pending
S03582,V0133,ESN252796,2025-12-14,Oil Change,Emergency,P0420,Low oil pressure,TECH817,Prime Motors,Coolant Hose,2293,19878,22171,10.3,2026-06-12,No,Pending
S03583,V0479,ESN652517,2025-10-24,Brake Service,Emergency,P0300,Routine inspection,TECH763,Kerala Truck Service,Battery,3832,4779,8611,1.2,2026-04-22,No,Completed
S03584,V0239,ESN822578,2025-12-16,Routine Service,Preventive,P0000,Engine overheating,TECH636,FleetCare Kochi,Battery,5635,16223,21858,8.3,2026-06-14,No,Pending
S03585,V0141,ESN151010,2025-09-27,Battery Replacement,Emergency,P0300,Engine overheating,TECH814,FleetCare Kochi,Brake Pads,3578,17822,21400,7.4,2026-03-26,No,Completed
S03586,V0100,ESN646184,2025-01-25,Brake Service,Corrective,P0300,Routine inspection,TECH775,FleetCare Kochi,Battery,4792,18694,23486,1.6,2025-07-24,Yes,Pending
S03587,V0458,ESN810062,2025-08-27,Routine Service,Corrective,P0012,Battery degradation,TECH973,FleetCare Kochi,Battery,5814,5938,11752,2.6,2026-02-23,Yes,Pending
S03588,V0181,ESN201744,2025-01-11,Cooling System,Corrective,P0012,Engine overheating,TECH548,Kerala Truck Service,Air Filter,5594,2507,8101,10.8,2025-07-10,No,Completed
S03589,V0193,ESN727563,2025-07-28,Cooling System,Emergency,P0012,Low oil pressure,TECH861,Prime Motors,Spark Plug,1334,9124,10458,2.8,2026-01-24,No,Completed
S03590,V0328,ESN818142,2025-04-01,Cooling System,Emergency,P0300,Routine inspection,TECH625,Kerala Truck Service,Air Filter,4344,18866,23210,10.4,2025-09-28,No,Pending
S03591,V0413,ESN115055,2025-11-09,Routine Service,Preventive,P0012,Brake wear,TECH536,FleetCare Kochi,Air Filter,2217,16774,18991,1.6,2026-05-08,No,Pending
S03592,V0369,ESN119129,2025-10-07,Cooling System,Emergency,P0000,Battery degradation,TECH315,Kerala Truck Service,Brake Pads,2911,8963,11874,2.5,2026-04-05,No,Pending
S03593,V0452,ESN559998,2025-08-16,Brake Service,Preventive,P0012,Brake wear,TECH995,Kerala Truck Service,Oil Filter,2622,19792,22414,2.0,2026-02-12,Yes,Completed
S03594,V0039,ESN309121,2025-03-03,Cooling System,Emergency,P0000,Battery degradation,TECH329,FleetCare Kochi,Brake Pads,3622,3932,7554,8.1,2025-08-30,Yes,Pending
S03595,V0094,ESN896543,2025-11-14,Routine Service,Corrective,P0300,Routine inspection,TECH249,FleetCare Kochi,Spark Plug,2486,17270,19756,5.0,2026-05-13,Yes,Pending
S03596,V0240,ESN534461,2025-01-21,Brake Service,Emergency,P0420,Routine inspection,TECH664,Prime Motors,Oil Filter,2274,16199,18473,9.6,2025-07-20,No,Pending
S03597,V0406,ESN266717,2025-01-13,Battery Replacement,Preventive,P0300,Low oil pressure,TECH340,Prime Motors,Air Filter,1186,13077,14263,5.7,2025-07-12,Yes,Pending
S03598,V0140,ESN537029,2025-04-06,Engine Diagnostics,Preventive,P0420,Brake wear,TECH303,AutoMind Central,Brake Pads,4029,12262,16291,2.6,2025-10-03,No,Completed
S03599,V0203,ESN441305,2025-04-16,Brake Service,Corrective,P0300,Brake wear,TECH436,Kerala Truck Service,Battery,1196,19155,20351,12.0,2025-10-13,No,Pending
S03600,V0197,ESN475953,2025-09-23,Engine Diagnostics,Emergency,P0171,Battery degradation,TECH999,FleetCare Kochi,Battery,4008,15379,19387,7.0,2026-03-22,Yes,Completed
S03601,V0189,ESN692780,2025-08-02,Battery Replacement,Corrective,P0300,Low oil pressure,TECH112,Kerala Truck Service,Coolant Hose,1725,17064,18789,9.4,2026-01-29,Yes,Completed
S03602,V0291,ESN200202,2025-06-16,Engine Diagnostics,Emergency,P0300,Brake wear,TECH714,AutoMind Central,Brake Pads,2653,4228,6881,6.9,2025-12-13,Yes,Pending
S03603,V0305,ESN194217,2025-02-14,Oil Change,Preventive,P0300,Engine overheating,TECH474,AutoMind Central,Spark Plug,1394,8506,9900,10.4,2025-08-13,Yes,Pending
S03604,V0486,ESN962669,2025-11-26,Routine Service,Corrective,P0000,Low oil pressure,TECH480,AutoMind Central,Spark Plug,2222,1292,3514,10.4,2026-05-25,Yes,Completed
S03605,V0474,ESN854952,2025-11-28,Brake Service,Preventive,P0300,Brake wear,TECH338,AutoMind Central,Air Filter,1478,11570,13048,6.6,2026-05-27,No,Completed
S03606,V0177,ESN699595,2025-12-17,Battery Replacement,Corrective,P0420,Engine overheating,TECH809,AutoMind Central,Coolant Hose,3431,2258,5689,2.4,2026-06-15,Yes,Completed
S03607,V0285,ESN789706,2025-09-13,Cooling System,Emergency,P0000,Battery degradation,TECH957,FleetCare Kochi,Brake Pads,4056,11605,15661,5.1,2026-03-12,No,Pending
S03608,V0473,ESN124464,2025-05-28,Cooling System,Emergency,P0420,Brake wear,TECH900,AutoMind Central,Air Filter,2691,17789,20480,5.2,2025-11-24,No,Completed
S03609,V0463,ESN911454,2025-03-19,Oil Change,Preventive,P0012,Low oil pressure,TECH200,AutoMind Central,Oil Filter,2161,8835,10996,3.0,2025-09-15,Yes,Pending
S03610,V0339,ESN976561,2025-05-11,Battery Replacement,Preventive,P0420,Routine inspection,TECH400,Prime Motors,Brake Pads,4423,4332,8755,9.9,2025-11-07,Yes,Pending
S03611,V0122,ESN874155,2025-04-16,Engine Diagnostics,Emergency,P0300,Battery degradation,TECH788,Kerala Truck Service,Brake Pads,5669,10497,16166,1.2,2025-10-13,No,Pending
S03612,V0496,ESN229169,2025-11-13,Engine Diagnostics,Preventive,P0000,Engine overheating,TECH334,Kerala Truck Service,Brake Pads,5259,8918,14177,1.8,2026-05-12,Yes,Completed
S03613,V0119,ESN758133,2025-06-28,Brake Service,Corrective,P0300,Battery degradation,TECH475,Kerala Truck Service,Oil Filter,2098,16248,18346,4.7,2025-12-25,No,Pending
S03614,V0377,ESN649314,2025-05-26,Brake Service,Emergency,P0000,Routine inspection,TECH401,Prime Motors,Spark Plug,982,11827,12809,9.9,2025-11-22,Yes,Pending
S03615,V0363,ESN711572,2025-10-08,Cooling System,Preventive,P0000,Engine overheating,TECH759,FleetCare Kochi,Oil Filter,1655,10714,12369,3.8,2026-04-06,No,Pending
S03616,V0263,ESN540622,2025-04-02,Battery Replacement,Emergency,P0000,Battery degradation,TECH265,AutoMind Central,Coolant Hose,5420,18329,23749,6.6,2025-09-29,No,Pending
S03617,V0339,ESN735905,2025-12-15,Battery Replacement,Emergency,P0300,Engine overheating,TECH762,Prime Motors,Spark Plug,2960,2621,5581,6.1,2026-06-13,No,Completed
S03618,V0456,ESN458562,2025-12-05,Oil Change,Corrective,P0420,Battery degradation,TECH180,FleetCare Kochi,Air Filter,4211,10856,15067,11.1,2026-06-03,Yes,Completed
S03619,V0129,ESN153308,2025-09-17,Brake Service,Preventive,P0012,Engine overheating,TECH541,Kerala Truck Service,Battery,1114,4341,5455,11.1,2026-03-16,No,Pending
S03620,V0427,ESN451279,2025-07-06,Battery Replacement,Corrective,P0012,Low oil pressure,TECH511,AutoMind Central,Oil Filter,3383,18856,22239,11.4,2026-01-02,No,Pending
S03621,V0278,ESN924459,2025-04-05,Routine Service,Emergency,P0012,Routine inspection,TECH969,AutoMind Central,Brake Pads,4642,8837,13479,6.3,2025-10-02,Yes,Pending
S03622,V0060,ESN244258,2025-05-12,Engine Diagnostics,Corrective,P0012,Routine inspection,TECH829,Prime Motors,Air Filter,5123,11741,16864,3.1,2025-11-08,No,Completed
S03623,V0461,ESN251165,2025-06-14,Routine Service,Corrective,P0012,Brake wear,TECH397,AutoMind Central,Spark Plug,5641,9355,14996,2.2,2025-12-11,Yes,Pending
S03624,V0183,ESN924293,2025-03-22,Engine Diagnostics,Emergency,P0012,Brake wear,TECH140,Prime Motors,Spark Plug,2815,11596,14411,4.1,2025-09-18,Yes,Pending
S03625,V0225,ESN156215,2025-04-18,Engine Diagnostics,Preventive,P0012,Low oil pressure,TECH738,Prime Motors,Coolant Hose,806,17095,17901,4.0,2025-10-15,No,Pending
S03626,V0320,ESN569875,2025-11-29,Routine Service,Emergency,P0171,Low oil pressure,TECH561,Prime Motors,Air Filter,4775,17178,21953,7.3,2026-05-28,Yes,Pending
S03627,V0341,ESN279747,2025-01-26,Battery Replacement,Corrective,P0012,Battery degradation,TECH741,Prime Motors,Spark Plug,1511,11431,12942,4.9,2025-07-25,No,Pending
S03628,V0188,ESN271027,2025-03-25,Routine Service,Preventive,P0000,Routine inspection,TECH539,Kerala Truck Service,Air Filter,4613,12524,17137,5.4,2025-09-21,No,Completed
S03629,V0225,ESN649157,2025-08-27,Oil Change,Preventive,P0000,Engine overheating,TECH713,Prime Motors,Brake Pads,2456,3920,6376,3.9,2026-02-23,No,Pending
S03630,V0481,ESN153587,2025-04-08,Brake Service,Emergency,P0300,Engine overheating,TECH989,FleetCare Kochi,Battery,1471,557,2028,8.4,2025-10-05,No,Completed
S03631,V0148,ESN997464,2025-01-13,Battery Replacement,Corrective,P0000,Low oil pressure,TECH561,AutoMind Central,Spark Plug,4193,11726,15919,2.4,2025-07-12,No,Pending
S03632,V0411,ESN732065,2025-12-14,Routine Service,Corrective,P0012,Brake wear,TECH951,FleetCare Kochi,Oil Filter,3744,12671,16415,2.2,2026-06-12,No,Pending
S03633,V0344,ESN379481,2025-06-08,Engine Diagnostics,Emergency,P0000,Engine overheating,TECH835,Prime Motors,Coolant Hose,4646,12833,17479,5.0,2025-12-05,No,Pending
S03634,V0045,ESN294822,2025-03-12,Oil Change,Corrective,P0171,Battery degradation,TECH969,FleetCare Kochi,Coolant Hose,3451,8961,12412,10.9,2025-09-08,Yes,Pending
S03635,V0088,ESN773434,2025-01-23,Routine Service,Preventive,P0171,Routine inspection,TECH721,Kerala Truck Service,Spark Plug,3882,6823,10705,5.1,2025-07-22,Yes,Completed
S03636,V0022,ESN602175,2025-01-12,Brake Service,Emergency,P0171,Brake wear,TECH331,Prime Motors,Brake Pads,5108,12087,17195,4.2,2025-07-11,Yes,Completed
S03637,V0145,ESN400960,2025-01-04,Brake Service,Emergency,P0420,Routine inspection,TECH490,Kerala Truck Service,Oil Filter,5262,16052,21314,9.5,2025-07-03,No,Pending
S03638,V0358,ESN509984,2025-06-13,Battery Replacement,Preventive,P0171,Routine inspection,TECH898,AutoMind Central,Spark Plug,4615,9077,13692,4.7,2025-12-10,Yes,Completed
S03639,V0380,ESN853366,2025-11-27,Cooling System,Preventive,P0000,Brake wear,TECH379,Prime Motors,Coolant Hose,2674,9988,12662,12.0,2026-05-26,No,Pending
S03640,V0387,ESN129416,2025-07-10,Battery Replacement,Corrective,P0000,Routine inspection,TECH229,Prime Motors,Brake Pads,3136,9705,12841,8.4,2026-01-06,Yes,Pending
S03641,V0449,ESN128522,2025-02-18,Brake Service,Corrective,P0171,Routine inspection,TECH706,Prime Motors,Oil Filter,5088,6929,12017,7.4,2025-08-17,No,Completed
S03642,V0199,ESN994780,2025-01-30,Oil Change,Emergency,P0000,Low oil pressure,TECH320,Prime Motors,Brake Pads,1486,17252,18738,11.9,2025-07-29,Yes,Pending
S03643,V0001,ESN766222,2025-12-07,Oil Change,Corrective,P0000,Routine inspection,TECH983,Kerala Truck Service,Oil Filter,5721,17701,23422,10.4,2026-06-05,Yes,Pending
S03644,V0135,ESN242801,2025-06-10,Engine Diagnostics,Corrective,P0012,Low oil pressure,TECH411,AutoMind Central,Oil Filter,2573,16949,19522,11.3,2025-12-07,No,Completed
S03645,V0256,ESN606283,2025-11-08,Battery Replacement,Emergency,P0000,Routine inspection,TECH524,AutoMind Central,Oil Filter,5596,9024,14620,7.7,2026-05-07,No,Pending
S03646,V0184,ESN446964,2025-11-22,Oil Change,Emergency,P0000,Battery degradation,TECH351,FleetCare Kochi,Coolant Hose,1079,4268,5347,9.6,2026-05-21,Yes,Pending
S03647,V0157,ESN991132,2025-12-24,Engine Diagnostics,Preventive,P0171,Brake wear,TECH997,FleetCare Kochi,Coolant Hose,5899,8429,14328,7.9,2026-06-22,Yes,Completed
S03648,V0154,ESN312488,2025-04-22,Engine Diagnostics,Corrective,P0171,Battery degradation,TECH354,FleetCare Kochi,Air Filter,4954,18969,23923,9.1,2025-10-19,Yes,Completed
S03649,V0196,ESN687544,2025-11-16,Engine Diagnostics,Emergency,P0000,Brake wear,TECH519,Prime Motors,Oil Filter,1979,19152,21131,8.7,2026-05-15,No,Pending
S03650,V0385,ESN323729,2025-03-23,Oil Change,Emergency,P0420,Routine inspection,TECH580,AutoMind Central,Air Filter,1889,3634,5523,8.5,2025-09-19,Yes,Completed
S03651,V0314,ESN901652,2025-10-28,Oil Change,Preventive,P0420,Engine overheating,TECH965,Prime Motors,Spark Plug,2595,12273,14868,2.4,2026-04-26,No,Pending
S03652,V0493,ESN273627,2025-12-16,Battery Replacement,Emergency,P0012,Low oil pressure,TECH554,FleetCare Kochi,Spark Plug,5031,11089,16120,2.6,2026-06-14,No,Completed
S03653,V0099,ESN336867,2025-04-24,Battery Replacement,Corrective,P0171,Low oil pressure,TECH980,AutoMind Central,Battery,5108,2339,7447,4.6,2025-10-21,No,Completed
S03654,V0095,ESN970268,2025-03-20,Brake Service,Emergency,P0300,Low oil pressure,TECH350,FleetCare Kochi,Battery,3496,7443,10939,4.5,2025-09-16,Yes,Completed
S03655,V0122,ESN751237,2025-08-09,Cooling System,Emergency,P0300,Routine inspection,TECH778,FleetCare Kochi,Spark Plug,5058,17051,22109,3.1,2026-02-05,Yes,Pending
S03656,V0029,ESN823573,2025-06-16,Routine Service,Emergency,P0420,Brake wear,TECH545,Prime Motors,Brake Pads,1031,8998,10029,7.4,2025-12-13,Yes,Completed
S03657,V0199,ESN408921,2025-07-11,Engine Diagnostics,Emergency,P0300,Engine overheating,TECH478,Prime Motors,Battery,2932,7467,10399,2.1,2026-01-07,No,Pending
S03658,V0042,ESN519183,2025-02-03,Oil Change,Preventive,P0012,Low oil pressure,TECH480,Kerala Truck Service,Oil Filter,4318,8978,13296,11.0,2025-08-02,No,Completed
S03659,V0133,ESN175340,2025-09-06,Brake Service,Corrective,P0000,Battery degradation,TECH763,Kerala Truck Service,Brake Pads,816,980,1796,5.2,2026-03-05,No,Completed
S03660,V0366,ESN376517,2025-12-26,Engine Diagnostics,Preventive,P0012,Low oil pressure,TECH684,AutoMind Central,Battery,1713,1597,3310,8.5,2026-06-24,Yes,Completed
S03661,V0192,ESN317164,2025-03-03,Brake Service,Preventive,P0012,Routine inspection,TECH862,Prime Motors,Spark Plug,5962,13792,19754,3.8,2025-08-30,No,Pending
S03662,V0430,ESN263210,2025-07-20,Brake Service,Corrective,P0012,Routine inspection,TECH683,AutoMind Central,Spark Plug,3685,17015,20700,11.0,2026-01-16,Yes,Pending
S03663,V0222,ESN207307,2025-11-28,Brake Service,Emergency,P0000,Low oil pressure,TECH227,Prime Motors,Battery,4216,1518,5734,6.4,2026-05-27,No,Completed
S03664,V0277,ESN270527,2025-01-27,Routine Service,Emergency,P0420,Routine inspection,TECH980,Kerala Truck Service,Spark Plug,3488,6151,9639,2.4,2025-07-26,No,Completed
S03665,V0188,ESN747148,2025-09-18,Engine Diagnostics,Preventive,P0171,Engine overheating,TECH962,Prime Motors,Battery,4483,17445,21928,6.4,2026-03-17,No,Pending
S03666,V0107,ESN672884,2025-08-13,Engine Diagnostics,Emergency,P0000,Low oil pressure,TECH389,Kerala Truck Service,Coolant Hose,3430,19107,22537,4.2,2026-02-09,Yes,Completed
S03667,V0418,ESN313422,2025-10-19,Cooling System,Preventive,P0012,Low oil pressure,TECH454,Prime Motors,Coolant Hose,5407,15356,20763,3.0,2026-04-17,Yes,Pending
S03668,V0471,ESN684927,2025-03-12,Engine Diagnostics,Preventive,P0012,Brake wear,TECH866,Kerala Truck Service,Oil Filter,3203,2570,5773,2.5,2025-09-08,Yes,Completed
S03669,V0103,ESN657862,2025-08-06,Routine Service,Corrective,P0420,Battery degradation,TECH190,AutoMind Central,Battery,4673,12550,17223,9.4,2026-02-02,No,Completed
S03670,V0016,ESN543928,2025-09-09,Cooling System,Corrective,P0300,Battery degradation,TECH667,Prime Motors,Brake Pads,1988,13758,15746,11.8,2026-03-08,Yes,Pending
S03671,V0226,ESN233876,2025-09-03,Battery Replacement,Preventive,P0420,Brake wear,TECH493,AutoMind Central,Coolant Hose,4751,8606,13357,7.1,2026-03-02,Yes,Completed
S03672,V0143,ESN129974,2025-08-08,Engine Diagnostics,Corrective,P0300,Battery degradation,TECH506,Kerala Truck Service,Air Filter,2260,18627,20887,11.7,2026-02-04,No,Pending
S03673,V0052,ESN324019,2025-02-05,Oil Change,Emergency,P0420,Low oil pressure,TECH337,Prime Motors,Spark Plug,5292,4126,9418,11.7,2025-08-04,No,Pending
S03674,V0318,ESN858460,2025-02-01,Cooling System,Preventive,P0420,Brake wear,TECH796,Kerala Truck Service,Spark Plug,3252,10289,13541,5.9,2025-07-31,No,Pending
S03675,V0065,ESN671401,2025-08-07,Engine Diagnostics,Corrective,P0000,Low oil pressure,TECH910,Prime Motors,Coolant Hose,3074,19321,22395,9.6,2026-02-03,Yes,Pending
S03676,V0215,ESN883160,2025-10-20,Routine Service,Corrective,P0300,Battery degradation,TECH577,AutoMind Central,Oil Filter,1472,8853,10325,3.5,2026-04-18,No,Pending
S03677,V0311,ESN716034,2025-07-11,Brake Service,Corrective,P0420,Engine overheating,TECH287,FleetCare Kochi,Brake Pads,2405,15234,17639,1.6,2026-01-07,Yes,Completed
S03678,V0002,ESN464915,2025-12-02,Cooling System,Preventive,P0012,Routine inspection,TECH497,FleetCare Kochi,Battery,5803,5807,11610,3.1,2026-05-31,No,Pending
S03679,V0241,ESN537420,2025-12-31,Cooling System,Preventive,P0420,Engine overheating,TECH669,AutoMind Central,Battery,4307,12925,17232,5.5,2026-06-29,Yes,Pending
S03680,V0037,ESN353281,2025-03-27,Battery Replacement,Emergency,P0012,Battery degradation,TECH882,Prime Motors,Air Filter,3493,1060,4553,9.9,2025-09-23,No,Pending
S03681,V0399,ESN104838,2025-07-12,Routine Service,Emergency,P0420,Engine overheating,TECH656,Kerala Truck Service,Brake Pads,1172,3961,5133,7.4,2026-01-08,Yes,Pending
S03682,V0479,ESN142005,2025-03-26,Battery Replacement,Emergency,P0420,Low oil pressure,TECH980,Kerala Truck Service,Coolant Hose,4367,10428,14795,3.5,2025-09-22,Yes,Pending
S03683,V0325,ESN231036,2025-04-03,Battery Replacement,Preventive,P0300,Routine inspection,TECH114,Prime Motors,Coolant Hose,4069,5462,9531,8.7,2025-09-30,Yes,Completed
S03684,V0459,ESN426778,2025-03-28,Brake Service,Corrective,P0012,Brake wear,TECH545,AutoMind Central,Oil Filter,3507,9397,12904,9.9,2025-09-24,No,Pending
S03685,V0287,ESN228854,2025-03-13,Engine Diagnostics,Preventive,P0300,Low oil pressure,TECH145,Kerala Truck Service,Oil Filter,3941,3820,7761,3.5,2025-09-09,No,Completed
S03686,V0191,ESN256463,2025-03-11,Brake Service,Corrective,P0300,Engine overheating,TECH165,Kerala Truck Service,Brake Pads,3909,19378,23287,9.1,2025-09-07,Yes,Pending
S03687,V0087,ESN850804,2025-05-26,Oil Change,Preventive,P0012,Battery degradation,TECH869,AutoMind Central,Air Filter,2653,18873,21526,4.7,2025-11-22,No,Pending
S03688,V0313,ESN156853,2025-06-22,Cooling System,Corrective,P0012,Low oil pressure,TECH979,AutoMind Central,Brake Pads,5637,8018,13655,8.4,2025-12-19,Yes,Completed
S03689,V0204,ESN697996,2025-10-21,Brake Service,Preventive,P0012,Engine overheating,TECH817,FleetCare Kochi,Battery,2239,17262,19501,6.4,2026-04-19,Yes,Pending
S03690,V0060,ESN206076,2025-12-28,Brake Service,Preventive,P0171,Brake wear,TECH237,AutoMind Central,Spark Plug,2669,17553,20222,5.7,2026-06-26,No,Pending
S03691,V0029,ESN722780,2025-08-30,Cooling System,Emergency,P0000,Routine inspection,TECH606,Kerala Truck Service,Air Filter,2092,18746,20838,5.2,2026-02-26,No,Completed
S03692,V0207,ESN100531,2025-11-26,Oil Change,Emergency,P0000,Battery degradation,TECH845,AutoMind Central,Coolant Hose,3754,9508,13262,6.1,2026-05-25,No,Completed
S03693,V0261,ESN177557,2025-12-31,Oil Change,Emergency,P0000,Brake wear,TECH940,Kerala Truck Service,Air Filter,1709,13291,15000,3.2,2026-06-29,No,Completed
S03694,V0306,ESN808067,2025-09-04,Brake Service,Preventive,P0420,Brake wear,TECH357,FleetCare Kochi,Brake Pads,969,2079,3048,5.4,2026-03-03,No,Completed
S03695,V0035,ESN412184,2025-04-12,Routine Service,Emergency,P0012,Low oil pressure,TECH727,Kerala Truck Service,Spark Plug,5415,15393,20808,10.4,2025-10-09,Yes,Pending
S03696,V0239,ESN124282,2025-05-14,Battery Replacement,Corrective,P0000,Battery degradation,TECH778,AutoMind Central,Coolant Hose,5740,17415,23155,9.3,2025-11-10,Yes,Pending
S03697,V0015,ESN855518,2025-10-23,Cooling System,Corrective,P0012,Brake wear,TECH119,Prime Motors,Battery,4668,10283,14951,1.7,2026-04-21,Yes,Completed
S03698,V0136,ESN724160,2025-01-03,Engine Diagnostics,Preventive,P0012,Low oil pressure,TECH192,AutoMind Central,Battery,5184,16841,22025,7.2,2025-07-02,No,Pending
S03699,V0071,ESN218848,2025-08-23,Oil Change,Preventive,P0300,Low oil pressure,TECH596,Kerala Truck Service,Coolant Hose,5641,19264,24905,9.0,2026-02-19,Yes,Pending
S03700,V0399,ESN985907,2025-10-11,Battery Replacement,Corrective,P0420,Low oil pressure,TECH538,FleetCare Kochi,Oil Filter,5278,11914,17192,5.1,2026-04-09,No,Pending
S03701,V0488,ESN520321,2025-11-09,Routine Service,Emergency,P0300,Engine overheating,TECH508,Kerala Truck Service,Battery,5638,1425,7063,3.5,2026-05-08,Yes,Pending
S03702,V0072,ESN994534,2025-12-06,Battery Replacement,Emergency,P0000,Battery degradation,TECH543,Kerala Truck Service,Air Filter,4960,4647,9607,2.8,2026-06-04,Yes,Pending
S03703,V0419,ESN877391,2025-10-05,Oil Change,Corrective,P0300,Engine overheating,TECH732,FleetCare Kochi,Brake Pads,5474,16923,22397,11.2,2026-04-03,Yes,Pending
S03704,V0297,ESN101438,2025-09-21,Routine Service,Preventive,P0300,Routine inspection,TECH263,FleetCare Kochi,Spark Plug,2391,11151,13542,10.1,2026-03-20,Yes,Pending
S03705,V0035,ESN719715,2025-11-12,Routine Service,Emergency,P0012,Low oil pressure,TECH343,Prime Motors,Coolant Hose,5415,17964,23379,3.6,2026-05-11,Yes,Pending
S03706,V0168,ESN158425,2025-07-28,Oil Change,Corrective,P0300,Brake wear,TECH864,FleetCare Kochi,Air Filter,1191,18209,19400,4.1,2026-01-24,No,Pending
S03707,V0372,ESN508682,2025-09-17,Battery Replacement,Corrective,P0420,Engine overheating,TECH635,Prime Motors,Brake Pads,1872,14508,16380,4.1,2026-03-16,No,Pending
S03708,V0365,ESN981097,2025-03-18,Battery Replacement,Preventive,P0300,Routine inspection,TECH972,AutoMind Central,Coolant Hose,2818,5013,7831,11.0,2025-09-14,No,Pending
S03709,V0356,ESN287134,2025-10-15,Battery Replacement,Corrective,P0171,Battery degradation,TECH103,Prime Motors,Coolant Hose,2627,13980,16607,11.9,2026-04-13,Yes,Pending
S03710,V0354,ESN808899,2025-05-07,Brake Service,Emergency,P0300,Low oil pressure,TECH263,FleetCare Kochi,Brake Pads,2217,10583,12800,2.7,2025-11-03,Yes,Completed
S03711,V0022,ESN932158,2025-03-30,Oil Change,Corrective,P0420,Low oil pressure,TECH957,Prime Motors,Oil Filter,4606,5772,10378,4.4,2025-09-26,Yes,Pending
S03712,V0181,ESN775986,2025-07-05,Brake Service,Preventive,P0012,Battery degradation,TECH852,Prime Motors,Oil Filter,5643,8600,14243,4.9,2026-01-01,Yes,Pending
S03713,V0396,ESN831824,2025-10-26,Cooling System,Emergency,P0300,Routine inspection,TECH926,AutoMind Central,Brake Pads,3140,18511,21651,1.7,2026-04-24,No,Pending
S03714,V0423,ESN599677,2025-08-13,Engine Diagnostics,Corrective,P0000,Brake wear,TECH745,AutoMind Central,Oil Filter,2136,15496,17632,6.3,2026-02-09,No,Pending
S03715,V0180,ESN885382,2025-08-26,Engine Diagnostics,Preventive,P0012,Battery degradation,TECH583,AutoMind Central,Air Filter,1778,9114,10892,12.0,2026-02-22,No,Pending
S03716,V0099,ESN285369,2025-05-10,Engine Diagnostics,Preventive,P0420,Low oil pressure,TECH427,AutoMind Central,Air Filter,5935,16973,22908,8.1,2025-11-06,No,Completed
S03717,V0142,ESN936317,2025-10-27,Brake Service,Preventive,P0000,Brake wear,TECH551,AutoMind Central,Spark Plug,2212,6549,8761,6.3,2026-04-25,Yes,Completed
S03718,V0188,ESN793593,2025-02-13,Engine Diagnostics,Preventive,P0171,Battery degradation,TECH672,Kerala Truck Service,Brake Pads,5430,10127,15557,5.0,2025-08-12,No,Completed
S03719,V0482,ESN241147,2025-06-25,Routine Service,Preventive,P0012,Engine overheating,TECH192,Kerala Truck Service,Oil Filter,1164,6830,7994,8.9,2025-12-22,Yes,Pending
S03720,V0141,ESN643104,2025-05-05,Routine Service,Corrective,P0012,Routine inspection,TECH501,FleetCare Kochi,Coolant Hose,5604,8104,13708,1.6,2025-11-01,Yes,Pending
S03721,V0176,ESN466424,2025-06-18,Cooling System,Emergency,P0000,Brake wear,TECH916,Prime Motors,Oil Filter,1388,17927,19315,8.1,2025-12-15,Yes,Pending
S03722,V0386,ESN198142,2025-11-04,Brake Service,Preventive,P0420,Engine overheating,TECH294,Kerala Truck Service,Spark Plug,1367,1210,2577,8.5,2026-05-03,No,Pending
S03723,V0024,ESN415273,2025-07-22,Engine Diagnostics,Corrective,P0300,Battery degradation,TECH203,Prime Motors,Air Filter,1472,7329,8801,3.5,2026-01-18,No,Pending
S03724,V0428,ESN664352,2025-12-12,Cooling System,Emergency,P0420,Brake wear,TECH881,AutoMind Central,Battery,1489,13056,14545,7.9,2026-06-10,No,Completed
S03725,V0368,ESN267182,2025-03-27,Routine Service,Emergency,P0012,Battery degradation,TECH577,FleetCare Kochi,Brake Pads,1503,14863,16366,6.1,2025-09-23,Yes,Pending
S03726,V0017,ESN522262,2025-05-08,Engine Diagnostics,Emergency,P0420,Low oil pressure,TECH590,Prime Motors,Coolant Hose,5810,7775,13585,8.1,2025-11-04,Yes,Pending
S03727,V0040,ESN121650,2025-04-28,Oil Change,Preventive,P0000,Brake wear,TECH614,AutoMind Central,Oil Filter,5439,13441,18880,3.7,2025-10-25,No,Pending
S03728,V0423,ESN454126,2025-12-11,Battery Replacement,Corrective,P0420,Brake wear,TECH525,Prime Motors,Air Filter,4515,19689,24204,7.1,2026-06-09,Yes,Pending
S03729,V0248,ESN475557,2025-09-24,Engine Diagnostics,Corrective,P0171,Engine overheating,TECH709,AutoMind Central,Spark Plug,3340,11366,14706,7.4,2026-03-23,No,Completed
S03730,V0225,ESN362761,2025-09-16,Oil Change,Emergency,P0420,Low oil pressure,TECH173,FleetCare Kochi,Oil Filter,1379,18620,19999,2.9,2026-03-15,Yes,Pending
S03731,V0012,ESN800062,2025-07-15,Routine Service,Preventive,P0420,Engine overheating,TECH796,FleetCare Kochi,Oil Filter,2926,15763,18689,5.9,2026-01-11,Yes,Completed
S03732,V0025,ESN439090,2025-12-08,Battery Replacement,Preventive,P0000,Battery degradation,TECH521,AutoMind Central,Oil Filter,2564,2004,4568,11.6,2026-06-06,Yes,Pending
S03733,V0159,ESN522679,2025-08-31,Battery Replacement,Preventive,P0000,Battery degradation,TECH253,Prime Motors,Coolant Hose,1100,16330,17430,7.5,2026-02-27,Yes,Completed
S03734,V0368,ESN702905,2025-05-14,Cooling System,Emergency,P0000,Engine overheating,TECH647,FleetCare Kochi,Spark Plug,1435,13060,14495,6.5,2025-11-10,No,Pending
S03735,V0373,ESN349717,2025-07-30,Battery Replacement,Emergency,P0171,Routine inspection,TECH453,Prime Motors,Air Filter,5197,13251,18448,4.6,2026-01-26,Yes,Pending
S03736,V0381,ESN422422,2025-12-25,Brake Service,Emergency,P0420,Brake wear,TECH808,FleetCare Kochi,Spark Plug,3077,1607,4684,7.5,2026-06-23,No,Pending
S03737,V0144,ESN975748,2025-09-08,Brake Service,Preventive,P0171,Low oil pressure,TECH695,FleetCare Kochi,Oil Filter,3217,19655,22872,5.4,2026-03-07,No,Completed
S03738,V0299,ESN643239,2025-03-31,Cooling System,Corrective,P0420,Routine inspection,TECH233,FleetCare Kochi,Oil Filter,4639,12216,16855,3.1,2025-09-27,Yes,Completed
S03739,V0113,ESN862791,2025-10-09,Engine Diagnostics,Corrective,P0000,Routine inspection,TECH258,FleetCare Kochi,Coolant Hose,3614,15306,18920,5.0,2026-04-07,No,Completed
S03740,V0278,ESN566995,2025-10-25,Routine Service,Emergency,P0000,Engine overheating,TECH528,FleetCare Kochi,Oil Filter,2736,12258,14994,8.6,2026-04-23,No,Pending
S03741,V0021,ESN623315,2025-09-08,Engine Diagnostics,Corrective,P0012,Brake wear,TECH684,FleetCare Kochi,Oil Filter,5303,8944,14247,10.6,2026-03-07,No,Pending
S03742,V0182,ESN164167,2025-07-15,Brake Service,Corrective,P0300,Engine overheating,TECH376,Kerala Truck Service,Spark Plug,3891,9641,13532,1.5,2026-01-11,Yes,Completed
S03743,V0076,ESN807530,2025-01-23,Battery Replacement,Preventive,P0300,Low oil pressure,TECH228,AutoMind Central,Oil Filter,1826,5329,7155,7.8,2025-07-22,No,Completed
S03744,V0335,ESN722769,2025-04-17,Brake Service,Corrective,P0300,Brake wear,TECH314,FleetCare Kochi,Air Filter,2205,13164,15369,2.2,2025-10-14,Yes,Completed
S03745,V0346,ESN706308,2025-01-22,Brake Service,Emergency,P0420,Engine overheating,TECH695,AutoMind Central,Battery,3595,5362,8957,4.0,2025-07-21,Yes,Completed
S03746,V0136,ESN863575,2025-01-21,Battery Replacement,Emergency,P0000,Battery degradation,TECH337,FleetCare Kochi,Air Filter,5050,4357,9407,8.1,2025-07-20,Yes,Completed
S03747,V0323,ESN616260,2025-09-15,Cooling System,Emergency,P0420,Brake wear,TECH319,Prime Motors,Oil Filter,2878,7681,10559,6.5,2026-03-14,No,Pending
S03748,V0037,ESN171891,2025-11-29,Engine Diagnostics,Emergency,P0420,Battery degradation,TECH602,Kerala Truck Service,Spark Plug,1046,5511,6557,7.9,2026-05-28,Yes,Pending
S03749,V0469,ESN787968,2025-04-01,Brake Service,Emergency,P0420,Brake wear,TECH122,FleetCare Kochi,Oil Filter,4982,4460,9442,11.0,2025-09-28,Yes,Completed
S03750,V0180,ESN468261,2025-10-16,Cooling System,Corrective,P0171,Brake wear,TECH235,FleetCare Kochi,Spark Plug,2080,12885,14965,5.1,2026-04-14,No,Completed
S03751,V0389,ESN803797,2025-06-05,Cooling System,Corrective,P0012,Low oil pressure,TECH839,AutoMind Central,Coolant Hose,3145,10173,13318,8.5,2025-12-02,No,Pending
S03752,V0164,ESN414229,2025-09-23,Oil Change,Preventive,P0012,Engine overheating,TECH548,AutoMind Central,Battery,3929,10462,14391,8.9,2026-03-22,Yes,Completed
S03753,V0358,ESN213100,2025-04-06,Engine Diagnostics,Emergency,P0000,Brake wear,TECH914,AutoMind Central,Battery,4449,677,5126,3.3,2025-10-03,No,Pending
S03754,V0235,ESN470378,2025-06-10,Engine Diagnostics,Emergency,P0000,Brake wear,TECH687,Prime Motors,Battery,2334,15425,17759,5.2,2025-12-07,Yes,Pending
S03755,V0432,ESN234479,2025-11-25,Routine Service,Corrective,P0000,Routine inspection,TECH306,FleetCare Kochi,Brake Pads,1077,5319,6396,6.6,2026-05-24,No,Pending
S03756,V0329,ESN831134,2025-10-25,Battery Replacement,Corrective,P0000,Brake wear,TECH894,FleetCare Kochi,Oil Filter,2046,7768,9814,1.5,2026-04-23,No,Pending
S03757,V0338,ESN327159,2025-11-04,Routine Service,Emergency,P0000,Routine inspection,TECH352,Prime Motors,Brake Pads,1631,5794,7425,3.5,2026-05-03,No,Completed
S03758,V0130,ESN214502,2025-03-04,Engine Diagnostics,Preventive,P0000,Engine overheating,TECH884,FleetCare Kochi,Oil Filter,4062,10283,14345,5.8,2025-08-31,Yes,Pending
S03759,V0344,ESN986479,2025-07-13,Battery Replacement,Preventive,P0171,Engine overheating,TECH669,AutoMind Central,Spark Plug,1149,18353,19502,5.2,2026-01-09,No,Pending
S03760,V0246,ESN851984,2025-11-15,Engine Diagnostics,Preventive,P0000,Brake wear,TECH340,FleetCare Kochi,Coolant Hose,5275,3807,9082,2.4,2026-05-14,Yes,Pending
S03761,V0145,ESN699941,2025-04-09,Brake Service,Emergency,P0300,Engine overheating,TECH786,FleetCare Kochi,Air Filter,3105,15291,18396,7.7,2025-10-06,No,Completed
S03762,V0437,ESN256540,2025-05-03,Battery Replacement,Emergency,P0012,Engine overheating,TECH907,AutoMind Central,Coolant Hose,1188,15649,16837,2.5,2025-10-30,No,Pending
S03763,V0136,ESN469697,2025-02-26,Oil Change,Emergency,P0012,Low oil pressure,TECH685,Kerala Truck Service,Oil Filter,5132,14924,20056,6.6,2025-08-25,Yes,Completed
S03764,V0415,ESN693320,2025-11-22,Oil Change,Emergency,P0420,Low oil pressure,TECH134,FleetCare Kochi,Oil Filter,2915,18447,21362,7.0,2026-05-21,No,Pending
S03765,V0355,ESN623631,2025-06-15,Brake Service,Corrective,P0420,Battery degradation,TECH794,Kerala Truck Service,Oil Filter,2111,12239,14350,3.7,2025-12-12,Yes,Completed
S03766,V0079,ESN183632,2025-10-20,Cooling System,Preventive,P0420,Low oil pressure,TECH328,Kerala Truck Service,Air Filter,4731,4168,8899,4.3,2026-04-18,No,Pending
S03767,V0197,ESN633076,2025-12-31,Brake Service,Emergency,P0000,Engine overheating,TECH237,AutoMind Central,Air Filter,5509,9613,15122,6.4,2026-06-29,No,Completed
S03768,V0381,ESN478850,2025-09-19,Cooling System,Corrective,P0012,Low oil pressure,TECH722,Kerala Truck Service,Air Filter,1710,1115,2825,9.2,2026-03-18,No,Pending
S03769,V0377,ESN992138,2025-10-25,Engine Diagnostics,Corrective,P0171,Engine overheating,TECH310,Prime Motors,Oil Filter,2637,15070,17707,9.5,2026-04-23,No,Completed
S03770,V0500,ESN533499,2025-12-15,Battery Replacement,Corrective,P0171,Routine inspection,TECH188,Kerala Truck Service,Brake Pads,1016,19157,20173,11.1,2026-06-13,No,Pending
S03771,V0149,ESN220245,2025-07-29,Engine Diagnostics,Emergency,P0171,Routine inspection,TECH106,AutoMind Central,Coolant Hose,2804,16531,19335,6.8,2026-01-25,No,Pending
S03772,V0352,ESN453374,2025-10-11,Cooling System,Emergency,P0000,Battery degradation,TECH345,Prime Motors,Brake Pads,3433,11191,14624,4.0,2026-04-09,No,Pending
S03773,V0402,ESN708395,2025-08-29,Oil Change,Corrective,P0171,Routine inspection,TECH809,FleetCare Kochi,Brake Pads,4896,816,5712,9.9,2026-02-25,No,Pending
S03774,V0003,ESN433908,2025-12-12,Oil Change,Corrective,P0171,Brake wear,TECH337,Prime Motors,Air Filter,2298,4805,7103,1.7,2026-06-10,No,Completed
S03775,V0139,ESN539414,2025-09-22,Cooling System,Preventive,P0300,Engine overheating,TECH429,FleetCare Kochi,Spark Plug,2131,17271,19402,1.2,2026-03-21,No,Completed
S03776,V0433,ESN849607,2025-05-31,Battery Replacement,Preventive,P0000,Engine overheating,TECH685,Prime Motors,Air Filter,2020,15487,17507,2.3,2025-11-27,Yes,Pending
S03777,V0049,ESN261581,2025-12-21,Routine Service,Emergency,P0420,Battery degradation,TECH785,AutoMind Central,Battery,5104,6995,12099,1.5,2026-06-19,Yes,Completed
S03778,V0302,ESN713668,2025-04-29,Oil Change,Preventive,P0420,Battery degradation,TECH473,Prime Motors,Coolant Hose,5275,15080,20355,4.0,2025-10-26,Yes,Completed
S03779,V0109,ESN307467,2025-09-09,Oil Change,Corrective,P0300,Low oil pressure,TECH732,Kerala Truck Service,Air Filter,2172,10626,12798,7.8,2026-03-08,Yes,Completed
S03780,V0396,ESN191838,2025-04-08,Cooling System,Emergency,P0300,Brake wear,TECH691,Prime Motors,Coolant Hose,3043,18632,21675,9.6,2025-10-05,Yes,Completed
S03781,V0285,ESN717739,2025-06-24,Cooling System,Corrective,P0171,Engine overheating,TECH815,AutoMind Central,Spark Plug,3702,1348,5050,3.0,2025-12-21,No,Pending
S03782,V0232,ESN928315,2025-03-19,Battery Replacement,Emergency,P0000,Battery degradation,TECH219,AutoMind Central,Spark Plug,1352,1972,3324,4.1,2025-09-15,No,Completed
S03783,V0421,ESN796068,2025-12-01,Cooling System,Corrective,P0300,Low oil pressure,TECH214,AutoMind Central,Brake Pads,5265,16529,21794,2.6,2026-05-30,No,Pending
S03784,V0264,ESN120293,2025-06-14,Battery Replacement,Corrective,P0420,Routine inspection,TECH563,Prime Motors,Coolant Hose,2532,2599,5131,8.5,2025-12-11,No,Completed
S03785,V0368,ESN985141,2025-07-11,Battery Replacement,Preventive,P0000,Routine inspection,TECH606,Kerala Truck Service,Oil Filter,2707,11186,13893,10.5,2026-01-07,No,Completed
S03786,V0393,ESN488325,2025-01-19,Battery Replacement,Corrective,P0000,Brake wear,TECH471,Kerala Truck Service,Battery,4260,2648,6908,1.9,2025-07-18,Yes,Completed
S03787,V0210,ESN450758,2025-08-14,Brake Service,Preventive,P0420,Brake wear,TECH322,Prime Motors,Brake Pads,947,5786,6733,8.5,2026-02-10,Yes,Completed
S03788,V0076,ESN516363,2025-09-18,Battery Replacement,Corrective,P0420,Battery degradation,TECH433,FleetCare Kochi,Coolant Hose,3183,15401,18584,3.5,2026-03-17,No,Completed
S03789,V0108,ESN667390,2025-02-20,Engine Diagnostics,Emergency,P0300,Routine inspection,TECH991,FleetCare Kochi,Oil Filter,3323,9988,13311,7.2,2025-08-19,Yes,Completed
S03790,V0146,ESN900063,2025-03-09,Battery Replacement,Emergency,P0000,Routine inspection,TECH688,FleetCare Kochi,Oil Filter,4370,2101,6471,10.4,2025-09-05,Yes,Completed
S03791,V0412,ESN657533,2025-07-17,Cooling System,Preventive,P0000,Battery degradation,TECH904,FleetCare Kochi,Air Filter,5949,14156,20105,10.1,2026-01-13,Yes,Pending
S03792,V0363,ESN340973,2025-07-17,Engine Diagnostics,Corrective,P0171,Routine inspection,TECH909,FleetCare Kochi,Coolant Hose,5116,15988,21104,4.6,2026-01-13,Yes,Pending
S03793,V0396,ESN196759,2025-01-30,Cooling System,Preventive,P0000,Routine inspection,TECH420,Prime Motors,Spark Plug,4046,6793,10839,10.2,2025-07-29,No,Completed
S03794,V0191,ESN365278,2025-05-21,Cooling System,Preventive,P0420,Engine overheating,TECH159,Prime Motors,Oil Filter,3490,9736,13226,1.2,2025-11-17,No,Pending
S03795,V0405,ESN390849,2025-05-30,Battery Replacement,Emergency,P0420,Low oil pressure,TECH225,FleetCare Kochi,Air Filter,4084,2731,6815,4.2,2025-11-26,No,Completed
S03796,V0012,ESN497974,2025-05-14,Engine Diagnostics,Preventive,P0300,Engine overheating,TECH429,Prime Motors,Battery,3789,13515,17304,4.6,2025-11-10,No,Pending
S03797,V0364,ESN864921,2025-11-16,Oil Change,Emergency,P0171,Engine overheating,TECH653,Kerala Truck Service,Spark Plug,3195,16821,20016,1.4,2026-05-15,No,Completed
S03798,V0045,ESN232052,2025-06-23,Cooling System,Corrective,P0171,Low oil pressure,TECH845,Kerala Truck Service,Brake Pads,3934,8882,12816,11.5,2025-12-20,Yes,Pending
S03799,V0380,ESN740154,2025-09-22,Oil Change,Corrective,P0012,Engine overheating,TECH801,Kerala Truck Service,Air Filter,2400,3479,5879,7.2,2026-03-21,Yes,Pending
S03800,V0177,ESN296953,2025-03-10,Brake Service,Corrective,P0171,Battery degradation,TECH595,Kerala Truck Service,Air Filter,2088,13007,15095,11.6,2025-09-06,Yes,Pending
S03801,V0412,ESN646022,2025-06-10,Battery Replacement,Corrective,P0012,Engine overheating,TECH478,Kerala Truck Service,Brake Pads,3643,14800,18443,1.8,2025-12-07,No,Pending
S03802,V0131,ESN732323,2025-07-12,Oil Change,Corrective,P0300,Battery degradation,TECH469,Kerala Truck Service,Battery,3415,3525,6940,9.3,2026-01-08,No,Completed
S03803,V0271,ESN924808,2025-12-17,Oil Change,Emergency,P0300,Battery degradation,TECH669,AutoMind Central,Spark Plug,2355,6810,9165,1.3,2026-06-15,No,Completed
S03804,V0208,ESN338766,2025-11-12,Cooling System,Preventive,P0012,Brake wear,TECH378,Prime Motors,Oil Filter,4224,3686,7910,11.1,2026-05-11,Yes,Pending
S03805,V0362,ESN175603,2025-03-25,Brake Service,Preventive,P0171,Low oil pressure,TECH235,FleetCare Kochi,Oil Filter,5059,17462,22521,2.2,2025-09-21,Yes,Pending
S03806,V0217,ESN686917,2025-01-30,Routine Service,Preventive,P0420,Low oil pressure,TECH850,Kerala Truck Service,Oil Filter,1689,3424,5113,1.7,2025-07-29,No,Completed
S03807,V0417,ESN616149,2025-04-25,Oil Change,Corrective,P0300,Engine overheating,TECH425,FleetCare Kochi,Oil Filter,3713,6173,9886,11.0,2025-10-22,No,Pending
S03808,V0192,ESN531562,2025-06-11,Cooling System,Emergency,P0000,Routine inspection,TECH210,FleetCare Kochi,Air Filter,935,9681,10616,3.3,2025-12-08,No,Completed
S03809,V0252,ESN435436,2025-05-25,Routine Service,Corrective,P0000,Battery degradation,TECH308,AutoMind Central,Brake Pads,2948,12711,15659,7.7,2025-11-21,Yes,Pending
S03810,V0300,ESN930957,2025-10-11,Oil Change,Emergency,P0420,Routine inspection,TECH498,FleetCare Kochi,Spark Plug,4846,16855,21701,11.7,2026-04-09,Yes,Pending
S03811,V0464,ESN376153,2025-09-13,Battery Replacement,Corrective,P0171,Brake wear,TECH233,Prime Motors,Spark Plug,4034,2281,6315,6.3,2026-03-12,No,Pending
S03812,V0173,ESN685348,2025-01-09,Brake Service,Preventive,P0171,Battery degradation,TECH671,Prime Motors,Spark Plug,3541,10967,14508,11.8,2025-07-08,No,Completed
S03813,V0071,ESN796705,2025-07-03,Battery Replacement,Corrective,P0171,Brake wear,TECH884,Prime Motors,Oil Filter,2576,5559,8135,6.5,2025-12-30,No,Completed
S03814,V0318,ESN856891,2025-07-18,Routine Service,Preventive,P0300,Battery degradation,TECH770,Prime Motors,Oil Filter,4913,9424,14337,7.1,2026-01-14,No,Pending
S03815,V0372,ESN282201,2025-07-22,Oil Change,Preventive,P0300,Brake wear,TECH367,Prime Motors,Coolant Hose,5648,5098,10746,8.5,2026-01-18,Yes,Pending
S03816,V0149,ESN354843,2025-06-09,Brake Service,Preventive,P0000,Engine overheating,TECH365,Kerala Truck Service,Coolant Hose,4155,15897,20052,9.6,2025-12-06,Yes,Pending
S03817,V0458,ESN406865,2025-01-03,Brake Service,Preventive,P0420,Battery degradation,TECH910,AutoMind Central,Air Filter,3789,6496,10285,1.5,2025-07-02,Yes,Pending
S03818,V0281,ESN806342,2025-03-04,Engine Diagnostics,Emergency,P0420,Brake wear,TECH273,Kerala Truck Service,Oil Filter,4095,7543,11638,8.5,2025-08-31,No,Pending
S03819,V0252,ESN100763,2025-07-05,Battery Replacement,Corrective,P0012,Engine overheating,TECH252,Prime Motors,Coolant Hose,1342,15364,16706,6.3,2026-01-01,No,Completed
S03820,V0277,ESN571409,2025-05-31,Battery Replacement,Emergency,P0000,Engine overheating,TECH131,AutoMind Central,Oil Filter,3868,8412,12280,8.7,2025-11-27,No,Completed
S03821,V0259,ESN710634,2025-10-18,Engine Diagnostics,Emergency,P0171,Low oil pressure,TECH709,Kerala Truck Service,Oil Filter,3018,3655,6673,11.1,2026-04-16,Yes,Completed
S03822,V0384,ESN753930,2025-11-24,Battery Replacement,Emergency,P0012,Routine inspection,TECH508,Kerala Truck Service,Spark Plug,3363,13963,17326,11.4,2026-05-23,No,Pending
S03823,V0201,ESN622962,2025-03-10,Battery Replacement,Corrective,P0000,Battery degradation,TECH125,Kerala Truck Service,Spark Plug,2192,2869,5061,8.3,2025-09-06,No,Pending
S03824,V0065,ESN135629,2025-04-23,Routine Service,Corrective,P0171,Brake wear,TECH119,Prime Motors,Brake Pads,3295,18414,21709,8.9,2025-10-20,No,Pending
S03825,V0132,ESN936188,2025-08-17,Engine Diagnostics,Corrective,P0000,Brake wear,TECH874,FleetCare Kochi,Spark Plug,1386,12386,13772,2.9,2026-02-13,No,Completed
S03826,V0342,ESN155792,2025-12-07,Oil Change,Emergency,P0420,Engine overheating,TECH730,FleetCare Kochi,Oil Filter,3885,12760,16645,7.9,2026-06-05,No,Pending
S03827,V0136,ESN274493,2025-09-24,Engine Diagnostics,Corrective,P0171,Battery degradation,TECH989,Prime Motors,Battery,4878,11224,16102,3.2,2026-03-23,No,Pending
S03828,V0422,ESN139444,2025-01-05,Routine Service,Emergency,P0000,Battery degradation,TECH263,FleetCare Kochi,Brake Pads,5386,16461,21847,10.1,2025-07-04,No,Completed
S03829,V0223,ESN302279,2025-12-26,Brake Service,Corrective,P0300,Low oil pressure,TECH620,Kerala Truck Service,Coolant Hose,4226,7279,11505,10.7,2026-06-24,No,Completed
S03830,V0300,ESN189921,2025-06-18,Battery Replacement,Emergency,P0012,Routine inspection,TECH545,Kerala Truck Service,Battery,3832,4502,8334,6.6,2025-12-15,Yes,Pending
S03831,V0402,ESN564361,2025-04-19,Cooling System,Preventive,P0012,Battery degradation,TECH759,Prime Motors,Air Filter,4866,18581,23447,6.4,2025-10-16,No,Completed
S03832,V0283,ESN349532,2025-11-19,Battery Replacement,Emergency,P0171,Routine inspection,TECH159,Prime Motors,Spark Plug,5754,2482,8236,1.6,2026-05-18,Yes,Pending
S03833,V0489,ESN567910,2025-06-18,Cooling System,Preventive,P0000,Routine inspection,TECH852,FleetCare Kochi,Battery,5198,17806,23004,5.8,2025-12-15,No,Pending
S03834,V0251,ESN451696,2025-07-31,Oil Change,Emergency,P0012,Engine overheating,TECH506,Kerala Truck Service,Brake Pads,4740,3458,8198,4.8,2026-01-27,No,Completed
S03835,V0346,ESN629855,2025-04-18,Engine Diagnostics,Corrective,P0012,Battery degradation,TECH396,AutoMind Central,Spark Plug,3797,13528,17325,3.3,2025-10-15,Yes,Completed
S03836,V0461,ESN362132,2025-04-28,Cooling System,Emergency,P0420,Brake wear,TECH863,Kerala Truck Service,Oil Filter,3630,4262,7892,8.1,2025-10-25,Yes,Pending
S03837,V0291,ESN211217,2025-11-08,Oil Change,Preventive,P0171,Engine overheating,TECH666,Prime Motors,Battery,5304,12913,18217,6.4,2026-05-07,No,Completed
S03838,V0162,ESN758935,2025-07-03,Battery Replacement,Corrective,P0300,Battery degradation,TECH757,Prime Motors,Oil Filter,5836,6477,12313,10.4,2025-12-30,Yes,Completed
S03839,V0397,ESN966051,2025-04-06,Engine Diagnostics,Preventive,P0000,Brake wear,TECH665,Prime Motors,Air Filter,5111,9136,14247,11.0,2025-10-03,Yes,Pending
S03840,V0163,ESN102376,2025-06-13,Routine Service,Emergency,P0420,Routine inspection,TECH425,Kerala Truck Service,Spark Plug,2363,4343,6706,10.1,2025-12-10,No,Pending
S03841,V0225,ESN993090,2025-04-28,Battery Replacement,Emergency,P0300,Low oil pressure,TECH722,Prime Motors,Air Filter,3134,3242,6376,7.2,2025-10-25,No,Completed
S03842,V0442,ESN777953,2025-04-04,Engine Diagnostics,Preventive,P0171,Engine overheating,TECH132,FleetCare Kochi,Spark Plug,5754,8963,14717,10.8,2025-10-01,No,Completed
S03843,V0467,ESN338915,2025-03-07,Oil Change,Emergency,P0012,Brake wear,TECH320,Prime Motors,Coolant Hose,3501,19784,23285,1.4,2025-09-03,No,Completed
S03844,V0231,ESN552761,2025-01-28,Cooling System,Emergency,P0000,Brake wear,TECH486,Prime Motors,Air Filter,3981,2693,6674,10.9,2025-07-27,Yes,Completed
S03845,V0323,ESN841955,2025-01-28,Battery Replacement,Preventive,P0171,Routine inspection,TECH159,AutoMind Central,Coolant Hose,3078,12972,16050,7.4,2025-07-27,No,Completed
S03846,V0101,ESN948827,2025-10-17,Cooling System,Corrective,P0000,Engine overheating,TECH746,Kerala Truck Service,Brake Pads,1198,7770,8968,3.5,2026-04-15,Yes,Completed
S03847,V0478,ESN379174,2025-07-11,Cooling System,Emergency,P0171,Battery degradation,TECH656,AutoMind Central,Coolant Hose,1793,3218,5011,1.3,2026-01-07,No,Completed
S03848,V0490,ESN410613,2025-05-31,Engine Diagnostics,Emergency,P0420,Routine inspection,TECH215,Prime Motors,Coolant Hose,1918,6494,8412,3.1,2025-11-27,Yes,Pending
S03849,V0034,ESN885422,2025-06-30,Routine Service,Emergency,P0420,Brake wear,TECH257,AutoMind Central,Spark Plug,4400,5299,9699,11.7,2025-12-27,No,Completed
S03850,V0208,ESN907382,2025-01-27,Engine Diagnostics,Corrective,P0300,Low oil pressure,TECH424,AutoMind Central,Oil Filter,5443,16742,22185,1.2,2025-07-26,No,Pending
S03851,V0297,ESN778632,2025-02-22,Battery Replacement,Preventive,P0000,Engine overheating,TECH335,AutoMind Central,Spark Plug,4442,9428,13870,1.6,2025-08-21,Yes,Pending
S03852,V0219,ESN694158,2025-09-01,Oil Change,Preventive,P0012,Battery degradation,TECH607,Prime Motors,Coolant Hose,4220,2472,6692,7.5,2026-02-28,No,Pending
S03853,V0060,ESN411415,2025-10-28,Brake Service,Emergency,P0171,Routine inspection,TECH194,FleetCare Kochi,Oil Filter,4702,3110,7812,1.7,2026-04-26,Yes,Completed
S03854,V0033,ESN362259,2025-01-31,Engine Diagnostics,Emergency,P0420,Brake wear,TECH883,Prime Motors,Brake Pads,5824,12702,18526,7.7,2025-07-30,Yes,Pending
S03855,V0375,ESN498628,2025-12-12,Cooling System,Emergency,P0012,Battery degradation,TECH812,AutoMind Central,Oil Filter,4169,4871,9040,10.5,2026-06-10,Yes,Pending
S03856,V0030,ESN601994,2025-04-20,Battery Replacement,Emergency,P0000,Brake wear,TECH313,FleetCare Kochi,Coolant Hose,2007,3256,5263,8.9,2025-10-17,Yes,Pending
S03857,V0320,ESN904942,2025-01-25,Engine Diagnostics,Preventive,P0171,Brake wear,TECH661,AutoMind Central,Coolant Hose,3941,11997,15938,11.4,2025-07-24,No,Pending
S03858,V0178,ESN124627,2025-05-15,Engine Diagnostics,Emergency,P0300,Brake wear,TECH120,Prime Motors,Brake Pads,3434,2179,5613,3.7,2025-11-11,Yes,Pending
S03859,V0202,ESN571407,2025-03-22,Battery Replacement,Preventive,P0420,Brake wear,TECH852,AutoMind Central,Brake Pads,3385,9126,12511,4.2,2025-09-18,Yes,Completed
S03860,V0325,ESN794468,2025-01-30,Brake Service,Corrective,P0300,Low oil pressure,TECH917,AutoMind Central,Oil Filter,1203,1588,2791,1.5,2025-07-29,Yes,Completed
S03861,V0389,ESN355929,2025-04-01,Oil Change,Preventive,P0000,Routine inspection,TECH434,Prime Motors,Brake Pads,3311,19132,22443,3.4,2025-09-28,No,Completed
S03862,V0116,ESN711886,2025-11-11,Oil Change,Corrective,P0171,Routine inspection,TECH286,AutoMind Central,Air Filter,1110,17543,18653,4.8,2026-05-10,Yes,Pending
S03863,V0106,ESN920215,2025-04-05,Battery Replacement,Corrective,P0420,Low oil pressure,TECH154,Kerala Truck Service,Air Filter,4093,1315,5408,2.3,2025-10-02,Yes,Completed
S03864,V0224,ESN754067,2025-11-28,Brake Service,Emergency,P0300,Battery degradation,TECH271,AutoMind Central,Brake Pads,1705,11053,12758,3.7,2026-05-27,No,Pending
S03865,V0123,ESN688470,2025-07-18,Battery Replacement,Preventive,P0000,Engine overheating,TECH721,AutoMind Central,Brake Pads,4004,6137,10141,2.9,2026-01-14,Yes,Completed
S03866,V0154,ESN872455,2025-03-26,Cooling System,Preventive,P0012,Engine overheating,TECH719,Prime Motors,Brake Pads,1852,14285,16137,2.5,2025-09-22,No,Pending
S03867,V0089,ESN985234,2025-05-13,Battery Replacement,Corrective,P0012,Low oil pressure,TECH607,AutoMind Central,Spark Plug,5697,1821,7518,3.6,2025-11-09,Yes,Completed
S03868,V0216,ESN292930,2025-05-03,Battery Replacement,Emergency,P0300,Low oil pressure,TECH718,AutoMind Central,Coolant Hose,999,4395,5394,5.0,2025-10-30,Yes,Completed
S03869,V0439,ESN684004,2025-04-02,Brake Service,Corrective,P0420,Battery degradation,TECH416,FleetCare Kochi,Spark Plug,3841,1506,5347,4.8,2025-09-29,No,Pending
S03870,V0116,ESN791808,2025-10-09,Brake Service,Corrective,P0300,Routine inspection,TECH564,AutoMind Central,Spark Plug,4465,19029,23494,7.6,2026-04-07,No,Completed
S03871,V0162,ESN122639,2025-08-29,Routine Service,Emergency,P0420,Engine overheating,TECH449,FleetCare Kochi,Air Filter,2556,12653,15209,3.2,2026-02-25,No,Completed
S03872,V0466,ESN618309,2025-07-24,Engine Diagnostics,Emergency,P0420,Engine overheating,TECH163,FleetCare Kochi,Spark Plug,5677,5544,11221,2.8,2026-01-20,No,Pending
S03873,V0499,ESN885437,2025-06-30,Cooling System,Emergency,P0420,Routine inspection,TECH742,AutoMind Central,Battery,1575,2762,4337,2.3,2025-12-27,Yes,Completed
S03874,V0374,ESN475441,2025-04-05,Routine Service,Corrective,P0000,Routine inspection,TECH503,Prime Motors,Coolant Hose,2234,8836,11070,12.0,2025-10-02,Yes,Completed
S03875,V0371,ESN462789,2025-02-05,Cooling System,Preventive,P0420,Engine overheating,TECH651,Prime Motors,Brake Pads,1074,18753,19827,3.1,2025-08-04,No,Pending
S03876,V0115,ESN396241,2025-06-27,Brake Service,Preventive,P0012,Brake wear,TECH885,FleetCare Kochi,Battery,5460,16603,22063,2.7,2025-12-24,No,Pending
S03877,V0025,ESN910352,2025-06-26,Brake Service,Preventive,P0000,Routine inspection,TECH241,Prime Motors,Air Filter,2172,4169,6341,4.2,2025-12-23,No,Pending
S03878,V0469,ESN756549,2025-03-10,Battery Replacement,Emergency,P0420,Brake wear,TECH196,Kerala Truck Service,Coolant Hose,2163,19512,21675,3.1,2025-09-06,Yes,Completed
S03879,V0489,ESN199486,2025-03-02,Oil Change,Preventive,P0000,Battery degradation,TECH820,Prime Motors,Coolant Hose,4900,9774,14674,9.3,2025-08-29,No,Completed
S03880,V0051,ESN575822,2025-11-27,Cooling System,Preventive,P0300,Routine inspection,TECH503,AutoMind Central,Oil Filter,3339,4206,7545,2.4,2026-05-26,No,Pending
S03881,V0131,ESN638706,2025-11-10,Battery Replacement,Emergency,P0300,Engine overheating,TECH515,FleetCare Kochi,Coolant Hose,5144,1357,6501,7.4,2026-05-09,No,Pending
S03882,V0479,ESN150465,2025-08-01,Oil Change,Emergency,P0300,Routine inspection,TECH560,Kerala Truck Service,Oil Filter,2299,15781,18080,3.4,2026-01-28,Yes,Completed
S03883,V0416,ESN779330,2025-08-20,Battery Replacement,Emergency,P0171,Routine inspection,TECH800,AutoMind Central,Battery,2409,11696,14105,1.9,2026-02-16,Yes,Completed
S03884,V0158,ESN507004,2025-07-07,Battery Replacement,Corrective,P0171,Battery degradation,TECH558,Kerala Truck Service,Coolant Hose,2294,16143,18437,1.8,2026-01-03,No,Pending
S03885,V0067,ESN820204,2025-01-11,Engine Diagnostics,Corrective,P0012,Battery degradation,TECH143,Kerala Truck Service,Oil Filter,2441,14641,17082,10.4,2025-07-10,Yes,Completed
S03886,V0121,ESN836543,2025-04-21,Brake Service,Preventive,P0171,Low oil pressure,TECH783,Prime Motors,Brake Pads,5635,885,6520,11.2,2025-10-18,No,Pending
S03887,V0320,ESN722204,2025-03-31,Cooling System,Corrective,P0420,Routine inspection,TECH177,Kerala Truck Service,Battery,822,12639,13461,1.6,2025-09-27,No,Pending
S03888,V0156,ESN594334,2025-11-23,Cooling System,Emergency,P0420,Battery degradation,TECH442,FleetCare Kochi,Spark Plug,5131,9059,14190,8.5,2026-05-22,Yes,Pending
S03889,V0158,ESN351884,2025-08-02,Engine Diagnostics,Preventive,P0012,Low oil pressure,TECH766,Prime Motors,Air Filter,4141,14518,18659,4.9,2026-01-29,No,Pending
S03890,V0191,ESN733885,2025-04-30,Routine Service,Emergency,P0012,Engine overheating,TECH700,AutoMind Central,Battery,1408,18954,20362,2.8,2025-10-27,No,Pending
S03891,V0452,ESN618101,2025-12-25,Routine Service,Emergency,P0171,Routine inspection,TECH125,AutoMind Central,Brake Pads,5337,9043,14380,1.2,2026-06-23,Yes,Pending
S03892,V0235,ESN583758,2025-07-03,Oil Change,Corrective,P0171,Battery degradation,TECH869,AutoMind Central,Brake Pads,1031,7485,8516,4.3,2025-12-30,Yes,Pending
S03893,V0480,ESN220663,2025-11-13,Cooling System,Corrective,P0420,Low oil pressure,TECH288,Prime Motors,Spark Plug,5661,2519,8180,2.0,2026-05-12,Yes,Completed
S03894,V0390,ESN500468,2025-03-25,Brake Service,Emergency,P0012,Low oil pressure,TECH549,AutoMind Central,Air Filter,1130,10901,12031,1.7,2025-09-21,Yes,Completed
S03895,V0299,ESN830817,2025-12-04,Brake Service,Emergency,P0300,Battery degradation,TECH892,Prime Motors,Oil Filter,5852,9667,15519,11.7,2026-06-02,No,Pending
S03896,V0474,ESN415430,2025-08-03,Engine Diagnostics,Preventive,P0300,Brake wear,TECH451,AutoMind Central,Coolant Hose,1413,9915,11328,8.2,2026-01-30,No,Pending
S03897,V0142,ESN227084,2025-05-16,Engine Diagnostics,Corrective,P0300,Battery degradation,TECH526,Kerala Truck Service,Battery,1807,3544,5351,7.9,2025-11-12,Yes,Pending
S03898,V0473,ESN932146,2025-02-22,Cooling System,Preventive,P0000,Battery degradation,TECH240,Kerala Truck Service,Air Filter,1905,4796,6701,2.3,2025-08-21,Yes,Completed
S03899,V0238,ESN477050,2025-11-03,Oil Change,Preventive,P0420,Routine inspection,TECH520,Prime Motors,Oil Filter,5082,1167,6249,3.4,2026-05-02,Yes,Pending
S03900,V0013,ESN949536,2025-06-05,Engine Diagnostics,Emergency,P0300,Engine overheating,TECH313,Prime Motors,Brake Pads,3610,19315,22925,7.5,2025-12-02,No,Pending
S03901,V0423,ESN658265,2025-10-05,Cooling System,Preventive,P0012,Battery degradation,TECH102,AutoMind Central,Brake Pads,1932,7405,9337,7.1,2026-04-03,Yes,Pending
S03902,V0077,ESN638269,2025-02-20,Cooling System,Emergency,P0012,Low oil pressure,TECH526,Kerala Truck Service,Coolant Hose,1642,11340,12982,6.8,2025-08-19,No,Pending
S03903,V0335,ESN531840,2025-10-11,Battery Replacement,Corrective,P0171,Low oil pressure,TECH144,AutoMind Central,Battery,4471,19792,24263,2.4,2026-04-09,No,Completed
S03904,V0267,ESN638775,2025-06-25,Brake Service,Emergency,P0012,Engine overheating,TECH912,AutoMind Central,Air Filter,5800,12935,18735,9.9,2025-12-22,Yes,Pending
S03905,V0481,ESN189851,2025-09-12,Cooling System,Emergency,P0171,Low oil pressure,TECH431,Prime Motors,Brake Pads,5613,11053,16666,8.3,2026-03-11,No,Pending
S03906,V0006,ESN799497,2025-05-18,Routine Service,Emergency,P0171,Battery degradation,TECH326,Prime Motors,Spark Plug,3456,12109,15565,4.4,2025-11-14,Yes,Completed
S03907,V0322,ESN246315,2025-05-30,Engine Diagnostics,Preventive,P0420,Routine inspection,TECH628,AutoMind Central,Battery,2959,18946,21905,5.8,2025-11-26,No,Completed
S03908,V0070,ESN404570,2025-12-28,Brake Service,Corrective,P0171,Battery degradation,TECH217,Kerala Truck Service,Coolant Hose,4834,6540,11374,7.2,2026-06-26,No,Completed
S03909,V0051,ESN812160,2025-05-14,Cooling System,Corrective,P0012,Battery degradation,TECH887,Prime Motors,Air Filter,4039,7747,11786,6.6,2025-11-10,Yes,Completed
S03910,V0150,ESN937837,2025-08-28,Routine Service,Corrective,P0420,Engine overheating,TECH240,AutoMind Central,Oil Filter,1297,6683,7980,5.5,2026-02-24,Yes,Pending
S03911,V0158,ESN664800,2025-09-06,Engine Diagnostics,Emergency,P0420,Low oil pressure,TECH363,FleetCare Kochi,Coolant Hose,3523,5529,9052,10.0,2026-03-05,Yes,Pending
S03912,V0266,ESN915773,2025-02-01,Oil Change,Corrective,P0012,Battery degradation,TECH254,AutoMind Central,Oil Filter,4104,4811,8915,3.5,2025-07-31,Yes,Pending
S03913,V0259,ESN152249,2025-10-22,Brake Service,Corrective,P0000,Low oil pressure,TECH453,AutoMind Central,Air Filter,5003,2105,7108,9.2,2026-04-20,Yes,Pending
S03914,V0377,ESN628501,2025-06-06,Oil Change,Preventive,P0420,Routine inspection,TECH979,Prime Motors,Oil Filter,2787,18046,20833,10.8,2025-12-03,Yes,Pending
S03915,V0290,ESN912039,2025-03-19,Cooling System,Preventive,P0000,Routine inspection,TECH150,Prime Motors,Battery,5613,6964,12577,7.5,2025-09-15,No,Completed
S03916,V0222,ESN728292,2025-11-22,Engine Diagnostics,Preventive,P0420,Engine overheating,TECH944,FleetCare Kochi,Battery,3156,9632,12788,8.4,2026-05-21,Yes,Pending
S03917,V0402,ESN693460,2025-08-03,Cooling System,Emergency,P0300,Low oil pressure,TECH345,FleetCare Kochi,Battery,5083,1647,6730,9.1,2026-01-30,Yes,Completed
S03918,V0476,ESN371447,2025-03-04,Routine Service,Corrective,P0171,Routine inspection,TECH763,Kerala Truck Service,Coolant Hose,5224,13140,18364,7.9,2025-08-31,Yes,Pending
S03919,V0192,ESN524801,2025-06-06,Cooling System,Emergency,P0300,Routine inspection,TECH630,FleetCare Kochi,Air Filter,973,4124,5097,8.2,2025-12-03,Yes,Pending
S03920,V0497,ESN843596,2025-05-23,Oil Change,Corrective,P0012,Battery degradation,TECH362,FleetCare Kochi,Brake Pads,4603,17110,21713,7.7,2025-11-19,No,Pending
S03921,V0274,ESN195031,2025-11-21,Engine Diagnostics,Preventive,P0012,Brake wear,TECH758,AutoMind Central,Air Filter,2411,4098,6509,11.6,2026-05-20,No,Completed
S03922,V0229,ESN601646,2025-06-01,Brake Service,Preventive,P0000,Low oil pressure,TECH192,Kerala Truck Service,Oil Filter,3767,10071,13838,7.2,2025-11-28,No,Pending
S03923,V0337,ESN144035,2025-02-22,Routine Service,Corrective,P0300,Routine inspection,TECH111,AutoMind Central,Spark Plug,3443,11859,15302,5.5,2025-08-21,No,Completed
S03924,V0071,ESN176310,2025-10-15,Battery Replacement,Preventive,P0012,Brake wear,TECH863,FleetCare Kochi,Coolant Hose,2945,17687,20632,9.0,2026-04-13,Yes,Completed
S03925,V0403,ESN271654,2025-07-23,Cooling System,Corrective,P0171,Brake wear,TECH182,Prime Motors,Air Filter,2670,16910,19580,6.7,2026-01-19,Yes,Completed
S03926,V0169,ESN664607,2025-06-19,Routine Service,Preventive,P0012,Battery degradation,TECH875,Kerala Truck Service,Air Filter,2472,863,3335,1.9,2025-12-16,No,Pending
S03927,V0389,ESN126287,2025-02-19,Cooling System,Emergency,P0000,Engine overheating,TECH851,Prime Motors,Oil Filter,1847,6860,8707,8.9,2025-08-18,No,Pending
S03928,V0050,ESN483326,2025-09-30,Oil Change,Preventive,P0300,Brake wear,TECH387,Kerala Truck Service,Battery,2842,10145,12987,7.2,2026-03-29,No,Pending
S03929,V0308,ESN514299,2025-06-04,Engine Diagnostics,Corrective,P0300,Brake wear,TECH125,AutoMind Central,Air Filter,5222,941,6163,10.3,2025-12-01,No,Pending
S03930,V0248,ESN460252,2025-05-10,Routine Service,Corrective,P0012,Battery degradation,TECH657,Kerala Truck Service,Oil Filter,4638,4321,8959,7.0,2025-11-06,Yes,Pending
S03931,V0141,ESN744836,2025-07-28,Engine Diagnostics,Emergency,P0000,Battery degradation,TECH330,FleetCare Kochi,Air Filter,2929,16313,19242,1.4,2026-01-24,Yes,Completed
S03932,V0113,ESN231039,2025-03-20,Battery Replacement,Preventive,P0300,Low oil pressure,TECH790,AutoMind Central,Battery,3868,925,4793,4.6,2025-09-16,Yes,Pending
S03933,V0261,ESN927485,2025-02-17,Engine Diagnostics,Emergency,P0420,Low oil pressure,TECH544,FleetCare Kochi,Battery,4775,13837,18612,7.6,2025-08-16,No,Pending
S03934,V0074,ESN252789,2025-05-26,Brake Service,Emergency,P0300,Brake wear,TECH203,Kerala Truck Service,Spark Plug,5895,16474,22369,4.8,2025-11-22,No,Pending
S03935,V0411,ESN507061,2025-03-22,Cooling System,Preventive,P0000,Engine overheating,TECH922,Kerala Truck Service,Air Filter,1460,7973,9433,2.7,2025-09-18,No,Pending
S03936,V0456,ESN451152,2025-06-19,Brake Service,Preventive,P0171,Engine overheating,TECH169,Prime Motors,Brake Pads,2700,2354,5054,3.3,2025-12-16,No,Pending
S03937,V0188,ESN668004,2025-07-18,Battery Replacement,Corrective,P0171,Brake wear,TECH796,Prime Motors,Brake Pads,2920,934,3854,10.0,2026-01-14,No,Completed
S03938,V0156,ESN394808,2025-08-30,Oil Change,Emergency,P0000,Brake wear,TECH894,Prime Motors,Air Filter,3339,12862,16201,7.1,2026-02-26,Yes,Completed
S03939,V0413,ESN273791,2025-01-11,Engine Diagnostics,Emergency,P0420,Routine inspection,TECH548,Kerala Truck Service,Battery,1071,12797,13868,9.4,2025-07-10,Yes,Pending
S03940,V0065,ESN897216,2025-07-04,Brake Service,Corrective,P0000,Battery degradation,TECH365,AutoMind Central,Spark Plug,5322,8929,14251,9.3,2025-12-31,No,Completed
S03941,V0124,ESN697470,2025-11-08,Routine Service,Preventive,P0000,Battery degradation,TECH736,Prime Motors,Coolant Hose,941,12205,13146,7.6,2026-05-07,No,Pending
S03942,V0226,ESN380644,2025-03-24,Engine Diagnostics,Emergency,P0300,Battery degradation,TECH270,Prime Motors,Spark Plug,4262,7653,11915,11.1,2025-09-20,Yes,Completed
S03943,V0177,ESN943002,2025-04-22,Routine Service,Emergency,P0300,Low oil pressure,TECH304,Prime Motors,Battery,5675,12113,17788,11.4,2025-10-19,No,Pending
S03944,V0057,ESN681992,2025-08-19,Routine Service,Preventive,P0012,Engine overheating,TECH479,Prime Motors,Coolant Hose,1772,5759,7531,5.4,2026-02-15,Yes,Completed
S03945,V0266,ESN224834,2025-02-18,Cooling System,Emergency,P0012,Brake wear,TECH753,AutoMind Central,Coolant Hose,1884,14798,16682,9.2,2025-08-17,No,Completed
S03946,V0036,ESN307185,2025-07-16,Battery Replacement,Preventive,P0000,Engine overheating,TECH225,AutoMind Central,Coolant Hose,4756,7903,12659,10.8,2026-01-12,Yes,Pending
S03947,V0129,ESN290151,2025-12-22,Oil Change,Corrective,P0420,Brake wear,TECH666,FleetCare Kochi,Oil Filter,2321,7732,10053,6.1,2026-06-20,No,Completed
S03948,V0019,ESN660793,2025-11-06,Engine Diagnostics,Corrective,P0420,Low oil pressure,TECH767,Prime Motors,Spark Plug,1725,12270,13995,2.6,2026-05-05,Yes,Pending
S03949,V0185,ESN406944,2025-05-25,Routine Service,Corrective,P0000,Routine inspection,TECH739,AutoMind Central,Coolant Hose,3420,16179,19599,5.9,2025-11-21,No,Pending
S03950,V0062,ESN503287,2025-12-16,Oil Change,Preventive,P0171,Battery degradation,TECH808,Kerala Truck Service,Coolant Hose,3927,12114,16041,2.8,2026-06-14,Yes,Pending
S03951,V0156,ESN317349,2025-07-24,Cooling System,Emergency,P0000,Low oil pressure,TECH176,FleetCare Kochi,Battery,1631,9212,10843,5.3,2026-01-20,Yes,Pending
S03952,V0087,ESN581597,2025-05-09,Cooling System,Preventive,P0420,Engine overheating,TECH779,Prime Motors,Coolant Hose,5552,12404,17956,1.8,2025-11-05,No,Pending
S03953,V0411,ESN490726,2025-06-16,Engine Diagnostics,Preventive,P0300,Brake wear,TECH919,FleetCare Kochi,Brake Pads,951,12519,13470,2.1,2025-12-13,No,Completed
S03954,V0142,ESN380402,2025-12-29,Engine Diagnostics,Corrective,P0300,Low oil pressure,TECH305,FleetCare Kochi,Coolant Hose,811,15607,16418,7.8,2026-06-27,Yes,Completed
S03955,V0440,ESN826073,2025-09-03,Cooling System,Corrective,P0300,Low oil pressure,TECH923,FleetCare Kochi,Coolant Hose,2800,12449,15249,1.7,2026-03-02,Yes,Pending
S03956,V0367,ESN386380,2025-12-08,Oil Change,Emergency,P0171,Routine inspection,TECH886,FleetCare Kochi,Battery,1890,3293,5183,9.8,2026-06-06,Yes,Completed
S03957,V0118,ESN691126,2025-01-17,Battery Replacement,Preventive,P0420,Brake wear,TECH394,FleetCare Kochi,Coolant Hose,1245,14847,16092,1.6,2025-07-16,No,Pending
S03958,V0305,ESN387348,2025-05-03,Oil Change,Emergency,P0012,Routine inspection,TECH688,Prime Motors,Coolant Hose,3924,16502,20426,4.6,2025-10-30,No,Pending
S03959,V0389,ESN999043,2025-10-30,Cooling System,Preventive,P0300,Brake wear,TECH376,Kerala Truck Service,Spark Plug,5109,7121,12230,6.6,2026-04-28,No,Pending
S03960,V0188,ESN411187,2025-04-30,Cooling System,Corrective,P0300,Battery degradation,TECH549,FleetCare Kochi,Coolant Hose,5792,18055,23847,11.1,2025-10-27,No,Completed
S03961,V0116,ESN213669,2025-10-29,Routine Service,Preventive,P0171,Routine inspection,TECH280,FleetCare Kochi,Spark Plug,5650,16215,21865,7.0,2026-04-27,No,Completed
S03962,V0289,ESN901263,2025-07-28,Engine Diagnostics,Emergency,P0420,Routine inspection,TECH306,Kerala Truck Service,Coolant Hose,5841,7812,13653,3.9,2026-01-24,Yes,Pending
S03963,V0020,ESN186502,2025-05-01,Oil Change,Preventive,P0420,Engine overheating,TECH879,Kerala Truck Service,Brake Pads,5973,5463,11436,6.2,2025-10-28,No,Pending
S03964,V0265,ESN889453,2025-04-21,Routine Service,Corrective,P0012,Brake wear,TECH242,AutoMind Central,Brake Pads,4871,12582,17453,4.8,2025-10-18,Yes,Pending
S03965,V0341,ESN903198,2025-04-01,Brake Service,Corrective,P0171,Battery degradation,TECH252,AutoMind Central,Coolant Hose,3201,16213,19414,11.6,2025-09-28,No,Completed
S03966,V0402,ESN509842,2025-04-03,Engine Diagnostics,Preventive,P0171,Engine overheating,TECH269,Prime Motors,Coolant Hose,1243,5774,7017,2.3,2025-09-30,Yes,Completed
S03967,V0368,ESN670632,2025-10-21,Cooling System,Emergency,P0012,Low oil pressure,TECH392,FleetCare Kochi,Oil Filter,2385,11042,13427,11.2,2026-04-19,Yes,Pending
S03968,V0296,ESN267863,2025-03-14,Routine Service,Corrective,P0012,Brake wear,TECH643,FleetCare Kochi,Oil Filter,3264,5766,9030,1.4,2025-09-10,No,Completed
S03969,V0418,ESN230457,2025-09-24,Oil Change,Preventive,P0012,Brake wear,TECH677,Kerala Truck Service,Brake Pads,5445,14228,19673,11.7,2026-03-23,Yes,Completed
S03970,V0225,ESN451155,2025-05-01,Routine Service,Preventive,P0012,Battery degradation,TECH300,AutoMind Central,Oil Filter,2486,12238,14724,9.0,2025-10-28,Yes,Completed
S03971,V0121,ESN646924,2025-06-21,Cooling System,Emergency,P0000,Routine inspection,TECH296,FleetCare Kochi,Oil Filter,2452,14572,17024,1.4,2025-12-18,Yes,Completed
S03972,V0133,ESN973899,2025-09-04,Cooling System,Emergency,P0012,Brake wear,TECH192,Prime Motors,Spark Plug,2305,7759,10064,9.9,2026-03-03,Yes,Completed
S03973,V0358,ESN446520,2025-07-09,Engine Diagnostics,Emergency,P0000,Low oil pressure,TECH875,Kerala Truck Service,Air Filter,4231,2962,7193,11.3,2026-01-05,No,Completed
S03974,V0217,ESN907396,2025-11-20,Engine Diagnostics,Emergency,P0171,Battery degradation,TECH359,AutoMind Central,Coolant Hose,2511,7692,10203,7.3,2026-05-19,No,Pending
S03975,V0445,ESN157303,2025-03-23,Cooling System,Corrective,P0000,Low oil pressure,TECH352,Kerala Truck Service,Spark Plug,1968,7757,9725,5.7,2025-09-19,Yes,Pending
S03976,V0405,ESN277268,2025-01-21,Brake Service,Emergency,P0300,Low oil pressure,TECH379,FleetCare Kochi,Brake Pads,4378,14886,19264,11.5,2025-07-20,No,Pending
S03977,V0131,ESN417034,2025-02-13,Oil Change,Corrective,P0000,Battery degradation,TECH813,FleetCare Kochi,Coolant Hose,1513,1979,3492,4.0,2025-08-12,Yes,Completed
S03978,V0335,ESN666612,2025-08-08,Engine Diagnostics,Preventive,P0171,Brake wear,TECH319,FleetCare Kochi,Coolant Hose,4260,16271,20531,1.9,2026-02-04,No,Completed
S03979,V0119,ESN599483,2025-02-08,Engine Diagnostics,Emergency,P0420,Low oil pressure,TECH111,FleetCare Kochi,Oil Filter,1567,7402,8969,3.8,2025-08-07,No,Pending
S03980,V0076,ESN558533,2025-06-26,Battery Replacement,Emergency,P0420,Battery degradation,TECH876,Kerala Truck Service,Air Filter,1675,1871,3546,10.6,2025-12-23,No,Pending
S03981,V0370,ESN167118,2025-08-21,Battery Replacement,Preventive,P0171,Engine overheating,TECH805,Kerala Truck Service,Air Filter,2429,12672,15101,11.1,2026-02-17,No,Completed
S03982,V0397,ESN263031,2025-06-12,Routine Service,Emergency,P0012,Low oil pressure,TECH603,AutoMind Central,Battery,1851,13602,15453,9.6,2025-12-09,No,Completed
S03983,V0076,ESN203181,2025-09-13,Oil Change,Preventive,P0012,Engine overheating,TECH155,Prime Motors,Spark Plug,3569,11710,15279,11.6,2026-03-12,No,Completed
S03984,V0076,ESN975898,2025-05-19,Routine Service,Emergency,P0300,Low oil pressure,TECH751,Kerala Truck Service,Oil Filter,2364,17899,20263,9.4,2025-11-15,No,Pending
S03985,V0051,ESN824314,2025-10-31,Cooling System,Corrective,P0012,Brake wear,TECH115,FleetCare Kochi,Brake Pads,4682,4255,8937,4.9,2026-04-29,Yes,Completed
S03986,V0351,ESN147798,2025-11-01,Cooling System,Emergency,P0000,Engine overheating,TECH882,Prime Motors,Coolant Hose,2607,2425,5032,3.2,2026-04-30,Yes,Completed
S03987,V0013,ESN317382,2025-09-02,Routine Service,Emergency,P0300,Routine inspection,TECH328,Prime Motors,Oil Filter,4778,19235,24013,7.0,2026-03-01,No,Completed
S03988,V0466,ESN909882,2025-04-19,Routine Service,Corrective,P0171,Brake wear,TECH579,FleetCare Kochi,Air Filter,2053,14594,16647,4.5,2025-10-16,No,Completed
S03989,V0215,ESN841365,2025-03-23,Engine Diagnostics,Corrective,P0171,Engine overheating,TECH936,AutoMind Central,Coolant Hose,4189,10635,14824,10.9,2025-09-19,Yes,Pending
S03990,V0477,ESN627786,2025-04-04,Brake Service,Corrective,P0420,Routine inspection,TECH975,Prime Motors,Coolant Hose,5768,6705,12473,9.6,2025-10-01,Yes,Pending
S03991,V0155,ESN221227,2025-07-04,Engine Diagnostics,Preventive,P0300,Low oil pressure,TECH486,AutoMind Central,Brake Pads,5802,11310,17112,5.6,2025-12-31,No,Completed
S03992,V0195,ESN723046,2025-01-21,Oil Change,Preventive,P0012,Battery degradation,TECH896,Kerala Truck Service,Oil Filter,2723,8352,11075,2.1,2025-07-20,No,Completed
S03993,V0216,ESN336440,2025-12-01,Cooling System,Corrective,P0012,Brake wear,TECH609,FleetCare Kochi,Air Filter,2506,13368,15874,11.0,2026-05-30,No,Pending
S03994,V0495,ESN461427,2025-11-28,Oil Change,Preventive,P0000,Routine inspection,TECH256,Kerala Truck Service,Battery,4872,11045,15917,10.4,2026-05-27,Yes,Completed
S03995,V0292,ESN167640,2025-07-23,Cooling System,Emergency,P0300,Battery degradation,TECH558,AutoMind Central,Battery,3866,6514,10380,6.3,2026-01-19,Yes,Pending
S03996,V0440,ESN115121,2025-04-14,Battery Replacement,Preventive,P0420,Battery degradation,TECH492,FleetCare Kochi,Oil Filter,1965,11359,13324,5.6,2025-10-11,Yes,Completed
S03997,V0115,ESN723919,2025-05-17,Routine Service,Corrective,P0420,Engine overheating,TECH457,Kerala Truck Service,Coolant Hose,2318,1653,3971,2.7,2025-11-13,No,Completed
S03998,V0228,ESN918887,2025-10-04,Brake Service,Emergency,P0000,Brake wear,TECH867,FleetCare Kochi,Battery,2718,12656,15374,1.9,2026-04-02,No,Completed
S03999,V0291,ESN354990,2025-02-03,Brake Service,Corrective,P0420,Engine overheating,TECH805,FleetCare Kochi,Air Filter,5128,12226,17354,1.2,2025-08-02,No,Pending
S04000,V0413,ESN235585,2025-12-28,Routine Service,Preventive,P0420,Brake wear,TECH132,Prime Motors,Air Filter,2997,7377,10374,7.7,2026-06-26,Yes,Completed
