trip_id,vehicle_id,driver_id,route_id,start_time,end_time,distance_km,trip_status,average_speed_kmph,weather_id
T00001,V0161,D0096,R009,2025-02-15T08:18:00,2025-02-15T09:18:00,65,Completed,65.0,W20250215
T00002,V0090,D0512,R072,2025-10-28T09:22:00,2025-10-28T13:23:00,75,Completed,18.7,W20251028
T00003,V0264,D0149,R018,2025-04-09T03:04:00,2025-04-09T04:33:00,85,Cancelled,57.3,W20250409
T00004,V0433,D0658,R010,2025-01-11T23:19:00,2025-01-12T01:49:00,75,Completed,30.0,W20250111
T00005,V0324,D0214,R066,2025-09-29T03:16:00,2025-09-29T05:39:00,85,Completed,35.7,W20250929
T00006,V0396,D0491,R038,2025-01-26T00:30:00,2025-01-26T05:10:00,95,Completed,20.4,W20250126
T00007,V0070,D0537,R045,2025-04-28T03:20:00,2025-04-28T07:03:00,70,Completed,18.8,W20250428
T00008,V0104,D0080,R020,2025-12-18T07:11:00,2025-12-18T10:23:00,65,Cancelled,20.3,W20251218
T00009,V0358,D0317,R032,2025-10-18T00:24:00,2025-10-18T05:04:00,75,Completed,16.1,W20251018
T00010,V0014,D0145,R100,2025-04-06T00:58:00,2025-04-06T01:47:00,75,Completed,91.8,W20250406
T00011,V0208,D0406,R005,2025-08-13T03:16:00,2025-08-13T08:09:00,65,Cancelled,13.3,W20250813
T00012,V0024,D0219,R089,2025-04-05T13:39:00,2025-04-05T18:24:00,85,Cancelled,17.9,W20250405
T00013,V0476,D0542,R018,2025-11-21T04:01:00,2025-11-21T06:03:00,85,Completed,41.8,W20251121
T00014,V0144,D0019,R043,2025-10-16T20:14:00,2025-10-16T21:28:00,65,Completed,52.7,W20251016
T00015,V0372,D0388,R016,2025-02-03T13:30:00,2025-02-03T16:55:00,65,Completed,19.0,W20250203
T00016,V0086,D0272,R074,2025-05-31T04:43:00,2025-05-31T07:00:00,95,Completed,41.6,W20250531
T00017,V0017,D0461,R062,2025-02-22T14:51:00,2025-02-22T18:08:00,70,Cancelled,21.3,W20250222
T00018,V0339,D0441,R044,2025-04-18T05:55:00,2025-04-18T10:41:00,70,Completed,14.7,W20250418
T00019,V0495,D0657,R068,2025-03-10T20:08:00,2025-03-11T00:52:00,95,Completed,20.1,W20250310
T00020,V0106,D0478,R085,2025-09-13T14:27:00,2025-09-13T18:38:00,55,Completed,13.1,W20250913
T00021,V0050,D0014,R068,2025-03-02T19:04:00,2025-03-02T22:45:00,95,Completed,25.8,W20250302
T00022,V0469,D0557,R021,2025-06-27T07:46:00,2025-06-27T12:05:00,75,Completed,17.4,W20250627
T00023,V0219,D0185,R031,2025-04-04T22:08:00,2025-04-05T00:18:00,65,Completed,30.0,W20250404
T00024,V0071,D0412,R055,2025-08-02T00:41:00,2025-08-02T02:43:00,55,Completed,27.0,W20250802
T00025,V0017,D0164,R026,2025-11-07T06:49:00,2025-11-07T11:29:00,70,Completed,15.0,W20251107
T00026,V0422,D0240,R074,2025-01-03T04:05:00,2025-01-03T08:43:00,95,Completed,20.5,W20250103
T00027,V0147,D0091,R005,2025-07-28T15:40:00,2025-07-28T18:43:00,65,Completed,21.3,W20250728
T00028,V0193,D0550,R040,2025-09-22T04:01:00,2025-09-22T07:50:00,95,Completed,24.9,W20250922
T00029,V0029,D0293,R089,2025-07-27T22:21:00,2025-07-28T02:33:00,85,Completed,20.2,W20250727
T00030,V0274,D0360,R043,2025-05-19T16:18:00,2025-05-19T18:47:00,65,Completed,26.2,W20250519
T00031,V0420,D0018,R099,2025-05-03T18:14:00,2025-05-03T22:54:00,55,Cancelled,11.8,W20250503
T00032,V0183,D0067,R017,2025-10-29T15:46:00,2025-10-29T20:24:00,95,Completed,20.5,W20251029
T00033,V0139,D0637,R038,2025-03-24T01:11:00,2025-03-24T06:08:00,95,Completed,19.2,W20250324
T00034,V0338,D0506,R012,2025-06-02T13:20:00,2025-06-02T14:20:00,95,Completed,95.0,W20250602
T00035,V0120,D0329,R068,2025-02-15T01:29:00,2025-02-15T03:22:00,95,Completed,50.4,W20250215
T00036,V0097,D0456,R075,2025-06-10T03:50:00,2025-06-10T07:20:00,85,Cancelled,24.3,W20250610
T00037,V0439,D0033,R017,2025-06-11T01:10:00,2025-06-11T01:59:00,95,Cancelled,116.3,W20250611
T00038,V0162,D0657,R019,2025-10-28T20:18:00,2025-10-28T23:35:00,55,Cancelled,16.8,W20251028
T00039,V0157,D0392,R093,2025-08-24T05:42:00,2025-08-24T08:46:00,65,Completed,21.2,W20250824
T00040,V0269,D0653,R076,2025-08-04T13:22:00,2025-08-04T17:46:00,95,Completed,21.6,W20250804
T00041,V0018,D0692,R054,2025-09-08T21:12:00,2025-09-09T01:22:00,95,Cancelled,22.8,W20250908
T00042,V0024,D0508,R011,2025-01-21T22:20:00,2025-01-22T02:17:00,85,Completed,21.5,W20250121
T00043,V0290,D0229,R029,2025-12-03T18:44:00,2025-12-03T23:04:00,70,Cancelled,16.2,W20251203
T00044,V0232,D0250,R093,2025-11-13T11:54:00,2025-11-13T16:41:00,65,Cancelled,13.6,W20251113
T00045,V0320,D0035,R089,2025-09-26T21:50:00,2025-09-26T22:59:00,85,Completed,73.9,W20250926
T00046,V0038,D0084,R048,2025-10-20T06:58:00,2025-10-20T08:08:00,75,Completed,64.3,W20251020
T00047,V0183,D0389,R082,2025-09-20T08:01:00,2025-09-20T11:19:00,75,Completed,22.7,W20250920
T00048,V0001,D0472,R017,2025-10-24T10:55:00,2025-10-24T15:40:00,95,Completed,20.0,W20251024
T00049,V0053,D0129,R088,2025-12-18T23:33:00,2025-12-19T02:28:00,95,Completed,32.6,W20251218
T00050,V0111,D0512,R086,2025-09-26T17:07:00,2025-09-26T19:02:00,65,Completed,33.9,W20250926
T00051,V0230,D0430,R034,2025-08-02T12:05:00,2025-08-02T13:54:00,70,Completed,38.5,W20250802
T00052,V0394,D0530,R058,2025-06-01T18:52:00,2025-06-01T22:04:00,95,Completed,29.7,W20250601
T00053,V0278,D0069,R058,2025-12-17T00:43:00,2025-12-17T02:15:00,95,Completed,62.0,W20251217
T00054,V0099,D0405,R052,2025-04-08T22:14:00,2025-04-09T03:10:00,65,Completed,13.2,W20250408
T00055,V0317,D0551,R099,2025-02-04T20:43:00,2025-02-04T22:46:00,55,Cancelled,26.8,W20250204
T00056,V0177,D0235,R031,2025-12-09T08:00:00,2025-12-09T12:22:00,65,Completed,14.9,W20251209
T00057,V0114,D0530,R046,2025-08-08T10:15:00,2025-08-08T13:54:00,70,Cancelled,19.2,W20250808
T00058,V0179,D0074,R036,2025-05-29T00:32:00,2025-05-29T05:24:00,75,Completed,15.4,W20250529
T00059,V0002,D0548,R023,2025-06-15T06:20:00,2025-06-15T10:07:00,95,Cancelled,25.1,W20250615
T00060,V0439,D0338,R070,2025-06-14T18:39:00,2025-06-14T20:28:00,55,Cancelled,30.3,W20250614
T00061,V0279,D0168,R072,2025-01-23T11:15:00,2025-01-23T12:35:00,75,Completed,56.2,W20250123
T00062,V0268,D0292,R023,2025-01-16T21:22:00,2025-01-16T22:54:00,95,Completed,62.0,W20250116
T00063,V0305,D0387,R096,2025-04-02T09:32:00,2025-04-02T11:37:00,95,Completed,45.6,W20250402
T00064,V0450,D0546,R020,2025-09-25T22:26:00,2025-09-26T03:20:00,65,Completed,13.3,W20250925
T00065,V0258,D0651,R029,2025-07-18T07:25:00,2025-07-18T09:11:00,70,Completed,39.6,W20250718
T00066,V0148,D0325,R031,2025-01-11T11:54:00,2025-01-11T13:18:00,65,Completed,46.4,W20250111
T00067,V0278,D0649,R058,2025-12-13T17:39:00,2025-12-13T22:28:00,95,Completed,19.7,W20251213
T00068,V0475,D0511,R045,2025-02-02T12:47:00,2025-02-02T16:29:00,70,Completed,18.9,W20250202
T00069,V0168,D0230,R016,2025-12-08T21:04:00,2025-12-09T01:50:00,65,Completed,13.6,W20251208
T00070,V0128,D0570,R002,2025-01-05T05:40:00,2025-01-05T08:53:00,75,Completed,23.3,W20250105
T00071,V0462,D0661,R057,2025-04-29T08:40:00,2025-04-29T11:35:00,75,Cancelled,25.7,W20250429
T00072,V0005,D0070,R009,2025-08-30T05:36:00,2025-08-30T10:33:00,65,Completed,13.1,W20250830
T00073,V0309,D0691,R081,2025-09-16T12:49:00,2025-09-16T14:23:00,55,Cancelled,35.1,W20250916
T00074,V0161,D0654,R013,2025-03-05T13:28:00,2025-03-05T15:04:00,65,Completed,40.6,W20250305
T00075,V0155,D0454,R043,2025-05-25T02:29:00,2025-05-25T07:29:00,65,Completed,13.0,W20250525
T00076,V0437,D0450,R036,2025-11-17T15:58:00,2025-11-17T20:53:00,75,Cancelled,15.3,W20251117
T00077,V0073,D0281,R015,2025-04-25T10:24:00,2025-04-25T12:08:00,75,Cancelled,43.3,W20250425
T00078,V0420,D0623,R071,2025-10-08T05:08:00,2025-10-08T07:37:00,95,Completed,38.3,W20251008
T00079,V0312,D0623,R097,2025-04-29T08:40:00,2025-04-29T12:44:00,65,Completed,16.0,W20250429
T00080,V0297,D0320,R069,2025-09-08T09:59:00,2025-09-08T13:33:00,70,Completed,19.6,W20250908
T00081,V0004,D0377,R086,2025-04-10T17:59:00,2025-04-10T20:31:00,65,Completed,25.7,W20250410
T00082,V0212,D0426,R027,2025-08-15T07:22:00,2025-08-15T12:07:00,85,Completed,17.9,W20250815
T00083,V0287,D0117,R003,2025-05-22T05:35:00,2025-05-22T09:05:00,85,Cancelled,24.3,W20250522
T00084,V0285,D0363,R088,2025-02-09T11:32:00,2025-02-09T15:42:00,95,Cancelled,22.8,W20250209
T00085,V0443,D0194,R073,2025-10-05T21:21:00,2025-10-06T02:21:00,85,Completed,17.0,W20251005
T00086,V0334,D0042,R067,2025-03-08T15:36:00,2025-03-08T20:29:00,55,Completed,11.3,W20250308
T00087,V0014,D0048,R096,2025-02-11T11:53:00,2025-02-11T13:21:00,95,Cancelled,64.8,W20250211
T00088,V0268,D0604,R072,2025-03-16T00:02:00,2025-03-16T01:43:00,75,Completed,44.6,W20250316
T00089,V0049,D0072,R098,2025-11-27T07:25:00,2025-11-27T10:47:00,75,Completed,22.3,W20251127
T00090,V0310,D0402,R017,2025-01-08T01:25:00,2025-01-08T03:01:00,95,Completed,59.4,W20250108
T00091,V0123,D0413,R085,2025-09-24T06:36:00,2025-09-24T09:54:00,55,Completed,16.7,W20250924
T00092,V0129,D0330,R028,2025-02-23T18:19:00,2025-02-23T19:39:00,85,Completed,63.8,W20250223
T00093,V0262,D0113,R041,2025-07-21T13:22:00,2025-07-21T15:38:00,65,Completed,28.7,W20250721
T00094,V0247,D0018,R017,2025-06-11T20:39:00,2025-06-12T01:14:00,95,Completed,20.7,W20250611
T00095,V0173,D0606,R076,2025-07-06T12:23:00,2025-07-06T14:39:00,95,Completed,41.9,W20250706
T00096,V0424,D0289,R057,2025-09-27T00:47:00,2025-09-27T02:12:00,75,Completed,52.9,W20250927
T00097,V0465,D0348,R048,2025-12-07T03:48:00,2025-12-07T05:46:00,75,Completed,38.1,W20251207
T00098,V0402,D0222,R092,2025-11-09T01:20:00,2025-11-09T04:30:00,70,Completed,22.1,W20251109
T00099,V0038,D0534,R068,2025-06-23T01:31:00,2025-06-23T03:01:00,95,Cancelled,63.3,W20250623
T00100,V0447,D0524,R093,2025-01-12T08:16:00,2025-01-12T11:05:00,65,Cancelled,23.1,W20250112
T00101,V0227,D0664,R028,2025-10-11T03:34:00,2025-10-11T06:10:00,85,Completed,32.7,W20251011
T00102,V0349,D0286,R084,2025-05-07T10:03:00,2025-05-07T12:53:00,85,Completed,30.0,W20250507
T00103,V0033,D0205,R004,2025-11-29T20:58:00,2025-11-30T00:52:00,65,Cancelled,16.7,W20251129
T00104,V0266,D0564,R028,2025-02-17T13:40:00,2025-02-17T16:27:00,85,Cancelled,30.5,W20250217
T00105,V0340,D0394,R017,2025-08-25T22:05:00,2025-08-25T23:22:00,95,Completed,74.0,W20250825
T00106,V0159,D0511,R013,2025-05-31T14:49:00,2025-05-31T17:01:00,65,Completed,29.5,W20250531
T00107,V0040,D0524,R092,2025-06-27T22:11:00,2025-06-28T01:10:00,70,Completed,23.5,W20250627
T00108,V0315,D0481,R053,2025-12-05T23:40:00,2025-12-06T04:24:00,55,Completed,11.6,W20251205
T00109,V0127,D0547,R056,2025-11-10T23:20:00,2025-11-11T03:35:00,95,Completed,22.4,W20251110
T00110,V0355,D0246,R064,2025-12-14T15:57:00,2025-12-14T18:33:00,75,Cancelled,28.8,W20251214
T00111,V0415,D0387,R085,2025-05-30T08:17:00,2025-05-30T11:52:00,55,Completed,15.3,W20250530
T00112,V0107,D0195,R028,2025-03-31T05:44:00,2025-03-31T07:51:00,85,Completed,40.2,W20250331
T00113,V0291,D0503,R084,2025-10-08T14:23:00,2025-10-08T16:57:00,85,Cancelled,33.1,W20251008
T00114,V0039,D0624,R005,2025-11-03T04:51:00,2025-11-03T08:11:00,65,Completed,19.5,W20251103
T00115,V0027,D0583,R029,2025-09-15T23:23:00,2025-09-16T01:30:00,70,Completed,33.1,W20250915
T00116,V0246,D0445,R053,2025-10-21T17:23:00,2025-10-21T18:27:00,55,Completed,51.6,W20251021
T00117,V0321,D0091,R005,2025-07-04T04:29:00,2025-07-04T08:44:00,65,Completed,15.3,W20250704
T00118,V0353,D0169,R012,2025-11-15T19:28:00,2025-11-15T22:39:00,95,Completed,29.8,W20251115
T00119,V0308,D0103,R018,2025-10-02T08:58:00,2025-10-02T09:52:00,85,Cancelled,94.4,W20251002
T00120,V0017,D0627,R035,2025-03-28T06:59:00,2025-03-28T10:46:00,95,Completed,25.1,W20250328
T00121,V0243,D0120,R097,2025-10-04T23:27:00,2025-10-05T03:27:00,65,Cancelled,16.2,W20251004
T00122,V0170,D0156,R015,2025-10-28T02:04:00,2025-10-28T06:41:00,75,Completed,16.2,W20251028
T00123,V0157,D0546,R031,2025-02-22T18:22:00,2025-02-22T22:31:00,65,Cancelled,15.7,W20250222
T00124,V0407,D0512,R066,2025-10-24T21:34:00,2025-10-25T01:39:00,85,Completed,20.8,W20251024
T00125,V0125,D0133,R001,2025-11-01T04:37:00,2025-11-01T08:43:00,85,Completed,20.7,W20251101
T00126,V0054,D0689,R072,2025-05-09T13:13:00,2025-05-09T17:47:00,75,Cancelled,16.4,W20250509
T00127,V0282,D0121,R083,2025-07-04T12:19:00,2025-07-04T15:27:00,75,Cancelled,23.9,W20250704
T00128,V0148,D0531,R056,2025-03-12T00:44:00,2025-03-12T04:27:00,95,Completed,25.6,W20250312
T00129,V0102,D0022,R061,2025-01-30T04:31:00,2025-01-30T07:18:00,75,Completed,26.9,W20250130
T00130,V0324,D0632,R054,2025-08-05T19:01:00,2025-08-05T22:14:00,95,Completed,29.5,W20250805
T00131,V0265,D0219,R043,2025-02-20T10:16:00,2025-02-20T11:45:00,65,Completed,43.8,W20250220
T00132,V0264,D0576,R055,2025-11-21T04:03:00,2025-11-21T05:19:00,55,Completed,43.4,W20251121
T00133,V0176,D0152,R049,2025-12-10T03:43:00,2025-12-10T07:33:00,85,Completed,22.2,W20251210
T00134,V0483,D0406,R050,2025-05-09T03:24:00,2025-05-09T07:31:00,95,Completed,23.1,W20250509
T00135,V0330,D0113,R070,2025-06-16T17:59:00,2025-06-16T22:44:00,55,Completed,11.6,W20250616
T00136,V0151,D0360,R029,2025-11-24T07:30:00,2025-11-24T08:35:00,70,Completed,64.6,W20251124
T00137,V0119,D0120,R037,2025-08-29T23:24:00,2025-08-30T02:44:00,95,Completed,28.5,W20250829
T00138,V0201,D0647,R095,2025-02-10T20:53:00,2025-02-10T22:44:00,85,Completed,45.9,W20250210
T00139,V0259,D0296,R046,2025-01-06T03:20:00,2025-01-06T05:33:00,70,Completed,31.6,W20250106
T00140,V0446,D0262,R059,2025-03-09T05:59:00,2025-03-09T08:09:00,75,Completed,34.6,W20250309
T00141,V0335,D0689,R035,2025-11-24T03:09:00,2025-11-24T04:02:00,95,Completed,107.5,W20251124
T00142,V0148,D0122,R035,2025-03-13T06:42:00,2025-03-13T10:50:00,95,Completed,23.0,W20250313
T00143,V0314,D0262,R016,2025-01-23T00:25:00,2025-01-23T04:17:00,65,Completed,16.8,W20250123
T00144,V0077,D0606,R090,2025-02-25T02:19:00,2025-02-25T03:24:00,85,Cancelled,78.5,W20250225
T00145,V0030,D0398,R077,2025-05-08T23:12:00,2025-05-09T00:06:00,85,Completed,94.4,W20250508
T00146,V0434,D0351,R001,2025-02-01T07:34:00,2025-02-01T10:12:00,85,Completed,32.3,W20250201
T00147,V0427,D0183,R017,2025-03-12T02:05:00,2025-03-12T05:25:00,95,Completed,28.5,W20250312
T00148,V0067,D0327,R070,2025-07-29T02:11:00,2025-07-29T03:00:00,55,Completed,67.3,W20250729
T00149,V0438,D0011,R072,2025-01-04T03:39:00,2025-01-04T07:13:00,75,Completed,21.0,W20250104
T00150,V0003,D0458,R072,2025-07-19T15:45:00,2025-07-19T18:36:00,75,Completed,26.3,W20250719
T00151,V0306,D0534,R083,2025-04-26T11:41:00,2025-04-26T12:59:00,75,Completed,57.7,W20250426
T00152,V0097,D0651,R022,2025-01-26T12:24:00,2025-01-26T14:29:00,70,Completed,33.6,W20250126
T00153,V0047,D0264,R079,2025-03-24T00:52:00,2025-03-24T02:43:00,70,Completed,37.8,W20250324
T00154,V0145,D0185,R023,2025-09-29T09:12:00,2025-09-29T12:09:00,95,Cancelled,32.2,W20250929
T00155,V0273,D0083,R095,2025-09-04T01:40:00,2025-09-04T04:40:00,85,Completed,28.3,W20250904
T00156,V0290,D0327,R098,2025-09-21T03:11:00,2025-09-21T07:05:00,75,Completed,19.2,W20250921
T00157,V0229,D0507,R022,2025-03-21T19:59:00,2025-03-21T23:26:00,70,Completed,20.3,W20250321
T00158,V0231,D0241,R003,2025-06-03T14:44:00,2025-06-03T16:02:00,85,Completed,65.4,W20250603
T00159,V0239,D0541,R016,2025-12-28T10:40:00,2025-12-28T14:34:00,65,Cancelled,16.7,W20251228
T00160,V0306,D0503,R095,2025-04-28T04:27:00,2025-04-28T05:33:00,85,Completed,77.3,W20250428
T00161,V0387,D0464,R072,2025-11-21T04:32:00,2025-11-21T08:42:00,75,Completed,18.0,W20251121
T00162,V0305,D0524,R078,2025-06-06T11:16:00,2025-06-06T14:00:00,75,Completed,27.4,W20250606
T00163,V0486,D0410,R002,2025-06-30T14:27:00,2025-06-30T16:14:00,75,Completed,42.1,W20250630
T00164,V0444,D0064,R043,2025-04-06T18:36:00,2025-04-06T21:45:00,65,Cancelled,20.6,W20250406
T00165,V0448,D0297,R005,2025-12-05T18:43:00,2025-12-05T22:48:00,65,Completed,15.9,W20251205
T00166,V0218,D0631,R035,2025-06-13T02:41:00,2025-06-13T03:54:00,95,Cancelled,78.1,W20250613
T00167,V0216,D0449,R081,2025-01-16T14:24:00,2025-01-16T17:12:00,55,Completed,19.6,W20250116
T00168,V0116,D0449,R030,2025-12-05T20:17:00,2025-12-05T23:35:00,65,Completed,19.7,W20251205
T00169,V0001,D0405,R091,2025-01-12T04:31:00,2025-01-12T05:28:00,70,Cancelled,73.7,W20250112
T00170,V0458,D0056,R098,2025-10-12T18:25:00,2025-10-12T22:51:00,75,Completed,16.9,W20251012
T00171,V0342,D0273,R093,2025-09-17T03:40:00,2025-09-17T06:20:00,65,Cancelled,24.4,W20250917
T00172,V0439,D0260,R062,2025-03-16T07:36:00,2025-03-16T08:42:00,70,Cancelled,63.6,W20250316
T00173,V0060,D0107,R050,2025-12-30T02:55:00,2025-12-30T03:48:00,95,Completed,107.5,W20251230
T00174,V0454,D0281,R083,2025-01-18T11:08:00,2025-01-18T12:43:00,75,Completed,47.4,W20250118
T00175,V0123,D0229,R039,2025-03-18T18:25:00,2025-03-18T20:18:00,55,Cancelled,29.2,W20250318
T00176,V0061,D0182,R079,2025-07-20T00:28:00,2025-07-20T02:18:00,70,Cancelled,38.2,W20250720
T00177,V0344,D0259,R011,2025-02-24T06:31:00,2025-02-24T07:48:00,85,Cancelled,66.2,W20250224
T00178,V0389,D0574,R040,2025-01-16T08:14:00,2025-01-16T11:13:00,95,Completed,31.8,W20250116
T00179,V0315,D0003,R002,2025-08-03T09:56:00,2025-08-03T13:45:00,75,Completed,19.7,W20250803
T00180,V0269,D0186,R024,2025-06-17T17:41:00,2025-06-17T22:04:00,55,Cancelled,12.5,W20250617
T00181,V0274,D0164,R042,2025-12-11T13:07:00,2025-12-11T14:56:00,75,Completed,41.3,W20251211
T00182,V0214,D0414,R056,2025-04-23T09:24:00,2025-04-23T12:31:00,95,Cancelled,30.5,W20250423
T00183,V0362,D0062,R017,2025-02-03T07:01:00,2025-02-03T11:19:00,95,Completed,22.1,W20250203
T00184,V0036,D0455,R023,2025-07-04T01:05:00,2025-07-04T04:34:00,95,Completed,27.3,W20250704
T00185,V0093,D0096,R001,2025-11-17T11:22:00,2025-11-17T16:11:00,85,Completed,17.6,W20251117
T00186,V0220,D0536,R028,2025-04-04T22:07:00,2025-04-05T03:06:00,85,Completed,17.1,W20250404
T00187,V0271,D0489,R046,2025-12-27T17:54:00,2025-12-27T20:50:00,70,Completed,23.9,W20251227
T00188,V0294,D0423,R041,2025-06-25T03:12:00,2025-06-25T06:05:00,65,Completed,22.5,W20250625
T00189,V0020,D0158,R034,2025-05-27T22:04:00,2025-05-28T02:24:00,70,Completed,16.2,W20250527
T00190,V0036,D0062,R048,2025-10-01T01:16:00,2025-10-01T04:22:00,75,Cancelled,24.2,W20251001
T00191,V0087,D0071,R089,2025-09-16T13:49:00,2025-09-16T17:47:00,85,Completed,21.4,W20250916
T00192,V0223,D0478,R054,2025-10-09T21:38:00,2025-10-09T23:29:00,95,Cancelled,51.4,W20251009
T00193,V0022,D0231,R098,2025-06-28T18:37:00,2025-06-28T19:31:00,75,Completed,83.3,W20250628
T00194,V0366,D0432,R058,2025-06-13T19:19:00,2025-06-13T22:44:00,95,Completed,27.8,W20250613
T00195,V0079,D0500,R091,2025-07-22T10:55:00,2025-07-22T15:49:00,70,Cancelled,14.3,W20250722
T00196,V0439,D0245,R092,2025-07-17T08:23:00,2025-07-17T12:29:00,70,Completed,17.1,W20250717
T00197,V0427,D0455,R072,2025-05-05T07:09:00,2025-05-05T11:20:00,75,Completed,17.9,W20250505
T00198,V0379,D0478,R010,2025-09-02T07:19:00,2025-09-02T10:34:00,75,Completed,23.1,W20250902
T00199,V0136,D0071,R050,2025-06-09T11:04:00,2025-06-09T14:00:00,95,Cancelled,32.4,W20250609
T00200,V0114,D0619,R089,2025-01-08T22:00:00,2025-01-09T00:51:00,85,Cancelled,29.8,W20250108
T00201,V0186,D0031,R054,2025-01-16T22:01:00,2025-01-17T00:52:00,95,Completed,33.3,W20250116
T00202,V0209,D0638,R033,2025-03-31T17:49:00,2025-03-31T21:45:00,85,Cancelled,21.6,W20250331
T00203,V0433,D0043,R067,2025-11-09T13:50:00,2025-11-09T16:01:00,55,Completed,25.2,W20251109
T00204,V0308,D0402,R051,2025-05-22T02:10:00,2025-05-22T05:18:00,70,Cancelled,22.3,W20250522
T00205,V0224,D0182,R045,2025-03-31T10:17:00,2025-03-31T11:35:00,70,Completed,53.8,W20250331
T00206,V0393,D0419,R068,2025-09-10T17:36:00,2025-09-10T20:43:00,95,Completed,30.5,W20250910
T00207,V0339,D0198,R082,2025-06-12T05:14:00,2025-06-12T10:10:00,75,Cancelled,15.2,W20250612
T00208,V0398,D0201,R075,2025-07-22T02:57:00,2025-07-22T05:06:00,85,Cancelled,39.5,W20250722
T00209,V0107,D0067,R011,2025-11-05T06:30:00,2025-11-05T10:29:00,85,Cancelled,21.3,W20251105
T00210,V0153,D0551,R063,2025-01-21T07:14:00,2025-01-21T09:48:00,75,Cancelled,29.2,W20250121
T00211,V0145,D0034,R037,2025-04-04T11:09:00,2025-04-04T14:50:00,95,Cancelled,25.8,W20250404
T00212,V0354,D0191,R017,2025-08-04T02:33:00,2025-08-04T05:10:00,95,Completed,36.3,W20250804
T00213,V0395,D0540,R023,2025-04-12T15:07:00,2025-04-12T18:50:00,95,Completed,25.6,W20250412
T00214,V0472,D0699,R096,2025-04-28T13:35:00,2025-04-28T16:24:00,95,Completed,33.7,W20250428
T00215,V0160,D0578,R034,2025-09-29T22:31:00,2025-09-30T02:11:00,70,Completed,19.1,W20250929
T00216,V0084,D0047,R029,2025-07-26T13:41:00,2025-07-26T16:55:00,70,Completed,21.6,W20250726
T00217,V0145,D0009,R063,2025-07-13T11:23:00,2025-07-13T15:25:00,75,Completed,18.6,W20250713
T00218,V0326,D0415,R024,2025-02-24T05:04:00,2025-02-24T07:01:00,55,Completed,28.2,W20250224
T00219,V0024,D0149,R054,2025-07-22T21:49:00,2025-07-23T01:56:00,95,Completed,23.1,W20250722
T00220,V0268,D0364,R085,2025-12-20T02:12:00,2025-12-20T07:03:00,55,Cancelled,11.3,W20251220
T00221,V0497,D0387,R068,2025-05-13T04:27:00,2025-05-13T05:13:00,95,Completed,123.9,W20250513
T00222,V0269,D0130,R065,2025-01-07T01:50:00,2025-01-07T03:33:00,70,Cancelled,40.8,W20250107
T00223,V0392,D0247,R050,2025-08-16T13:15:00,2025-08-16T15:41:00,95,Cancelled,39.0,W20250816
T00224,V0290,D0009,R001,2025-10-09T11:49:00,2025-10-09T16:02:00,85,Completed,20.2,W20251009
T00225,V0119,D0473,R022,2025-04-27T19:14:00,2025-04-27T20:07:00,70,Cancelled,79.2,W20250427
T00226,V0232,D0397,R035,2025-03-06T08:57:00,2025-03-06T11:30:00,95,Completed,37.3,W20250306
T00227,V0435,D0298,R060,2025-02-23T21:13:00,2025-02-24T00:11:00,85,Cancelled,28.7,W20250223
T00228,V0178,D0660,R007,2025-09-04T18:38:00,2025-09-04T22:37:00,70,Completed,17.6,W20250904
T00229,V0362,D0455,R023,2025-04-25T15:11:00,2025-04-25T16:27:00,95,Completed,75.0,W20250425
T00230,V0428,D0197,R010,2025-06-11T20:50:00,2025-06-11T23:09:00,75,Completed,32.4,W20250611
T00231,V0354,D0062,R026,2025-12-03T01:52:00,2025-12-03T06:49:00,70,Completed,14.1,W20251203
T00232,V0081,D0148,R077,2025-02-01T04:25:00,2025-02-01T07:50:00,85,Completed,24.9,W20250201
T00233,V0254,D0321,R015,2025-04-08T13:45:00,2025-04-08T16:14:00,75,Cancelled,30.2,W20250408
T00234,V0184,D0511,R028,2025-04-22T04:26:00,2025-04-22T06:35:00,85,Completed,39.5,W20250422
T00235,V0500,D0101,R054,2025-03-10T03:15:00,2025-03-10T07:25:00,95,Completed,22.8,W20250310
T00236,V0068,D0665,R080,2025-07-30T22:35:00,2025-07-31T01:48:00,75,Completed,23.3,W20250730
T00237,V0027,D0234,R034,2025-12-18T14:34:00,2025-12-18T18:00:00,70,Cancelled,20.4,W20251218
T00238,V0023,D0168,R062,2025-02-21T15:06:00,2025-02-21T18:00:00,70,Cancelled,24.1,W20250221
T00239,V0230,D0046,R020,2025-12-26T12:19:00,2025-12-26T16:26:00,65,Completed,15.8,W20251226
T00240,V0028,D0104,R069,2025-05-22T01:22:00,2025-05-22T03:49:00,70,Completed,28.6,W20250522
T00241,V0084,D0080,R061,2025-11-26T00:17:00,2025-11-26T04:24:00,75,Completed,18.2,W20251126
T00242,V0101,D0380,R099,2025-09-03T18:54:00,2025-09-03T20:29:00,55,Completed,34.7,W20250903
T00243,V0477,D0018,R033,2025-06-24T22:45:00,2025-06-24T23:58:00,85,Completed,69.9,W20250624
T00244,V0131,D0378,R030,2025-08-04T20:54:00,2025-08-05T00:46:00,65,Completed,16.8,W20250804
T00245,V0450,D0109,R078,2025-03-20T21:04:00,2025-03-21T00:03:00,75,Cancelled,25.1,W20250320
T00246,V0303,D0495,R050,2025-05-23T14:11:00,2025-05-23T16:36:00,95,Completed,39.3,W20250523
T00247,V0450,D0320,R067,2025-03-27T19:05:00,2025-03-27T23:58:00,55,Completed,11.3,W20250327
T00248,V0394,D0464,R011,2025-06-30T23:06:00,2025-07-01T00:19:00,85,Completed,69.9,W20250630
T00249,V0278,D0294,R032,2025-05-10T22:33:00,2025-05-11T02:45:00,75,Completed,17.9,W20250510
T00250,V0298,D0268,R025,2025-09-05T09:44:00,2025-09-05T11:06:00,75,Completed,54.9,W20250905
T00251,V0080,D0266,R098,2025-11-25T01:48:00,2025-11-25T05:47:00,75,Completed,18.8,W20251125
T00252,V0238,D0685,R015,2025-09-14T17:25:00,2025-09-14T20:59:00,75,Completed,21.0,W20250914
T00253,V0223,D0539,R043,2025-06-25T19:40:00,2025-06-25T21:29:00,65,Cancelled,35.8,W20250625
T00254,V0141,D0251,R003,2025-09-02T18:34:00,2025-09-02T22:29:00,85,Completed,21.7,W20250902
T00255,V0121,D0291,R048,2025-02-26T13:03:00,2025-02-26T16:00:00,75,Completed,25.4,W20250226
T00256,V0313,D0595,R079,2025-05-29T21:58:00,2025-05-30T02:29:00,70,Completed,15.5,W20250529
T00257,V0243,D0238,R074,2025-05-22T15:11:00,2025-05-22T20:06:00,95,Completed,19.3,W20250522
T00258,V0036,D0134,R087,2025-12-15T17:22:00,2025-12-15T20:14:00,55,Completed,19.2,W20251215
T00259,V0129,D0664,R027,2025-05-06T21:34:00,2025-05-07T00:27:00,85,Cancelled,29.5,W20250506
T00260,V0214,D0668,R073,2025-12-28T13:24:00,2025-12-28T16:36:00,85,Completed,26.6,W20251228
T00261,V0053,D0042,R047,2025-10-26T19:58:00,2025-10-26T22:17:00,55,Completed,23.7,W20251026
T00262,V0499,D0171,R030,2025-12-18T03:00:00,2025-12-18T04:22:00,65,Completed,47.6,W20251218
T00263,V0431,D0608,R065,2025-06-27T17:04:00,2025-06-27T20:00:00,70,Completed,23.9,W20250627
T00264,V0280,D0608,R017,2025-09-13T17:08:00,2025-09-13T21:53:00,95,Cancelled,20.0,W20250913
T00265,V0487,D0041,R075,2025-03-20T19:01:00,2025-03-20T22:11:00,85,Completed,26.8,W20250320
T00266,V0354,D0411,R091,2025-07-18T19:14:00,2025-07-18T21:40:00,70,Completed,28.8,W20250718
T00267,V0458,D0593,R084,2025-05-19T17:38:00,2025-05-19T20:28:00,85,Completed,30.0,W20250519
T00268,V0345,D0474,R048,2025-05-05T22:52:00,2025-05-06T01:45:00,75,Completed,26.0,W20250505
T00269,V0500,D0046,R096,2025-08-06T19:16:00,2025-08-06T22:52:00,95,Completed,26.4,W20250806
T00270,V0378,D0467,R043,2025-05-23T05:23:00,2025-05-23T08:05:00,65,Cancelled,24.1,W20250523
T00271,V0024,D0154,R055,2025-07-12T22:52:00,2025-07-13T03:28:00,55,Cancelled,12.0,W20250712
T00272,V0161,D0014,R042,2025-06-01T20:30:00,2025-06-02T00:45:00,75,Cancelled,17.6,W20250601
T00273,V0046,D0093,R008,2025-11-16T10:26:00,2025-11-16T12:27:00,75,Completed,37.2,W20251116
T00274,V0460,D0270,R016,2025-09-08T08:49:00,2025-09-08T10:32:00,65,Completed,37.9,W20250908
T00275,V0109,D0142,R058,2025-04-23T01:45:00,2025-04-23T04:05:00,95,Completed,40.7,W20250423
T00276,V0279,D0366,R001,2025-05-26T22:07:00,2025-05-26T22:53:00,85,Completed,110.9,W20250526
T00277,V0187,D0022,R038,2025-11-10T22:14:00,2025-11-10T23:49:00,95,Completed,60.0,W20251110
T00278,V0011,D0083,R038,2025-05-02T10:36:00,2025-05-02T15:15:00,95,Cancelled,20.4,W20250502
T00279,V0179,D0329,R010,2025-03-06T12:08:00,2025-03-06T15:26:00,75,Completed,22.7,W20250306
T00280,V0218,D0435,R016,2025-05-14T06:38:00,2025-05-14T10:35:00,65,Completed,16.5,W20250514
T00281,V0027,D0488,R027,2025-07-25T22:19:00,2025-07-26T00:35:00,85,Completed,37.5,W20250725
T00282,V0006,D0021,R078,2025-10-20T18:14:00,2025-10-20T22:41:00,75,Completed,16.9,W20251020
T00283,V0017,D0374,R024,2025-06-22T19:17:00,2025-06-22T20:52:00,55,Completed,34.7,W20250622
T00284,V0453,D0401,R042,2025-04-15T03:10:00,2025-04-15T05:09:00,75,Completed,37.8,W20250415
T00285,V0041,D0032,R001,2025-10-31T18:08:00,2025-10-31T19:05:00,85,Completed,89.5,W20251031
T00286,V0137,D0067,R100,2025-06-15T09:22:00,2025-06-15T11:13:00,75,Cancelled,40.5,W20250615
T00287,V0256,D0279,R097,2025-11-09T05:51:00,2025-11-09T10:11:00,65,Completed,15.0,W20251109
T00288,V0113,D0633,R040,2025-01-17T07:37:00,2025-01-17T08:57:00,95,Completed,71.2,W20250117
T00289,V0334,D0468,R081,2025-09-27T00:12:00,2025-09-27T04:45:00,55,Completed,12.1,W20250927
T00290,V0270,D0511,R008,2025-04-20T23:23:00,2025-04-21T00:30:00,75,Completed,67.2,W20250420
T00291,V0103,D0008,R090,2025-08-31T23:08:00,2025-09-01T02:47:00,85,Completed,23.3,W20250831
T00292,V0153,D0401,R004,2025-05-27T20:19:00,2025-05-27T21:36:00,65,Completed,50.6,W20250527
T00293,V0457,D0354,R077,2025-01-24T19:35:00,2025-01-24T22:42:00,85,Completed,27.3,W20250124
T00294,V0022,D0569,R083,2025-07-17T19:06:00,2025-07-17T22:47:00,75,Completed,20.4,W20250717
T00295,V0299,D0684,R031,2025-09-20T21:51:00,2025-09-20T22:43:00,65,Cancelled,75.0,W20250920
T00296,V0431,D0404,R015,2025-02-01T01:27:00,2025-02-01T02:52:00,75,Cancelled,52.9,W20250201
T00297,V0439,D0179,R043,2025-10-09T14:14:00,2025-10-09T18:48:00,65,Cancelled,14.2,W20251009
T00298,V0081,D0201,R093,2025-12-20T19:57:00,2025-12-20T23:37:00,65,Completed,17.7,W20251220
T00299,V0143,D0170,R032,2025-10-01T20:39:00,2025-10-01T22:04:00,75,Completed,52.9,W20251001
T00300,V0327,D0336,R001,2025-12-30T22:41:00,2025-12-31T02:12:00,85,Cancelled,24.2,W20251230
T00301,V0282,D0280,R008,2025-11-28T13:45:00,2025-11-28T17:24:00,75,Completed,20.5,W20251128
T00302,V0161,D0267,R065,2025-08-03T06:56:00,2025-08-03T09:36:00,70,Completed,26.2,W20250803
T00303,V0399,D0051,R057,2025-01-23T19:53:00,2025-01-24T00:53:00,75,Completed,15.0,W20250123
T00304,V0174,D0543,R009,2025-03-05T10:55:00,2025-03-05T13:51:00,65,Completed,22.2,W20250305
T00305,V0166,D0281,R092,2025-04-12T05:37:00,2025-04-12T07:47:00,70,Completed,32.3,W20250412
T00306,V0137,D0427,R100,2025-10-20T18:40:00,2025-10-20T20:07:00,75,Completed,51.7,W20251020
T00307,V0331,D0120,R077,2025-10-12T03:38:00,2025-10-12T06:24:00,85,Cancelled,30.7,W20251012
T00308,V0240,D0419,R041,2025-03-19T14:03:00,2025-03-19T17:32:00,65,Completed,18.7,W20250319
T00309,V0155,D0194,R002,2025-06-27T18:29:00,2025-06-27T19:46:00,75,Completed,58.4,W20250627
T00310,V0386,D0253,R040,2025-04-20T06:26:00,2025-04-20T08:39:00,95,Cancelled,42.9,W20250420
T00311,V0370,D0308,R082,2025-03-07T16:25:00,2025-03-07T18:48:00,75,Completed,31.5,W20250307
T00312,V0264,D0676,R070,2025-12-09T04:45:00,2025-12-09T09:36:00,55,Completed,11.3,W20251209
T00313,V0201,D0172,R088,2025-05-20T05:31:00,2025-05-20T06:41:00,95,Completed,81.4,W20250520
T00314,V0414,D0262,R062,2025-11-18T12:17:00,2025-11-18T17:14:00,70,Completed,14.1,W20251118
T00315,V0482,D0446,R026,2025-12-04T01:13:00,2025-12-04T03:00:00,70,Completed,39.3,W20251204
T00316,V0174,D0282,R080,2025-09-01T12:29:00,2025-09-01T15:02:00,75,Completed,29.4,W20250901
T00317,V0211,D0146,R086,2025-01-15T23:56:00,2025-01-16T02:35:00,65,Cancelled,24.5,W20250115
T00318,V0155,D0303,R052,2025-01-30T03:29:00,2025-01-30T04:33:00,65,Completed,60.9,W20250130
T00319,V0464,D0419,R087,2025-10-22T10:58:00,2025-10-22T15:22:00,55,Cancelled,12.5,W20251022
T00320,V0013,D0296,R032,2025-03-28T07:31:00,2025-03-28T11:04:00,75,Cancelled,21.1,W20250328
T00321,V0014,D0430,R052,2025-07-02T21:06:00,2025-07-02T23:00:00,65,Completed,34.2,W20250702
T00322,V0461,D0409,R029,2025-04-08T01:54:00,2025-04-08T06:03:00,70,Cancelled,16.9,W20250408
T00323,V0390,D0527,R072,2025-09-22T04:17:00,2025-09-22T07:58:00,75,Cancelled,20.4,W20250922
T00324,V0446,D0613,R092,2025-02-09T16:16:00,2025-02-09T20:10:00,70,Completed,17.9,W20250209
T00325,V0290,D0102,R034,2025-07-03T16:22:00,2025-07-03T19:53:00,70,Completed,19.9,W20250703
T00326,V0432,D0481,R055,2025-01-06T05:40:00,2025-01-06T07:14:00,55,Completed,35.1,W20250106
T00327,V0001,D0193,R059,2025-09-22T15:54:00,2025-09-22T20:30:00,75,Cancelled,16.3,W20250922
T00328,V0241,D0286,R065,2025-11-08T15:34:00,2025-11-08T18:07:00,70,Completed,27.5,W20251108
T00329,V0121,D0212,R042,2025-05-26T08:20:00,2025-05-26T12:29:00,75,Completed,18.1,W20250526
T00330,V0268,D0266,R078,2025-05-08T11:21:00,2025-05-08T13:00:00,75,Completed,45.5,W20250508
T00331,V0397,D0444,R014,2025-01-10T23:11:00,2025-01-11T00:57:00,55,Completed,31.1,W20250110
T00332,V0273,D0209,R017,2025-12-18T10:02:00,2025-12-18T11:13:00,95,Completed,80.3,W20251218
T00333,V0258,D0298,R069,2025-01-15T00:23:00,2025-01-15T02:45:00,70,Completed,29.6,W20250115
T00334,V0081,D0035,R006,2025-07-05T23:11:00,2025-07-06T03:18:00,95,Completed,23.1,W20250705
T00335,V0261,D0438,R034,2025-03-28T08:54:00,2025-03-28T13:27:00,70,Completed,15.4,W20250328
T00336,V0013,D0673,R048,2025-03-05T11:18:00,2025-03-05T15:44:00,75,Completed,16.9,W20250305
T00337,V0293,D0432,R078,2025-06-10T01:22:00,2025-06-10T02:11:00,75,Cancelled,91.8,W20250610
T00338,V0460,D0441,R009,2025-09-14T05:45:00,2025-09-14T10:13:00,65,Completed,14.6,W20250914
T00339,V0443,D0067,R087,2025-10-15T23:44:00,2025-10-16T04:03:00,55,Completed,12.7,W20251015
T00340,V0304,D0185,R076,2025-11-02T00:35:00,2025-11-02T02:26:00,95,Completed,51.4,W20251102
T00341,V0390,D0353,R016,2025-08-29T01:15:00,2025-08-29T04:57:00,65,Completed,17.6,W20250829
T00342,V0451,D0346,R081,2025-07-01T18:20:00,2025-07-01T21:08:00,55,Completed,19.6,W20250701
T00343,V0375,D0083,R008,2025-02-10T20:47:00,2025-02-11T00:47:00,75,Completed,18.8,W20250210
T00344,V0240,D0339,R008,2025-10-27T23:00:00,2025-10-28T00:04:00,75,Completed,70.3,W20251027
T00345,V0484,D0021,R078,2025-10-23T11:41:00,2025-10-23T16:33:00,75,Cancelled,15.4,W20251023
T00346,V0109,D0615,R006,2025-03-14T03:33:00,2025-03-14T05:29:00,95,Completed,49.1,W20250314
T00347,V0344,D0382,R078,2025-09-07T13:00:00,2025-09-07T14:19:00,75,Completed,57.0,W20250907
T00348,V0421,D0021,R038,2025-11-16T10:49:00,2025-11-16T11:34:00,95,Completed,126.7,W20251116
T00349,V0111,D0697,R037,2025-11-12T10:28:00,2025-11-12T14:39:00,95,Completed,22.7,W20251112
T00350,V0123,D0629,R086,2025-04-30T20:15:00,2025-04-30T22:05:00,65,Cancelled,35.5,W20250430
T00351,V0177,D0594,R019,2025-02-14T17:25:00,2025-02-14T21:52:00,55,Completed,12.4,W20250214
T00352,V0132,D0095,R085,2025-11-26T02:01:00,2025-11-26T06:45:00,55,Completed,11.6,W20251126
T00353,V0362,D0210,R093,2025-04-22T22:44:00,2025-04-23T01:23:00,65,Completed,24.5,W20250422
T00354,V0167,D0625,R037,2025-04-14T01:08:00,2025-04-14T06:06:00,95,Cancelled,19.1,W20250414
T00355,V0495,D0504,R058,2025-07-19T18:40:00,2025-07-19T21:55:00,95,Completed,29.2,W20250719
T00356,V0197,D0533,R043,2025-03-18T13:59:00,2025-03-18T15:02:00,65,Completed,61.9,W20250318
T00357,V0438,D0687,R043,2025-04-05T06:12:00,2025-04-05T10:10:00,65,Cancelled,16.4,W20250405
T00358,V0029,D0456,R083,2025-04-29T22:37:00,2025-04-30T01:08:00,75,Completed,29.8,W20250429
T00359,V0111,D0364,R029,2025-04-01T09:52:00,2025-04-01T10:47:00,70,Completed,76.4,W20250401
T00360,V0016,D0416,R089,2025-09-11T04:52:00,2025-09-11T09:41:00,85,Completed,17.6,W20250911
T00361,V0124,D0241,R083,2025-07-17T01:14:00,2025-07-17T01:59:00,75,Cancelled,100.0,W20250717
T00362,V0497,D0258,R097,2025-07-28T21:17:00,2025-07-29T00:36:00,65,Completed,19.6,W20250728
T00363,V0326,D0252,R088,2025-09-05T01:12:00,2025-09-05T05:18:00,95,Completed,23.2,W20250905
T00364,V0433,D0639,R006,2025-10-23T06:24:00,2025-10-23T10:17:00,95,Completed,24.5,W20251023
T00365,V0262,D0246,R008,2025-12-22T15:07:00,2025-12-22T18:50:00,75,Completed,20.2,W20251222
T00366,V0323,D0391,R087,2025-12-31T06:09:00,2025-12-31T08:41:00,55,Completed,21.7,W20251231
T00367,V0486,D0330,R039,2025-04-18T01:23:00,2025-04-18T04:41:00,55,Completed,16.7,W20250418
T00368,V0245,D0018,R051,2025-07-27T15:50:00,2025-07-27T16:58:00,70,Completed,61.8,W20250727
T00369,V0302,D0436,R005,2025-08-20T00:04:00,2025-08-20T01:39:00,65,Completed,41.1,W20250820
T00370,V0166,D0221,R044,2025-04-04T03:35:00,2025-04-04T08:12:00,70,Completed,15.2,W20250404
T00371,V0031,D0349,R053,2025-10-13T07:25:00,2025-10-13T11:50:00,55,Completed,12.5,W20251013
T00372,V0084,D0392,R087,2025-04-15T07:03:00,2025-04-15T11:01:00,55,Completed,13.9,W20250415
T00373,V0119,D0142,R081,2025-10-27T21:14:00,2025-10-28T00:08:00,55,Completed,19.0,W20251027
T00374,V0477,D0152,R093,2025-05-07T12:41:00,2025-05-07T14:14:00,65,Cancelled,41.9,W20250507
T00375,V0241,D0193,R052,2025-02-03T03:20:00,2025-02-03T07:15:00,65,Cancelled,16.6,W20250203
T00376,V0216,D0184,R030,2025-08-06T01:39:00,2025-08-06T04:05:00,65,Completed,26.7,W20250806
T00377,V0146,D0417,R096,2025-02-04T13:59:00,2025-02-04T16:37:00,95,Completed,36.1,W20250204
T00378,V0365,D0392,R047,2025-01-07T13:19:00,2025-01-07T16:13:00,55,Completed,19.0,W20250107
T00379,V0260,D0418,R099,2025-09-19T18:29:00,2025-09-19T22:14:00,55,Completed,14.7,W20250919
T00380,V0124,D0067,R083,2025-04-05T08:49:00,2025-04-05T10:28:00,75,Cancelled,45.5,W20250405
T00381,V0270,D0017,R072,2025-04-19T21:35:00,2025-04-20T01:40:00,75,Completed,18.4,W20250419
T00382,V0071,D0494,R007,2025-10-07T03:12:00,2025-10-07T07:03:00,70,Completed,18.2,W20251007
T00383,V0246,D0183,R053,2025-10-08T02:27:00,2025-10-08T03:34:00,55,Completed,49.3,W20251008
T00384,V0429,D0418,R041,2025-04-13T23:01:00,2025-04-14T00:39:00,65,Completed,39.8,W20250413
T00385,V0394,D0432,R003,2025-05-13T15:24:00,2025-05-13T19:54:00,85,Completed,18.9,W20250513
T00386,V0434,D0323,R055,2025-08-31T14:33:00,2025-08-31T17:05:00,55,Completed,21.7,W20250831
T00387,V0405,D0605,R034,2025-04-19T18:23:00,2025-04-19T19:09:00,70,Completed,91.3,W20250419
T00388,V0413,D0097,R087,2025-12-09T10:35:00,2025-12-09T13:49:00,55,Cancelled,17.0,W20251209
T00389,V0098,D0665,R013,2025-12-26T11:58:00,2025-12-26T16:52:00,65,Completed,13.3,W20251226
T00390,V0352,D0579,R041,2025-08-10T04:48:00,2025-08-10T06:40:00,65,Completed,34.8,W20250810
T00391,V0240,D0431,R063,2025-08-23T01:37:00,2025-08-23T03:14:00,75,Completed,46.4,W20250823
T00392,V0085,D0457,R037,2025-03-30T16:04:00,2025-03-30T20:09:00,95,Completed,23.3,W20250330
T00393,V0063,D0127,R078,2025-02-09T17:39:00,2025-02-09T22:39:00,75,Completed,15.0,W20250209
T00394,V0148,D0570,R005,2025-11-26T16:49:00,2025-11-26T19:37:00,65,Completed,23.2,W20251126
T00395,V0395,D0213,R069,2025-11-12T16:03:00,2025-11-12T17:26:00,70,Completed,50.6,W20251112
T00396,V0198,D0054,R029,2025-02-11T11:42:00,2025-02-11T15:40:00,70,Completed,17.6,W20250211
T00397,V0078,D0438,R059,2025-01-10T09:39:00,2025-01-10T14:20:00,75,Cancelled,16.0,W20250110
T00398,V0115,D0633,R078,2025-05-02T17:20:00,2025-05-02T22:11:00,75,Completed,15.5,W20250502
T00399,V0324,D0185,R041,2025-07-18T08:28:00,2025-07-18T09:54:00,65,Completed,45.3,W20250718
T00400,V0141,D0054,R044,2025-09-20T14:21:00,2025-09-20T15:52:00,70,Completed,46.2,W20250920
T00401,V0156,D0263,R022,2025-07-11T15:16:00,2025-07-11T19:17:00,70,Completed,17.4,W20250711
T00402,V0340,D0286,R060,2025-01-29T00:17:00,2025-01-29T02:05:00,85,Cancelled,47.2,W20250129
T00403,V0247,D0302,R062,2025-04-17T11:10:00,2025-04-17T14:54:00,70,Cancelled,18.8,W20250417
T00404,V0443,D0057,R035,2025-11-18T11:15:00,2025-11-18T15:54:00,95,Cancelled,20.4,W20251118
T00405,V0405,D0218,R097,2025-07-29T14:30:00,2025-07-29T17:14:00,65,Completed,23.8,W20250729
T00406,V0083,D0552,R073,2025-09-20T03:05:00,2025-09-20T04:17:00,85,Completed,70.8,W20250920
T00407,V0314,D0331,R094,2025-12-04T00:20:00,2025-12-04T03:32:00,70,Completed,21.9,W20251204
T00408,V0066,D0179,R052,2025-08-03T05:57:00,2025-08-03T10:06:00,65,Completed,15.7,W20250803
T00409,V0139,D0394,R073,2025-12-16T04:42:00,2025-12-16T09:16:00,85,Completed,18.6,W20251216
T00410,V0136,D0394,R026,2025-09-06T15:00:00,2025-09-06T17:47:00,70,Cancelled,25.1,W20250906
T00411,V0485,D0326,R068,2025-08-11T22:14:00,2025-08-11T23:09:00,95,Completed,103.6,W20250811
T00412,V0203,D0134,R037,2025-12-20T22:34:00,2025-12-21T01:05:00,95,Completed,37.7,W20251220
T00413,V0420,D0051,R085,2025-06-14T10:05:00,2025-06-14T14:57:00,55,Completed,11.3,W20250614
T00414,V0309,D0064,R006,2025-10-30T06:13:00,2025-10-30T08:37:00,95,Completed,39.6,W20251030
T00415,V0196,D0184,R091,2025-11-08T01:29:00,2025-11-08T03:56:00,70,Completed,28.6,W20251108
T00416,V0403,D0034,R074,2025-12-09T17:12:00,2025-12-09T19:39:00,95,Completed,38.8,W20251209
T00417,V0182,D0113,R048,2025-12-28T17:09:00,2025-12-28T19:24:00,75,Completed,33.3,W20251228
T00418,V0065,D0054,R017,2025-04-06T22:13:00,2025-04-07T01:17:00,95,Completed,31.0,W20250406
T00419,V0275,D0651,R011,2025-12-11T06:14:00,2025-12-11T07:51:00,85,Completed,52.6,W20251211
T00420,V0389,D0380,R090,2025-12-17T14:49:00,2025-12-17T15:48:00,85,Cancelled,86.4,W20251217
T00421,V0253,D0180,R019,2025-08-21T07:13:00,2025-08-21T08:36:00,55,Completed,39.8,W20250821
T00422,V0435,D0050,R098,2025-07-02T08:58:00,2025-07-02T10:12:00,75,Completed,60.8,W20250702
T00423,V0104,D0580,R061,2025-07-07T19:29:00,2025-07-07T23:00:00,75,Completed,21.3,W20250707
T00424,V0236,D0573,R084,2025-08-19T06:20:00,2025-08-19T10:10:00,85,Cancelled,22.2,W20250819
T00425,V0396,D0680,R090,2025-01-05T11:23:00,2025-01-05T16:05:00,85,Completed,18.1,W20250105
T00426,V0358,D0396,R084,2025-11-04T10:50:00,2025-11-04T13:52:00,85,Completed,28.0,W20251104
T00427,V0475,D0523,R066,2025-09-01T10:23:00,2025-09-01T11:40:00,85,Cancelled,66.2,W20250901
T00428,V0391,D0023,R060,2025-02-14T06:35:00,2025-02-14T08:51:00,85,Cancelled,37.5,W20250214
T00429,V0360,D0615,R068,2025-01-25T01:36:00,2025-01-25T05:21:00,95,Completed,25.3,W20250125
T00430,V0436,D0409,R008,2025-09-20T09:41:00,2025-09-20T11:57:00,75,Completed,33.1,W20250920
T00431,V0126,D0038,R005,2025-03-19T23:37:00,2025-03-20T04:06:00,65,Completed,14.5,W20250319
T00432,V0418,D0451,R068,2025-08-15T00:20:00,2025-08-15T03:23:00,95,Completed,31.1,W20250815
T00433,V0207,D0225,R077,2025-03-21T07:03:00,2025-03-21T08:56:00,85,Completed,45.1,W20250321
T00434,V0063,D0317,R035,2025-05-04T04:09:00,2025-05-04T07:01:00,95,Completed,33.1,W20250504
T00435,V0155,D0442,R046,2025-08-28T00:05:00,2025-08-28T04:18:00,70,Completed,16.6,W20250828
T00436,V0148,D0208,R040,2025-03-27T22:47:00,2025-03-28T00:11:00,95,Completed,67.9,W20250327
T00437,V0126,D0379,R087,2025-01-23T00:02:00,2025-01-23T00:59:00,55,Cancelled,57.9,W20250123
T00438,V0232,D0569,R005,2025-09-10T03:47:00,2025-09-10T08:09:00,65,Cancelled,14.9,W20250910
T00439,V0287,D0001,R055,2025-07-28T10:59:00,2025-07-28T14:25:00,55,Completed,16.0,W20250728
T00440,V0315,D0377,R043,2025-06-17T21:41:00,2025-06-17T22:46:00,65,Completed,60.0,W20250617
T00441,V0298,D0397,R006,2025-06-09T08:12:00,2025-06-09T11:32:00,95,Cancelled,28.5,W20250609
T00442,V0202,D0462,R086,2025-12-20T16:36:00,2025-12-20T18:18:00,65,Completed,38.2,W20251220
T00443,V0256,D0106,R064,2025-02-07T18:48:00,2025-02-07T23:46:00,75,Completed,15.1,W20250207
T00444,V0155,D0237,R009,2025-07-03T13:19:00,2025-07-03T14:11:00,65,Completed,75.0,W20250703
T00445,V0053,D0481,R074,2025-03-01T07:22:00,2025-03-01T08:51:00,95,Completed,64.0,W20250301
T00446,V0411,D0511,R019,2025-08-08T10:27:00,2025-08-08T15:10:00,55,Cancelled,11.7,W20250808
T00447,V0429,D0678,R057,2025-10-27T04:29:00,2025-10-27T05:58:00,75,Completed,50.6,W20251027
T00448,V0100,D0131,R029,2025-12-21T19:25:00,2025-12-21T20:36:00,70,Completed,59.2,W20251221
T00449,V0442,D0123,R050,2025-10-21T21:00:00,2025-10-22T00:29:00,95,Completed,27.3,W20251021
T00450,V0282,D0018,R037,2025-09-18T17:08:00,2025-09-18T19:42:00,95,Completed,37.0,W20250918
T00451,V0306,D0566,R050,2025-09-07T19:06:00,2025-09-07T22:41:00,95,Completed,26.5,W20250907
T00452,V0393,D0227,R056,2025-04-01T09:42:00,2025-04-01T14:07:00,95,Cancelled,21.5,W20250401
T00453,V0104,D0548,R045,2025-03-12T12:11:00,2025-03-12T16:16:00,70,Completed,17.1,W20250312
T00454,V0224,D0244,R055,2025-12-08T06:48:00,2025-12-08T08:21:00,55,Completed,35.5,W20251208
T00455,V0362,D0049,R061,2025-10-09T21:34:00,2025-10-10T01:18:00,75,Completed,20.1,W20251009
T00456,V0252,D0195,R030,2025-04-19T06:01:00,2025-04-19T09:35:00,65,Completed,18.2,W20250419
T00457,V0160,D0588,R066,2025-05-08T11:35:00,2025-05-08T13:52:00,85,Cancelled,37.2,W20250508
T00458,V0123,D0141,R062,2025-03-21T03:26:00,2025-03-21T07:39:00,70,Completed,16.6,W20250321
T00459,V0119,D0646,R083,2025-07-29T22:55:00,2025-07-30T00:26:00,75,Completed,49.5,W20250729
T00460,V0097,D0167,R020,2025-03-11T10:39:00,2025-03-11T13:22:00,65,Completed,23.9,W20250311
T00461,V0125,D0301,R099,2025-06-07T01:38:00,2025-06-07T06:25:00,55,Completed,11.5,W20250607
T00462,V0306,D0683,R049,2025-08-13T02:39:00,2025-08-13T07:26:00,85,Completed,17.8,W20250813
T00463,V0362,D0408,R080,2025-01-02T02:18:00,2025-01-02T06:20:00,75,Completed,18.6,W20250102
T00464,V0252,D0118,R093,2025-10-01T06:19:00,2025-10-01T09:28:00,65,Completed,20.6,W20251001
T00465,V0175,D0391,R059,2025-08-12T14:01:00,2025-08-12T17:38:00,75,Completed,20.7,W20250812
T00466,V0122,D0197,R032,2025-03-22T06:04:00,2025-03-22T09:57:00,75,Completed,19.3,W20250322
T00467,V0249,D0312,R069,2025-10-21T11:55:00,2025-10-21T13:30:00,70,Completed,44.2,W20251021
T00468,V0163,D0458,R051,2025-06-24T03:38:00,2025-06-24T08:01:00,70,Cancelled,16.0,W20250624
T00469,V0452,D0427,R034,2025-04-07T10:29:00,2025-04-07T13:48:00,70,Completed,21.1,W20250407
T00470,V0405,D0490,R018,2025-02-15T23:28:00,2025-02-16T02:17:00,85,Completed,30.2,W20250215
T00471,V0198,D0374,R004,2025-04-13T01:07:00,2025-04-13T05:15:00,65,Completed,15.7,W20250413
T00472,V0442,D0380,R082,2025-06-22T07:34:00,2025-06-22T08:39:00,75,Completed,69.2,W20250622
T00473,V0040,D0589,R095,2025-04-10T01:53:00,2025-04-10T06:47:00,85,Cancelled,17.3,W20250410
T00474,V0170,D0489,R029,2025-11-22T05:52:00,2025-11-22T08:57:00,70,Completed,22.7,W20251122
T00475,V0080,D0681,R014,2025-10-30T23:35:00,2025-10-31T00:38:00,55,Completed,52.4,W20251030
T00476,V0178,D0296,R053,2025-08-11T11:21:00,2025-08-11T16:11:00,55,Completed,11.4,W20250811
T00477,V0054,D0679,R091,2025-11-14T13:54:00,2025-11-14T18:10:00,70,Cancelled,16.4,W20251114
T00478,V0050,D0529,R080,2025-02-23T05:14:00,2025-02-23T09:56:00,75,Completed,16.0,W20250223
T00479,V0007,D0668,R088,2025-02-09T03:41:00,2025-02-09T07:18:00,95,Completed,26.3,W20250209
T00480,V0190,D0128,R062,2025-03-28T07:39:00,2025-03-28T11:08:00,70,Completed,20.1,W20250328
T00481,V0215,D0178,R075,2025-02-13T19:19:00,2025-02-13T21:55:00,85,Completed,32.7,W20250213
T00482,V0272,D0495,R047,2025-05-05T19:07:00,2025-05-05T22:58:00,55,Completed,14.3,W20250505
T00483,V0448,D0631,R005,2025-12-14T17:47:00,2025-12-14T21:34:00,65,Completed,17.2,W20251214
T00484,V0033,D0558,R036,2025-12-31T03:32:00,2025-12-31T04:21:00,75,Completed,91.8,W20251231
T00485,V0371,D0132,R043,2025-10-03T03:06:00,2025-10-03T06:44:00,65,Cancelled,17.9,W20251003
T00486,V0234,D0628,R085,2025-12-04T21:39:00,2025-12-05T02:18:00,55,Completed,11.8,W20251204
T00487,V0342,D0643,R075,2025-09-04T05:16:00,2025-09-04T08:57:00,85,Cancelled,23.1,W20250904
T00488,V0493,D0250,R086,2025-06-26T19:58:00,2025-06-26T21:38:00,65,Completed,39.0,W20250626
T00489,V0427,D0317,R001,2025-02-04T02:52:00,2025-02-04T04:13:00,85,Completed,63.0,W20250204
T00490,V0421,D0028,R024,2025-08-26T19:43:00,2025-08-26T21:37:00,55,Completed,28.9,W20250826
T00491,V0096,D0063,R031,2025-12-15T17:25:00,2025-12-15T21:06:00,65,Completed,17.6,W20251215
T00492,V0377,D0146,R024,2025-04-17T10:39:00,2025-04-17T14:43:00,55,Completed,13.5,W20250417
T00493,V0160,D0127,R027,2025-05-18T22:03:00,2025-05-19T01:25:00,85,Completed,25.2,W20250518
T00494,V0201,D0592,R097,2025-06-10T10:12:00,2025-06-10T12:17:00,65,Cancelled,31.2,W20250610
T00495,V0419,D0206,R100,2025-01-10T03:28:00,2025-01-10T07:41:00,75,Completed,17.8,W20250110
T00496,V0446,D0056,R071,2025-05-15T21:27:00,2025-05-15T23:47:00,95,Completed,40.7,W20250515
T00497,V0255,D0471,R052,2025-08-28T01:27:00,2025-08-28T06:06:00,65,Completed,14.0,W20250828
T00498,V0032,D0450,R006,2025-08-12T12:35:00,2025-08-12T13:24:00,95,Completed,116.3,W20250812
T00499,V0447,D0693,R070,2025-11-17T15:03:00,2025-11-17T17:36:00,55,Cancelled,21.6,W20251117
T00500,V0404,D0185,R056,2025-05-26T04:28:00,2025-05-26T08:15:00,95,Cancelled,25.1,W20250526
T00501,V0098,D0685,R008,2025-09-15T18:44:00,2025-09-15T22:06:00,75,Completed,22.3,W20250915
T00502,V0165,D0328,R005,2025-05-27T13:30:00,2025-05-27T17:12:00,65,Completed,17.6,W20250527
T00503,V0029,D0479,R053,2025-11-30T02:41:00,2025-11-30T06:24:00,55,Completed,14.8,W20251130
T00504,V0346,D0139,R047,2025-09-11T20:02:00,2025-09-11T23:32:00,55,Completed,15.7,W20250911
T00505,V0092,D0001,R091,2025-02-24T08:27:00,2025-02-24T12:45:00,70,Cancelled,16.3,W20250224
T00506,V0223,D0501,R063,2025-09-04T08:14:00,2025-09-04T13:06:00,75,Cancelled,15.4,W20250904
T00507,V0101,D0667,R093,2025-10-29T05:55:00,2025-10-29T09:43:00,65,Completed,17.1,W20251029
T00508,V0106,D0081,R015,2025-12-24T10:56:00,2025-12-24T12:37:00,75,Cancelled,44.6,W20251224
T00509,V0387,D0369,R074,2025-09-05T03:06:00,2025-09-05T04:53:00,95,Completed,53.3,W20250905
T00510,V0002,D0699,R058,2025-07-15T02:42:00,2025-07-15T07:39:00,95,Cancelled,19.2,W20250715
T00511,V0372,D0230,R011,2025-04-09T05:54:00,2025-04-09T10:20:00,85,Completed,19.2,W20250409
T00512,V0481,D0098,R031,2025-04-22T07:22:00,2025-04-22T08:28:00,65,Completed,59.1,W20250422
T00513,V0259,D0281,R002,2025-05-25T21:46:00,2025-05-25T23:11:00,75,Completed,52.9,W20250525
T00514,V0292,D0494,R074,2025-06-03T12:43:00,2025-06-03T17:26:00,95,Cancelled,20.1,W20250603
T00515,V0481,D0531,R036,2025-11-13T22:19:00,2025-11-13T23:23:00,75,Cancelled,70.3,W20251113
T00516,V0497,D0568,R082,2025-03-12T09:47:00,2025-03-12T13:31:00,75,Completed,20.1,W20250312
T00517,V0176,D0664,R064,2025-04-29T06:11:00,2025-04-29T08:57:00,75,Cancelled,27.1,W20250429
T00518,V0382,D0120,R053,2025-05-08T13:53:00,2025-05-08T17:19:00,55,Completed,16.0,W20250508
T00519,V0053,D0631,R085,2025-03-10T06:00:00,2025-03-10T06:48:00,55,Completed,68.8,W20250310
T00520,V0457,D0190,R084,2025-04-29T20:45:00,2025-04-29T23:58:00,85,Completed,26.4,W20250429
T00521,V0387,D0065,R015,2025-05-31T15:40:00,2025-05-31T17:24:00,75,Cancelled,43.3,W20250531
T00522,V0085,D0006,R082,2025-07-18T18:47:00,2025-07-18T19:43:00,75,Completed,80.4,W20250718
T00523,V0145,D0441,R080,2025-03-15T15:33:00,2025-03-15T17:55:00,75,Completed,31.7,W20250315
T00524,V0179,D0353,R011,2025-07-18T04:14:00,2025-07-18T07:45:00,85,Completed,24.2,W20250718
T00525,V0053,D0293,R097,2025-05-23T15:54:00,2025-05-23T20:53:00,65,Completed,13.0,W20250523
T00526,V0085,D0565,R045,2025-10-21T13:00:00,2025-10-21T15:20:00,70,Completed,30.0,W20251021
T00527,V0405,D0221,R096,2025-07-10T12:33:00,2025-07-10T15:45:00,95,Completed,29.7,W20250710
T00528,V0423,D0452,R083,2025-03-03T04:42:00,2025-03-03T05:50:00,75,Completed,66.2,W20250303
T00529,V0498,D0033,R081,2025-01-24T17:02:00,2025-01-24T21:56:00,55,Cancelled,11.2,W20250124
T00530,V0077,D0180,R034,2025-12-25T16:10:00,2025-12-25T17:15:00,70,Cancelled,64.6,W20251225
T00531,V0050,D0303,R024,2025-04-20T11:10:00,2025-04-20T12:43:00,55,Cancelled,35.5,W20250420
T00532,V0239,D0430,R043,2025-11-17T16:46:00,2025-11-17T19:55:00,65,Completed,20.6,W20251117
T00533,V0364,D0639,R017,2025-04-19T22:19:00,2025-04-20T00:55:00,95,Completed,36.5,W20250419
T00534,V0312,D0511,R061,2025-12-09T01:44:00,2025-12-09T05:14:00,75,Cancelled,21.4,W20251209
T00535,V0326,D0245,R002,2025-08-08T02:19:00,2025-08-08T06:33:00,75,Completed,17.7,W20250808
T00536,V0258,D0278,R007,2025-04-08T14:20:00,2025-04-08T16:40:00,70,Completed,30.0,W20250408
T00537,V0443,D0087,R037,2025-04-06T02:54:00,2025-04-06T06:43:00,95,Completed,24.9,W20250406
T00538,V0189,D0166,R029,2025-06-29T03:59:00,2025-06-29T05:23:00,70,Completed,50.0,W20250629
T00539,V0496,D0132,R026,2025-11-01T05:24:00,2025-11-01T10:01:00,70,Completed,15.2,W20251101
T00540,V0225,D0502,R046,2025-08-19T20:20:00,2025-08-20T00:35:00,70,Cancelled,16.5,W20250819
T00541,V0413,D0420,R050,2025-08-31T06:42:00,2025-08-31T09:03:00,95,Completed,40.4,W20250831
T00542,V0189,D0008,R003,2025-04-16T02:23:00,2025-04-16T06:52:00,85,Cancelled,19.0,W20250416
T00543,V0027,D0092,R091,2025-05-15T19:25:00,2025-05-15T20:30:00,70,Completed,64.6,W20250515
T00544,V0481,D0700,R093,2025-06-15T08:05:00,2025-06-15T12:39:00,65,Cancelled,14.2,W20250615
T00545,V0152,D0608,R045,2025-03-22T21:48:00,2025-03-23T01:22:00,70,Completed,19.6,W20250322
T00546,V0085,D0579,R067,2025-08-19T20:37:00,2025-08-20T00:52:00,55,Cancelled,12.9,W20250819
T00547,V0482,D0355,R038,2025-06-20T10:11:00,2025-06-20T14:09:00,95,Completed,23.9,W20250620
T00548,V0133,D0515,R035,2025-06-14T07:23:00,2025-06-14T11:30:00,95,Completed,23.1,W20250614
T00549,V0262,D0103,R018,2025-08-26T20:18:00,2025-08-26T23:47:00,85,Completed,24.4,W20250826
T00550,V0242,D0371,R063,2025-10-14T11:01:00,2025-10-14T13:13:00,75,Cancelled,34.1,W20251014
T00551,V0497,D0548,R058,2025-12-12T11:34:00,2025-12-12T14:25:00,95,Completed,33.3,W20251212
T00552,V0076,D0560,R046,2025-06-22T15:14:00,2025-06-22T20:03:00,70,Completed,14.5,W20250622
T00553,V0157,D0662,R021,2025-09-08T11:43:00,2025-09-08T16:20:00,75,Cancelled,16.2,W20250908
T00554,V0344,D0078,R067,2025-03-18T22:28:00,2025-03-19T00:25:00,55,Completed,28.2,W20250318
T00555,V0450,D0264,R064,2025-10-25T00:18:00,2025-10-25T01:34:00,75,Completed,59.2,W20251025
T00556,V0135,D0194,R028,2025-09-06T04:13:00,2025-09-06T08:39:00,85,Completed,19.2,W20250906
T00557,V0032,D0664,R091,2025-02-15T04:36:00,2025-02-15T07:03:00,70,Cancelled,28.6,W20250215
T00558,V0500,D0362,R079,2025-05-07T15:06:00,2025-05-07T16:27:00,70,Completed,51.9,W20250507
T00559,V0204,D0394,R095,2025-03-05T18:35:00,2025-03-05T21:34:00,85,Cancelled,28.5,W20250305
T00560,V0363,D0641,R028,2025-06-07T18:55:00,2025-06-07T22:49:00,85,Completed,21.8,W20250607
T00561,V0308,D0010,R013,2025-02-06T02:24:00,2025-02-06T05:08:00,65,Completed,23.8,W20250206
T00562,V0266,D0553,R028,2025-05-06T15:01:00,2025-05-06T17:59:00,85,Completed,28.7,W20250506
T00563,V0160,D0492,R069,2025-12-28T10:14:00,2025-12-28T11:08:00,70,Cancelled,77.8,W20251228
T00564,V0020,D0442,R053,2025-06-22T08:46:00,2025-06-22T10:11:00,55,Completed,38.8,W20250622
T00565,V0246,D0358,R059,2025-08-17T16:04:00,2025-08-17T18:16:00,75,Completed,34.1,W20250817
T00566,V0459,D0241,R047,2025-10-06T01:57:00,2025-10-06T04:14:00,55,Completed,24.1,W20251006
T00567,V0433,D0634,R037,2025-02-15T03:15:00,2025-02-15T06:39:00,95,Completed,27.9,W20250215
T00568,V0345,D0070,R073,2025-06-18T07:23:00,2025-06-18T09:47:00,85,Completed,35.4,W20250618
T00569,V0090,D0355,R073,2025-03-01T03:33:00,2025-03-01T05:08:00,85,Completed,53.7,W20250301
T00570,V0094,D0031,R055,2025-11-09T00:32:00,2025-11-09T04:49:00,55,Completed,12.8,W20251109
T00571,V0402,D0671,R063,2025-12-30T10:17:00,2025-12-30T12:50:00,75,Completed,29.4,W20251230
T00572,V0070,D0579,R010,2025-05-26T22:29:00,2025-05-26T23:51:00,75,Cancelled,54.9,W20250526
T00573,V0351,D0015,R051,2025-02-08T02:28:00,2025-02-08T06:23:00,70,Completed,17.9,W20250208
T00574,V0233,D0696,R034,2025-09-29T21:23:00,2025-09-29T23:57:00,70,Completed,27.3,W20250929
T00575,V0361,D0469,R066,2025-11-14T02:45:00,2025-11-14T05:40:00,85,Completed,29.1,W20251114
T00576,V0331,D0476,R037,2025-11-09T06:28:00,2025-11-09T10:49:00,95,Completed,21.8,W20251109
T00577,V0382,D0522,R046,2025-04-16T22:13:00,2025-04-16T23:02:00,70,Cancelled,85.7,W20250416
T00578,V0119,D0699,R007,2025-08-26T12:03:00,2025-08-26T15:14:00,70,Cancelled,22.0,W20250826
T00579,V0291,D0086,R059,2025-02-28T02:31:00,2025-02-28T06:35:00,75,Cancelled,18.4,W20250228
T00580,V0379,D0193,R042,2025-11-11T06:12:00,2025-11-11T09:02:00,75,Completed,26.5,W20251111
T00581,V0333,D0462,R067,2025-09-11T21:03:00,2025-09-12T01:16:00,55,Completed,13.0,W20250911
T00582,V0126,D0347,R036,2025-06-27T10:36:00,2025-06-27T11:52:00,75,Completed,59.2,W20250627
T00583,V0376,D0255,R054,2025-02-04T07:32:00,2025-02-04T09:26:00,95,Completed,50.0,W20250204
T00584,V0053,D0271,R083,2025-10-05T16:17:00,2025-10-05T17:40:00,75,Completed,54.2,W20251005
T00585,V0178,D0495,R072,2025-10-11T07:44:00,2025-10-11T08:34:00,75,Completed,90.0,W20251011
T00586,V0346,D0063,R050,2025-06-05T00:22:00,2025-06-05T04:02:00,95,Completed,25.9,W20250605
T00587,V0116,D0305,R007,2025-06-11T12:10:00,2025-06-11T16:20:00,70,Completed,16.8,W20250611
T00588,V0184,D0414,R027,2025-09-02T07:31:00,2025-09-02T11:54:00,85,Completed,19.4,W20250902
T00589,V0382,D0481,R092,2025-05-03T16:05:00,2025-05-03T19:45:00,70,Completed,19.1,W20250503
T00590,V0129,D0464,R062,2025-02-19T11:49:00,2025-02-19T14:34:00,70,Completed,25.5,W20250219
T00591,V0012,D0338,R090,2025-08-15T13:54:00,2025-08-15T16:10:00,85,Completed,37.5,W20250815
T00592,V0247,D0272,R024,2025-12-26T03:37:00,2025-12-26T08:31:00,55,Completed,11.2,W20251226
T00593,V0368,D0360,R083,2025-07-02T13:48:00,2025-07-02T17:25:00,75,Completed,20.7,W20250702
T00594,V0381,D0487,R009,2025-03-10T13:38:00,2025-03-10T18:33:00,65,Completed,13.2,W20250310
T00595,V0154,D0100,R003,2025-06-20T05:06:00,2025-06-20T09:40:00,85,Cancelled,18.6,W20250620
T00596,V0112,D0019,R048,2025-06-02T14:05:00,2025-06-02T18:28:00,75,Completed,17.1,W20250602
T00597,V0244,D0357,R082,2025-11-16T01:57:00,2025-11-16T05:31:00,75,Completed,21.0,W20251116
T00598,V0276,D0284,R085,2025-04-30T08:11:00,2025-04-30T09:53:00,55,Completed,32.4,W20250430
T00599,V0280,D0168,R060,2025-12-05T02:00:00,2025-12-05T05:25:00,85,Cancelled,24.9,W20251205
T00600,V0171,D0688,R068,2025-06-13T07:00:00,2025-06-13T08:15:00,95,Completed,76.0,W20250613
T00601,V0228,D0097,R007,2025-08-14T17:08:00,2025-08-14T20:49:00,70,Cancelled,19.0,W20250814
T00602,V0398,D0150,R092,2025-10-09T11:26:00,2025-10-09T12:16:00,70,Completed,84.0,W20251009
T00603,V0445,D0110,R083,2025-11-05T12:27:00,2025-11-05T14:46:00,75,Completed,32.4,W20251105
T00604,V0479,D0375,R048,2025-10-10T13:51:00,2025-10-10T17:41:00,75,Cancelled,19.6,W20251010
T00605,V0092,D0517,R076,2025-02-22T15:48:00,2025-02-22T19:58:00,95,Completed,22.8,W20250222
T00606,V0483,D0561,R024,2025-02-09T20:33:00,2025-02-10T00:03:00,55,Cancelled,15.7,W20250209
T00607,V0450,D0390,R041,2025-12-17T06:13:00,2025-12-17T09:18:00,65,Completed,21.1,W20251217
T00608,V0237,D0497,R016,2025-05-21T23:38:00,2025-05-22T03:27:00,65,Completed,17.0,W20250521
T00609,V0153,D0355,R079,2025-09-28T11:57:00,2025-09-28T16:40:00,70,Cancelled,14.8,W20250928
T00610,V0239,D0653,R033,2025-07-12T00:26:00,2025-07-12T02:52:00,85,Completed,34.9,W20250712
T00611,V0339,D0532,R070,2025-04-15T20:49:00,2025-04-16T01:23:00,55,Completed,12.0,W20250415
T00612,V0244,D0184,R058,2025-01-28T13:51:00,2025-01-28T17:43:00,95,Completed,24.6,W20250128
T00613,V0216,D0676,R028,2025-03-15T08:08:00,2025-03-15T11:29:00,85,Cancelled,25.4,W20250315
T00614,V0171,D0615,R002,2025-12-14T21:30:00,2025-12-15T00:23:00,75,Cancelled,26.0,W20251214
T00615,V0073,D0010,R019,2025-08-13T10:04:00,2025-08-13T11:08:00,55,Completed,51.6,W20250813
T00616,V0437,D0605,R064,2025-03-09T17:59:00,2025-03-09T20:53:00,75,Completed,25.9,W20250309
T00617,V0050,D0676,R081,2025-04-13T23:59:00,2025-04-14T01:00:00,55,Completed,54.1,W20250413
T00618,V0179,D0201,R020,2025-05-27T12:44:00,2025-05-27T15:02:00,65,Completed,28.3,W20250527
T00619,V0209,D0336,R098,2025-03-18T18:47:00,2025-03-18T23:37:00,75,Cancelled,15.5,W20250318
T00620,V0094,D0300,R021,2025-02-03T06:04:00,2025-02-03T09:55:00,75,Completed,19.5,W20250203
T00621,V0473,D0273,R004,2025-01-13T22:17:00,2025-01-14T02:30:00,65,Completed,15.4,W20250113
T00622,V0279,D0155,R082,2025-12-29T13:07:00,2025-12-29T15:39:00,75,Completed,29.6,W20251229
T00623,V0190,D0205,R007,2025-05-05T07:45:00,2025-05-05T12:09:00,70,Completed,15.9,W20250505
T00624,V0119,D0017,R069,2025-02-02T16:21:00,2025-02-02T18:11:00,70,Completed,38.2,W20250202
T00625,V0340,D0468,R003,2025-10-26T12:01:00,2025-10-26T14:35:00,85,Completed,33.1,W20251026
T00626,V0388,D0343,R098,2025-06-05T18:15:00,2025-06-05T23:08:00,75,Completed,15.4,W20250605
T00627,V0230,D0578,R042,2025-01-23T22:09:00,2025-01-24T02:13:00,75,Cancelled,18.4,W20250123
T00628,V0359,D0111,R072,2025-10-19T14:17:00,2025-10-19T17:35:00,75,Completed,22.7,W20251019
T00629,V0132,D0610,R042,2025-01-02T06:14:00,2025-01-02T08:12:00,75,Completed,38.1,W20250102
T00630,V0118,D0156,R001,2025-11-04T02:16:00,2025-11-04T04:53:00,85,Completed,32.5,W20251104
T00631,V0479,D0208,R056,2025-01-15T15:37:00,2025-01-15T18:41:00,95,Completed,31.0,W20250115
T00632,V0339,D0574,R098,2025-05-29T18:07:00,2025-05-29T19:25:00,75,Completed,57.7,W20250529
T00633,V0122,D0416,R072,2025-02-09T06:14:00,2025-02-09T10:34:00,75,Completed,17.3,W20250209
T00634,V0127,D0092,R030,2025-01-15T07:52:00,2025-01-15T11:36:00,65,Completed,17.4,W20250115
T00635,V0209,D0505,R069,2025-04-01T16:09:00,2025-04-01T17:04:00,70,Cancelled,76.4,W20250401
T00636,V0067,D0123,R001,2025-11-18T05:26:00,2025-11-18T08:34:00,85,Cancelled,27.1,W20251118
T00637,V0303,D0487,R081,2025-06-19T14:40:00,2025-06-19T19:36:00,55,Completed,11.1,W20250619
T00638,V0340,D0039,R039,2025-12-15T05:29:00,2025-12-15T06:48:00,55,Completed,41.8,W20251215
T00639,V0124,D0267,R008,2025-11-18T03:22:00,2025-11-18T07:23:00,75,Completed,18.7,W20251118
T00640,V0342,D0088,R095,2025-12-24T17:37:00,2025-12-24T19:52:00,85,Completed,37.8,W20251224
T00641,V0441,D0345,R065,2025-07-29T10:40:00,2025-07-29T13:07:00,70,Completed,28.6,W20250729
T00642,V0124,D0073,R063,2025-04-18T20:42:00,2025-04-19T00:27:00,75,Completed,20.0,W20250418
T00643,V0010,D0695,R073,2025-01-01T17:10:00,2025-01-01T22:07:00,85,Completed,17.2,W20250101
T00644,V0207,D0673,R096,2025-05-31T14:46:00,2025-05-31T17:51:00,95,Cancelled,30.8,W20250531
T00645,V0368,D0240,R046,2025-12-31T15:53:00,2025-12-31T20:34:00,70,Completed,14.9,W20251231
T00646,V0414,D0605,R081,2025-01-08T19:43:00,2025-01-08T22:04:00,55,Completed,23.4,W20250108
T00647,V0140,D0031,R091,2025-06-25T02:15:00,2025-06-25T05:20:00,70,Completed,22.7,W20250625
T00648,V0500,D0433,R036,2025-07-30T21:39:00,2025-07-31T02:25:00,75,Cancelled,15.7,W20250730
T00649,V0153,D0607,R039,2025-03-29T00:15:00,2025-03-29T04:04:00,55,Cancelled,14.4,W20250329
T00650,V0342,D0519,R018,2025-10-12T08:20:00,2025-10-12T11:19:00,85,Completed,28.5,W20251012
T00651,V0260,D0700,R090,2025-07-15T22:26:00,2025-07-16T00:59:00,85,Completed,33.3,W20250715
T00652,V0113,D0145,R071,2025-12-23T16:44:00,2025-12-23T19:14:00,95,Completed,38.0,W20251223
T00653,V0116,D0022,R029,2025-07-11T21:32:00,2025-07-12T00:55:00,70,Completed,20.7,W20250711
T00654,V0274,D0618,R032,2025-07-13T19:24:00,2025-07-13T20:45:00,75,Completed,55.6,W20250713
T00655,V0285,D0151,R039,2025-05-31T03:34:00,2025-05-31T04:50:00,55,Completed,43.4,W20250531
T00656,V0408,D0513,R040,2025-10-27T07:30:00,2025-10-27T11:06:00,95,Completed,26.4,W20251027
T00657,V0429,D0506,R043,2025-09-29T19:19:00,2025-09-29T22:11:00,65,Completed,22.7,W20250929
T00658,V0335,D0279,R021,2025-04-12T17:05:00,2025-04-12T20:25:00,75,Cancelled,22.5,W20250412
T00659,V0210,D0056,R035,2025-12-05T20:42:00,2025-12-06T01:04:00,95,Completed,21.8,W20251205
T00660,V0362,D0379,R046,2025-01-10T04:42:00,2025-01-10T05:29:00,70,Cancelled,89.4,W20250110
T00661,V0159,D0149,R052,2025-01-02T22:11:00,2025-01-02T23:37:00,65,Completed,45.3,W20250102
T00662,V0353,D0510,R094,2025-01-17T10:59:00,2025-01-17T11:49:00,70,Completed,84.0,W20250117
T00663,V0032,D0485,R020,2025-02-13T06:52:00,2025-02-13T10:18:00,65,Completed,18.9,W20250213
T00664,V0008,D0279,R001,2025-10-30T20:55:00,2025-10-30T23:48:00,85,Completed,29.5,W20251030
T00665,V0318,D0370,R025,2025-07-30T12:03:00,2025-07-30T16:57:00,75,Cancelled,15.3,W20250730
T00666,V0498,D0499,R075,2025-04-28T11:49:00,2025-04-28T13:53:00,85,Completed,41.1,W20250428
T00667,V0082,D0074,R010,2025-01-23T16:05:00,2025-01-23T17:50:00,75,Cancelled,42.9,W20250123
T00668,V0171,D0109,R015,2025-11-08T00:38:00,2025-11-08T05:14:00,75,Completed,16.3,W20251108
T00669,V0372,D0348,R024,2025-02-23T00:49:00,2025-02-23T03:58:00,55,Completed,17.5,W20250223
T00670,V0191,D0008,R042,2025-02-28T07:46:00,2025-02-28T10:09:00,75,Cancelled,31.5,W20250228
T00671,V0146,D0514,R030,2025-03-04T11:29:00,2025-03-04T16:29:00,65,Completed,13.0,W20250304
T00672,V0258,D0424,R030,2025-03-08T04:40:00,2025-03-08T07:07:00,65,Cancelled,26.5,W20250308
T00673,V0033,D0403,R090,2025-04-22T16:42:00,2025-04-22T20:09:00,85,Completed,24.6,W20250422
T00674,V0488,D0481,R098,2025-10-11T22:26:00,2025-10-12T02:37:00,75,Completed,17.9,W20251011
T00675,V0114,D0010,R084,2025-11-04T07:21:00,2025-11-04T11:13:00,85,Cancelled,22.0,W20251104
T00676,V0477,D0296,R041,2025-01-17T16:27:00,2025-01-17T17:18:00,65,Cancelled,76.5,W20250117
T00677,V0353,D0290,R028,2025-07-31T18:34:00,2025-07-31T21:03:00,85,Completed,34.2,W20250731
T00678,V0313,D0338,R018,2025-01-19T04:09:00,2025-01-19T05:17:00,85,Cancelled,75.0,W20250119
T00679,V0482,D0508,R032,2025-02-13T03:17:00,2025-02-13T06:23:00,75,Completed,24.2,W20250213
T00680,V0402,D0364,R067,2025-12-28T16:47:00,2025-12-28T18:55:00,55,Completed,25.8,W20251228
T00681,V0027,D0672,R075,2025-08-27T08:17:00,2025-08-27T10:07:00,85,Cancelled,46.4,W20250827
T00682,V0068,D0506,R058,2025-05-25T10:05:00,2025-05-25T12:55:00,95,Completed,33.5,W20250525
T00683,V0374,D0456,R077,2025-07-31T17:19:00,2025-07-31T18:46:00,85,Completed,58.6,W20250731
T00684,V0126,D0349,R067,2025-06-16T00:42:00,2025-06-16T02:35:00,55,Completed,29.2,W20250616
T00685,V0213,D0041,R075,2025-03-01T03:18:00,2025-03-01T04:43:00,85,Completed,60.0,W20250301
T00686,V0125,D0384,R040,2025-05-30T10:55:00,2025-05-30T12:47:00,95,Completed,50.9,W20250530
T00687,V0158,D0203,R091,2025-05-01T09:42:00,2025-05-01T13:18:00,70,Completed,19.4,W20250501
T00688,V0160,D0698,R045,2025-10-25T03:51:00,2025-10-25T08:38:00,70,Completed,14.6,W20251025
T00689,V0239,D0029,R008,2025-03-28T06:58:00,2025-03-28T08:05:00,75,Completed,67.2,W20250328
T00690,V0421,D0273,R030,2025-09-22T02:11:00,2025-09-22T04:09:00,65,Completed,33.1,W20250922
T00691,V0322,D0207,R032,2025-09-16T12:06:00,2025-09-16T14:48:00,75,Completed,27.8,W20250916
T00692,V0439,D0033,R066,2025-08-06T20:10:00,2025-08-06T23:10:00,85,Completed,28.3,W20250806
T00693,V0341,D0089,R088,2025-06-13T11:58:00,2025-06-13T13:30:00,95,Completed,62.0,W20250613
T00694,V0120,D0567,R004,2025-01-26T03:37:00,2025-01-26T07:56:00,65,Completed,15.1,W20250126
T00695,V0071,D0567,R083,2025-10-26T20:39:00,2025-10-26T22:25:00,75,Completed,42.5,W20251026
T00696,V0256,D0437,R002,2025-12-13T21:13:00,2025-12-13T22:48:00,75,Cancelled,47.4,W20251213
T00697,V0313,D0336,R064,2025-08-22T07:45:00,2025-08-22T10:23:00,75,Completed,28.5,W20250822
T00698,V0488,D0323,R053,2025-05-25T18:10:00,2025-05-25T22:35:00,55,Cancelled,12.5,W20250525
T00699,V0384,D0465,R023,2025-09-04T04:22:00,2025-09-04T06:52:00,95,Completed,38.0,W20250904
T00700,V0350,D0607,R014,2025-02-03T20:33:00,2025-02-04T01:27:00,55,Completed,11.2,W20250203
T00701,V0435,D0634,R016,2025-12-05T17:35:00,2025-12-05T22:06:00,65,Completed,14.4,W20251205
T00702,V0029,D0467,R091,2025-02-23T15:19:00,2025-02-23T17:21:00,70,Completed,34.4,W20250223
T00703,V0428,D0478,R030,2025-10-05T09:53:00,2025-10-05T10:57:00,65,Cancelled,60.9,W20251005
T00704,V0175,D0595,R003,2025-01-19T00:06:00,2025-01-19T01:01:00,85,Completed,92.7,W20250119
T00705,V0414,D0239,R014,2025-07-27T06:55:00,2025-07-27T11:09:00,55,Completed,13.0,W20250727
T00706,V0484,D0115,R014,2025-01-08T00:04:00,2025-01-08T04:58:00,55,Cancelled,11.2,W20250108
T00707,V0276,D0127,R024,2025-01-25T13:03:00,2025-01-25T13:52:00,55,Completed,67.3,W20250125
T00708,V0404,D0293,R071,2025-08-04T04:23:00,2025-08-04T06:39:00,95,Completed,41.9,W20250804
T00709,V0484,D0664,R003,2025-02-28T18:46:00,2025-02-28T19:52:00,85,Completed,77.3,W20250228
T00710,V0281,D0068,R094,2025-05-06T17:31:00,2025-05-06T21:39:00,70,Completed,16.9,W20250506
T00711,V0302,D0065,R075,2025-12-16T06:31:00,2025-12-16T10:35:00,85,Cancelled,20.9,W20251216
T00712,V0488,D0658,R016,2025-07-26T17:37:00,2025-07-26T22:11:00,65,Cancelled,14.2,W20250726
T00713,V0415,D0066,R040,2025-11-13T16:22:00,2025-11-13T17:45:00,95,Cancelled,68.7,W20251113
T00714,V0111,D0593,R058,2025-10-31T08:16:00,2025-10-31T10:22:00,95,Completed,45.2,W20251031
T00715,V0125,D0209,R018,2025-05-13T00:29:00,2025-05-13T01:51:00,85,Cancelled,62.2,W20250513
T00716,V0436,D0498,R024,2025-12-05T02:36:00,2025-12-05T05:08:00,55,Completed,21.7,W20251205
T00717,V0208,D0533,R066,2025-09-21T23:16:00,2025-09-22T03:27:00,85,Completed,20.3,W20250921
T00718,V0177,D0606,R086,2025-09-24T07:42:00,2025-09-24T10:58:00,65,Completed,19.9,W20250924
T00719,V0183,D0146,R031,2025-01-10T08:29:00,2025-01-10T12:55:00,65,Completed,14.7,W20250110
T00720,V0102,D0086,R068,2025-10-14T01:24:00,2025-10-14T02:47:00,95,Completed,68.7,W20251014
T00721,V0471,D0277,R071,2025-01-17T22:46:00,2025-01-18T03:40:00,95,Completed,19.4,W20250117
T00722,V0335,D0557,R058,2025-12-08T01:40:00,2025-12-08T05:22:00,95,Completed,25.7,W20251208
T00723,V0400,D0447,R064,2025-10-11T21:45:00,2025-10-11T22:44:00,75,Completed,76.3,W20251011
T00724,V0473,D0345,R082,2025-01-15T01:08:00,2025-01-15T04:10:00,75,Cancelled,24.7,W20250115
T00725,V0490,D0674,R075,2025-05-21T04:49:00,2025-05-21T07:05:00,85,Cancelled,37.5,W20250521
T00726,V0258,D0607,R019,2025-12-17T14:21:00,2025-12-17T15:07:00,55,Cancelled,71.7,W20251217
T00727,V0106,D0134,R008,2025-11-17T01:35:00,2025-11-17T03:29:00,75,Completed,39.5,W20251117
T00728,V0002,D0189,R086,2025-03-04T18:54:00,2025-03-04T23:35:00,65,Completed,13.9,W20250304
T00729,V0063,D0688,R017,2025-10-13T22:12:00,2025-10-14T01:28:00,95,Cancelled,29.1,W20251013
T00730,V0056,D0674,R096,2025-06-12T23:05:00,2025-06-13T02:52:00,95,Cancelled,25.1,W20250612
T00731,V0032,D0504,R058,2025-02-20T14:09:00,2025-02-20T17:38:00,95,Completed,27.3,W20250220
T00732,V0447,D0466,R048,2025-09-07T15:30:00,2025-09-07T16:46:00,75,Completed,59.2,W20250907
T00733,V0169,D0009,R065,2025-09-16T10:58:00,2025-09-16T15:44:00,70,Completed,14.7,W20250916
T00734,V0430,D0417,R014,2025-07-20T03:33:00,2025-07-20T05:56:00,55,Completed,23.1,W20250720
T00735,V0321,D0105,R090,2025-09-22T01:14:00,2025-09-22T03:19:00,85,Completed,40.8,W20250922
T00736,V0183,D0297,R024,2025-04-09T02:06:00,2025-04-09T04:34:00,55,Cancelled,22.3,W20250409
T00737,V0390,D0409,R076,2025-08-07T20:06:00,2025-08-08T00:27:00,95,Completed,21.8,W20250807
T00738,V0122,D0348,R004,2025-10-24T23:26:00,2025-10-25T04:09:00,65,Completed,13.8,W20251024
T00739,V0245,D0406,R076,2025-06-21T12:07:00,2025-06-21T13:24:00,95,Completed,74.0,W20250621
T00740,V0399,D0128,R053,2025-11-02T10:50:00,2025-11-02T12:20:00,55,Completed,36.7,W20251102
T00741,V0246,D0442,R092,2025-04-03T03:19:00,2025-04-03T07:43:00,70,Completed,15.9,W20250403
T00742,V0092,D0446,R031,2025-05-02T19:20:00,2025-05-02T20:16:00,65,Completed,69.6,W20250502
T00743,V0025,D0189,R092,2025-06-30T21:42:00,2025-06-30T22:45:00,70,Cancelled,66.7,W20250630
T00744,V0220,D0278,R028,2025-11-13T06:26:00,2025-11-13T08:31:00,85,Cancelled,40.8,W20251113
T00745,V0180,D0336,R079,2025-02-27T18:26:00,2025-02-27T20:57:00,70,Completed,27.8,W20250227
T00746,V0141,D0686,R034,2025-04-18T09:37:00,2025-04-18T11:08:00,70,Completed,46.2,W20250418
T00747,V0328,D0065,R001,2025-12-31T06:15:00,2025-12-31T08:17:00,85,Completed,41.8,W20251231
T00748,V0347,D0473,R094,2025-06-22T20:07:00,2025-06-22T23:18:00,70,Completed,22.0,W20250622
T00749,V0125,D0412,R037,2025-07-21T21:49:00,2025-07-21T23:26:00,95,Completed,58.8,W20250721
T00750,V0184,D0540,R077,2025-05-17T04:54:00,2025-05-17T07:34:00,85,Completed,31.9,W20250517
T00751,V0389,D0048,R077,2025-08-19T22:02:00,2025-08-19T23:17:00,85,Completed,68.0,W20250819
T00752,V0323,D0277,R065,2025-08-24T01:30:00,2025-08-24T04:06:00,70,Cancelled,26.9,W20250824
T00753,V0227,D0570,R017,2025-09-16T21:29:00,2025-09-17T01:21:00,95,Cancelled,24.6,W20250916
T00754,V0113,D0124,R066,2025-10-31T11:01:00,2025-10-31T12:57:00,85,Completed,44.0,W20251031
T00755,V0167,D0328,R037,2025-01-17T11:26:00,2025-01-17T15:36:00,95,Completed,22.8,W20250117
T00756,V0014,D0653,R049,2025-03-06T06:15:00,2025-03-06T08:02:00,85,Completed,47.7,W20250306
T00757,V0130,D0321,R078,2025-07-10T13:02:00,2025-07-10T17:38:00,75,Completed,16.3,W20250710
T00758,V0417,D0252,R026,2025-03-25T02:28:00,2025-03-25T03:19:00,70,Completed,82.4,W20250325
T00759,V0097,D0539,R049,2025-12-21T05:08:00,2025-12-21T08:28:00,85,Completed,25.5,W20251221
T00760,V0137,D0509,R079,2025-08-16T22:55:00,2025-08-16T23:43:00,70,Completed,87.5,W20250816
T00761,V0197,D0673,R021,2025-11-13T14:24:00,2025-11-13T18:39:00,75,Cancelled,17.6,W20251113
T00762,V0139,D0357,R063,2025-06-06T16:04:00,2025-06-06T20:58:00,75,Cancelled,15.3,W20250606
T00763,V0075,D0292,R086,2025-02-09T22:49:00,2025-02-09T23:48:00,65,Cancelled,66.1,W20250209
T00764,V0303,D0189,R062,2025-02-05T04:29:00,2025-02-05T06:32:00,70,Completed,34.1,W20250205
T00765,V0239,D0424,R006,2025-05-22T11:28:00,2025-05-22T12:55:00,95,Completed,65.5,W20250522
T00766,V0072,D0393,R040,2025-11-23T05:48:00,2025-11-23T08:37:00,95,Completed,33.7,W20251123
T00767,V0091,D0621,R064,2025-11-27T16:12:00,2025-11-27T17:28:00,75,Cancelled,59.2,W20251127
T00768,V0498,D0508,R050,2025-01-25T09:53:00,2025-01-25T12:56:00,95,Completed,31.1,W20250125
T00769,V0408,D0261,R096,2025-05-12T00:13:00,2025-05-12T03:01:00,95,Completed,33.9,W20250512
T00770,V0016,D0499,R017,2025-01-02T03:19:00,2025-01-02T05:53:00,95,Completed,37.0,W20250102
T00771,V0380,D0003,R007,2025-02-18T03:30:00,2025-02-18T04:28:00,70,Cancelled,72.4,W20250218
T00772,V0312,D0515,R028,2025-12-18T23:43:00,2025-12-19T04:40:00,85,Completed,17.2,W20251218
T00773,V0208,D0191,R081,2025-02-16T20:17:00,2025-02-16T21:18:00,55,Cancelled,54.1,W20250216
T00774,V0099,D0089,R028,2025-05-21T09:45:00,2025-05-21T13:30:00,85,Completed,22.7,W20250521
T00775,V0176,D0573,R008,2025-11-08T09:48:00,2025-11-08T14:15:00,75,Completed,16.9,W20251108
T00776,V0297,D0608,R093,2025-11-27T16:35:00,2025-11-27T21:07:00,65,Completed,14.3,W20251127
T00777,V0258,D0126,R097,2025-06-04T07:52:00,2025-06-04T11:01:00,65,Completed,20.6,W20250604
T00778,V0190,D0055,R082,2025-07-18T03:02:00,2025-07-18T03:51:00,75,Completed,91.8,W20250718
T00779,V0058,D0558,R037,2025-03-26T08:39:00,2025-03-26T11:00:00,95,Completed,40.4,W20250326
T00780,V0016,D0118,R070,2025-09-29T01:36:00,2025-09-29T03:48:00,55,Completed,25.0,W20250929
T00781,V0439,D0565,R083,2025-09-03T05:06:00,2025-09-03T07:59:00,75,Cancelled,26.0,W20250903
T00782,V0180,D0123,R097,2025-10-19T03:08:00,2025-10-19T06:44:00,65,Completed,18.1,W20251019
T00783,V0296,D0352,R084,2025-11-01T12:07:00,2025-11-01T14:25:00,85,Completed,37.0,W20251101
T00784,V0441,D0643,R040,2025-08-22T15:57:00,2025-08-22T18:34:00,95,Cancelled,36.3,W20250822
T00785,V0470,D0265,R088,2025-08-21T03:14:00,2025-08-21T08:09:00,95,Completed,19.3,W20250821
T00786,V0434,D0345,R049,2025-10-24T06:12:00,2025-10-24T08:53:00,85,Completed,31.7,W20251024
T00787,V0084,D0288,R037,2025-09-18T04:49:00,2025-09-18T08:32:00,95,Completed,25.6,W20250918
T00788,V0109,D0373,R038,2025-01-01T20:25:00,2025-01-01T23:49:00,95,Completed,27.9,W20250101
T00789,V0285,D0619,R007,2025-04-22T14:25:00,2025-04-22T17:06:00,70,Completed,26.1,W20250422
T00790,V0325,D0598,R021,2025-03-25T01:40:00,2025-03-25T02:25:00,75,Completed,100.0,W20250325
T00791,V0414,D0468,R054,2025-12-31T04:46:00,2025-12-31T06:55:00,95,Cancelled,44.2,W20251231
T00792,V0144,D0099,R010,2025-12-09T05:11:00,2025-12-09T09:08:00,75,Completed,19.0,W20251209
T00793,V0065,D0425,R032,2025-07-20T04:17:00,2025-07-20T07:49:00,75,Completed,21.2,W20250720
T00794,V0085,D0016,R024,2025-09-25T21:51:00,2025-09-26T02:29:00,55,Completed,11.9,W20250925
T00795,V0478,D0172,R091,2025-03-22T21:32:00,2025-03-23T02:26:00,70,Completed,14.3,W20250322
T00796,V0105,D0523,R084,2025-12-08T03:43:00,2025-12-08T08:01:00,85,Completed,19.8,W20251208
T00797,V0245,D0569,R036,2025-08-14T13:14:00,2025-08-14T18:12:00,75,Completed,15.1,W20250814
T00798,V0361,D0696,R048,2025-05-13T18:41:00,2025-05-13T21:35:00,75,Cancelled,25.9,W20250513
T00799,V0122,D0130,R072,2025-07-27T10:22:00,2025-07-27T13:05:00,75,Completed,27.6,W20250727
T00800,V0145,D0232,R046,2025-06-12T09:07:00,2025-06-12T12:27:00,70,Completed,21.0,W20250612
T00801,V0147,D0642,R061,2025-04-17T18:51:00,2025-04-17T23:06:00,75,Completed,17.6,W20250417
T00802,V0199,D0566,R004,2025-04-08T00:49:00,2025-04-08T02:22:00,65,Cancelled,41.9,W20250408
T00803,V0185,D0686,R051,2025-07-20T17:26:00,2025-07-20T18:49:00,70,Completed,50.6,W20250720
T00804,V0314,D0550,R057,2025-08-02T05:53:00,2025-08-02T10:50:00,75,Completed,15.2,W20250802
T00805,V0152,D0538,R096,2025-02-23T21:02:00,2025-02-24T01:45:00,95,Cancelled,20.1,W20250223
T00806,V0130,D0359,R086,2025-10-30T23:21:00,2025-10-31T00:28:00,65,Completed,58.2,W20251030
T00807,V0004,D0237,R047,2025-02-27T16:16:00,2025-02-27T17:33:00,55,Completed,42.9,W20250227
T00808,V0394,D0595,R093,2025-02-14T20:02:00,2025-02-14T20:53:00,65,Completed,76.5,W20250214
T00809,V0329,D0628,R088,2025-10-08T15:35:00,2025-10-08T16:50:00,95,Completed,76.0,W20251008
T00810,V0136,D0336,R047,2025-05-24T14:11:00,2025-05-24T16:30:00,55,Completed,23.7,W20250524
T00811,V0448,D0440,R030,2025-10-15T10:02:00,2025-10-15T13:16:00,65,Cancelled,20.1,W20251015
T00812,V0127,D0658,R058,2025-07-10T05:12:00,2025-07-10T06:03:00,95,Completed,111.8,W20250710
T00813,V0007,D0509,R060,2025-07-17T02:40:00,2025-07-17T07:23:00,85,Completed,18.0,W20250717
T00814,V0085,D0157,R048,2025-12-07T23:20:00,2025-12-08T02:27:00,75,Completed,24.1,W20251207
T00815,V0405,D0135,R099,2025-02-03T20:22:00,2025-02-03T23:06:00,55,Completed,20.1,W20250203
T00816,V0175,D0462,R087,2025-11-09T23:39:00,2025-11-10T03:47:00,55,Completed,13.3,W20251109
T00817,V0453,D0662,R085,2025-03-17T03:15:00,2025-03-17T04:05:00,55,Completed,66.0,W20250317
T00818,V0178,D0624,R018,2025-02-06T14:25:00,2025-02-06T15:42:00,85,Completed,66.2,W20250206
T00819,V0433,D0182,R038,2025-11-02T12:43:00,2025-11-02T16:04:00,95,Cancelled,28.4,W20251102
T00820,V0003,D0443,R095,2025-10-18T13:06:00,2025-10-18T16:27:00,85,Completed,25.4,W20251018
T00821,V0356,D0104,R002,2025-09-22T05:40:00,2025-09-22T07:01:00,75,Cancelled,55.6,W20250922
T00822,V0426,D0643,R054,2025-04-17T12:32:00,2025-04-17T14:31:00,95,Completed,47.9,W20250417
T00823,V0403,D0027,R091,2025-10-27T16:32:00,2025-10-27T21:17:00,70,Completed,14.7,W20251027
T00824,V0403,D0056,R003,2025-02-12T02:20:00,2025-02-12T04:23:00,85,Completed,41.5,W20250212
T00825,V0025,D0198,R027,2025-07-24T12:47:00,2025-07-24T14:00:00,85,Completed,69.9,W20250724
T00826,V0223,D0611,R018,2025-12-13T13:09:00,2025-12-13T16:29:00,85,Completed,25.5,W20251213
T00827,V0201,D0118,R033,2025-05-31T14:43:00,2025-05-31T16:12:00,85,Cancelled,57.3,W20250531
T00828,V0284,D0419,R066,2025-05-03T13:14:00,2025-05-03T14:12:00,85,Completed,87.9,W20250503
T00829,V0408,D0349,R041,2025-06-15T19:40:00,2025-06-15T21:44:00,65,Completed,31.5,W20250615
T00830,V0321,D0110,R036,2025-01-02T15:00:00,2025-01-02T18:22:00,75,Completed,22.3,W20250102
T00831,V0229,D0550,R074,2025-09-02T07:46:00,2025-09-02T12:39:00,95,Completed,19.5,W20250902
T00832,V0228,D0680,R044,2025-01-25T15:11:00,2025-01-25T20:01:00,70,Completed,14.5,W20250125
T00833,V0486,D0270,R046,2025-12-07T02:34:00,2025-12-07T05:16:00,70,Completed,25.9,W20251207
T00834,V0269,D0207,R097,2025-12-15T05:29:00,2025-12-15T09:21:00,65,Completed,16.8,W20251215
T00835,V0145,D0059,R065,2025-09-03T21:36:00,2025-09-04T01:29:00,70,Completed,18.0,W20250903
T00836,V0344,D0452,R007,2025-04-20T08:25:00,2025-04-20T12:12:00,70,Cancelled,18.5,W20250420
T00837,V0222,D0204,R073,2025-02-25T17:06:00,2025-02-25T21:42:00,85,Cancelled,18.5,W20250225
T00838,V0044,D0162,R074,2025-03-29T09:03:00,2025-03-29T12:27:00,95,Completed,27.9,W20250329
T00839,V0321,D0343,R003,2025-05-18T23:06:00,2025-05-18T23:53:00,85,Cancelled,108.5,W20250518
T00840,V0342,D0451,R006,2025-05-18T23:03:00,2025-05-19T03:36:00,95,Completed,20.9,W20250518
T00841,V0455,D0652,R041,2025-10-16T19:09:00,2025-10-16T20:09:00,65,Completed,65.0,W20251016
T00842,V0127,D0119,R093,2025-06-08T22:16:00,2025-06-09T01:35:00,65,Completed,19.6,W20250608
T00843,V0223,D0001,R095,2025-06-03T00:40:00,2025-06-03T04:09:00,85,Cancelled,24.4,W20250603
T00844,V0304,D0445,R042,2025-06-24T19:48:00,2025-06-24T22:06:00,75,Completed,32.6,W20250624
T00845,V0394,D0529,R006,2025-09-19T13:07:00,2025-09-19T14:11:00,95,Completed,89.1,W20250919
T00846,V0424,D0135,R058,2025-07-17T05:08:00,2025-07-17T08:56:00,95,Completed,25.0,W20250717
T00847,V0014,D0347,R100,2025-04-13T16:12:00,2025-04-13T18:42:00,75,Completed,30.0,W20250413
T00848,V0168,D0490,R094,2025-12-20T06:35:00,2025-12-20T09:10:00,70,Completed,27.1,W20251220
T00849,V0185,D0320,R036,2025-01-03T11:22:00,2025-01-03T13:42:00,75,Cancelled,32.1,W20250103
T00850,V0266,D0402,R070,2025-08-26T14:24:00,2025-08-26T16:50:00,55,Completed,22.6,W20250826
T00851,V0464,D0565,R083,2025-04-18T07:45:00,2025-04-18T11:35:00,75,Cancelled,19.6,W20250418
T00852,V0368,D0161,R048,2025-12-21T19:17:00,2025-12-21T21:46:00,75,Completed,30.2,W20251221
T00853,V0462,D0592,R079,2025-07-29T00:36:00,2025-07-29T03:44:00,70,Completed,22.3,W20250729
T00854,V0289,D0195,R015,2025-12-01T05:43:00,2025-12-01T07:28:00,75,Completed,42.9,W20251201
T00855,V0310,D0578,R076,2025-05-07T07:05:00,2025-05-07T08:58:00,95,Completed,50.4,W20250507
T00856,V0436,D0282,R032,2025-04-12T05:49:00,2025-04-12T07:49:00,75,Completed,37.5,W20250412
T00857,V0478,D0302,R040,2025-08-26T05:07:00,2025-08-26T05:58:00,95,Cancelled,111.8,W20250826
T00858,V0270,D0232,R095,2025-08-11T15:04:00,2025-08-11T16:48:00,85,Completed,49.0,W20250811
T00859,V0206,D0692,R029,2025-08-19T15:07:00,2025-08-19T18:31:00,70,Completed,20.6,W20250819
T00860,V0151,D0305,R004,2025-03-23T17:56:00,2025-03-23T19:07:00,65,Completed,54.9,W20250323
T00861,V0443,D0375,R067,2025-08-27T13:54:00,2025-08-27T17:56:00,55,Cancelled,13.6,W20250827
T00862,V0249,D0621,R065,2025-10-04T15:29:00,2025-10-04T17:55:00,70,Completed,28.8,W20251004
T00863,V0190,D0003,R025,2025-11-12T07:38:00,2025-11-12T10:21:00,75,Completed,27.6,W20251112
T00864,V0079,D0565,R063,2025-05-19T17:48:00,2025-05-19T20:59:00,75,Completed,23.6,W20250519
T00865,V0015,D0175,R094,2025-10-08T16:04:00,2025-10-08T20:54:00,70,Completed,14.5,W20251008
T00866,V0231,D0596,R076,2025-01-08T10:24:00,2025-01-08T15:12:00,95,Completed,19.8,W20250108
T00867,V0062,D0244,R062,2025-09-05T08:39:00,2025-09-05T11:18:00,70,Completed,26.4,W20250905
T00868,V0275,D0401,R026,2025-08-28T11:40:00,2025-08-28T15:04:00,70,Completed,20.6,W20250828
T00869,V0299,D0152,R077,2025-08-27T10:28:00,2025-08-27T11:58:00,85,Completed,56.7,W20250827
T00870,V0179,D0162,R079,2025-03-29T23:06:00,2025-03-30T01:44:00,70,Completed,26.6,W20250329
T00871,V0050,D0401,R018,2025-06-13T03:17:00,2025-06-13T04:50:00,85,Completed,54.8,W20250613
T00872,V0176,D0379,R078,2025-03-09T08:41:00,2025-03-09T12:43:00,75,Cancelled,18.6,W20250309
T00873,V0104,D0500,R025,2025-06-14T23:34:00,2025-06-15T02:39:00,75,Completed,24.3,W20250614
T00874,V0269,D0548,R043,2025-06-07T14:14:00,2025-06-07T18:42:00,65,Completed,14.6,W20250607
T00875,V0466,D0113,R009,2025-09-14T19:58:00,2025-09-14T23:52:00,65,Completed,16.7,W20250914
T00876,V0294,D0538,R071,2025-03-07T17:47:00,2025-03-07T19:12:00,95,Completed,67.1,W20250307
T00877,V0114,D0510,R097,2025-08-12T15:38:00,2025-08-12T18:07:00,65,Cancelled,26.2,W20250812
T00878,V0336,D0016,R057,2025-12-19T03:43:00,2025-12-19T07:52:00,75,Completed,18.1,W20251219
T00879,V0188,D0159,R027,2025-10-13T09:09:00,2025-10-13T11:10:00,85,Completed,42.1,W20251013
T00880,V0237,D0113,R059,2025-07-27T22:44:00,2025-07-28T00:01:00,75,Cancelled,58.4,W20250727
T00881,V0095,D0655,R068,2025-12-03T11:35:00,2025-12-03T13:21:00,95,Completed,53.8,W20251203
T00882,V0339,D0436,R077,2025-08-28T02:09:00,2025-08-28T06:35:00,85,Completed,19.2,W20250828
T00883,V0281,D0012,R055,2025-11-07T03:01:00,2025-11-07T04:31:00,55,Completed,36.7,W20251107
T00884,V0372,D0524,R031,2025-08-09T09:57:00,2025-08-09T13:31:00,65,Completed,18.2,W20250809
T00885,V0230,D0144,R039,2025-02-27T02:04:00,2025-02-27T06:28:00,55,Cancelled,12.5,W20250227
T00886,V0134,D0309,R015,2025-12-11T05:38:00,2025-12-11T08:00:00,75,Completed,31.7,W20251211
T00887,V0240,D0332,R042,2025-12-30T14:46:00,2025-12-30T17:28:00,75,Completed,27.8,W20251230
T00888,V0262,D0479,R046,2025-03-20T05:43:00,2025-03-20T08:44:00,70,Completed,23.2,W20250320
T00889,V0410,D0652,R100,2025-11-12T07:00:00,2025-11-12T08:54:00,75,Completed,39.5,W20251112
T00890,V0500,D0193,R073,2025-05-12T02:21:00,2025-05-12T06:40:00,85,Completed,19.7,W20250512
T00891,V0189,D0564,R086,2025-02-04T18:34:00,2025-02-04T20:19:00,65,Completed,37.1,W20250204
T00892,V0005,D0122,R041,2025-04-03T05:49:00,2025-04-03T07:38:00,65,Completed,35.8,W20250403
T00893,V0250,D0215,R040,2025-05-06T08:12:00,2025-05-06T13:03:00,95,Completed,19.6,W20250506
T00894,V0481,D0656,R099,2025-05-22T08:20:00,2025-05-22T10:51:00,55,Cancelled,21.9,W20250522
T00895,V0157,D0475,R094,2025-08-16T01:15:00,2025-08-16T03:43:00,70,Completed,28.4,W20250816
T00896,V0364,D0091,R071,2025-07-21T18:11:00,2025-07-21T21:03:00,95,Completed,33.1,W20250721
T00897,V0275,D0081,R098,2025-05-07T17:06:00,2025-05-07T18:07:00,75,Completed,73.8,W20250507
T00898,V0345,D0478,R099,2025-12-06T06:12:00,2025-12-06T07:52:00,55,Completed,33.0,W20251206
T00899,V0468,D0408,R091,2025-06-02T01:31:00,2025-06-02T04:30:00,70,Completed,23.5,W20250602
T00900,V0073,D0129,R055,2025-01-29T07:01:00,2025-01-29T11:28:00,55,Completed,12.4,W20250129
T00901,V0022,D0497,R065,2025-04-09T18:52:00,2025-04-09T19:53:00,70,Completed,68.9,W20250409
T00902,V0038,D0259,R084,2025-02-26T21:03:00,2025-02-27T00:07:00,85,Completed,27.7,W20250226
T00903,V0080,D0435,R053,2025-06-18T15:34:00,2025-06-18T16:36:00,55,Completed,53.2,W20250618
T00904,V0475,D0345,R065,2025-08-22T01:15:00,2025-08-22T03:40:00,70,Completed,29.0,W20250822
T00905,V0438,D0484,R032,2025-08-16T19:43:00,2025-08-17T00:21:00,75,Completed,16.2,W20250816
T00906,V0220,D0351,R072,2025-11-15T15:39:00,2025-11-15T20:08:00,75,Completed,16.7,W20251115
T00907,V0140,D0043,R068,2025-12-16T12:03:00,2025-12-16T16:21:00,95,Completed,22.1,W20251216
T00908,V0379,D0175,R020,2025-12-13T07:10:00,2025-12-13T09:47:00,65,Completed,24.8,W20251213
T00909,V0170,D0214,R020,2025-08-24T17:49:00,2025-08-24T21:32:00,65,Completed,17.5,W20250824
T00910,V0440,D0230,R012,2025-04-08T10:51:00,2025-04-08T13:16:00,95,Cancelled,39.3,W20250408
T00911,V0269,D0097,R006,2025-08-27T01:45:00,2025-08-27T04:15:00,95,Cancelled,38.0,W20250827
T00912,V0037,D0187,R049,2025-09-03T17:22:00,2025-09-03T21:55:00,85,Completed,18.7,W20250903
T00913,V0188,D0519,R087,2025-01-20T06:23:00,2025-01-20T08:31:00,55,Cancelled,25.8,W20250120
T00914,V0409,D0446,R035,2025-06-10T15:00:00,2025-06-10T17:49:00,95,Completed,33.7,W20250610
T00915,V0060,D0164,R012,2025-09-14T23:09:00,2025-09-15T00:11:00,95,Completed,91.9,W20250914
T00916,V0232,D0033,R020,2025-08-26T22:07:00,2025-08-27T02:02:00,65,Completed,16.6,W20250826
T00917,V0330,D0514,R026,2025-09-23T22:29:00,2025-09-24T02:26:00,70,Completed,17.7,W20250923
T00918,V0359,D0414,R042,2025-11-30T12:04:00,2025-11-30T14:36:00,75,Completed,29.6,W20251130
T00919,V0110,D0680,R078,2025-04-19T02:53:00,2025-04-19T07:38:00,75,Cancelled,15.8,W20250419
T00920,V0309,D0281,R008,2025-08-07T10:24:00,2025-08-07T13:42:00,75,Completed,22.7,W20250807
T00921,V0341,D0044,R091,2025-04-28T00:50:00,2025-04-28T02:03:00,70,Completed,57.5,W20250428
T00922,V0218,D0371,R094,2025-10-21T18:48:00,2025-10-21T21:59:00,70,Completed,22.0,W20251021
T00923,V0062,D0072,R086,2025-09-19T22:27:00,2025-09-20T02:47:00,65,Cancelled,15.0,W20250919
T00924,V0380,D0314,R018,2025-11-15T20:27:00,2025-11-16T00:31:00,85,Completed,20.9,W20251115
T00925,V0176,D0062,R013,2025-11-14T00:09:00,2025-11-14T02:05:00,65,Cancelled,33.6,W20251114
T00926,V0306,D0465,R023,2025-05-05T01:48:00,2025-05-05T03:54:00,95,Cancelled,45.2,W20250505
T00927,V0430,D0686,R050,2025-11-12T11:22:00,2025-11-12T13:41:00,95,Completed,41.0,W20251112
T00928,V0196,D0098,R014,2025-08-25T23:45:00,2025-08-26T03:47:00,55,Cancelled,13.6,W20250825
T00929,V0005,D0444,R081,2025-01-02T05:55:00,2025-01-02T08:19:00,55,Cancelled,22.9,W20250102
T00930,V0354,D0009,R044,2025-03-22T19:01:00,2025-03-22T22:17:00,70,Completed,21.4,W20250322
T00931,V0224,D0674,R087,2025-12-03T13:12:00,2025-12-03T15:16:00,55,Cancelled,26.6,W20251203
T00932,V0075,D0228,R093,2025-09-05T14:28:00,2025-09-05T15:38:00,65,Cancelled,55.7,W20250905
T00933,V0317,D0616,R029,2025-04-19T13:06:00,2025-04-19T15:05:00,70,Completed,35.3,W20250419
T00934,V0055,D0443,R096,2025-12-28T08:48:00,2025-12-28T10:02:00,95,Cancelled,77.0,W20251228
T00935,V0255,D0223,R034,2025-06-01T22:17:00,2025-06-02T01:40:00,70,Completed,20.7,W20250601
T00936,V0227,D0119,R092,2025-02-10T09:42:00,2025-02-10T10:39:00,70,Completed,73.7,W20250210
T00937,V0202,D0683,R030,2025-08-21T04:25:00,2025-08-21T08:07:00,65,Completed,17.6,W20250821
T00938,V0285,D0114,R082,2025-09-24T18:05:00,2025-09-24T22:28:00,75,Completed,17.1,W20250924
T00939,V0126,D0026,R002,2025-09-14T04:41:00,2025-09-14T05:37:00,75,Completed,80.4,W20250914
T00940,V0075,D0580,R014,2025-10-16T10:02:00,2025-10-16T12:17:00,55,Completed,24.4,W20251016
T00941,V0287,D0092,R005,2025-01-24T14:34:00,2025-01-24T17:58:00,65,Completed,19.1,W20250124
T00942,V0072,D0677,R007,2025-04-11T07:22:00,2025-04-11T08:27:00,70,Cancelled,64.6,W20250411
T00943,V0499,D0562,R067,2025-10-03T19:46:00,2025-10-04T00:20:00,55,Completed,12.0,W20251003
T00944,V0300,D0371,R041,2025-05-16T18:25:00,2025-05-16T19:45:00,65,Cancelled,48.8,W20250516
T00945,V0160,D0282,R047,2025-02-16T21:21:00,2025-02-17T00:59:00,55,Completed,15.1,W20250216
T00946,V0421,D0600,R024,2025-03-26T00:45:00,2025-03-26T04:00:00,55,Completed,16.9,W20250326
T00947,V0470,D0037,R058,2025-10-13T03:30:00,2025-10-13T07:12:00,95,Completed,25.7,W20251013
T00948,V0354,D0259,R074,2025-11-14T20:59:00,2025-11-14T22:37:00,95,Completed,58.2,W20251114
T00949,V0482,D0460,R008,2025-09-12T21:14:00,2025-09-13T00:36:00,75,Completed,22.3,W20250912
T00950,V0406,D0302,R014,2025-06-02T05:11:00,2025-06-02T09:52:00,55,Cancelled,11.7,W20250602
T00951,V0165,D0394,R095,2025-07-29T09:26:00,2025-07-29T11:10:00,85,Cancelled,49.0,W20250729
T00952,V0088,D0198,R093,2025-11-02T10:58:00,2025-11-02T12:03:00,65,Completed,60.0,W20251102
T00953,V0392,D0343,R090,2025-02-03T04:14:00,2025-02-03T07:09:00,85,Cancelled,29.1,W20250203
T00954,V0480,D0313,R024,2025-02-24T18:52:00,2025-02-24T23:03:00,55,Cancelled,13.1,W20250224
T00955,V0425,D0471,R065,2025-01-11T09:51:00,2025-01-11T11:57:00,70,Cancelled,33.3,W20250111
T00956,V0448,D0438,R037,2025-05-25T07:29:00,2025-05-25T10:18:00,95,Cancelled,33.7,W20250525
T00957,V0342,D0639,R026,2025-05-03T04:52:00,2025-05-03T05:57:00,70,Completed,64.6,W20250503
T00958,V0154,D0492,R081,2025-07-12T01:38:00,2025-07-12T02:45:00,55,Cancelled,49.3,W20250712
T00959,V0251,D0144,R061,2025-04-19T17:20:00,2025-04-19T19:07:00,75,Completed,42.1,W20250419
T00960,V0409,D0005,R043,2025-09-03T17:09:00,2025-09-03T18:37:00,65,Completed,44.3,W20250903
T00961,V0485,D0181,R007,2025-12-05T07:19:00,2025-12-05T09:58:00,70,Completed,26.4,W20251205
T00962,V0114,D0382,R024,2025-09-26T16:28:00,2025-09-26T18:58:00,55,Completed,22.0,W20250926
T00963,V0314,D0461,R095,2025-07-11T19:51:00,2025-07-11T23:43:00,85,Completed,22.0,W20250711
T00964,V0359,D0053,R021,2025-09-27T00:19:00,2025-09-27T05:05:00,75,Cancelled,15.7,W20250927
T00965,V0187,D0332,R035,2025-01-22T18:31:00,2025-01-22T21:59:00,95,Completed,27.4,W20250122
T00966,V0487,D0583,R084,2025-09-22T16:17:00,2025-09-22T18:11:00,85,Completed,44.7,W20250922
T00967,V0431,D0021,R085,2025-07-07T13:18:00,2025-07-07T15:50:00,55,Cancelled,21.7,W20250707
T00968,V0469,D0166,R097,2025-04-09T07:57:00,2025-04-09T12:35:00,65,Completed,14.0,W20250409
T00969,V0335,D0693,R031,2025-04-26T14:00:00,2025-04-26T16:41:00,65,Completed,24.2,W20250426
T00970,V0131,D0661,R052,2025-09-18T23:06:00,2025-09-19T02:40:00,65,Completed,18.2,W20250918
T00971,V0242,D0070,R072,2025-03-14T13:26:00,2025-03-14T18:18:00,75,Completed,15.4,W20250314
T00972,V0239,D0368,R017,2025-06-11T07:33:00,2025-06-11T10:43:00,95,Cancelled,30.0,W20250611
T00973,V0207,D0021,R091,2025-07-24T03:23:00,2025-07-24T05:18:00,70,Completed,36.5,W20250724
T00974,V0285,D0642,R024,2025-10-03T13:53:00,2025-10-03T16:24:00,55,Completed,21.9,W20251003
T00975,V0484,D0239,R049,2025-06-02T21:36:00,2025-06-03T02:11:00,85,Completed,18.5,W20250602
T00976,V0476,D0632,R100,2025-07-03T19:52:00,2025-07-04T00:18:00,75,Cancelled,16.9,W20250703
T00977,V0200,D0618,R022,2025-01-11T04:25:00,2025-01-11T05:57:00,70,Completed,45.7,W20250111
T00978,V0462,D0527,R041,2025-04-28T00:00:00,2025-04-28T01:31:00,65,Completed,42.9,W20250428
T00979,V0064,D0072,R051,2025-05-02T21:11:00,2025-05-03T00:29:00,70,Completed,21.2,W20250502
T00980,V0298,D0556,R087,2025-09-04T21:54:00,2025-09-05T00:32:00,55,Completed,20.9,W20250904
T00981,V0186,D0560,R083,2025-06-10T12:04:00,2025-06-10T13:11:00,75,Completed,67.2,W20250610
T00982,V0471,D0045,R025,2025-12-25T10:39:00,2025-12-25T12:22:00,75,Cancelled,43.7,W20251225
T00983,V0001,D0557,R054,2025-06-25T06:53:00,2025-06-25T10:42:00,95,Completed,24.9,W20250625
T00984,V0316,D0656,R032,2025-06-08T01:14:00,2025-06-08T05:58:00,75,Completed,15.8,W20250608
T00985,V0214,D0216,R090,2025-02-24T18:43:00,2025-02-24T20:49:00,85,Completed,40.5,W20250224
T00986,V0414,D0167,R071,2025-06-13T12:20:00,2025-06-13T13:44:00,95,Completed,67.9,W20250613
T00987,V0442,D0118,R048,2025-04-22T14:46:00,2025-04-22T17:53:00,75,Completed,24.1,W20250422
T00988,V0023,D0219,R053,2025-07-12T03:08:00,2025-07-12T04:46:00,55,Cancelled,33.7,W20250712
T00989,V0350,D0316,R069,2025-04-28T09:00:00,2025-04-28T11:34:00,70,Completed,27.3,W20250428
T00990,V0235,D0326,R009,2025-10-19T03:30:00,2025-10-19T07:05:00,65,Cancelled,18.1,W20251019
T00991,V0292,D0397,R049,2025-04-19T23:43:00,2025-04-20T00:51:00,85,Cancelled,75.0,W20250419
T00992,V0455,D0508,R031,2025-11-07T17:56:00,2025-11-07T21:18:00,65,Cancelled,19.3,W20251107
T00993,V0038,D0324,R070,2025-01-07T02:36:00,2025-01-07T06:18:00,55,Completed,14.9,W20250107
T00994,V0340,D0580,R096,2025-02-02T17:49:00,2025-02-02T21:34:00,95,Cancelled,25.3,W20250202
T00995,V0393,D0610,R093,2025-05-26T10:54:00,2025-05-26T13:33:00,65,Completed,24.5,W20250526
T00996,V0003,D0121,R034,2025-09-18T04:29:00,2025-09-18T05:28:00,70,Completed,71.2,W20250918
T00997,V0327,D0596,R059,2025-01-30T04:21:00,2025-01-30T06:44:00,75,Completed,31.5,W20250130
T00998,V0319,D0461,R059,2025-11-07T06:48:00,2025-11-07T07:45:00,75,Completed,78.9,W20251107
T00999,V0066,D0021,R088,2025-02-17T00:48:00,2025-02-17T05:16:00,95,Completed,21.3,W20250217
T01000,V0022,D0472,R026,2025-02-10T05:45:00,2025-02-10T10:41:00,70,Cancelled,14.2,W20250210
T01001,V0053,D0131,R057,2025-06-26T08:53:00,2025-06-26T10:44:00,75,Completed,40.5,W20250626
T01002,V0248,D0205,R088,2025-02-25T18:03:00,2025-02-25T21:45:00,95,Completed,25.7,W20250225
T01003,V0318,D0361,R049,2025-11-03T01:11:00,2025-11-03T04:59:00,85,Cancelled,22.4,W20251103
T01004,V0482,D0429,R013,2025-11-13T01:26:00,2025-11-13T06:21:00,65,Completed,13.2,W20251113
T01005,V0442,D0240,R056,2025-11-14T03:01:00,2025-11-14T04:41:00,95,Completed,57.0,W20251114
T01006,V0175,D0452,R031,2025-08-01T18:05:00,2025-08-01T21:11:00,65,Completed,21.0,W20250801
T01007,V0480,D0367,R003,2025-09-01T14:47:00,2025-09-01T19:24:00,85,Cancelled,18.4,W20250901
T01008,V0007,D0294,R001,2025-04-20T23:21:00,2025-04-21T03:34:00,85,Cancelled,20.2,W20250420
T01009,V0389,D0452,R006,2025-06-03T20:37:00,2025-06-04T00:35:00,95,Cancelled,23.9,W20250603
T01010,V0443,D0010,R054,2025-05-19T01:21:00,2025-05-19T02:19:00,95,Cancelled,98.3,W20250519
T01011,V0137,D0178,R084,2025-03-09T17:51:00,2025-03-09T19:39:00,85,Cancelled,47.2,W20250309
T01012,V0297,D0247,R015,2025-03-31T10:04:00,2025-03-31T14:52:00,75,Completed,15.6,W20250331
T01013,V0046,D0577,R040,2025-08-27T03:24:00,2025-08-27T05:28:00,95,Completed,46.0,W20250827
T01014,V0460,D0530,R074,2025-11-12T13:06:00,2025-11-12T17:09:00,95,Completed,23.5,W20251112
T01015,V0113,D0041,R034,2025-12-23T16:25:00,2025-12-23T18:00:00,70,Completed,44.2,W20251223
T01016,V0223,D0222,R091,2025-04-14T03:50:00,2025-04-14T06:50:00,70,Completed,23.3,W20250414
T01017,V0458,D0574,R018,2025-05-29T11:05:00,2025-05-29T14:08:00,85,Completed,27.9,W20250529
T01018,V0062,D0385,R073,2025-08-26T19:03:00,2025-08-26T23:36:00,85,Cancelled,18.7,W20250826
T01019,V0291,D0096,R040,2025-02-20T12:56:00,2025-02-20T17:08:00,95,Completed,22.6,W20250220
T01020,V0481,D0085,R076,2025-06-15T20:05:00,2025-06-15T23:24:00,95,Cancelled,28.6,W20250615
T01021,V0500,D0123,R044,2025-11-16T22:05:00,2025-11-17T02:08:00,70,Completed,17.3,W20251116
T01022,V0429,D0583,R073,2025-09-03T05:20:00,2025-09-03T09:56:00,85,Completed,18.5,W20250903
T01023,V0447,D0001,R004,2025-07-10T05:44:00,2025-07-10T09:03:00,65,Completed,19.6,W20250710
T01024,V0173,D0371,R036,2025-05-23T06:28:00,2025-05-23T08:16:00,75,Completed,41.7,W20250523
T01025,V0229,D0169,R010,2025-10-30T06:48:00,2025-10-30T08:07:00,75,Completed,57.0,W20251030
T01026,V0083,D0670,R062,2025-08-13T14:17:00,2025-08-13T16:11:00,70,Completed,36.8,W20250813
T01027,V0198,D0493,R030,2025-09-03T01:53:00,2025-09-03T06:37:00,65,Completed,13.7,W20250903
T01028,V0114,D0458,R027,2025-06-11T04:04:00,2025-06-11T06:13:00,85,Completed,39.5,W20250611
T01029,V0294,D0244,R080,2025-06-18T21:39:00,2025-06-18T23:37:00,75,Completed,38.1,W20250618
T01030,V0162,D0610,R021,2025-04-18T22:07:00,2025-04-18T23:13:00,75,Cancelled,68.2,W20250418
T01031,V0334,D0074,R086,2025-06-10T09:16:00,2025-06-10T13:29:00,65,Completed,15.4,W20250610
T01032,V0421,D0006,R021,2025-07-08T17:10:00,2025-07-08T19:39:00,75,Completed,30.2,W20250708
T01033,V0020,D0053,R045,2025-10-03T19:41:00,2025-10-03T22:37:00,70,Cancelled,23.9,W20251003
T01034,V0398,D0416,R061,2025-12-10T01:33:00,2025-12-10T02:36:00,75,Completed,71.4,W20251210
T01035,V0239,D0532,R068,2025-06-05T17:31:00,2025-06-05T19:29:00,95,Cancelled,48.3,W20250605
T01036,V0031,D0687,R071,2025-11-23T09:56:00,2025-11-23T11:22:00,95,Completed,66.3,W20251123
T01037,V0448,D0228,R065,2025-09-11T08:29:00,2025-09-11T10:19:00,70,Completed,38.2,W20250911
T01038,V0226,D0141,R099,2025-02-21T07:11:00,2025-02-21T11:39:00,55,Completed,12.3,W20250221
T01039,V0424,D0564,R079,2025-12-12T18:50:00,2025-12-12T20:08:00,70,Completed,53.8,W20251212
T01040,V0372,D0655,R006,2025-05-16T08:46:00,2025-05-16T10:00:00,95,Cancelled,77.0,W20250516
T01041,V0233,D0062,R081,2025-01-27T07:10:00,2025-01-27T10:29:00,55,Completed,16.6,W20250127
T01042,V0309,D0381,R064,2025-10-13T17:28:00,2025-10-13T21:39:00,75,Completed,17.9,W20251013
T01043,V0419,D0044,R018,2025-02-10T06:59:00,2025-02-10T10:49:00,85,Cancelled,22.2,W20250210
T01044,V0481,D0080,R027,2025-09-14T18:44:00,2025-09-14T20:12:00,85,Completed,58.0,W20250914
T01045,V0222,D0316,R002,2025-09-30T16:07:00,2025-09-30T19:05:00,75,Completed,25.3,W20250930
T01046,V0316,D0141,R089,2025-10-10T08:05:00,2025-10-10T10:48:00,85,Completed,31.3,W20251010
T01047,V0185,D0590,R008,2025-12-29T03:29:00,2025-12-29T06:02:00,75,Completed,29.4,W20251229
T01048,V0348,D0408,R003,2025-02-05T15:13:00,2025-02-05T16:57:00,85,Completed,49.0,W20250205
T01049,V0332,D0219,R086,2025-01-06T13:42:00,2025-01-06T17:59:00,65,Completed,15.2,W20250106
T01050,V0054,D0558,R003,2025-07-28T06:42:00,2025-07-28T09:30:00,85,Completed,30.4,W20250728
T01051,V0461,D0052,R034,2025-07-02T11:41:00,2025-07-02T15:07:00,70,Cancelled,20.4,W20250702
T01052,V0246,D0407,R093,2025-05-08T14:02:00,2025-05-08T16:56:00,65,Completed,22.4,W20250508
T01053,V0005,D0563,R062,2025-10-25T10:18:00,2025-10-25T15:03:00,70,Completed,14.7,W20251025
T01054,V0482,D0253,R040,2025-12-20T00:21:00,2025-12-20T01:57:00,95,Completed,59.4,W20251220
T01055,V0082,D0679,R010,2025-11-27T21:30:00,2025-11-28T02:05:00,75,Cancelled,16.4,W20251127
T01056,V0284,D0285,R058,2025-06-25T17:36:00,2025-06-25T18:41:00,95,Completed,87.7,W20250625
T01057,V0298,D0604,R007,2025-11-13T10:23:00,2025-11-13T12:06:00,70,Cancelled,40.8,W20251113
T01058,V0366,D0026,R043,2025-12-27T11:03:00,2025-12-27T14:23:00,65,Completed,19.5,W20251227
T01059,V0366,D0296,R032,2025-01-17T04:14:00,2025-01-17T09:01:00,75,Completed,15.7,W20250117
T01060,V0049,D0486,R050,2025-05-26T15:02:00,2025-05-26T19:12:00,95,Completed,22.8,W20250526
T01061,V0421,D0628,R086,2025-07-02T21:20:00,2025-07-03T00:43:00,65,Completed,19.2,W20250702
T01062,V0447,D0631,R077,2025-03-10T13:35:00,2025-03-10T15:26:00,85,Cancelled,45.9,W20250310
T01063,V0463,D0479,R016,2025-12-27T23:38:00,2025-12-28T03:48:00,65,Cancelled,15.6,W20251227
T01064,V0416,D0390,R007,2025-12-12T21:51:00,2025-12-13T02:24:00,70,Completed,15.4,W20251212
T01065,V0330,D0595,R013,2025-08-14T10:25:00,2025-08-14T13:04:00,65,Completed,24.5,W20250814
T01066,V0246,D0282,R057,2025-01-21T03:08:00,2025-01-21T04:28:00,75,Completed,56.2,W20250121
T01067,V0144,D0406,R038,2025-05-12T18:32:00,2025-05-12T21:37:00,95,Cancelled,30.8,W20250512
T01068,V0103,D0415,R019,2025-05-18T05:37:00,2025-05-18T09:01:00,55,Completed,16.2,W20250518
T01069,V0117,D0686,R062,2025-12-26T05:04:00,2025-12-26T08:15:00,70,Completed,22.0,W20251226
T01070,V0213,D0160,R098,2025-10-10T09:12:00,2025-10-10T13:31:00,75,Completed,17.4,W20251010
T01071,V0431,D0419,R093,2025-08-31T14:11:00,2025-08-31T17:35:00,65,Completed,19.1,W20250831
T01072,V0144,D0381,R074,2025-10-13T15:54:00,2025-10-13T18:15:00,95,Cancelled,40.4,W20251013
T01073,V0018,D0202,R096,2025-11-12T17:30:00,2025-11-12T19:02:00,95,Completed,62.0,W20251112
T01074,V0401,D0694,R049,2025-09-15T22:45:00,2025-09-16T02:11:00,85,Completed,24.8,W20250915
T01075,V0089,D0477,R004,2025-06-13T03:45:00,2025-06-13T06:54:00,65,Completed,20.6,W20250613
T01076,V0024,D0624,R061,2025-04-07T07:46:00,2025-04-07T11:09:00,75,Completed,22.2,W20250407
T01077,V0299,D0221,R057,2025-06-03T12:21:00,2025-06-03T13:25:00,75,Completed,70.3,W20250603
T01078,V0068,D0489,R092,2025-03-24T21:25:00,2025-03-24T23:58:00,70,Cancelled,27.5,W20250324
T01079,V0180,D0495,R095,2025-11-03T22:11:00,2025-11-03T23:21:00,85,Completed,72.9,W20251103
T01080,V0217,D0494,R033,2025-05-13T13:33:00,2025-05-13T14:53:00,85,Completed,63.8,W20250513
T01081,V0182,D0240,R065,2025-07-10T14:55:00,2025-07-10T15:41:00,70,Completed,91.3,W20250710
T01082,V0323,D0584,R001,2025-03-21T08:02:00,2025-03-21T12:21:00,85,Completed,19.7,W20250321
T01083,V0314,D0263,R081,2025-02-21T01:30:00,2025-02-21T03:43:00,55,Completed,24.8,W20250221
T01084,V0069,D0456,R035,2025-08-09T22:06:00,2025-08-10T01:33:00,95,Cancelled,27.5,W20250809
T01085,V0353,D0559,R096,2025-02-01T20:39:00,2025-02-02T00:19:00,95,Cancelled,25.9,W20250201
T01086,V0135,D0437,R041,2025-06-04T07:03:00,2025-06-04T09:01:00,65,Completed,33.1,W20250604
T01087,V0353,D0300,R024,2025-03-04T17:12:00,2025-03-04T18:55:00,55,Completed,32.0,W20250304
T01088,V0119,D0514,R094,2025-01-30T08:26:00,2025-01-30T10:50:00,70,Completed,29.2,W20250130
T01089,V0031,D0120,R083,2025-12-03T10:13:00,2025-12-03T14:04:00,75,Completed,19.5,W20251203
T01090,V0295,D0131,R004,2025-04-18T04:50:00,2025-04-18T07:14:00,65,Completed,27.1,W20250418
T01091,V0245,D0549,R026,2025-02-12T04:50:00,2025-02-12T09:28:00,70,Completed,15.1,W20250212
T01092,V0165,D0589,R014,2025-12-15T07:47:00,2025-12-15T09:36:00,55,Completed,30.3,W20251215
T01093,V0322,D0583,R060,2025-02-05T01:14:00,2025-02-05T05:03:00,85,Completed,22.3,W20250205
T01094,V0014,D0228,R090,2025-05-07T08:52:00,2025-05-07T12:37:00,85,Completed,22.7,W20250507
T01095,V0018,D0537,R005,2025-02-22T01:28:00,2025-02-22T05:49:00,65,Completed,14.9,W20250222
T01096,V0349,D0681,R039,2025-10-17T03:01:00,2025-10-17T07:26:00,55,Completed,12.5,W20251017
T01097,V0410,D0534,R048,2025-02-13T17:54:00,2025-02-13T21:23:00,75,Cancelled,21.5,W20250213
T01098,V0423,D0333,R084,2025-11-01T02:02:00,2025-11-01T02:58:00,85,Completed,91.1,W20251101
T01099,V0447,D0131,R100,2025-08-18T14:04:00,2025-08-18T16:45:00,75,Cancelled,28.0,W20250818
T01100,V0317,D0169,R062,2025-05-27T14:55:00,2025-05-27T19:46:00,70,Completed,14.4,W20250527
T01101,V0121,D0347,R056,2025-03-16T18:54:00,2025-03-16T20:31:00,95,Completed,58.8,W20250316
T01102,V0061,D0550,R063,2025-02-19T15:45:00,2025-02-19T20:36:00,75,Completed,15.5,W20250219
T01103,V0151,D0563,R037,2025-12-25T21:22:00,2025-12-25T23:14:00,95,Completed,50.9,W20251225
T01104,V0415,D0002,R089,2025-02-14T18:47:00,2025-02-14T23:41:00,85,Completed,17.3,W20250214
T01105,V0370,D0076,R070,2025-08-10T10:22:00,2025-08-10T11:32:00,55,Completed,47.1,W20250810
T01106,V0436,D0241,R034,2025-10-19T18:32:00,2025-10-19T21:48:00,70,Cancelled,21.4,W20251019
T01107,V0218,D0594,R081,2025-08-26T10:59:00,2025-08-26T12:06:00,55,Completed,49.3,W20250826
T01108,V0095,D0065,R034,2025-03-05T17:28:00,2025-03-05T19:09:00,70,Completed,41.6,W20250305
T01109,V0371,D0133,R032,2025-06-20T16:36:00,2025-06-20T18:19:00,75,Cancelled,43.7,W20250620
T01110,V0184,D0361,R012,2025-07-07T13:12:00,2025-07-07T14:31:00,95,Cancelled,72.2,W20250707
T01111,V0319,D0020,R069,2025-01-07T05:04:00,2025-01-07T06:39:00,70,Completed,44.2,W20250107
T01112,V0289,D0304,R028,2025-10-12T11:23:00,2025-10-12T12:38:00,85,Completed,68.0,W20251012
T01113,V0457,D0450,R016,2025-06-08T16:31:00,2025-06-08T20:26:00,65,Completed,16.6,W20250608
T01114,V0378,D0172,R059,2025-05-05T06:32:00,2025-05-05T10:38:00,75,Completed,18.3,W20250505
T01115,V0104,D0273,R013,2025-05-23T21:37:00,2025-05-23T23:03:00,65,Cancelled,45.3,W20250523
T01116,V0126,D0655,R045,2025-08-13T20:04:00,2025-08-14T00:08:00,70,Cancelled,17.2,W20250813
T01117,V0220,D0085,R012,2025-11-25T11:31:00,2025-11-25T14:53:00,95,Completed,28.2,W20251125
T01118,V0243,D0328,R055,2025-07-14T04:36:00,2025-07-14T09:10:00,55,Completed,12.0,W20250714
T01119,V0017,D0593,R032,2025-01-03T19:46:00,2025-01-03T22:35:00,75,Completed,26.6,W20250103
T01120,V0386,D0258,R084,2025-12-01T18:27:00,2025-12-01T22:27:00,85,Completed,21.2,W20251201
T01121,V0117,D0428,R040,2025-03-05T00:02:00,2025-03-05T03:25:00,95,Cancelled,28.1,W20250305
T01122,V0452,D0543,R032,2025-07-20T17:01:00,2025-07-20T19:43:00,75,Completed,27.8,W20250720
T01123,V0136,D0193,R050,2025-12-22T23:31:00,2025-12-23T02:55:00,95,Completed,27.9,W20251222
T01124,V0076,D0573,R098,2025-03-01T15:30:00,2025-03-01T19:50:00,75,Completed,17.3,W20250301
T01125,V0350,D0107,R020,2025-12-19T09:13:00,2025-12-19T10:35:00,65,Cancelled,47.6,W20251219
T01126,V0220,D0251,R054,2025-04-20T10:40:00,2025-04-20T12:35:00,95,Completed,49.6,W20250420
T01127,V0110,D0458,R040,2025-03-11T15:45:00,2025-03-11T18:55:00,95,Completed,30.0,W20250311
T01128,V0372,D0519,R035,2025-06-15T19:07:00,2025-06-15T21:28:00,95,Cancelled,40.4,W20250615
T01129,V0074,D0075,R095,2025-10-01T22:17:00,2025-10-01T23:33:00,85,Completed,67.1,W20251001
T01130,V0187,D0158,R074,2025-04-06T00:51:00,2025-04-06T05:36:00,95,Completed,20.0,W20250406
T01131,V0370,D0222,R004,2025-03-28T03:37:00,2025-03-28T08:28:00,65,Cancelled,13.4,W20250328
T01132,V0195,D0465,R021,2025-02-24T09:52:00,2025-02-24T11:19:00,75,Completed,51.7,W20250224
T01133,V0052,D0635,R056,2025-01-07T17:06:00,2025-01-07T20:46:00,95,Completed,25.9,W20250107
T01134,V0374,D0610,R064,2025-03-26T16:40:00,2025-03-26T20:40:00,75,Completed,18.8,W20250326
T01135,V0226,D0140,R027,2025-10-24T03:20:00,2025-10-24T04:15:00,85,Completed,92.7,W20251024
T01136,V0448,D0332,R059,2025-01-13T08:04:00,2025-01-13T11:55:00,75,Completed,19.5,W20250113
T01137,V0048,D0497,R040,2025-02-04T08:41:00,2025-02-04T13:34:00,95,Completed,19.5,W20250204
T01138,V0053,D0493,R095,2025-10-05T14:44:00,2025-10-05T16:34:00,85,Cancelled,46.4,W20251005
T01139,V0122,D0224,R008,2025-03-26T01:32:00,2025-03-26T03:52:00,75,Completed,32.1,W20250326
T01140,V0398,D0487,R013,2025-01-18T10:23:00,2025-01-18T11:12:00,65,Completed,79.6,W20250118
T01141,V0233,D0305,R005,2025-12-04T00:33:00,2025-12-04T05:03:00,65,Completed,14.4,W20251204
T01142,V0271,D0466,R096,2025-03-26T20:42:00,2025-03-26T22:46:00,95,Cancelled,46.0,W20250326
T01143,V0095,D0150,R003,2025-07-12T10:08:00,2025-07-12T15:06:00,85,Completed,17.1,W20250712
T01144,V0079,D0687,R055,2025-08-07T03:24:00,2025-08-07T06:46:00,55,Completed,16.3,W20250807
T01145,V0332,D0069,R051,2025-04-12T16:19:00,2025-04-12T17:38:00,70,Completed,53.2,W20250412
T01146,V0450,D0066,R065,2025-08-07T10:17:00,2025-08-07T13:03:00,70,Completed,25.3,W20250807
T01147,V0042,D0098,R093,2025-03-21T12:53:00,2025-03-21T17:38:00,65,Cancelled,13.7,W20250321
T01148,V0268,D0700,R012,2025-08-04T07:09:00,2025-08-04T08:10:00,95,Completed,93.4,W20250804
T01149,V0464,D0388,R004,2025-06-04T13:34:00,2025-06-04T15:06:00,65,Completed,42.4,W20250604
T01150,V0490,D0229,R077,2025-09-26T10:57:00,2025-09-26T15:16:00,85,Completed,19.7,W20250926
T01151,V0332,D0107,R091,2025-09-15T03:10:00,2025-09-15T06:04:00,70,Completed,24.1,W20250915
T01152,V0460,D0596,R044,2025-11-12T19:43:00,2025-11-12T21:41:00,70,Completed,35.6,W20251112
T01153,V0078,D0211,R024,2025-12-27T00:11:00,2025-12-27T04:48:00,55,Completed,11.9,W20251227
T01154,V0026,D0307,R099,2025-05-25T13:32:00,2025-05-25T17:21:00,55,Completed,14.4,W20250525
T01155,V0146,D0515,R022,2025-07-11T15:55:00,2025-07-11T16:55:00,70,Cancelled,70.0,W20250711
T01156,V0265,D0271,R017,2025-07-19T14:29:00,2025-07-19T16:54:00,95,Completed,39.3,W20250719
T01157,V0237,D0124,R097,2025-09-09T08:31:00,2025-09-09T12:14:00,65,Completed,17.5,W20250909
T01158,V0080,D0586,R078,2025-12-14T15:11:00,2025-12-14T16:15:00,75,Completed,70.3,W20251214
T01159,V0073,D0346,R064,2025-02-14T02:22:00,2025-02-14T05:04:00,75,Completed,27.8,W20250214
T01160,V0004,D0451,R006,2025-12-09T14:31:00,2025-12-09T15:59:00,95,Cancelled,64.8,W20251209
T01161,V0071,D0125,R062,2025-11-29T02:02:00,2025-11-29T06:56:00,70,Completed,14.3,W20251129
T01162,V0049,D0491,R095,2025-03-07T06:04:00,2025-03-07T10:27:00,85,Completed,19.4,W20250307
T01163,V0186,D0464,R018,2025-06-14T10:00:00,2025-06-14T13:56:00,85,Completed,21.6,W20250614
T01164,V0212,D0547,R070,2025-07-09T22:29:00,2025-07-10T03:12:00,55,Cancelled,11.7,W20250709
T01165,V0183,D0199,R007,2025-06-15T18:22:00,2025-06-15T22:51:00,70,Cancelled,15.6,W20250615
T01166,V0206,D0343,R076,2025-07-25T19:56:00,2025-07-25T23:58:00,95,Cancelled,23.6,W20250725
T01167,V0046,D0405,R060,2025-01-17T09:21:00,2025-01-17T13:40:00,85,Cancelled,19.7,W20250117
T01168,V0421,D0406,R070,2025-11-05T09:33:00,2025-11-05T14:15:00,55,Completed,11.7,W20251105
T01169,V0454,D0387,R011,2025-10-26T05:52:00,2025-10-26T09:46:00,85,Cancelled,21.8,W20251026
T01170,V0369,D0655,R089,2025-05-28T14:42:00,2025-05-28T18:39:00,85,Completed,21.5,W20250528
T01171,V0183,D0519,R071,2025-08-26T15:06:00,2025-08-26T19:11:00,95,Completed,23.3,W20250826
T01172,V0451,D0389,R087,2025-06-14T13:38:00,2025-06-14T16:03:00,55,Completed,22.8,W20250614
T01173,V0296,D0606,R066,2025-03-05T15:17:00,2025-03-05T17:00:00,85,Completed,49.5,W20250305
T01174,V0018,D0468,R094,2025-09-08T22:18:00,2025-09-09T00:29:00,70,Cancelled,32.1,W20250908
T01175,V0269,D0314,R075,2025-01-28T09:59:00,2025-01-28T14:36:00,85,Completed,18.4,W20250128
T01176,V0230,D0206,R052,2025-06-08T11:29:00,2025-06-08T13:47:00,65,Completed,28.3,W20250608
T01177,V0236,D0322,R064,2025-10-20T04:12:00,2025-10-20T08:00:00,75,Completed,19.7,W20251020
T01178,V0241,D0462,R100,2025-07-30T13:13:00,2025-07-30T16:47:00,75,Completed,21.0,W20250730
T01179,V0354,D0132,R098,2025-04-02T19:37:00,2025-04-02T22:30:00,75,Cancelled,26.0,W20250402
T01180,V0388,D0661,R085,2025-01-02T07:29:00,2025-01-02T11:13:00,55,Completed,14.7,W20250102
T01181,V0139,D0297,R037,2025-05-06T01:54:00,2025-05-06T03:35:00,95,Cancelled,56.4,W20250506
T01182,V0043,D0121,R052,2025-07-02T16:17:00,2025-07-02T20:55:00,65,Completed,14.0,W20250702
T01183,V0024,D0634,R050,2025-06-20T01:23:00,2025-06-20T02:39:00,95,Completed,75.0,W20250620
T01184,V0017,D0620,R076,2025-10-01T01:00:00,2025-10-01T02:22:00,95,Completed,69.5,W20251001
T01185,V0404,D0189,R042,2025-11-06T10:12:00,2025-11-06T10:58:00,75,Cancelled,97.8,W20251106
T01186,V0218,D0163,R049,2025-08-15T04:36:00,2025-08-15T05:45:00,85,Completed,73.9,W20250815
T01187,V0457,D0282,R048,2025-10-20T07:32:00,2025-10-20T12:04:00,75,Completed,16.5,W20251020
T01188,V0377,D0364,R069,2025-08-28T15:12:00,2025-08-28T17:39:00,70,Completed,28.6,W20250828
T01189,V0162,D0590,R093,2025-09-29T00:20:00,2025-09-29T01:27:00,65,Completed,58.2,W20250929
T01190,V0369,D0583,R081,2025-04-20T04:44:00,2025-04-20T09:26:00,55,Completed,11.7,W20250420
T01191,V0216,D0499,R019,2025-02-23T15:01:00,2025-02-23T16:34:00,55,Completed,35.5,W20250223
T01192,V0379,D0530,R058,2025-02-09T17:52:00,2025-02-09T22:10:00,95,Completed,22.1,W20250209
T01193,V0380,D0279,R056,2025-06-05T03:47:00,2025-06-05T06:30:00,95,Completed,35.0,W20250605
T01194,V0297,D0062,R028,2025-06-03T14:48:00,2025-06-03T16:35:00,85,Completed,47.7,W20250603
T01195,V0342,D0427,R077,2025-03-31T04:52:00,2025-03-31T09:50:00,85,Completed,17.1,W20250331
T01196,V0116,D0320,R023,2025-03-26T19:33:00,2025-03-26T20:40:00,95,Completed,85.1,W20250326
T01197,V0325,D0563,R082,2025-08-13T03:09:00,2025-08-13T06:55:00,75,Cancelled,19.9,W20250813
T01198,V0366,D0015,R006,2025-04-18T17:14:00,2025-04-18T19:57:00,95,Completed,35.0,W20250418
T01199,V0405,D0428,R032,2025-05-22T23:25:00,2025-05-23T00:43:00,75,Completed,57.7,W20250522
T01200,V0286,D0186,R073,2025-07-03T18:13:00,2025-07-03T19:43:00,85,Completed,56.7,W20250703
T01201,V0005,D0654,R025,2025-08-30T21:10:00,2025-08-30T23:52:00,75,Completed,27.8,W20250830
T01202,V0453,D0562,R099,2025-07-19T08:13:00,2025-07-19T11:12:00,55,Completed,18.4,W20250719
T01203,V0295,D0193,R023,2025-07-25T17:08:00,2025-07-25T21:06:00,95,Cancelled,23.9,W20250725
T01204,V0342,D0212,R059,2025-11-23T16:35:00,2025-11-23T21:18:00,75,Completed,15.9,W20251123
T01205,V0182,D0567,R043,2025-10-15T22:24:00,2025-10-15T23:19:00,65,Cancelled,70.9,W20251015
T01206,V0196,D0599,R071,2025-07-28T19:07:00,2025-07-28T21:30:00,95,Completed,39.9,W20250728
T01207,V0084,D0009,R007,2025-03-07T18:14:00,2025-03-07T19:25:00,70,Completed,59.2,W20250307
T01208,V0285,D0266,R009,2025-05-19T00:37:00,2025-05-19T04:11:00,65,Completed,18.2,W20250519
T01209,V0140,D0576,R073,2025-01-19T09:17:00,2025-01-19T11:22:00,85,Completed,40.8,W20250119
T01210,V0287,D0235,R038,2025-08-12T03:59:00,2025-08-12T08:57:00,95,Completed,19.1,W20250812
T01211,V0470,D0676,R070,2025-12-20T07:55:00,2025-12-20T12:01:00,55,Completed,13.4,W20251220
T01212,V0253,D0032,R079,2025-04-07T23:58:00,2025-04-08T02:25:00,70,Completed,28.6,W20250407
T01213,V0388,D0481,R094,2025-10-17T15:50:00,2025-10-17T18:07:00,70,Cancelled,30.7,W20251017
T01214,V0484,D0601,R041,2025-01-29T07:13:00,2025-01-29T11:36:00,65,Completed,14.8,W20250129
T01215,V0426,D0274,R041,2025-02-17T23:33:00,2025-02-18T04:33:00,65,Completed,13.0,W20250217
T01216,V0155,D0020,R086,2025-08-27T04:49:00,2025-08-27T07:20:00,65,Cancelled,25.8,W20250827
T01217,V0045,D0637,R074,2025-04-12T11:42:00,2025-04-12T12:37:00,95,Cancelled,103.6,W20250412
T01218,V0145,D0147,R051,2025-11-27T08:08:00,2025-11-27T09:57:00,70,Completed,38.5,W20251127
T01219,V0087,D0673,R015,2025-05-22T14:46:00,2025-05-22T15:49:00,75,Completed,71.4,W20250522
T01220,V0155,D0607,R086,2025-06-27T13:17:00,2025-06-27T15:11:00,65,Completed,34.2,W20250627
T01221,V0125,D0201,R093,2025-02-26T21:19:00,2025-02-27T01:34:00,65,Cancelled,15.3,W20250226
T01222,V0138,D0017,R075,2025-11-14T08:56:00,2025-11-14T11:35:00,85,Completed,32.1,W20251114
T01223,V0100,D0528,R013,2025-10-12T04:25:00,2025-10-12T05:31:00,65,Completed,59.1,W20251012
T01224,V0195,D0690,R044,2025-03-09T02:53:00,2025-03-09T07:27:00,70,Cancelled,15.3,W20250309
T01225,V0189,D0027,R024,2025-03-28T23:42:00,2025-03-29T02:43:00,55,Completed,18.2,W20250328
T01226,V0132,D0491,R040,2025-07-26T16:34:00,2025-07-26T20:16:00,95,Completed,25.7,W20250726
T01227,V0113,D0367,R068,2025-12-25T03:47:00,2025-12-25T05:28:00,95,Cancelled,56.4,W20251225
T01228,V0072,D0626,R098,2025-08-17T11:26:00,2025-08-17T12:48:00,75,Completed,54.9,W20250817
T01229,V0249,D0041,R076,2025-07-22T05:29:00,2025-07-22T06:22:00,95,Cancelled,107.5,W20250722
T01230,V0167,D0239,R019,2025-09-08T17:34:00,2025-09-08T21:28:00,55,Completed,14.1,W20250908
T01231,V0481,D0428,R050,2025-11-04T17:10:00,2025-11-04T21:53:00,95,Completed,20.1,W20251104
T01232,V0300,D0011,R042,2025-10-14T22:26:00,2025-10-15T01:33:00,75,Completed,24.1,W20251014
T01233,V0097,D0448,R065,2025-02-02T11:00:00,2025-02-02T15:55:00,70,Completed,14.2,W20250202
T01234,V0072,D0313,R039,2025-07-09T11:22:00,2025-07-09T12:13:00,55,Cancelled,64.7,W20250709
T01235,V0326,D0041,R013,2025-02-17T08:25:00,2025-02-17T12:57:00,65,Cancelled,14.3,W20250217
T01236,V0033,D0346,R083,2025-05-27T06:04:00,2025-05-27T10:37:00,75,Cancelled,16.5,W20250527
T01237,V0270,D0410,R037,2025-02-15T10:39:00,2025-02-15T12:16:00,95,Completed,58.8,W20250215
T01238,V0379,D0450,R080,2025-08-05T19:55:00,2025-08-06T00:32:00,75,Completed,16.2,W20250805
T01239,V0338,D0562,R039,2025-06-06T14:32:00,2025-06-06T19:12:00,55,Completed,11.8,W20250606
T01240,V0438,D0571,R044,2025-04-12T12:04:00,2025-04-12T13:32:00,70,Cancelled,47.7,W20250412
T01241,V0163,D0627,R006,2025-11-22T12:37:00,2025-11-22T16:45:00,95,Completed,23.0,W20251122
T01242,V0175,D0465,R032,2025-10-14T17:14:00,2025-10-14T20:49:00,75,Completed,20.9,W20251014
T01243,V0368,D0317,R011,2025-11-02T14:40:00,2025-11-02T17:12:00,85,Cancelled,33.6,W20251102
T01244,V0284,D0155,R082,2025-11-08T02:30:00,2025-11-08T04:15:00,75,Cancelled,42.9,W20251108
T01245,V0385,D0276,R015,2025-07-06T03:39:00,2025-07-06T05:01:00,75,Completed,54.9,W20250706
T01246,V0223,D0039,R032,2025-10-14T22:05:00,2025-10-14T23:47:00,75,Completed,44.1,W20251014
T01247,V0381,D0370,R089,2025-02-10T02:40:00,2025-02-10T06:13:00,85,Cancelled,23.9,W20250210
T01248,V0077,D0094,R096,2025-11-24T00:50:00,2025-11-24T02:07:00,95,Completed,74.0,W20251124
T01249,V0239,D0391,R066,2025-01-07T11:56:00,2025-01-07T13:49:00,85,Completed,45.1,W20250107
T01250,V0428,D0072,R035,2025-11-27T02:03:00,2025-11-27T06:43:00,95,Completed,20.4,W20251127
T01251,V0165,D0262,R058,2025-02-13T06:55:00,2025-02-13T10:23:00,95,Completed,27.4,W20250213
T01252,V0382,D0307,R031,2025-07-29T10:08:00,2025-07-29T14:54:00,65,Completed,13.6,W20250729
T01253,V0168,D0504,R032,2025-11-30T06:50:00,2025-11-30T07:47:00,75,Completed,78.9,W20251130
T01254,V0465,D0203,R025,2025-02-03T12:58:00,2025-02-03T16:18:00,75,Completed,22.5,W20250203
T01255,V0358,D0480,R029,2025-02-19T16:11:00,2025-02-19T20:08:00,70,Cancelled,17.7,W20250219
T01256,V0175,D0392,R091,2025-03-29T05:54:00,2025-03-29T09:43:00,70,Completed,18.3,W20250329
T01257,V0402,D0060,R024,2025-12-30T06:30:00,2025-12-30T07:43:00,55,Completed,45.2,W20251230
T01258,V0361,D0546,R005,2025-02-05T19:29:00,2025-02-05T22:13:00,65,Completed,23.8,W20250205
T01259,V0085,D0129,R068,2025-04-19T07:07:00,2025-04-19T10:29:00,95,Completed,28.2,W20250419
T01260,V0222,D0403,R041,2025-07-07T07:51:00,2025-07-07T10:25:00,65,Completed,25.3,W20250707
T01261,V0433,D0214,R053,2025-06-11T21:07:00,2025-06-12T01:11:00,55,Completed,13.5,W20250611
T01262,V0394,D0205,R033,2025-05-14T19:41:00,2025-05-14T22:55:00,85,Completed,26.3,W20250514
T01263,V0271,D0218,R014,2025-04-05T19:40:00,2025-04-06T00:09:00,55,Completed,12.3,W20250405
T01264,V0217,D0631,R035,2025-06-23T18:10:00,2025-06-23T23:07:00,95,Cancelled,19.2,W20250623
T01265,V0482,D0015,R021,2025-09-08T02:28:00,2025-09-08T05:28:00,75,Cancelled,25.0,W20250908
T01266,V0135,D0221,R038,2025-05-01T21:41:00,2025-05-01T23:57:00,95,Completed,41.9,W20250501
T01267,V0332,D0180,R061,2025-08-24T17:39:00,2025-08-24T19:48:00,75,Cancelled,34.9,W20250824
T01268,V0115,D0620,R059,2025-12-03T12:47:00,2025-12-03T16:16:00,75,Completed,21.5,W20251203
T01269,V0297,D0605,R042,2025-07-23T10:04:00,2025-07-23T13:14:00,75,Completed,23.7,W20250723
T01270,V0052,D0184,R073,2025-07-25T15:30:00,2025-07-25T17:50:00,85,Completed,36.4,W20250725
T01271,V0132,D0623,R009,2025-04-04T07:12:00,2025-04-04T12:01:00,65,Completed,13.5,W20250404
T01272,V0478,D0544,R080,2025-03-09T13:07:00,2025-03-09T17:31:00,75,Cancelled,17.0,W20250309
T01273,V0221,D0162,R079,2025-11-03T10:20:00,2025-11-03T13:14:00,70,Completed,24.1,W20251103
T01274,V0424,D0512,R018,2025-08-18T10:51:00,2025-08-18T14:47:00,85,Completed,21.6,W20250818
T01275,V0072,D0219,R031,2025-12-12T13:16:00,2025-12-12T14:25:00,65,Completed,56.5,W20251212
T01276,V0444,D0381,R093,2025-09-23T06:39:00,2025-09-23T10:52:00,65,Completed,15.4,W20250923
T01277,V0442,D0033,R060,2025-05-02T05:07:00,2025-05-02T07:00:00,85,Completed,45.1,W20250502
T01278,V0293,D0233,R053,2025-04-25T11:10:00,2025-04-25T16:01:00,55,Completed,11.3,W20250425
T01279,V0219,D0369,R094,2025-11-09T16:56:00,2025-11-09T19:45:00,70,Completed,24.9,W20251109
T01280,V0103,D0354,R050,2025-10-03T08:24:00,2025-10-03T10:41:00,95,Completed,41.6,W20251003
T01281,V0186,D0663,R094,2025-09-20T20:22:00,2025-09-20T23:24:00,70,Completed,23.1,W20250920
T01282,V0126,D0106,R013,2025-05-23T22:41:00,2025-05-23T23:43:00,65,Cancelled,62.9,W20250523
T01283,V0011,D0643,R098,2025-02-19T03:46:00,2025-02-19T04:41:00,75,Completed,81.8,W20250219
T01284,V0107,D0433,R015,2025-06-30T10:42:00,2025-06-30T12:31:00,75,Completed,41.3,W20250630
T01285,V0186,D0434,R073,2025-01-12T12:16:00,2025-01-12T16:21:00,85,Cancelled,20.8,W20250112
T01286,V0434,D0700,R050,2025-02-04T11:01:00,2025-02-04T12:37:00,95,Completed,59.4,W20250204
T01287,V0378,D0115,R019,2025-12-13T19:27:00,2025-12-13T23:18:00,55,Completed,14.3,W20251213
T01288,V0317,D0467,R017,2025-11-12T17:30:00,2025-11-12T20:32:00,95,Cancelled,31.3,W20251112
T01289,V0220,D0118,R026,2025-02-28T10:04:00,2025-02-28T14:13:00,70,Completed,16.9,W20250228
T01290,V0055,D0133,R041,2025-07-19T19:33:00,2025-07-20T00:33:00,65,Completed,13.0,W20250719
T01291,V0373,D0164,R066,2025-10-04T03:12:00,2025-10-04T05:14:00,85,Completed,41.8,W20251004
T01292,V0330,D0299,R099,2025-08-25T19:45:00,2025-08-25T21:08:00,55,Completed,39.8,W20250825
T01293,V0041,D0221,R033,2025-04-28T12:47:00,2025-04-28T16:40:00,85,Completed,21.9,W20250428
T01294,V0127,D0592,R004,2025-06-10T03:18:00,2025-06-10T04:23:00,65,Completed,60.0,W20250610
T01295,V0194,D0437,R088,2025-03-04T12:26:00,2025-03-04T13:12:00,95,Completed,123.9,W20250304
T01296,V0385,D0018,R078,2025-07-07T17:37:00,2025-07-07T21:59:00,75,Completed,17.2,W20250707
T01297,V0235,D0370,R078,2025-09-05T02:39:00,2025-09-05T04:41:00,75,Completed,36.9,W20250905
T01298,V0293,D0249,R070,2025-11-20T08:50:00,2025-11-20T13:27:00,55,Completed,11.9,W20251120
T01299,V0138,D0201,R030,2025-06-03T15:19:00,2025-06-03T19:00:00,65,Completed,17.6,W20250603
T01300,V0052,D0103,R034,2025-01-28T10:01:00,2025-01-28T11:23:00,70,Cancelled,51.2,W20250128
T01301,V0323,D0418,R081,2025-06-03T10:48:00,2025-06-03T14:50:00,55,Completed,13.6,W20250603
T01302,V0061,D0683,R071,2025-09-15T15:32:00,2025-09-15T17:44:00,95,Completed,43.2,W20250915
T01303,V0075,D0466,R090,2025-11-06T20:58:00,2025-11-07T01:37:00,85,Cancelled,18.3,W20251106
T01304,V0412,D0111,R034,2025-11-08T03:27:00,2025-11-08T05:22:00,70,Completed,36.5,W20251108
T01305,V0414,D0231,R049,2025-09-20T10:46:00,2025-09-20T15:11:00,85,Completed,19.2,W20250920
T01306,V0125,D0483,R078,2025-09-11T21:16:00,2025-09-12T01:14:00,75,Completed,18.9,W20250911
T01307,V0010,D0202,R066,2025-02-18T16:38:00,2025-02-18T17:45:00,85,Completed,76.1,W20250218
T01308,V0152,D0101,R069,2025-08-21T19:18:00,2025-08-21T20:20:00,70,Completed,67.7,W20250821
T01309,V0075,D0288,R009,2025-05-22T19:26:00,2025-05-22T22:10:00,65,Cancelled,23.8,W20250522
T01310,V0454,D0339,R041,2025-01-30T22:55:00,2025-01-31T01:25:00,65,Completed,26.0,W20250130
T01311,V0163,D0121,R063,2025-09-04T11:39:00,2025-09-04T16:37:00,75,Completed,15.1,W20250904
T01312,V0044,D0631,R089,2025-09-23T06:54:00,2025-09-23T09:59:00,85,Completed,27.6,W20250923
T01313,V0135,D0551,R068,2025-10-09T08:38:00,2025-10-09T09:39:00,95,Cancelled,93.4,W20251009
T01314,V0180,D0059,R053,2025-12-16T16:54:00,2025-12-16T21:12:00,55,Completed,12.8,W20251216
T01315,V0148,D0569,R036,2025-02-16T04:19:00,2025-02-16T06:58:00,75,Completed,28.3,W20250216
T01316,V0202,D0191,R025,2025-01-20T16:00:00,2025-01-20T16:49:00,75,Cancelled,91.8,W20250120
T01317,V0342,D0056,R045,2025-04-29T23:39:00,2025-04-30T02:16:00,70,Completed,26.8,W20250429
T01318,V0320,D0405,R057,2025-05-13T23:18:00,2025-05-14T04:01:00,75,Completed,15.9,W20250513
T01319,V0186,D0246,R062,2025-08-17T11:10:00,2025-08-17T15:57:00,70,Completed,14.6,W20250817
T01320,V0463,D0005,R063,2025-11-16T03:09:00,2025-11-16T08:08:00,75,Cancelled,15.1,W20251116
T01321,V0421,D0175,R053,2025-02-12T22:02:00,2025-02-13T01:58:00,55,Completed,14.0,W20250212
T01322,V0394,D0465,R076,2025-10-10T14:20:00,2025-10-10T16:16:00,95,Completed,49.1,W20251010
T01323,V0130,D0645,R099,2025-02-09T20:27:00,2025-02-10T00:48:00,55,Completed,12.6,W20250209
T01324,V0125,D0105,R062,2025-09-17T22:17:00,2025-09-18T01:35:00,70,Completed,21.2,W20250917
T01325,V0264,D0545,R006,2025-07-10T17:58:00,2025-07-10T19:55:00,95,Completed,48.7,W20250710
T01326,V0366,D0524,R013,2025-05-07T20:33:00,2025-05-08T01:13:00,65,Completed,13.9,W20250507
T01327,V0121,D0580,R068,2025-06-02T18:51:00,2025-06-02T23:06:00,95,Completed,22.4,W20250602
T01328,V0355,D0659,R050,2025-08-02T16:00:00,2025-08-02T17:25:00,95,Completed,67.1,W20250802
T01329,V0476,D0053,R074,2025-07-04T10:01:00,2025-07-04T12:52:00,95,Completed,33.3,W20250704
T01330,V0225,D0064,R004,2025-02-05T13:45:00,2025-02-05T16:11:00,65,Completed,26.7,W20250205
T01331,V0243,D0420,R004,2025-10-25T10:31:00,2025-10-25T14:38:00,65,Completed,15.8,W20251025
T01332,V0014,D0267,R033,2025-11-27T01:44:00,2025-11-27T05:34:00,85,Completed,22.2,W20251127
T01333,V0430,D0084,R089,2025-02-01T04:05:00,2025-02-01T05:51:00,85,Completed,48.1,W20250201
T01334,V0192,D0307,R084,2025-03-01T17:50:00,2025-03-01T19:23:00,85,Completed,54.8,W20250301
T01335,V0143,D0399,R004,2025-08-27T16:16:00,2025-08-27T17:08:00,65,Completed,75.0,W20250827
T01336,V0227,D0622,R046,2025-06-24T14:44:00,2025-06-24T19:44:00,70,Completed,14.0,W20250624
T01337,V0437,D0593,R043,2025-03-27T05:44:00,2025-03-27T07:54:00,65,Completed,30.0,W20250327
T01338,V0338,D0235,R037,2025-06-18T04:13:00,2025-06-18T07:39:00,95,Cancelled,27.7,W20250618
T01339,V0333,D0486,R003,2025-01-30T10:57:00,2025-01-30T14:55:00,85,Cancelled,21.4,W20250130
T01340,V0350,D0243,R057,2025-06-24T10:32:00,2025-06-24T14:37:00,75,Completed,18.4,W20250624
T01341,V0242,D0587,R008,2025-03-13T12:39:00,2025-03-13T16:04:00,75,Completed,22.0,W20250313
T01342,V0158,D0538,R096,2025-12-23T09:15:00,2025-12-23T14:07:00,95,Cancelled,19.5,W20251223
T01343,V0183,D0474,R059,2025-02-16T16:12:00,2025-02-16T20:01:00,75,Cancelled,19.7,W20250216
T01344,V0042,D0134,R078,2025-05-13T20:13:00,2025-05-13T23:42:00,75,Cancelled,21.5,W20250513
T01345,V0146,D0001,R051,2025-01-01T09:56:00,2025-01-01T14:32:00,70,Completed,15.2,W20250101
T01346,V0055,D0204,R004,2025-12-16T03:08:00,2025-12-16T06:42:00,65,Completed,18.2,W20251216
T01347,V0214,D0501,R034,2025-06-20T00:30:00,2025-06-20T02:59:00,70,Completed,28.2,W20250620
T01348,V0140,D0158,R087,2025-08-13T13:48:00,2025-08-13T18:43:00,55,Completed,11.2,W20250813
T01349,V0142,D0675,R005,2025-11-08T20:56:00,2025-11-08T21:48:00,65,Completed,75.0,W20251108
T01350,V0138,D0505,R027,2025-03-13T04:06:00,2025-03-13T05:09:00,85,Cancelled,81.0,W20250313
T01351,V0469,D0175,R055,2025-10-01T03:25:00,2025-10-01T07:50:00,55,Cancelled,12.5,W20251001
T01352,V0488,D0318,R008,2025-10-13T00:27:00,2025-10-13T02:46:00,75,Completed,32.4,W20251013
T01353,V0389,D0079,R084,2025-03-23T20:43:00,2025-03-24T01:43:00,85,Completed,17.0,W20250323
T01354,V0120,D0085,R057,2025-06-16T05:47:00,2025-06-16T07:17:00,75,Completed,50.0,W20250616
T01355,V0029,D0485,R076,2025-08-13T10:32:00,2025-08-13T13:09:00,95,Completed,36.3,W20250813
T01356,V0079,D0616,R046,2025-02-20T13:36:00,2025-02-20T15:21:00,70,Completed,40.0,W20250220
T01357,V0306,D0658,R061,2025-04-25T22:44:00,2025-04-25T23:49:00,75,Completed,69.2,W20250425
T01358,V0033,D0291,R059,2025-06-15T06:51:00,2025-06-15T07:36:00,75,Cancelled,100.0,W20250615
T01359,V0147,D0555,R085,2025-12-07T11:13:00,2025-12-07T15:03:00,55,Cancelled,14.3,W20251207
T01360,V0316,D0660,R008,2025-10-26T17:55:00,2025-10-26T22:23:00,75,Completed,16.8,W20251026
T01361,V0246,D0639,R005,2025-05-12T04:45:00,2025-05-12T08:12:00,65,Completed,18.8,W20250512
T01362,V0120,D0279,R086,2025-01-05T08:48:00,2025-01-05T10:31:00,65,Completed,37.9,W20250105
T01363,V0227,D0605,R001,2025-02-23T21:32:00,2025-02-24T02:15:00,85,Cancelled,18.0,W20250223
T01364,V0226,D0223,R093,2025-10-16T09:15:00,2025-10-16T11:36:00,65,Completed,27.7,W20251016
T01365,V0054,D0265,R009,2025-10-02T20:49:00,2025-10-02T21:48:00,65,Cancelled,66.1,W20251002
T01366,V0047,D0392,R003,2025-08-05T02:55:00,2025-08-05T06:22:00,85,Completed,24.6,W20250805
T01367,V0294,D0010,R079,2025-03-31T23:24:00,2025-04-01T04:12:00,70,Cancelled,14.6,W20250331
T01368,V0424,D0251,R091,2025-03-16T03:05:00,2025-03-16T06:34:00,70,Cancelled,20.1,W20250316
T01369,V0195,D0321,R006,2025-02-12T22:31:00,2025-02-13T02:49:00,95,Completed,22.1,W20250212
T01370,V0346,D0007,R085,2025-05-08T20:28:00,2025-05-08T22:45:00,55,Cancelled,24.1,W20250508
T01371,V0413,D0655,R085,2025-07-03T00:25:00,2025-07-03T02:45:00,55,Completed,23.6,W20250703
T01372,V0017,D0651,R027,2025-07-01T03:59:00,2025-07-01T06:32:00,85,Completed,33.3,W20250701
T01373,V0465,D0333,R043,2025-01-22T18:02:00,2025-01-22T21:16:00,65,Completed,20.1,W20250122
T01374,V0074,D0428,R057,2025-10-14T02:38:00,2025-10-14T06:53:00,75,Completed,17.6,W20251014
T01375,V0168,D0055,R007,2025-01-23T01:55:00,2025-01-23T06:38:00,70,Completed,14.8,W20250123
T01376,V0220,D0219,R042,2025-01-31T08:06:00,2025-01-31T12:50:00,75,Completed,15.8,W20250131
T01377,V0288,D0137,R058,2025-11-27T15:02:00,2025-11-27T20:00:00,95,Cancelled,19.1,W20251127
T01378,V0143,D0491,R046,2025-08-24T21:13:00,2025-08-24T22:33:00,70,Completed,52.5,W20250824
T01379,V0397,D0608,R073,2025-04-13T00:42:00,2025-04-13T02:07:00,85,Completed,60.0,W20250413
T01380,V0371,D0189,R097,2025-03-15T01:52:00,2025-03-15T05:50:00,65,Completed,16.4,W20250315
T01381,V0480,D0446,R024,2025-10-02T23:53:00,2025-10-03T04:10:00,55,Cancelled,12.8,W20251002
T01382,V0030,D0211,R075,2025-05-14T16:17:00,2025-05-14T18:10:00,85,Completed,45.1,W20250514
T01383,V0348,D0208,R021,2025-06-30T05:17:00,2025-06-30T06:50:00,75,Completed,48.4,W20250630
T01384,V0008,D0040,R003,2025-07-11T12:57:00,2025-07-11T17:55:00,85,Completed,17.1,W20250711
T01385,V0455,D0076,R025,2025-03-27T04:19:00,2025-03-27T08:48:00,75,Completed,16.7,W20250327
T01386,V0062,D0191,R011,2025-12-03T05:02:00,2025-12-03T09:19:00,85,Completed,19.8,W20251203
T01387,V0485,D0593,R098,2025-12-13T15:21:00,2025-12-13T16:16:00,75,Cancelled,81.8,W20251213
T01388,V0481,D0079,R015,2025-12-23T09:34:00,2025-12-23T10:29:00,75,Cancelled,81.8,W20251223
T01389,V0123,D0260,R066,2025-05-18T19:34:00,2025-05-19T00:13:00,85,Completed,18.3,W20250518
T01390,V0283,D0408,R050,2025-08-27T21:30:00,2025-08-27T23:48:00,95,Completed,41.3,W20250827
T01391,V0401,D0308,R068,2025-06-29T19:06:00,2025-06-29T23:55:00,95,Cancelled,19.7,W20250629
T01392,V0334,D0227,R095,2025-08-07T17:32:00,2025-08-07T21:22:00,85,Completed,22.2,W20250807
T01393,V0383,D0493,R025,2025-11-29T11:32:00,2025-11-29T13:26:00,75,Completed,39.5,W20251129
T01394,V0319,D0595,R006,2025-08-03T18:05:00,2025-08-03T22:43:00,95,Cancelled,20.5,W20250803
T01395,V0467,D0220,R048,2025-05-26T02:56:00,2025-05-26T07:41:00,75,Completed,15.8,W20250526
T01396,V0276,D0538,R042,2025-05-17T01:55:00,2025-05-17T05:24:00,75,Completed,21.5,W20250517
T01397,V0413,D0449,R029,2025-03-10T18:06:00,2025-03-10T21:11:00,70,Completed,22.7,W20250310
T01398,V0131,D0245,R076,2025-06-29T21:43:00,2025-06-30T01:30:00,95,Completed,25.1,W20250629
T01399,V0493,D0611,R043,2025-07-13T14:35:00,2025-07-13T19:03:00,65,Cancelled,14.6,W20250713
T01400,V0339,D0461,R060,2025-09-07T03:40:00,2025-09-07T06:32:00,85,Completed,29.7,W20250907
T01401,V0217,D0335,R020,2025-08-10T19:58:00,2025-08-10T22:45:00,65,Cancelled,23.4,W20250810
T01402,V0028,D0353,R095,2025-09-18T16:45:00,2025-09-18T21:39:00,85,Completed,17.3,W20250918
T01403,V0327,D0420,R020,2025-01-05T09:03:00,2025-01-05T10:16:00,65,Cancelled,53.4,W20250105
T01404,V0379,D0299,R061,2025-11-22T16:21:00,2025-11-22T17:43:00,75,Completed,54.9,W20251122
T01405,V0204,D0263,R079,2025-05-30T21:14:00,2025-05-31T00:28:00,70,Completed,21.6,W20250530
T01406,V0343,D0653,R087,2025-04-02T08:46:00,2025-04-02T13:35:00,55,Completed,11.4,W20250402
T01407,V0118,D0549,R035,2025-02-26T11:44:00,2025-02-26T13:45:00,95,Completed,47.1,W20250226
T01408,V0029,D0506,R079,2025-07-03T14:16:00,2025-07-03T18:39:00,70,Completed,16.0,W20250703
T01409,V0426,D0037,R046,2025-05-06T01:36:00,2025-05-06T06:29:00,70,Cancelled,14.3,W20250506
T01410,V0019,D0255,R029,2025-08-02T15:42:00,2025-08-02T17:28:00,70,Completed,39.6,W20250802
T01411,V0367,D0340,R083,2025-09-26T03:41:00,2025-09-26T06:41:00,75,Completed,25.0,W20250926
T01412,V0101,D0435,R040,2025-10-30T23:33:00,2025-10-31T01:22:00,95,Completed,52.3,W20251030
T01413,V0041,D0422,R026,2025-09-17T03:54:00,2025-09-17T08:47:00,70,Completed,14.3,W20250917
T01414,V0282,D0471,R068,2025-07-09T09:35:00,2025-07-09T13:49:00,95,Completed,22.4,W20250709
T01415,V0089,D0557,R046,2025-10-15T05:27:00,2025-10-15T07:28:00,70,Completed,34.7,W20251015
T01416,V0159,D0622,R067,2025-08-13T02:39:00,2025-08-13T03:59:00,55,Completed,41.2,W20250813
T01417,V0412,D0161,R059,2025-12-19T18:51:00,2025-12-19T23:25:00,75,Completed,16.4,W20251219
T01418,V0027,D0357,R036,2025-05-12T21:37:00,2025-05-13T00:20:00,75,Completed,27.6,W20250512
T01419,V0030,D0095,R085,2025-07-06T10:35:00,2025-07-06T14:41:00,55,Completed,13.4,W20250706
T01420,V0101,D0307,R034,2025-06-13T15:45:00,2025-06-13T18:34:00,70,Completed,24.9,W20250613
T01421,V0184,D0522,R019,2025-05-29T23:41:00,2025-05-30T04:15:00,55,Cancelled,12.0,W20250529
T01422,V0336,D0029,R071,2025-10-09T04:20:00,2025-10-09T09:09:00,95,Cancelled,19.7,W20251009
T01423,V0206,D0317,R069,2025-01-13T13:56:00,2025-01-13T15:16:00,70,Completed,52.5,W20250113
T01424,V0087,D0454,R037,2025-09-20T18:00:00,2025-09-20T20:23:00,95,Completed,39.9,W20250920
T01425,V0308,D0124,R095,2025-10-20T09:55:00,2025-10-20T13:39:00,85,Completed,22.8,W20251020
T01426,V0107,D0653,R042,2025-02-20T02:51:00,2025-02-20T05:05:00,75,Completed,33.6,W20250220
T01427,V0005,D0092,R011,2025-09-05T14:49:00,2025-09-05T17:16:00,85,Cancelled,34.7,W20250905
T01428,V0275,D0060,R064,2025-11-26T17:59:00,2025-11-26T22:39:00,75,Completed,16.1,W20251126
T01429,V0097,D0682,R066,2025-02-07T16:11:00,2025-02-07T19:05:00,85,Cancelled,29.3,W20250207
T01430,V0203,D0691,R075,2025-02-26T23:22:00,2025-02-27T01:50:00,85,Completed,34.5,W20250226
T01431,V0412,D0274,R065,2025-07-21T23:02:00,2025-07-22T02:28:00,70,Completed,20.4,W20250721
T01432,V0194,D0364,R094,2025-12-27T07:17:00,2025-12-27T08:44:00,70,Completed,48.3,W20251227
T01433,V0305,D0250,R086,2025-06-26T02:13:00,2025-06-26T05:12:00,65,Completed,21.8,W20250626
T01434,V0442,D0188,R022,2025-12-07T04:01:00,2025-12-07T06:39:00,70,Cancelled,26.6,W20251207
T01435,V0273,D0554,R081,2025-04-25T09:57:00,2025-04-25T10:48:00,55,Completed,64.7,W20250425
T01436,V0451,D0691,R008,2025-12-05T01:08:00,2025-12-05T05:39:00,75,Completed,16.6,W20251205
T01437,V0364,D0658,R089,2025-02-20T21:39:00,2025-02-20T23:51:00,85,Completed,38.6,W20250220
T01438,V0349,D0216,R052,2025-10-15T18:53:00,2025-10-15T21:28:00,65,Completed,25.2,W20251015
T01439,V0074,D0347,R038,2025-07-20T22:28:00,2025-07-21T02:15:00,95,Completed,25.1,W20250720
T01440,V0148,D0489,R044,2025-09-19T05:27:00,2025-09-19T10:01:00,70,Cancelled,15.3,W20250919
T01441,V0279,D0553,R036,2025-01-28T19:45:00,2025-01-28T21:12:00,75,Completed,51.7,W20250128
T01442,V0416,D0495,R049,2025-08-12T05:17:00,2025-08-12T07:25:00,85,Cancelled,39.8,W20250812
T01443,V0147,D0431,R068,2025-10-25T10:46:00,2025-10-25T15:25:00,95,Completed,20.4,W20251025
T01444,V0436,D0501,R011,2025-04-17T21:10:00,2025-04-18T02:01:00,85,Cancelled,17.5,W20250417
T01445,V0011,D0497,R060,2025-12-14T08:53:00,2025-12-14T09:49:00,85,Completed,91.1,W20251214
T01446,V0372,D0017,R068,2025-01-29T08:25:00,2025-01-29T11:11:00,95,Completed,34.3,W20250129
T01447,V0003,D0081,R012,2025-06-23T06:10:00,2025-06-23T07:49:00,95,Completed,57.6,W20250623
T01448,V0179,D0674,R026,2025-07-02T10:38:00,2025-07-02T13:04:00,70,Completed,28.8,W20250702
T01449,V0170,D0232,R005,2025-03-25T02:06:00,2025-03-25T07:01:00,65,Completed,13.2,W20250325
T01450,V0020,D0434,R037,2025-11-18T01:23:00,2025-11-18T05:59:00,95,Completed,20.7,W20251118
T01451,V0296,D0085,R094,2025-11-17T16:17:00,2025-11-17T19:40:00,70,Completed,20.7,W20251117
T01452,V0418,D0434,R073,2025-11-04T19:54:00,2025-11-04T21:05:00,85,Completed,71.8,W20251104
T01453,V0298,D0480,R058,2025-10-30T00:54:00,2025-10-30T05:41:00,95,Completed,19.9,W20251030
T01454,V0420,D0297,R007,2025-07-13T21:11:00,2025-07-14T01:38:00,70,Completed,15.7,W20250713
T01455,V0154,D0010,R070,2025-08-04T11:17:00,2025-08-04T14:36:00,55,Completed,16.6,W20250804
T01456,V0051,D0495,R089,2025-07-16T06:14:00,2025-07-16T07:12:00,85,Completed,87.9,W20250716
T01457,V0233,D0299,R089,2025-12-09T15:27:00,2025-12-09T18:20:00,85,Completed,29.5,W20251209
T01458,V0081,D0591,R005,2025-11-22T16:07:00,2025-11-22T19:45:00,65,Completed,17.9,W20251122
T01459,V0455,D0322,R001,2025-03-18T01:38:00,2025-03-18T03:53:00,85,Completed,37.8,W20250318
T01460,V0403,D0176,R028,2025-09-13T01:49:00,2025-09-13T05:08:00,85,Completed,25.6,W20250913
T01461,V0475,D0689,R035,2025-09-29T13:39:00,2025-09-29T17:41:00,95,Completed,23.6,W20250929
T01462,V0202,D0399,R020,2025-07-12T02:45:00,2025-07-12T06:00:00,65,Cancelled,20.0,W20250712
T01463,V0492,D0366,R040,2025-09-11T14:09:00,2025-09-11T15:23:00,95,Cancelled,77.0,W20250911
T01464,V0131,D0674,R093,2025-01-21T23:04:00,2025-01-22T01:40:00,65,Cancelled,25.0,W20250121
T01465,V0170,D0434,R072,2025-01-06T21:09:00,2025-01-06T22:52:00,75,Cancelled,43.7,W20250106
T01466,V0426,D0348,R059,2025-01-29T00:48:00,2025-01-29T05:47:00,75,Completed,15.1,W20250129
T01467,V0012,D0299,R058,2025-05-12T07:49:00,2025-05-12T09:58:00,95,Completed,44.2,W20250512
T01468,V0023,D0131,R057,2025-11-07T02:47:00,2025-11-07T06:30:00,75,Completed,20.2,W20251107
T01469,V0195,D0440,R047,2025-01-28T04:35:00,2025-01-28T06:28:00,55,Completed,29.2,W20250128
T01470,V0279,D0660,R088,2025-05-01T08:31:00,2025-05-01T10:15:00,95,Completed,54.8,W20250501
T01471,V0029,D0148,R090,2025-12-12T21:52:00,2025-12-13T00:27:00,85,Cancelled,32.9,W20251212
T01472,V0210,D0359,R088,2025-09-11T21:14:00,2025-09-12T00:58:00,95,Cancelled,25.4,W20250911
T01473,V0425,D0112,R010,2025-03-01T07:34:00,2025-03-01T11:21:00,75,Completed,19.8,W20250301
T01474,V0102,D0181,R076,2025-04-13T05:37:00,2025-04-13T08:13:00,95,Completed,36.5,W20250413
T01475,V0083,D0533,R012,2025-06-01T18:36:00,2025-06-01T23:15:00,95,Cancelled,20.4,W20250601
T01476,V0154,D0244,R074,2025-09-11T10:30:00,2025-09-11T11:35:00,95,Completed,87.7,W20250911
T01477,V0424,D0449,R083,2025-01-09T07:01:00,2025-01-09T10:29:00,75,Cancelled,21.6,W20250109
T01478,V0173,D0630,R100,2025-05-11T05:48:00,2025-05-11T10:46:00,75,Completed,15.1,W20250511
T01479,V0200,D0262,R048,2025-01-24T16:54:00,2025-01-24T21:47:00,75,Completed,15.4,W20250124
T01480,V0493,D0248,R064,2025-02-26T15:31:00,2025-02-26T16:56:00,75,Cancelled,52.9,W20250226
T01481,V0299,D0338,R007,2025-09-09T22:48:00,2025-09-09T23:54:00,70,Completed,63.6,W20250909
T01482,V0003,D0120,R058,2025-02-12T21:23:00,2025-02-12T22:29:00,95,Completed,86.4,W20250212
T01483,V0271,D0387,R049,2025-02-13T10:31:00,2025-02-13T15:10:00,85,Completed,18.3,W20250213
T01484,V0081,D0534,R100,2025-09-12T05:12:00,2025-09-12T07:09:00,75,Completed,38.5,W20250912
T01485,V0273,D0583,R064,2025-02-23T04:16:00,2025-02-23T08:10:00,75,Completed,19.2,W20250223
T01486,V0434,D0498,R098,2025-11-12T21:32:00,2025-11-13T00:14:00,75,Cancelled,27.8,W20251112
T01487,V0297,D0461,R029,2025-04-18T08:09:00,2025-04-18T11:26:00,70,Completed,21.3,W20250418
T01488,V0472,D0574,R040,2025-10-20T18:18:00,2025-10-20T19:12:00,95,Completed,105.6,W20251020
T01489,V0497,D0669,R083,2025-02-16T10:30:00,2025-02-16T14:20:00,75,Cancelled,19.6,W20250216
T01490,V0364,D0321,R034,2025-10-28T06:19:00,2025-10-28T08:54:00,70,Completed,27.1,W20251028
T01491,V0291,D0659,R011,2025-08-30T12:18:00,2025-08-30T15:56:00,85,Cancelled,23.4,W20250830
T01492,V0425,D0024,R007,2025-06-13T09:14:00,2025-06-13T13:07:00,70,Completed,18.0,W20250613
T01493,V0024,D0553,R023,2025-05-06T15:51:00,2025-05-06T17:03:00,95,Cancelled,79.2,W20250506
T01494,V0262,D0513,R074,2025-07-24T08:49:00,2025-07-24T10:37:00,95,Completed,52.8,W20250724
T01495,V0406,D0572,R002,2025-09-22T09:28:00,2025-09-22T14:09:00,75,Completed,16.0,W20250922
T01496,V0051,D0554,R046,2025-02-02T17:13:00,2025-02-02T18:11:00,70,Completed,72.4,W20250202
T01497,V0036,D0622,R091,2025-02-15T21:53:00,2025-02-16T01:08:00,70,Completed,21.5,W20250215
T01498,V0188,D0645,R070,2025-06-20T01:23:00,2025-06-20T02:56:00,55,Cancelled,35.5,W20250620
T01499,V0327,D0641,R039,2025-02-15T04:11:00,2025-02-15T06:32:00,55,Completed,23.4,W20250215
T01500,V0274,D0650,R100,2025-07-24T12:43:00,2025-07-24T16:13:00,75,Cancelled,21.4,W20250724
T01501,V0284,D0520,R072,2025-02-06T07:00:00,2025-02-06T08:46:00,75,Cancelled,42.5,W20250206
T01502,V0205,D0015,R055,2025-11-16T08:00:00,2025-11-16T10:40:00,55,Completed,20.6,W20251116
T01503,V0026,D0311,R006,2025-05-26T03:54:00,2025-05-26T08:05:00,95,Cancelled,22.7,W20250526
T01504,V0157,D0462,R021,2025-07-11T04:44:00,2025-07-11T06:06:00,75,Completed,54.9,W20250711
T01505,V0378,D0619,R081,2025-01-18T21:01:00,2025-01-18T23:53:00,55,Cancelled,19.2,W20250118
T01506,V0178,D0116,R006,2025-04-26T18:58:00,2025-04-26T21:33:00,95,Cancelled,36.8,W20250426
T01507,V0411,D0003,R073,2025-06-04T21:31:00,2025-06-05T02:03:00,85,Completed,18.8,W20250604
T01508,V0158,D0685,R068,2025-06-06T06:43:00,2025-06-06T10:12:00,95,Completed,27.3,W20250606
T01509,V0056,D0640,R091,2025-10-27T20:43:00,2025-10-28T01:13:00,70,Completed,15.6,W20251027
T01510,V0282,D0466,R053,2025-08-19T21:19:00,2025-08-20T01:02:00,55,Completed,14.8,W20250819
T01511,V0447,D0639,R019,2025-09-14T11:15:00,2025-09-14T14:16:00,55,Completed,18.2,W20250914
T01512,V0094,D0492,R019,2025-10-02T21:53:00,2025-10-02T23:29:00,55,Completed,34.4,W20251002
T01513,V0346,D0693,R063,2025-12-16T07:47:00,2025-12-16T10:23:00,75,Cancelled,28.8,W20251216
T01514,V0256,D0196,R007,2025-11-09T23:57:00,2025-11-10T02:42:00,70,Completed,25.5,W20251109
T01515,V0301,D0552,R052,2025-08-07T09:34:00,2025-08-07T13:42:00,65,Completed,15.7,W20250807
T01516,V0216,D0206,R047,2025-12-25T08:54:00,2025-12-25T11:58:00,55,Cancelled,17.9,W20251225
T01517,V0165,D0543,R063,2025-11-02T02:45:00,2025-11-02T07:28:00,75,Completed,15.9,W20251102
T01518,V0156,D0328,R097,2025-02-12T22:15:00,2025-02-13T03:09:00,65,Completed,13.3,W20250212
T01519,V0019,D0364,R004,2025-03-31T17:28:00,2025-03-31T22:16:00,65,Cancelled,13.5,W20250331
T01520,V0428,D0057,R039,2025-10-10T05:44:00,2025-10-10T10:29:00,55,Cancelled,11.6,W20251010
T01521,V0170,D0114,R078,2025-12-25T23:42:00,2025-12-26T01:01:00,75,Completed,57.0,W20251225
T01522,V0075,D0441,R049,2025-09-02T03:37:00,2025-09-02T05:40:00,85,Completed,41.5,W20250902
T01523,V0313,D0329,R072,2025-01-21T19:45:00,2025-01-21T21:22:00,75,Completed,46.4,W20250121
T01524,V0440,D0249,R060,2025-12-25T16:10:00,2025-12-25T19:19:00,85,Completed,27.0,W20251225
T01525,V0100,D0185,R080,2025-11-29T11:43:00,2025-11-29T15:22:00,75,Completed,20.5,W20251129
T01526,V0405,D0213,R022,2025-01-26T19:02:00,2025-01-26T23:14:00,70,Completed,16.7,W20250126
T01527,V0128,D0129,R080,2025-10-26T10:11:00,2025-10-26T14:47:00,75,Completed,16.3,W20251026
T01528,V0220,D0112,R040,2025-05-20T01:27:00,2025-05-20T03:36:00,95,Completed,44.2,W20250520
T01529,V0209,D0030,R093,2025-05-17T08:46:00,2025-05-17T13:46:00,65,Completed,13.0,W20250517
T01530,V0309,D0580,R012,2025-01-27T05:55:00,2025-01-27T07:33:00,95,Completed,58.2,W20250127
T01531,V0123,D0447,R090,2025-10-21T14:03:00,2025-10-21T16:19:00,85,Completed,37.5,W20251021
T01532,V0327,D0698,R061,2025-07-02T08:14:00,2025-07-02T13:12:00,75,Cancelled,15.1,W20250702
T01533,V0362,D0143,R011,2025-08-12T01:10:00,2025-08-12T04:44:00,85,Completed,23.8,W20250812
T01534,V0283,D0213,R052,2025-02-17T02:53:00,2025-02-17T05:05:00,65,Completed,29.5,W20250217
T01535,V0412,D0211,R015,2025-08-06T09:26:00,2025-08-06T14:19:00,75,Completed,15.4,W20250806
T01536,V0337,D0350,R046,2025-11-09T11:29:00,2025-11-09T15:17:00,70,Completed,18.4,W20251109
T01537,V0428,D0038,R081,2025-01-16T10:32:00,2025-01-16T11:38:00,55,Completed,50.0,W20250116
T01538,V0164,D0009,R002,2025-12-10T06:16:00,2025-12-10T08:07:00,75,Completed,40.5,W20251210
T01539,V0120,D0669,R032,2025-06-17T00:45:00,2025-06-17T04:03:00,75,Completed,22.7,W20250617
T01540,V0446,D0631,R014,2025-07-21T14:18:00,2025-07-21T16:47:00,55,Cancelled,22.1,W20250721
T01541,V0219,D0177,R083,2025-08-20T13:43:00,2025-08-20T15:11:00,75,Completed,51.1,W20250820
T01542,V0105,D0438,R043,2025-03-21T05:23:00,2025-03-21T06:31:00,65,Completed,57.4,W20250321
T01543,V0115,D0514,R029,2025-03-01T14:26:00,2025-03-01T16:45:00,70,Completed,30.2,W20250301
T01544,V0211,D0359,R021,2025-08-06T19:44:00,2025-08-06T23:33:00,75,Cancelled,19.7,W20250806
T01545,V0043,D0546,R004,2025-09-23T08:54:00,2025-09-23T12:35:00,65,Completed,17.6,W20250923
T01546,V0125,D0263,R100,2025-04-20T12:07:00,2025-04-20T15:19:00,75,Cancelled,23.4,W20250420
T01547,V0147,D0193,R064,2025-08-21T01:55:00,2025-08-21T05:50:00,75,Cancelled,19.1,W20250821
T01548,V0479,D0469,R087,2025-11-30T04:00:00,2025-11-30T06:02:00,55,Completed,27.0,W20251130
T01549,V0105,D0034,R052,2025-03-01T19:10:00,2025-03-01T22:21:00,65,Completed,20.4,W20250301
T01550,V0353,D0571,R056,2025-12-21T18:21:00,2025-12-21T22:29:00,95,Completed,23.0,W20251221
T01551,V0460,D0573,R017,2025-07-12T03:53:00,2025-07-12T08:23:00,95,Completed,21.1,W20250712
T01552,V0086,D0488,R066,2025-09-28T02:35:00,2025-09-28T07:21:00,85,Cancelled,17.8,W20250928
T01553,V0490,D0136,R038,2025-06-23T13:13:00,2025-06-23T16:07:00,95,Completed,32.8,W20250623
T01554,V0339,D0199,R035,2025-01-25T02:56:00,2025-01-25T05:37:00,95,Completed,35.4,W20250125
T01555,V0048,D0462,R040,2025-11-16T19:06:00,2025-11-16T23:46:00,95,Completed,20.4,W20251116
T01556,V0292,D0370,R048,2025-04-10T08:59:00,2025-04-10T09:58:00,75,Completed,76.3,W20250410
T01557,V0086,D0646,R022,2025-09-19T03:42:00,2025-09-19T05:44:00,70,Completed,34.4,W20250919
T01558,V0242,D0142,R082,2025-10-10T17:55:00,2025-10-10T19:00:00,75,Completed,69.2,W20251010
T01559,V0435,D0584,R055,2025-07-09T00:24:00,2025-07-09T02:48:00,55,Completed,22.9,W20250709
T01560,V0230,D0189,R007,2025-09-07T03:09:00,2025-09-07T06:56:00,70,Completed,18.5,W20250907
T01561,V0238,D0157,R004,2025-03-05T17:27:00,2025-03-05T18:31:00,65,Cancelled,60.9,W20250305
T01562,V0275,D0295,R032,2025-02-01T15:29:00,2025-02-01T19:58:00,75,Completed,16.7,W20250201
T01563,V0026,D0022,R096,2025-12-27T01:53:00,2025-12-27T06:06:00,95,Completed,22.5,W20251227
T01564,V0024,D0497,R085,2025-02-10T17:10:00,2025-02-10T21:42:00,55,Completed,12.1,W20250210
T01565,V0380,D0606,R055,2025-03-04T14:25:00,2025-03-04T16:51:00,55,Completed,22.6,W20250304
T01566,V0097,D0284,R069,2025-04-23T21:12:00,2025-04-23T23:57:00,70,Completed,25.5,W20250423
T01567,V0480,D0126,R028,2025-07-13T15:38:00,2025-07-13T17:32:00,85,Completed,44.7,W20250713
T01568,V0334,D0568,R092,2025-06-10T16:31:00,2025-06-10T20:18:00,70,Cancelled,18.5,W20250610
T01569,V0370,D0489,R034,2025-10-02T19:54:00,2025-10-02T23:02:00,70,Completed,22.3,W20251002
T01570,V0253,D0321,R002,2025-10-26T22:08:00,2025-10-27T03:02:00,75,Completed,15.3,W20251026
T01571,V0394,D0135,R025,2025-04-23T07:18:00,2025-04-23T11:32:00,75,Cancelled,17.7,W20250423
T01572,V0131,D0507,R009,2025-09-03T07:35:00,2025-09-03T12:13:00,65,Completed,14.0,W20250903
T01573,V0314,D0055,R078,2025-11-18T22:04:00,2025-11-19T02:17:00,75,Cancelled,17.8,W20251118
T01574,V0440,D0065,R063,2025-07-01T06:27:00,2025-07-01T07:48:00,75,Completed,55.6,W20250701
T01575,V0059,D0428,R064,2025-09-21T01:32:00,2025-09-21T04:57:00,75,Cancelled,22.0,W20250921
T01576,V0433,D0643,R100,2025-10-15T18:49:00,2025-10-15T20:52:00,75,Completed,36.6,W20251015
T01577,V0289,D0285,R029,2025-06-13T17:08:00,2025-06-13T18:43:00,70,Completed,44.2,W20250613
T01578,V0176,D0699,R078,2025-06-12T03:58:00,2025-06-12T08:13:00,75,Completed,17.6,W20250612
T01579,V0102,D0110,R013,2025-01-24T11:06:00,2025-01-24T13:47:00,65,Cancelled,24.2,W20250124
T01580,V0247,D0548,R091,2025-01-04T05:53:00,2025-01-04T10:31:00,70,Completed,15.1,W20250104
T01581,V0099,D0035,R016,2025-11-22T14:06:00,2025-11-22T15:07:00,65,Cancelled,63.9,W20251122
T01582,V0476,D0698,R041,2025-05-28T07:47:00,2025-05-28T08:52:00,65,Completed,60.0,W20250528
T01583,V0403,D0089,R072,2025-04-11T21:56:00,2025-04-12T02:47:00,75,Completed,15.5,W20250411
T01584,V0413,D0261,R035,2025-11-02T07:25:00,2025-11-02T09:52:00,95,Completed,38.8,W20251102
T01585,V0300,D0495,R018,2025-07-25T09:55:00,2025-07-25T14:08:00,85,Completed,20.2,W20250725
T01586,V0012,D0357,R070,2025-04-11T00:04:00,2025-04-11T05:04:00,55,Completed,11.0,W20250411
T01587,V0436,D0605,R099,2025-12-20T02:11:00,2025-12-20T06:27:00,55,Completed,12.9,W20251220
T01588,V0217,D0211,R059,2025-10-27T03:49:00,2025-10-27T06:10:00,75,Completed,31.9,W20251027
T01589,V0442,D0532,R097,2025-03-30T13:36:00,2025-03-30T17:28:00,65,Completed,16.8,W20250330
T01590,V0460,D0551,R031,2025-01-15T11:02:00,2025-01-15T15:47:00,65,Completed,13.7,W20250115
T01591,V0149,D0468,R036,2025-02-15T09:13:00,2025-02-15T10:49:00,75,Completed,46.9,W20250215
T01592,V0337,D0226,R099,2025-03-10T23:44:00,2025-03-11T01:15:00,55,Cancelled,36.3,W20250310
T01593,V0306,D0050,R092,2025-03-27T22:00:00,2025-03-27T23:44:00,70,Completed,40.4,W20250327
T01594,V0477,D0105,R080,2025-02-21T06:03:00,2025-02-21T07:12:00,75,Completed,65.2,W20250221
T01595,V0154,D0433,R088,2025-12-06T01:27:00,2025-12-06T04:51:00,95,Completed,27.9,W20251206
T01596,V0126,D0680,R050,2025-04-13T15:24:00,2025-04-13T16:49:00,95,Cancelled,67.1,W20250413
T01597,V0147,D0350,R100,2025-11-13T14:06:00,2025-11-13T15:26:00,75,Completed,56.2,W20251113
T01598,V0117,D0082,R061,2025-12-04T10:39:00,2025-12-04T13:50:00,75,Cancelled,23.6,W20251204
T01599,V0130,D0301,R031,2025-11-25T03:20:00,2025-11-25T05:42:00,65,Cancelled,27.5,W20251125
T01600,V0233,D0123,R046,2025-07-18T21:53:00,2025-07-19T00:30:00,70,Cancelled,26.8,W20250718
T01601,V0411,D0646,R063,2025-02-18T22:55:00,2025-02-19T01:13:00,75,Cancelled,32.6,W20250218
T01602,V0369,D0113,R037,2025-11-04T00:44:00,2025-11-04T05:16:00,95,Cancelled,21.0,W20251104
T01603,V0260,D0046,R075,2025-03-12T06:36:00,2025-03-12T07:29:00,85,Completed,96.2,W20250312
T01604,V0327,D0592,R002,2025-10-29T11:22:00,2025-10-29T12:45:00,75,Cancelled,54.2,W20251029
T01605,V0248,D0398,R084,2025-03-14T00:26:00,2025-03-14T03:12:00,85,Completed,30.7,W20250314
T01606,V0267,D0181,R051,2025-04-18T16:04:00,2025-04-18T18:52:00,70,Completed,25.0,W20250418
T01607,V0395,D0109,R043,2025-10-13T07:09:00,2025-10-13T09:01:00,65,Cancelled,34.8,W20251013
T01608,V0094,D0532,R036,2025-11-22T11:15:00,2025-11-22T16:07:00,75,Completed,15.4,W20251122
T01609,V0454,D0608,R059,2025-05-13T01:26:00,2025-05-13T02:49:00,75,Cancelled,54.2,W20250513
T01610,V0198,D0229,R080,2025-12-29T00:28:00,2025-12-29T02:55:00,75,Completed,30.6,W20251229
T01611,V0446,D0443,R038,2025-02-24T12:51:00,2025-02-24T15:32:00,95,Completed,35.4,W20250224
T01612,V0087,D0488,R078,2025-03-05T02:52:00,2025-03-05T07:25:00,75,Completed,16.5,W20250305
T01613,V0291,D0165,R042,2025-07-29T14:39:00,2025-07-29T19:31:00,75,Cancelled,15.4,W20250729
T01614,V0013,D0515,R070,2025-04-25T01:34:00,2025-04-25T05:10:00,55,Completed,15.3,W20250425
T01615,V0121,D0184,R014,2025-12-18T18:42:00,2025-12-18T21:43:00,55,Completed,18.2,W20251218
T01616,V0488,D0101,R014,2025-01-31T18:05:00,2025-01-31T21:37:00,55,Completed,15.6,W20250131
T01617,V0467,D0381,R035,2025-01-12T09:37:00,2025-01-12T14:12:00,95,Cancelled,20.7,W20250112
T01618,V0101,D0389,R060,2025-07-02T10:44:00,2025-07-02T14:15:00,85,Completed,24.2,W20250702
T01619,V0283,D0679,R093,2025-09-22T07:40:00,2025-09-22T11:10:00,65,Completed,18.6,W20250922
T01620,V0256,D0654,R099,2025-08-09T16:54:00,2025-08-09T20:16:00,55,Completed,16.3,W20250809
T01621,V0213,D0151,R032,2025-05-30T19:50:00,2025-05-30T20:46:00,75,Completed,80.4,W20250530
T01622,V0190,D0301,R097,2025-02-25T12:46:00,2025-02-25T16:20:00,65,Completed,18.2,W20250225
T01623,V0277,D0557,R077,2025-06-07T20:00:00,2025-06-07T21:44:00,85,Completed,49.0,W20250607
T01624,V0218,D0598,R004,2025-07-27T12:08:00,2025-07-27T13:52:00,65,Completed,37.5,W20250727
T01625,V0315,D0206,R011,2025-05-11T17:51:00,2025-05-11T19:03:00,85,Completed,70.8,W20250511
T01626,V0219,D0080,R009,2025-10-22T01:48:00,2025-10-22T04:38:00,65,Completed,22.9,W20251022
T01627,V0051,D0360,R099,2025-09-10T17:02:00,2025-09-10T21:57:00,55,Completed,11.2,W20250910
T01628,V0317,D0464,R050,2025-02-20T08:47:00,2025-02-20T11:44:00,95,Completed,32.2,W20250220
T01629,V0254,D0444,R063,2025-09-25T08:05:00,2025-09-25T10:27:00,75,Completed,31.7,W20250925
T01630,V0255,D0071,R079,2025-06-05T13:55:00,2025-06-05T15:21:00,70,Completed,48.8,W20250605
T01631,V0002,D0600,R062,2025-05-04T23:23:00,2025-05-05T03:38:00,70,Completed,16.5,W20250504
T01632,V0076,D0363,R035,2025-06-06T16:22:00,2025-06-06T19:24:00,95,Completed,31.3,W20250606
T01633,V0139,D0401,R091,2025-10-01T06:43:00,2025-10-01T07:36:00,70,Completed,79.2,W20251001
T01634,V0492,D0676,R065,2025-05-04T07:40:00,2025-05-04T09:54:00,70,Completed,31.3,W20250504
T01635,V0300,D0385,R036,2025-03-21T22:05:00,2025-03-22T00:11:00,75,Completed,35.7,W20250321
T01636,V0496,D0310,R087,2025-11-14T09:10:00,2025-11-14T10:39:00,55,Completed,37.1,W20251114
T01637,V0143,D0672,R093,2025-07-13T22:42:00,2025-07-14T03:29:00,65,Completed,13.6,W20250713
T01638,V0357,D0255,R037,2025-01-15T10:37:00,2025-01-15T14:48:00,95,Completed,22.7,W20250115
T01639,V0430,D0534,R053,2025-06-15T08:53:00,2025-06-15T11:27:00,55,Completed,21.4,W20250615
T01640,V0289,D0397,R024,2025-03-02T12:38:00,2025-03-02T13:52:00,55,Completed,44.6,W20250302
T01641,V0310,D0599,R078,2025-11-19T04:54:00,2025-11-19T08:32:00,75,Completed,20.6,W20251119
T01642,V0315,D0172,R075,2025-12-27T16:24:00,2025-12-27T18:26:00,85,Completed,41.8,W20251227
T01643,V0277,D0290,R074,2025-09-03T18:02:00,2025-09-03T19:56:00,95,Completed,50.0,W20250903
T01644,V0378,D0617,R025,2025-10-05T20:55:00,2025-10-06T00:57:00,75,Completed,18.6,W20251005
T01645,V0489,D0561,R001,2025-07-27T04:11:00,2025-07-27T08:40:00,85,Completed,19.0,W20250727
T01646,V0184,D0279,R004,2025-04-18T07:20:00,2025-04-18T08:26:00,65,Cancelled,59.1,W20250418
T01647,V0045,D0213,R035,2025-10-22T11:40:00,2025-10-22T15:47:00,95,Cancelled,23.1,W20251022
T01648,V0495,D0281,R055,2025-09-14T16:01:00,2025-09-14T18:50:00,55,Completed,19.5,W20250914
T01649,V0038,D0143,R082,2025-01-26T09:27:00,2025-01-26T10:45:00,75,Cancelled,57.7,W20250126
T01650,V0468,D0390,R065,2025-01-16T16:44:00,2025-01-16T20:15:00,70,Completed,19.9,W20250116
T01651,V0169,D0439,R025,2025-01-27T15:32:00,2025-01-27T19:25:00,75,Cancelled,19.3,W20250127
T01652,V0241,D0387,R088,2025-09-27T03:21:00,2025-09-27T05:19:00,95,Completed,48.3,W20250927
T01653,V0063,D0380,R018,2025-12-24T14:24:00,2025-12-24T15:15:00,85,Completed,100.0,W20251224
T01654,V0341,D0157,R093,2025-01-06T07:02:00,2025-01-06T11:32:00,65,Completed,14.4,W20250106
T01655,V0435,D0375,R063,2025-10-30T16:42:00,2025-10-30T17:34:00,75,Cancelled,86.5,W20251030
T01656,V0184,D0498,R058,2025-11-29T06:12:00,2025-11-29T07:42:00,95,Completed,63.3,W20251129
T01657,V0179,D0573,R065,2025-06-15T10:41:00,2025-06-15T15:12:00,70,Completed,15.5,W20250615
T01658,V0242,D0520,R071,2025-06-30T16:24:00,2025-06-30T20:55:00,95,Completed,21.0,W20250630
T01659,V0061,D0340,R031,2025-05-13T21:23:00,2025-05-14T00:55:00,65,Completed,18.4,W20250513
T01660,V0027,D0527,R010,2025-10-06T13:11:00,2025-10-06T15:44:00,75,Completed,29.4,W20251006
T01661,V0447,D0440,R030,2025-01-02T23:39:00,2025-01-03T00:59:00,65,Completed,48.8,W20250102
T01662,V0270,D0213,R052,2025-10-22T01:57:00,2025-10-22T04:34:00,65,Completed,24.8,W20251022
T01663,V0400,D0115,R033,2025-06-11T08:00:00,2025-06-11T09:51:00,85,Completed,45.9,W20250611
T01664,V0082,D0090,R045,2025-08-18T09:50:00,2025-08-18T14:30:00,70,Completed,15.0,W20250818
T01665,V0049,D0001,R069,2025-01-30T14:25:00,2025-01-30T16:43:00,70,Cancelled,30.4,W20250130
T01666,V0362,D0242,R062,2025-05-27T13:32:00,2025-05-27T17:31:00,70,Cancelled,17.6,W20250527
T01667,V0021,D0343,R073,2025-08-10T10:59:00,2025-08-10T13:50:00,85,Completed,29.8,W20250810
T01668,V0382,D0557,R057,2025-09-25T04:21:00,2025-09-25T06:31:00,75,Completed,34.6,W20250925
T01669,V0323,D0345,R088,2025-08-03T21:46:00,2025-08-04T02:43:00,95,Completed,19.2,W20250803
T01670,V0499,D0574,R043,2025-05-18T07:25:00,2025-05-18T08:31:00,65,Cancelled,59.1,W20250518
T01671,V0349,D0025,R046,2025-08-09T10:17:00,2025-08-09T14:58:00,70,Completed,14.9,W20250809
T01672,V0333,D0249,R008,2025-02-03T00:11:00,2025-02-03T01:54:00,75,Completed,43.7,W20250203
T01673,V0294,D0380,R061,2025-09-29T08:37:00,2025-09-29T12:42:00,75,Completed,18.4,W20250929
T01674,V0480,D0234,R083,2025-11-23T20:05:00,2025-11-23T23:56:00,75,Completed,19.5,W20251123
T01675,V0339,D0594,R100,2025-01-10T01:55:00,2025-01-10T03:59:00,75,Cancelled,36.3,W20250110
T01676,V0359,D0033,R085,2025-01-22T04:34:00,2025-01-22T07:38:00,55,Completed,17.9,W20250122
T01677,V0126,D0384,R100,2025-11-01T18:48:00,2025-11-01T21:43:00,75,Completed,25.7,W20251101
T01678,V0286,D0060,R079,2025-08-03T14:12:00,2025-08-03T17:11:00,70,Completed,23.5,W20250803
T01679,V0318,D0565,R056,2025-09-05T05:07:00,2025-09-05T06:18:00,95,Completed,80.3,W20250905
T01680,V0468,D0295,R023,2025-08-03T17:12:00,2025-08-03T18:05:00,95,Completed,107.5,W20250803
T01681,V0122,D0642,R057,2025-01-08T18:45:00,2025-01-08T22:37:00,75,Completed,19.4,W20250108
T01682,V0329,D0452,R012,2025-02-12T04:01:00,2025-02-12T04:52:00,95,Completed,111.8,W20250212
T01683,V0141,D0052,R028,2025-04-28T12:23:00,2025-04-28T14:42:00,85,Cancelled,36.7,W20250428
T01684,V0026,D0333,R029,2025-05-31T11:41:00,2025-05-31T16:29:00,70,Completed,14.6,W20250531
T01685,V0057,D0224,R035,2025-09-15T06:31:00,2025-09-15T08:36:00,95,Completed,45.6,W20250915
T01686,V0442,D0646,R053,2025-01-13T18:19:00,2025-01-13T20:11:00,55,Completed,29.5,W20250113
T01687,V0364,D0335,R093,2025-05-11T08:10:00,2025-05-11T11:41:00,65,Cancelled,18.5,W20250511
T01688,V0229,D0025,R097,2025-10-04T12:18:00,2025-10-04T13:28:00,65,Completed,55.7,W20251004
T01689,V0033,D0673,R094,2025-02-24T01:32:00,2025-02-24T03:51:00,70,Completed,30.2,W20250224
T01690,V0442,D0652,R017,2025-12-02T00:00:00,2025-12-02T03:14:00,95,Completed,29.4,W20251202
T01691,V0148,D0289,R061,2025-09-04T23:54:00,2025-09-05T04:11:00,75,Cancelled,17.5,W20250904
T01692,V0402,D0048,R018,2025-10-09T21:34:00,2025-10-10T00:51:00,85,Completed,25.9,W20251009
T01693,V0472,D0686,R036,2025-11-16T11:46:00,2025-11-16T12:45:00,75,Completed,76.3,W20251116
T01694,V0210,D0496,R024,2025-03-23T12:12:00,2025-03-23T14:31:00,55,Completed,23.7,W20250323
T01695,V0051,D0399,R030,2025-09-22T04:02:00,2025-09-22T05:58:00,65,Completed,33.6,W20250922
T01696,V0263,D0054,R099,2025-03-30T18:54:00,2025-03-30T21:54:00,55,Completed,18.3,W20250330
T01697,V0238,D0122,R005,2025-10-13T04:26:00,2025-10-13T07:44:00,65,Completed,19.7,W20251013
T01698,V0373,D0193,R091,2025-06-05T12:40:00,2025-06-05T13:38:00,70,Completed,72.4,W20250605
T01699,V0093,D0635,R011,2025-08-02T23:50:00,2025-08-03T00:37:00,85,Completed,108.5,W20250802
T01700,V0059,D0513,R072,2025-05-28T00:23:00,2025-05-28T01:41:00,75,Completed,57.7,W20250528
T01701,V0111,D0570,R086,2025-02-05T17:27:00,2025-02-05T21:09:00,65,Cancelled,17.6,W20250205
T01702,V0294,D0692,R020,2025-06-02T11:13:00,2025-06-02T12:01:00,65,Cancelled,81.2,W20250602
T01703,V0208,D0675,R100,2025-03-10T05:09:00,2025-03-10T09:42:00,75,Completed,16.5,W20250310
T01704,V0402,D0615,R099,2025-11-06T05:15:00,2025-11-06T06:18:00,55,Completed,52.4,W20251106
T01705,V0246,D0199,R010,2025-12-24T08:28:00,2025-12-24T11:18:00,75,Completed,26.5,W20251224
T01706,V0417,D0064,R002,2025-08-30T20:51:00,2025-08-30T22:05:00,75,Cancelled,60.8,W20250830
T01707,V0137,D0151,R049,2025-04-05T22:25:00,2025-04-06T02:33:00,85,Completed,20.6,W20250405
T01708,V0189,D0513,R031,2025-11-26T04:34:00,2025-11-26T09:17:00,65,Completed,13.8,W20251126
T01709,V0441,D0257,R097,2025-01-04T06:50:00,2025-01-04T07:35:00,65,Completed,86.7,W20250104
T01710,V0338,D0392,R003,2025-09-22T07:00:00,2025-09-22T11:18:00,85,Completed,19.8,W20250922
T01711,V0040,D0294,R077,2025-06-18T20:31:00,2025-06-18T22:46:00,85,Cancelled,37.8,W20250618
T01712,V0052,D0093,R077,2025-06-18T10:09:00,2025-06-18T13:19:00,85,Completed,26.8,W20250618
T01713,V0146,D0236,R051,2025-04-23T13:46:00,2025-04-23T17:42:00,70,Completed,17.8,W20250423
T01714,V0105,D0353,R078,2025-07-03T01:14:00,2025-07-03T02:42:00,75,Completed,51.1,W20250703
T01715,V0469,D0258,R065,2025-02-28T04:34:00,2025-02-28T05:49:00,70,Cancelled,56.0,W20250228
T01716,V0151,D0222,R037,2025-03-04T01:24:00,2025-03-04T04:39:00,95,Completed,29.2,W20250304
T01717,V0258,D0653,R090,2025-06-29T06:48:00,2025-06-29T09:21:00,85,Cancelled,33.3,W20250629
T01718,V0483,D0535,R019,2025-07-23T13:37:00,2025-07-23T18:30:00,55,Cancelled,11.3,W20250723
T01719,V0423,D0241,R041,2025-09-19T12:59:00,2025-09-19T16:11:00,65,Cancelled,20.3,W20250919
T01720,V0125,D0151,R026,2025-11-20T07:28:00,2025-11-20T11:55:00,70,Completed,15.7,W20251120
T01721,V0355,D0320,R040,2025-11-10T06:15:00,2025-11-10T10:09:00,95,Completed,24.4,W20251110
T01722,V0294,D0646,R066,2025-05-06T19:02:00,2025-05-06T22:17:00,85,Completed,26.2,W20250506
T01723,V0218,D0480,R004,2025-04-02T10:53:00,2025-04-02T11:58:00,65,Completed,60.0,W20250402
T01724,V0458,D0648,R008,2025-04-20T04:44:00,2025-04-20T07:48:00,75,Cancelled,24.5,W20250420
T01725,V0338,D0642,R012,2025-12-15T03:18:00,2025-12-15T05:52:00,95,Completed,37.0,W20251215
T01726,V0312,D0261,R041,2025-12-04T12:38:00,2025-12-04T16:58:00,65,Cancelled,15.0,W20251204
T01727,V0076,D0120,R042,2025-06-15T22:35:00,2025-06-16T01:26:00,75,Completed,26.3,W20250615
T01728,V0304,D0656,R086,2025-06-04T04:00:00,2025-06-04T07:35:00,65,Completed,18.1,W20250604
T01729,V0386,D0293,R099,2025-09-15T03:58:00,2025-09-15T04:49:00,55,Completed,64.7,W20250915
T01730,V0401,D0202,R069,2025-11-05T13:46:00,2025-11-05T14:44:00,70,Completed,72.4,W20251105
T01731,V0365,D0543,R013,2025-05-31T12:28:00,2025-05-31T16:32:00,65,Completed,16.0,W20250531
T01732,V0007,D0408,R005,2025-08-27T09:39:00,2025-08-27T10:57:00,65,Completed,50.0,W20250827
T01733,V0462,D0486,R082,2025-12-25T10:40:00,2025-12-25T15:13:00,75,Completed,16.5,W20251225
T01734,V0087,D0283,R013,2025-12-17T06:25:00,2025-12-17T09:12:00,65,Completed,23.4,W20251217
T01735,V0421,D0250,R014,2025-12-16T01:03:00,2025-12-16T04:29:00,55,Cancelled,16.0,W20251216
T01736,V0104,D0610,R007,2025-01-16T21:47:00,2025-01-17T01:09:00,70,Completed,20.8,W20250116
T01737,V0331,D0207,R003,2025-04-11T12:43:00,2025-04-11T13:44:00,85,Completed,83.6,W20250411
T01738,V0045,D0059,R051,2025-10-22T18:57:00,2025-10-22T20:57:00,70,Cancelled,35.0,W20251022
T01739,V0294,D0521,R020,2025-04-12T01:12:00,2025-04-12T05:38:00,65,Completed,14.7,W20250412
T01740,V0485,D0697,R004,2025-11-15T01:36:00,2025-11-15T06:31:00,65,Completed,13.2,W20251115
T01741,V0311,D0553,R076,2025-03-22T20:52:00,2025-03-22T23:42:00,95,Completed,33.5,W20250322
T01742,V0466,D0220,R032,2025-10-14T20:37:00,2025-10-14T22:00:00,75,Completed,54.2,W20251014
T01743,V0032,D0069,R080,2025-03-24T07:45:00,2025-03-24T09:43:00,75,Completed,38.1,W20250324
T01744,V0100,D0698,R026,2025-08-07T19:47:00,2025-08-07T20:48:00,70,Completed,68.9,W20250807
T01745,V0135,D0496,R094,2025-09-04T06:21:00,2025-09-04T09:09:00,70,Cancelled,25.0,W20250904
T01746,V0156,D0556,R057,2025-08-05T09:29:00,2025-08-05T14:05:00,75,Completed,16.3,W20250805
T01747,V0415,D0557,R006,2025-04-19T17:42:00,2025-04-19T19:35:00,95,Completed,50.4,W20250419
T01748,V0131,D0386,R029,2025-09-01T03:39:00,2025-09-01T04:28:00,70,Completed,85.7,W20250901
T01749,V0201,D0039,R100,2025-11-11T14:49:00,2025-11-11T18:17:00,75,Completed,21.6,W20251111
T01750,V0292,D0033,R013,2025-06-17T03:16:00,2025-06-17T07:14:00,65,Completed,16.4,W20250617
T01751,V0033,D0164,R027,2025-11-13T20:53:00,2025-11-13T23:04:00,85,Completed,38.9,W20251113
T01752,V0425,D0378,R006,2025-02-25T07:46:00,2025-02-25T12:19:00,95,Completed,20.9,W20250225
T01753,V0364,D0073,R052,2025-06-27T03:09:00,2025-06-27T04:35:00,65,Completed,45.3,W20250627
T01754,V0195,D0273,R047,2025-09-26T09:56:00,2025-09-26T13:47:00,55,Completed,14.3,W20250926
T01755,V0430,D0556,R039,2025-12-30T22:51:00,2025-12-31T02:00:00,55,Completed,17.5,W20251230
T01756,V0114,D0072,R007,2025-08-10T14:48:00,2025-08-10T17:37:00,70,Completed,24.9,W20250810
T01757,V0067,D0342,R015,2025-02-25T05:16:00,2025-02-25T08:38:00,75,Completed,22.3,W20250225
T01758,V0016,D0005,R019,2025-09-12T12:31:00,2025-09-12T13:37:00,55,Completed,50.0,W20250912
T01759,V0453,D0443,R054,2025-10-08T23:49:00,2025-10-09T01:51:00,95,Completed,46.7,W20251008
T01760,V0096,D0372,R020,2025-12-15T09:27:00,2025-12-15T11:01:00,65,Cancelled,41.5,W20251215
T01761,V0140,D0671,R085,2025-12-22T00:08:00,2025-12-22T03:23:00,55,Completed,16.9,W20251222
T01762,V0222,D0543,R091,2025-12-07T19:19:00,2025-12-07T21:44:00,70,Cancelled,29.0,W20251207
T01763,V0221,D0202,R021,2025-03-13T11:31:00,2025-03-13T14:27:00,75,Completed,25.6,W20250313
T01764,V0035,D0482,R095,2025-02-21T04:04:00,2025-02-21T06:38:00,85,Completed,33.1,W20250221
T01765,V0162,D0553,R010,2025-09-13T17:48:00,2025-09-13T18:57:00,75,Completed,65.2,W20250913
T01766,V0108,D0249,R082,2025-07-03T05:18:00,2025-07-03T08:22:00,75,Completed,24.5,W20250703
T01767,V0136,D0340,R007,2025-09-23T11:15:00,2025-09-23T16:14:00,70,Completed,14.0,W20250923
T01768,V0090,D0651,R012,2025-04-21T09:39:00,2025-04-21T14:23:00,95,Completed,20.1,W20250421
T01769,V0254,D0113,R060,2025-06-12T17:28:00,2025-06-12T20:47:00,85,Cancelled,25.6,W20250612
T01770,V0161,D0509,R066,2025-03-22T20:32:00,2025-03-22T22:40:00,85,Completed,39.8,W20250322
T01771,V0199,D0273,R097,2025-09-09T00:55:00,2025-09-09T02:27:00,65,Completed,42.4,W20250909
T01772,V0400,D0631,R040,2025-04-29T02:51:00,2025-04-29T04:10:00,95,Completed,72.2,W20250429
T01773,V0145,D0431,R098,2025-05-06T14:43:00,2025-05-06T16:46:00,75,Completed,36.6,W20250506
T01774,V0354,D0059,R037,2025-03-26T01:57:00,2025-03-26T03:01:00,95,Completed,89.1,W20250326
T01775,V0231,D0171,R014,2025-03-22T20:54:00,2025-03-22T23:47:00,55,Completed,19.1,W20250322
T01776,V0225,D0391,R062,2025-03-13T09:57:00,2025-03-13T13:51:00,70,Cancelled,17.9,W20250313
T01777,V0033,D0692,R092,2025-07-15T09:44:00,2025-07-15T13:21:00,70,Completed,19.4,W20250715
T01778,V0080,D0249,R099,2025-02-25T06:04:00,2025-02-25T08:12:00,55,Completed,25.8,W20250225
T01779,V0040,D0084,R057,2025-04-25T03:24:00,2025-04-25T07:20:00,75,Completed,19.1,W20250425
T01780,V0410,D0364,R037,2025-08-06T15:27:00,2025-08-06T19:21:00,95,Completed,24.4,W20250806
T01781,V0374,D0525,R041,2025-09-17T00:34:00,2025-09-17T04:27:00,65,Cancelled,16.7,W20250917
T01782,V0356,D0259,R073,2025-09-16T08:44:00,2025-09-16T13:02:00,85,Completed,19.8,W20250916
T01783,V0181,D0234,R004,2025-07-21T19:44:00,2025-07-21T22:09:00,65,Completed,26.9,W20250721
T01784,V0316,D0562,R001,2025-10-30T20:10:00,2025-10-30T23:58:00,85,Completed,22.4,W20251030
T01785,V0150,D0130,R044,2025-03-24T03:53:00,2025-03-24T08:12:00,70,Cancelled,16.2,W20250324
T01786,V0237,D0394,R074,2025-04-16T14:44:00,2025-04-16T19:14:00,95,Completed,21.1,W20250416
T01787,V0003,D0396,R036,2025-09-01T12:20:00,2025-09-01T15:21:00,75,Completed,24.9,W20250901
T01788,V0272,D0305,R011,2025-10-23T17:52:00,2025-10-23T18:37:00,85,Completed,113.3,W20251023
T01789,V0220,D0301,R017,2025-11-02T14:12:00,2025-11-02T19:07:00,95,Completed,19.3,W20251102
T01790,V0219,D0511,R075,2025-01-17T01:17:00,2025-01-17T02:23:00,85,Cancelled,77.3,W20250117
T01791,V0197,D0206,R032,2025-06-02T09:32:00,2025-06-02T13:33:00,75,Completed,18.7,W20250602
T01792,V0191,D0078,R095,2025-12-20T00:47:00,2025-12-20T04:16:00,85,Cancelled,24.4,W20251220
T01793,V0175,D0345,R079,2025-05-10T17:36:00,2025-05-10T18:55:00,70,Completed,53.2,W20250510
T01794,V0264,D0654,R047,2025-06-16T11:06:00,2025-06-16T12:57:00,55,Cancelled,29.7,W20250616
T01795,V0017,D0331,R070,2025-01-13T21:18:00,2025-01-14T00:47:00,55,Completed,15.8,W20250113
T01796,V0176,D0272,R024,2025-10-24T04:00:00,2025-10-24T07:48:00,55,Completed,14.5,W20251024
T01797,V0080,D0559,R020,2025-03-07T17:43:00,2025-03-07T22:33:00,65,Completed,13.4,W20250307
T01798,V0005,D0368,R005,2025-12-19T17:20:00,2025-12-19T20:50:00,65,Completed,18.6,W20251219
T01799,V0317,D0498,R056,2025-09-09T17:27:00,2025-09-09T20:46:00,95,Completed,28.6,W20250909
T01800,V0081,D0356,R091,2025-03-21T22:55:00,2025-03-22T00:29:00,70,Completed,44.7,W20250321
T01801,V0432,D0070,R046,2025-12-14T19:53:00,2025-12-14T23:14:00,70,Completed,20.9,W20251214
T01802,V0052,D0296,R074,2025-02-05T08:53:00,2025-02-05T10:22:00,95,Completed,64.0,W20250205
T01803,V0086,D0093,R030,2025-08-24T03:11:00,2025-08-24T06:32:00,65,Cancelled,19.4,W20250824
T01804,V0143,D0279,R075,2025-07-29T23:53:00,2025-07-30T03:40:00,85,Cancelled,22.5,W20250729
T01805,V0055,D0498,R013,2025-08-25T10:46:00,2025-08-25T12:03:00,65,Completed,50.6,W20250825
T01806,V0165,D0445,R051,2025-09-19T14:47:00,2025-09-19T17:53:00,70,Completed,22.6,W20250919
T01807,V0354,D0051,R037,2025-03-27T03:13:00,2025-03-27T07:27:00,95,Completed,22.4,W20250327
T01808,V0254,D0546,R022,2025-09-13T07:57:00,2025-09-13T11:14:00,70,Cancelled,21.3,W20250913
T01809,V0330,D0069,R043,2025-11-10T07:54:00,2025-11-10T12:48:00,65,Completed,13.3,W20251110
T01810,V0203,D0395,R006,2025-10-08T17:36:00,2025-10-08T18:52:00,95,Cancelled,75.0,W20251008
T01811,V0260,D0005,R051,2025-11-14T03:27:00,2025-11-14T07:53:00,70,Completed,15.8,W20251114
T01812,V0048,D0399,R011,2025-07-01T07:10:00,2025-07-01T10:26:00,85,Completed,26.0,W20250701
T01813,V0233,D0249,R009,2025-06-14T02:02:00,2025-06-14T07:02:00,65,Cancelled,13.0,W20250614
T01814,V0321,D0265,R079,2025-07-12T21:58:00,2025-07-13T00:03:00,70,Completed,33.6,W20250712
T01815,V0335,D0501,R059,2025-03-28T16:41:00,2025-03-28T19:24:00,75,Completed,27.6,W20250328
T01816,V0109,D0624,R002,2025-07-16T11:01:00,2025-07-16T13:15:00,75,Completed,33.6,W20250716
T01817,V0129,D0202,R031,2025-01-10T06:21:00,2025-01-10T10:38:00,65,Completed,15.2,W20250110
T01818,V0419,D0240,R052,2025-05-15T21:50:00,2025-05-15T23:24:00,65,Completed,41.5,W20250515
T01819,V0463,D0139,R013,2025-08-20T13:32:00,2025-08-20T16:00:00,65,Completed,26.4,W20250820
T01820,V0061,D0480,R079,2025-01-29T20:41:00,2025-01-30T00:29:00,70,Completed,18.4,W20250129
T01821,V0244,D0675,R095,2025-06-28T22:02:00,2025-06-29T02:21:00,85,Completed,19.7,W20250628
T01822,V0016,D0405,R089,2025-07-11T16:15:00,2025-07-11T17:11:00,85,Completed,91.1,W20250711
T01823,V0165,D0358,R059,2025-05-03T11:31:00,2025-05-03T13:15:00,75,Completed,43.3,W20250503
T01824,V0060,D0619,R065,2025-11-18T18:23:00,2025-11-18T19:15:00,70,Completed,80.8,W20251118
T01825,V0427,D0315,R036,2025-06-11T18:12:00,2025-06-11T22:22:00,75,Completed,18.0,W20250611
T01826,V0250,D0355,R078,2025-11-07T20:36:00,2025-11-08T01:16:00,75,Completed,16.1,W20251107
T01827,V0495,D0671,R046,2025-07-22T09:17:00,2025-07-22T12:29:00,70,Completed,21.9,W20250722
T01828,V0306,D0186,R066,2025-05-19T19:55:00,2025-05-19T22:28:00,85,Completed,33.3,W20250519
T01829,V0362,D0700,R066,2025-05-15T08:27:00,2025-05-15T12:07:00,85,Cancelled,23.2,W20250515
T01830,V0160,D0087,R040,2025-07-30T09:52:00,2025-07-30T14:18:00,95,Completed,21.4,W20250730
T01831,V0254,D0283,R088,2025-10-08T05:34:00,2025-10-08T09:29:00,95,Completed,24.3,W20251008
T01832,V0193,D0441,R084,2025-02-12T21:24:00,2025-02-13T02:06:00,85,Completed,18.1,W20250212
T01833,V0478,D0695,R050,2025-10-14T17:33:00,2025-10-14T19:05:00,95,Cancelled,62.0,W20251014
T01834,V0347,D0140,R070,2025-08-25T21:55:00,2025-08-26T02:02:00,55,Completed,13.4,W20250825
T01835,V0479,D0013,R012,2025-10-17T08:10:00,2025-10-17T12:30:00,95,Completed,21.9,W20251017
T01836,V0454,D0213,R021,2025-04-11T00:17:00,2025-04-11T03:51:00,75,Completed,21.0,W20250411
T01837,V0473,D0042,R087,2025-04-08T11:29:00,2025-04-08T13:43:00,55,Completed,24.6,W20250408
T01838,V0406,D0467,R066,2025-06-18T17:57:00,2025-06-18T22:21:00,85,Completed,19.3,W20250618
T01839,V0273,D0022,R039,2025-11-21T09:54:00,2025-11-21T13:04:00,55,Completed,17.4,W20251121
T01840,V0259,D0575,R075,2025-11-08T00:42:00,2025-11-08T01:34:00,85,Completed,98.1,W20251108
T01841,V0331,D0402,R030,2025-03-19T22:08:00,2025-03-20T01:19:00,65,Cancelled,20.4,W20250319
T01842,V0139,D0263,R022,2025-02-19T01:42:00,2025-02-19T06:14:00,70,Completed,15.4,W20250219
T01843,V0088,D0545,R033,2025-12-08T02:25:00,2025-12-08T06:27:00,85,Cancelled,21.1,W20251208
T01844,V0261,D0447,R073,2025-02-28T16:29:00,2025-02-28T21:17:00,85,Completed,17.7,W20250228
T01845,V0434,D0531,R021,2025-07-03T03:16:00,2025-07-03T05:10:00,75,Completed,39.5,W20250703
T01846,V0482,D0366,R051,2025-12-13T17:57:00,2025-12-13T22:08:00,70,Completed,16.7,W20251213
T01847,V0425,D0469,R043,2025-02-23T11:09:00,2025-02-23T13:22:00,65,Completed,29.3,W20250223
T01848,V0021,D0425,R093,2025-10-17T07:00:00,2025-10-17T08:43:00,65,Completed,37.9,W20251017
T01849,V0271,D0264,R090,2025-05-06T00:30:00,2025-05-06T04:55:00,85,Completed,19.2,W20250506
T01850,V0024,D0109,R034,2025-11-13T05:45:00,2025-11-13T09:14:00,70,Completed,20.1,W20251113
T01851,V0329,D0210,R076,2025-12-14T17:10:00,2025-12-14T21:10:00,95,Completed,23.8,W20251214
T01852,V0417,D0464,R057,2025-07-10T16:48:00,2025-07-10T19:22:00,75,Cancelled,29.2,W20250710
T01853,V0020,D0151,R071,2025-03-09T17:44:00,2025-03-09T18:53:00,95,Cancelled,82.6,W20250309
T01854,V0322,D0652,R005,2025-01-19T20:50:00,2025-01-19T21:43:00,65,Completed,73.6,W20250119
T01855,V0477,D0602,R011,2025-11-22T04:42:00,2025-11-22T06:53:00,85,Completed,38.9,W20251122
T01856,V0356,D0032,R035,2025-07-08T14:51:00,2025-07-08T16:14:00,95,Completed,68.7,W20250708
T01857,V0024,D0239,R031,2025-07-31T13:44:00,2025-07-31T15:53:00,65,Completed,30.2,W20250731
T01858,V0226,D0109,R005,2025-04-20T05:54:00,2025-04-20T09:45:00,65,Completed,16.9,W20250420
T01859,V0007,D0265,R044,2025-06-03T10:05:00,2025-06-03T13:00:00,70,Completed,24.0,W20250603
T01860,V0345,D0116,R090,2025-08-23T12:48:00,2025-08-23T17:40:00,85,Completed,17.5,W20250823
T01861,V0491,D0263,R061,2025-09-06T23:23:00,2025-09-07T01:44:00,75,Cancelled,31.9,W20250906
T01862,V0264,D0113,R066,2025-03-15T04:15:00,2025-03-15T05:35:00,85,Completed,63.8,W20250315
T01863,V0016,D0408,R004,2025-11-30T19:55:00,2025-11-30T22:20:00,65,Completed,26.9,W20251130
T01864,V0413,D0370,R021,2025-08-14T17:15:00,2025-08-14T21:33:00,75,Completed,17.4,W20250814
T01865,V0442,D0040,R086,2025-08-15T14:15:00,2025-08-15T16:33:00,65,Cancelled,28.3,W20250815
T01866,V0470,D0207,R037,2025-05-10T22:27:00,2025-05-10T23:28:00,95,Completed,93.4,W20250510
T01867,V0207,D0169,R022,2025-09-27T11:45:00,2025-09-27T13:26:00,70,Completed,41.6,W20250927
T01868,V0258,D0254,R065,2025-08-09T12:14:00,2025-08-09T16:27:00,70,Completed,16.6,W20250809
T01869,V0331,D0690,R031,2025-04-20T08:43:00,2025-04-20T12:34:00,65,Cancelled,16.9,W20250420
T01870,V0324,D0225,R008,2025-01-09T09:14:00,2025-01-09T12:23:00,75,Completed,23.8,W20250109
T01871,V0377,D0374,R066,2025-06-21T11:00:00,2025-06-21T15:21:00,85,Cancelled,19.5,W20250621
T01872,V0322,D0287,R018,2025-05-17T19:47:00,2025-05-18T00:44:00,85,Completed,17.2,W20250517
T01873,V0380,D0230,R084,2025-12-28T11:10:00,2025-12-28T15:38:00,85,Completed,19.0,W20251228
T01874,V0274,D0682,R046,2025-10-20T15:00:00,2025-10-20T19:33:00,70,Completed,15.4,W20251020
T01875,V0194,D0444,R051,2025-11-17T08:20:00,2025-11-17T12:19:00,70,Completed,17.6,W20251117
T01876,V0389,D0622,R013,2025-07-13T19:23:00,2025-07-13T22:53:00,65,Completed,18.6,W20250713
T01877,V0488,D0167,R051,2025-02-27T16:49:00,2025-02-27T21:39:00,70,Cancelled,14.5,W20250227
T01878,V0240,D0237,R094,2025-09-21T19:02:00,2025-09-21T20:39:00,70,Completed,43.3,W20250921
T01879,V0183,D0314,R022,2025-05-05T18:36:00,2025-05-05T21:03:00,70,Completed,28.6,W20250505
T01880,V0382,D0267,R088,2025-09-17T21:54:00,2025-09-18T01:05:00,95,Completed,29.8,W20250917
T01881,V0265,D0216,R006,2025-08-10T04:30:00,2025-08-10T07:11:00,95,Cancelled,35.4,W20250810
T01882,V0197,D0258,R067,2025-07-09T11:27:00,2025-07-09T15:49:00,55,Completed,12.6,W20250709
T01883,V0039,D0181,R011,2025-01-11T11:37:00,2025-01-11T13:08:00,85,Completed,56.0,W20250111
T01884,V0138,D0503,R066,2025-11-26T05:43:00,2025-11-26T07:19:00,85,Completed,53.1,W20251126
T01885,V0417,D0295,R097,2025-06-25T11:46:00,2025-06-25T15:35:00,65,Cancelled,17.0,W20250625
T01886,V0370,D0548,R056,2025-07-04T22:08:00,2025-07-05T01:01:00,95,Cancelled,32.9,W20250704
T01887,V0473,D0356,R072,2025-07-20T12:45:00,2025-07-20T17:17:00,75,Cancelled,16.5,W20250720
T01888,V0455,D0187,R020,2025-12-27T13:46:00,2025-12-27T15:33:00,65,Completed,36.4,W20251227
T01889,V0218,D0663,R026,2025-09-26T05:41:00,2025-09-26T09:55:00,70,Completed,16.5,W20250926
T01890,V0054,D0693,R095,2025-12-02T05:08:00,2025-12-02T06:41:00,85,Completed,54.8,W20251202
T01891,V0031,D0018,R061,2025-05-19T22:48:00,2025-05-20T03:31:00,75,Completed,15.9,W20250519
T01892,V0019,D0324,R018,2025-04-15T11:00:00,2025-04-15T12:24:00,85,Completed,60.7,W20250415
T01893,V0091,D0002,R007,2025-06-04T10:53:00,2025-06-04T12:01:00,70,Completed,61.8,W20250604
T01894,V0401,D0165,R085,2025-09-18T08:49:00,2025-09-18T12:51:00,55,Cancelled,13.6,W20250918
T01895,V0405,D0660,R066,2025-03-06T01:29:00,2025-03-06T06:23:00,85,Completed,17.3,W20250306
T01896,V0156,D0691,R007,2025-08-20T02:20:00,2025-08-20T06:44:00,70,Cancelled,15.9,W20250820
T01897,V0388,D0086,R019,2025-04-19T06:46:00,2025-04-19T09:41:00,55,Completed,18.9,W20250419
T01898,V0063,D0087,R088,2025-04-01T06:59:00,2025-04-01T09:17:00,95,Completed,41.3,W20250401
T01899,V0446,D0557,R079,2025-05-09T16:21:00,2025-05-09T19:12:00,70,Completed,24.6,W20250509
T01900,V0200,D0689,R014,2025-02-07T05:03:00,2025-02-07T08:42:00,55,Completed,15.1,W20250207
T01901,V0227,D0028,R068,2025-09-04T12:50:00,2025-09-04T16:34:00,95,Completed,25.4,W20250904
T01902,V0306,D0270,R063,2025-06-08T03:59:00,2025-06-08T08:25:00,75,Completed,16.9,W20250608
T01903,V0494,D0476,R045,2025-08-02T00:30:00,2025-08-02T02:58:00,70,Cancelled,28.4,W20250802
T01904,V0228,D0457,R093,2025-01-23T22:03:00,2025-01-24T01:15:00,65,Cancelled,20.3,W20250123
T01905,V0192,D0303,R025,2025-12-03T07:42:00,2025-12-03T10:57:00,75,Cancelled,23.1,W20251203
T01906,V0279,D0605,R004,2025-08-15T09:59:00,2025-08-15T11:21:00,65,Completed,47.6,W20250815
T01907,V0060,D0503,R018,2025-11-06T09:15:00,2025-11-06T13:18:00,85,Completed,21.0,W20251106
T01908,V0457,D0598,R085,2025-09-04T06:06:00,2025-09-04T07:09:00,55,Cancelled,52.4,W20250904
T01909,V0061,D0498,R100,2025-06-05T18:43:00,2025-06-05T20:42:00,75,Cancelled,37.8,W20250605
T01910,V0423,D0352,R025,2025-06-07T09:54:00,2025-06-07T10:54:00,75,Completed,75.0,W20250607
T01911,V0204,D0515,R086,2025-03-10T17:56:00,2025-03-10T22:15:00,65,Completed,15.1,W20250310
T01912,V0217,D0327,R074,2025-09-18T02:31:00,2025-09-18T05:06:00,95,Completed,36.8,W20250918
T01913,V0293,D0340,R077,2025-05-17T15:44:00,2025-05-17T19:52:00,85,Completed,20.6,W20250517
T01914,V0103,D0404,R097,2025-11-27T22:59:00,2025-11-28T03:33:00,65,Cancelled,14.2,W20251127
T01915,V0273,D0311,R066,2025-03-31T13:44:00,2025-03-31T16:09:00,85,Completed,35.2,W20250331
T01916,V0333,D0155,R038,2025-11-05T23:28:00,2025-11-06T02:40:00,95,Completed,29.7,W20251105
T01917,V0386,D0337,R082,2025-05-05T07:27:00,2025-05-05T10:16:00,75,Cancelled,26.6,W20250505
T01918,V0266,D0165,R066,2025-12-27T15:36:00,2025-12-27T20:13:00,85,Completed,18.4,W20251227
T01919,V0104,D0666,R066,2025-02-21T10:49:00,2025-02-21T12:28:00,85,Completed,51.5,W20250221
T01920,V0373,D0448,R010,2025-05-15T03:14:00,2025-05-15T05:37:00,75,Cancelled,31.5,W20250515
T01921,V0303,D0220,R052,2025-02-03T00:54:00,2025-02-03T02:20:00,65,Completed,45.3,W20250203
T01922,V0388,D0197,R059,2025-02-26T06:15:00,2025-02-26T07:17:00,75,Cancelled,72.6,W20250226
T01923,V0196,D0658,R066,2025-03-31T03:10:00,2025-03-31T06:18:00,85,Completed,27.1,W20250331
T01924,V0214,D0684,R058,2025-03-29T23:27:00,2025-03-30T01:24:00,95,Completed,48.7,W20250329
T01925,V0351,D0313,R048,2025-04-18T04:40:00,2025-04-18T09:24:00,75,Completed,15.8,W20250418
T01926,V0072,D0045,R070,2025-06-01T04:54:00,2025-06-01T06:13:00,55,Completed,41.8,W20250601
T01927,V0224,D0147,R039,2025-08-08T17:01:00,2025-08-08T18:35:00,55,Cancelled,35.1,W20250808
T01928,V0235,D0407,R083,2025-04-15T06:50:00,2025-04-15T09:31:00,75,Cancelled,28.0,W20250415
T01929,V0401,D0616,R069,2025-12-17T17:56:00,2025-12-17T18:59:00,70,Completed,66.7,W20251217
T01930,V0320,D0210,R047,2025-04-11T13:22:00,2025-04-11T16:18:00,55,Completed,18.8,W20250411
T01931,V0314,D0315,R093,2025-11-25T02:17:00,2025-11-25T06:46:00,65,Completed,14.5,W20251125
T01932,V0122,D0342,R001,2025-12-26T09:24:00,2025-12-26T11:03:00,85,Completed,51.5,W20251226
T01933,V0131,D0307,R004,2025-06-15T22:42:00,2025-06-16T00:23:00,65,Cancelled,38.6,W20250615
T01934,V0161,D0311,R012,2025-10-07T21:03:00,2025-10-07T21:59:00,95,Completed,101.8,W20251007
T01935,V0331,D0405,R056,2025-09-17T14:48:00,2025-09-17T17:22:00,95,Completed,37.0,W20250917
T01936,V0389,D0434,R069,2025-06-22T15:32:00,2025-06-22T20:13:00,70,Completed,14.9,W20250622
T01937,V0451,D0292,R041,2025-05-31T13:19:00,2025-05-31T18:17:00,65,Completed,13.1,W20250531
T01938,V0232,D0556,R085,2025-05-01T16:50:00,2025-05-01T19:51:00,55,Completed,18.2,W20250501
T01939,V0195,D0398,R088,2025-08-07T13:22:00,2025-08-07T16:30:00,95,Completed,30.3,W20250807
T01940,V0498,D0693,R018,2025-07-06T09:06:00,2025-07-06T13:46:00,85,Completed,18.2,W20250706
T01941,V0133,D0026,R050,2025-03-30T16:23:00,2025-03-30T20:43:00,95,Completed,21.9,W20250330
T01942,V0193,D0657,R050,2025-02-04T02:03:00,2025-02-04T04:09:00,95,Completed,45.2,W20250204
T01943,V0020,D0520,R078,2025-12-22T14:03:00,2025-12-22T18:56:00,75,Completed,15.4,W20251222
T01944,V0286,D0158,R053,2025-07-10T03:01:00,2025-07-10T05:50:00,55,Completed,19.5,W20250710
T01945,V0348,D0099,R075,2025-02-07T23:49:00,2025-02-08T01:27:00,85,Completed,52.0,W20250207
T01946,V0267,D0007,R070,2025-10-10T06:36:00,2025-10-10T10:39:00,55,Cancelled,13.6,W20251010
T01947,V0406,D0582,R005,2025-06-13T19:53:00,2025-06-14T00:24:00,65,Completed,14.4,W20250613
T01948,V0008,D0308,R032,2025-05-21T00:38:00,2025-05-21T05:34:00,75,Completed,15.2,W20250521
T01949,V0343,D0540,R017,2025-11-26T11:03:00,2025-11-26T12:59:00,95,Completed,49.1,W20251126
T01950,V0029,D0239,R096,2025-10-11T10:00:00,2025-10-11T11:36:00,95,Cancelled,59.4,W20251011
T01951,V0003,D0672,R005,2025-12-29T00:08:00,2025-12-29T02:11:00,65,Completed,31.7,W20251229
T01952,V0230,D0587,R046,2025-07-12T21:37:00,2025-07-13T01:42:00,70,Completed,17.1,W20250712
T01953,V0249,D0088,R005,2025-03-19T02:45:00,2025-03-19T05:56:00,65,Completed,20.4,W20250319
T01954,V0447,D0661,R089,2025-11-10T05:00:00,2025-11-10T05:51:00,85,Cancelled,100.0,W20251110
T01955,V0322,D0039,R075,2025-02-20T07:10:00,2025-02-20T09:38:00,85,Completed,34.5,W20250220
T01956,V0093,D0277,R023,2025-06-15T05:13:00,2025-06-15T08:00:00,95,Cancelled,34.1,W20250615
T01957,V0215,D0613,R003,2025-05-23T12:25:00,2025-05-23T13:50:00,85,Cancelled,60.0,W20250523
T01958,V0404,D0334,R072,2025-11-15T13:50:00,2025-11-15T16:49:00,75,Completed,25.1,W20251115
T01959,V0155,D0275,R044,2025-10-17T01:23:00,2025-10-17T06:10:00,70,Cancelled,14.6,W20251017
T01960,V0447,D0634,R082,2025-10-18T07:26:00,2025-10-18T10:46:00,75,Completed,22.5,W20251018
T01961,V0408,D0012,R038,2025-03-06T23:55:00,2025-03-07T04:43:00,95,Cancelled,19.8,W20250306
T01962,V0134,D0628,R074,2025-04-19T15:44:00,2025-04-19T19:09:00,95,Completed,27.8,W20250419
T01963,V0066,D0435,R020,2025-12-18T21:13:00,2025-12-19T00:38:00,65,Completed,19.0,W20251218
T01964,V0333,D0030,R042,2025-06-28T23:33:00,2025-06-29T01:05:00,75,Completed,48.9,W20250628
T01965,V0188,D0265,R095,2025-05-02T04:55:00,2025-05-02T08:31:00,85,Completed,23.6,W20250502
T01966,V0203,D0252,R019,2025-09-05T16:21:00,2025-09-05T17:32:00,55,Completed,46.5,W20250905
T01967,V0360,D0594,R084,2025-11-01T20:48:00,2025-11-01T23:47:00,85,Completed,28.5,W20251101
T01968,V0195,D0510,R052,2025-07-07T02:58:00,2025-07-07T07:13:00,65,Completed,15.3,W20250707
T01969,V0031,D0057,R076,2025-12-19T01:06:00,2025-12-19T05:02:00,95,Cancelled,24.2,W20251219
T01970,V0200,D0071,R079,2025-12-31T01:06:00,2025-12-31T03:28:00,70,Cancelled,29.6,W20251231
T01971,V0471,D0073,R080,2025-07-15T11:37:00,2025-07-15T14:03:00,75,Completed,30.8,W20250715
T01972,V0436,D0020,R038,2025-03-19T01:59:00,2025-03-19T06:49:00,95,Cancelled,19.7,W20250319
T01973,V0118,D0585,R031,2025-04-10T09:06:00,2025-04-10T13:55:00,65,Completed,13.5,W20250410
T01974,V0302,D0242,R099,2025-06-07T07:45:00,2025-06-07T08:45:00,55,Completed,55.0,W20250607
T01975,V0035,D0331,R057,2025-08-19T22:17:00,2025-08-20T03:11:00,75,Completed,15.3,W20250819
T01976,V0131,D0588,R093,2025-08-30T18:55:00,2025-08-30T21:18:00,65,Completed,27.3,W20250830
T01977,V0478,D0182,R071,2025-09-26T14:55:00,2025-09-26T16:51:00,95,Cancelled,49.1,W20250926
T01978,V0171,D0566,R098,2025-10-14T00:55:00,2025-10-14T01:42:00,75,Cancelled,95.7,W20251014
T01979,V0007,D0123,R001,2025-06-06T23:48:00,2025-06-07T01:19:00,85,Cancelled,56.0,W20250606
T01980,V0052,D0322,R046,2025-08-06T01:38:00,2025-08-06T05:55:00,70,Cancelled,16.3,W20250806
T01981,V0488,D0471,R013,2025-04-12T05:16:00,2025-04-12T07:04:00,65,Completed,36.1,W20250412
T01982,V0096,D0314,R006,2025-05-12T00:00:00,2025-05-12T03:50:00,95,Completed,24.8,W20250512
T01983,V0448,D0013,R013,2025-04-15T02:56:00,2025-04-15T06:24:00,65,Completed,18.8,W20250415
T01984,V0256,D0585,R062,2025-05-24T09:47:00,2025-05-24T10:47:00,70,Completed,70.0,W20250524
T01985,V0421,D0042,R063,2025-06-26T09:28:00,2025-06-26T11:24:00,75,Completed,38.8,W20250626
T01986,V0124,D0674,R005,2025-02-21T13:26:00,2025-02-21T17:55:00,65,Completed,14.5,W20250221
T01987,V0281,D0597,R032,2025-05-03T05:22:00,2025-05-03T08:12:00,75,Completed,26.5,W20250503
T01988,V0056,D0306,R035,2025-05-20T02:06:00,2025-05-20T03:28:00,95,Completed,69.5,W20250520
T01989,V0119,D0234,R086,2025-05-17T04:38:00,2025-05-17T06:59:00,65,Cancelled,27.7,W20250517
T01990,V0085,D0439,R013,2025-12-15T01:43:00,2025-12-15T02:58:00,65,Completed,52.0,W20251215
T01991,V0007,D0211,R017,2025-01-25T03:15:00,2025-01-25T05:57:00,95,Completed,35.2,W20250125
T01992,V0109,D0435,R084,2025-04-11T05:34:00,2025-04-11T08:34:00,85,Completed,28.3,W20250411
T01993,V0265,D0676,R053,2025-01-15T20:34:00,2025-01-15T21:33:00,55,Completed,55.9,W20250115
T01994,V0290,D0564,R097,2025-10-04T00:53:00,2025-10-04T02:51:00,65,Cancelled,33.1,W20251004
T01995,V0062,D0623,R085,2025-10-17T02:59:00,2025-10-17T05:34:00,55,Cancelled,21.3,W20251017
T01996,V0365,D0561,R034,2025-07-06T23:40:00,2025-07-07T03:15:00,70,Completed,19.5,W20250706
T01997,V0114,D0626,R078,2025-10-06T04:29:00,2025-10-06T05:22:00,75,Completed,84.9,W20251006
T01998,V0072,D0262,R015,2025-07-09T00:29:00,2025-07-09T03:21:00,75,Completed,26.2,W20250709
T01999,V0095,D0214,R035,2025-06-19T01:08:00,2025-06-19T03:54:00,95,Cancelled,34.3,W20250619
T02000,V0386,D0221,R047,2025-04-20T14:17:00,2025-04-20T15:28:00,55,Completed,46.5,W20250420
T02001,V0299,D0297,R077,2025-09-23T15:22:00,2025-09-23T17:18:00,85,Cancelled,44.0,W20250923
T02002,V0395,D0139,R100,2025-01-18T06:40:00,2025-01-18T09:21:00,75,Completed,28.0,W20250118
T02003,V0005,D0192,R096,2025-12-19T18:07:00,2025-12-19T20:08:00,95,Completed,47.1,W20251219
T02004,V0109,D0697,R001,2025-09-25T15:24:00,2025-09-25T16:26:00,85,Completed,82.3,W20250925
T02005,V0297,D0245,R048,2025-03-13T08:44:00,2025-03-13T13:13:00,75,Completed,16.7,W20250313
T02006,V0385,D0286,R063,2025-04-21T18:35:00,2025-04-21T22:49:00,75,Completed,17.7,W20250421
T02007,V0374,D0194,R048,2025-12-14T19:00:00,2025-12-14T21:14:00,75,Completed,33.6,W20251214
T02008,V0254,D0662,R025,2025-08-15T14:51:00,2025-08-15T18:27:00,75,Completed,20.8,W20250815
T02009,V0169,D0627,R002,2025-03-28T06:11:00,2025-03-28T09:20:00,75,Completed,23.8,W20250328
T02010,V0187,D0304,R037,2025-05-21T02:49:00,2025-05-21T07:28:00,95,Cancelled,20.4,W20250521
T02011,V0283,D0428,R077,2025-03-19T08:04:00,2025-03-19T12:19:00,85,Completed,20.0,W20250319
T02012,V0074,D0660,R093,2025-11-17T09:17:00,2025-11-17T12:23:00,65,Completed,21.0,W20251117
T02013,V0238,D0520,R084,2025-07-31T17:37:00,2025-07-31T18:59:00,85,Completed,62.2,W20250731
T02014,V0450,D0300,R094,2025-07-31T19:54:00,2025-07-31T23:08:00,70,Completed,21.6,W20250731
T02015,V0180,D0615,R076,2025-12-12T18:39:00,2025-12-12T23:31:00,95,Completed,19.5,W20251212
T02016,V0294,D0362,R043,2025-04-19T14:23:00,2025-04-19T18:10:00,65,Completed,17.2,W20250419
T02017,V0439,D0011,R066,2025-09-04T18:15:00,2025-09-04T23:07:00,85,Cancelled,17.5,W20250904
T02018,V0369,D0125,R067,2025-05-15T19:42:00,2025-05-15T21:36:00,55,Cancelled,28.9,W20250515
T02019,V0258,D0582,R096,2025-05-17T08:14:00,2025-05-17T09:53:00,95,Cancelled,57.6,W20250517
T02020,V0295,D0082,R081,2025-08-27T10:42:00,2025-08-27T15:35:00,55,Completed,11.3,W20250827
T02021,V0010,D0208,R050,2025-08-06T01:09:00,2025-08-06T04:28:00,95,Completed,28.6,W20250806
T02022,V0129,D0595,R019,2025-10-21T22:57:00,2025-10-22T02:23:00,55,Cancelled,16.0,W20251021
T02023,V0446,D0513,R028,2025-09-24T19:59:00,2025-09-24T22:51:00,85,Completed,29.7,W20250924
T02024,V0377,D0064,R082,2025-08-17T02:10:00,2025-08-17T04:29:00,75,Completed,32.4,W20250817
T02025,V0016,D0308,R075,2025-09-24T17:53:00,2025-09-24T20:10:00,85,Completed,37.2,W20250924
T02026,V0460,D0624,R080,2025-10-01T09:16:00,2025-10-01T10:17:00,75,Completed,73.8,W20251001
T02027,V0278,D0147,R048,2025-03-30T11:06:00,2025-03-30T14:21:00,75,Completed,23.1,W20250330
T02028,V0143,D0306,R100,2025-06-16T13:09:00,2025-06-16T15:43:00,75,Completed,29.2,W20250616
T02029,V0113,D0069,R016,2025-07-04T09:29:00,2025-07-04T13:09:00,65,Completed,17.7,W20250704
T02030,V0113,D0068,R039,2025-01-30T17:47:00,2025-01-30T22:45:00,55,Completed,11.1,W20250130
T02031,V0179,D0693,R034,2025-11-28T04:11:00,2025-11-28T04:58:00,70,Completed,89.4,W20251128
T02032,V0098,D0313,R084,2025-06-02T20:57:00,2025-06-03T00:28:00,85,Completed,24.2,W20250602
T02033,V0223,D0026,R030,2025-02-08T09:12:00,2025-02-08T10:51:00,65,Cancelled,39.4,W20250208
T02034,V0433,D0150,R015,2025-05-07T03:05:00,2025-05-07T07:45:00,75,Completed,16.1,W20250507
T02035,V0500,D0045,R095,2025-05-19T07:19:00,2025-05-19T09:17:00,85,Completed,43.2,W20250519
T02036,V0236,D0383,R040,2025-05-08T12:08:00,2025-05-08T13:14:00,95,Cancelled,86.4,W20250508
T02037,V0256,D0659,R034,2025-03-28T02:24:00,2025-03-28T06:34:00,70,Completed,16.8,W20250328
T02038,V0319,D0232,R049,2025-03-10T01:47:00,2025-03-10T04:36:00,85,Completed,30.2,W20250310
T02039,V0224,D0552,R014,2025-11-28T10:01:00,2025-11-28T12:50:00,55,Completed,19.5,W20251128
T02040,V0307,D0114,R029,2025-08-08T09:18:00,2025-08-08T14:04:00,70,Cancelled,14.7,W20250808
T02041,V0315,D0010,R037,2025-05-29T06:06:00,2025-05-29T07:28:00,95,Completed,69.5,W20250529
T02042,V0124,D0330,R077,2025-10-09T18:53:00,2025-10-09T22:40:00,85,Completed,22.5,W20251009
T02043,V0301,D0663,R058,2025-10-25T17:02:00,2025-10-25T20:58:00,95,Completed,24.2,W20251025
T02044,V0086,D0605,R056,2025-05-21T09:23:00,2025-05-21T14:13:00,95,Cancelled,19.7,W20250521
T02045,V0432,D0455,R009,2025-10-18T08:55:00,2025-10-18T12:19:00,65,Completed,19.1,W20251018
T02046,V0438,D0088,R002,2025-03-09T23:58:00,2025-03-10T04:11:00,75,Cancelled,17.8,W20250309
T02047,V0327,D0521,R030,2025-06-15T08:56:00,2025-06-15T12:56:00,65,Completed,16.2,W20250615
T02048,V0413,D0548,R087,2025-11-16T17:52:00,2025-11-16T20:13:00,55,Completed,23.4,W20251116
T02049,V0344,D0435,R077,2025-02-05T11:00:00,2025-02-05T13:47:00,85,Completed,30.5,W20250205
T02050,V0482,D0262,R002,2025-01-09T23:36:00,2025-01-10T02:17:00,75,Cancelled,28.0,W20250109
T02051,V0113,D0374,R031,2025-02-03T20:47:00,2025-02-03T22:08:00,65,Cancelled,48.1,W20250203
T02052,V0480,D0071,R029,2025-10-17T02:52:00,2025-10-17T05:25:00,70,Completed,27.5,W20251017
T02053,V0347,D0652,R099,2025-08-04T23:40:00,2025-08-05T04:07:00,55,Completed,12.4,W20250804
T02054,V0263,D0144,R011,2025-12-11T17:59:00,2025-12-11T22:59:00,85,Completed,17.0,W20251211
T02055,V0306,D0236,R004,2025-11-24T02:54:00,2025-11-24T06:32:00,65,Completed,17.9,W20251124
T02056,V0219,D0076,R028,2025-09-30T19:07:00,2025-09-30T21:20:00,85,Completed,38.3,W20250930
T02057,V0157,D0652,R088,2025-10-04T21:33:00,2025-10-05T00:26:00,95,Completed,32.9,W20251004
T02058,V0112,D0158,R064,2025-09-29T20:22:00,2025-09-29T23:31:00,75,Completed,23.8,W20250929
T02059,V0111,D0090,R084,2025-04-20T13:10:00,2025-04-20T16:34:00,85,Completed,25.0,W20250420
T02060,V0085,D0407,R022,2025-05-25T21:00:00,2025-05-26T01:47:00,70,Cancelled,14.6,W20250525
T02061,V0191,D0207,R059,2025-10-23T21:27:00,2025-10-23T22:45:00,75,Completed,57.7,W20251023
T02062,V0450,D0126,R098,2025-09-04T12:45:00,2025-09-04T16:05:00,75,Completed,22.5,W20250904
T02063,V0395,D0645,R016,2025-09-02T09:32:00,2025-09-02T14:06:00,65,Completed,14.2,W20250902
T02064,V0412,D0594,R004,2025-04-19T16:01:00,2025-04-19T17:49:00,65,Completed,36.1,W20250419
T02065,V0234,D0215,R072,2025-04-17T11:45:00,2025-04-17T13:19:00,75,Completed,47.9,W20250417
T02066,V0157,D0586,R053,2025-10-15T18:08:00,2025-10-15T19:42:00,55,Completed,35.1,W20251015
T02067,V0457,D0466,R090,2025-12-01T03:03:00,2025-12-01T06:35:00,85,Completed,24.1,W20251201
T02068,V0255,D0654,R019,2025-10-13T22:35:00,2025-10-14T00:55:00,55,Cancelled,23.6,W20251013
T02069,V0444,D0522,R021,2025-10-03T17:46:00,2025-10-03T22:43:00,75,Completed,15.2,W20251003
T02070,V0087,D0347,R012,2025-03-15T14:28:00,2025-03-15T18:35:00,95,Cancelled,23.1,W20250315
T02071,V0275,D0120,R037,2025-09-25T18:35:00,2025-09-25T22:06:00,95,Completed,27.0,W20250925
T02072,V0211,D0588,R040,2025-01-25T07:39:00,2025-01-25T10:01:00,95,Completed,40.1,W20250125
T02073,V0361,D0143,R080,2025-03-15T22:49:00,2025-03-16T01:14:00,75,Completed,31.0,W20250315
T02074,V0383,D0305,R063,2025-01-03T22:07:00,2025-01-03T23:02:00,75,Cancelled,81.8,W20250103
T02075,V0146,D0145,R007,2025-02-23T15:45:00,2025-02-23T16:40:00,70,Completed,76.4,W20250223
T02076,V0327,D0636,R063,2025-04-14T18:57:00,2025-04-14T20:06:00,75,Completed,65.2,W20250414
T02077,V0425,D0555,R054,2025-04-13T23:56:00,2025-04-14T01:00:00,95,Completed,89.1,W20250413
T02078,V0237,D0570,R089,2025-06-08T21:41:00,2025-06-08T23:17:00,85,Completed,53.1,W20250608
T02079,V0226,D0290,R065,2025-01-27T04:18:00,2025-01-27T07:00:00,70,Cancelled,25.9,W20250127
T02080,V0063,D0410,R086,2025-10-15T14:22:00,2025-10-15T17:27:00,65,Completed,21.1,W20251015
T02081,V0246,D0650,R047,2025-02-23T04:29:00,2025-02-23T08:17:00,55,Completed,14.5,W20250223
T02082,V0276,D0482,R066,2025-07-03T11:08:00,2025-07-03T13:59:00,85,Completed,29.8,W20250703
T02083,V0338,D0416,R081,2025-05-08T00:05:00,2025-05-08T02:49:00,55,Completed,20.1,W20250508
T02084,V0238,D0151,R058,2025-06-06T12:09:00,2025-06-06T15:46:00,95,Cancelled,26.3,W20250606
T02085,V0384,D0576,R031,2025-04-17T01:30:00,2025-04-17T03:43:00,65,Completed,29.3,W20250417
T02086,V0303,D0341,R040,2025-10-07T20:05:00,2025-10-07T23:53:00,95,Completed,25.0,W20251007
T02087,V0344,D0408,R073,2025-01-15T00:20:00,2025-01-15T04:04:00,85,Completed,22.8,W20250115
T02088,V0118,D0010,R009,2025-05-06T05:19:00,2025-05-06T06:33:00,65,Completed,52.7,W20250506
T02089,V0488,D0394,R029,2025-12-26T16:06:00,2025-12-26T20:06:00,70,Completed,17.5,W20251226
T02090,V0482,D0162,R073,2025-12-17T10:28:00,2025-12-17T12:22:00,85,Completed,44.7,W20251217
T02091,V0417,D0421,R077,2025-01-25T07:24:00,2025-01-25T09:51:00,85,Completed,34.7,W20250125
T02092,V0382,D0106,R022,2025-05-16T22:32:00,2025-05-17T00:31:00,70,Completed,35.3,W20250516
T02093,V0057,D0316,R093,2025-07-03T18:14:00,2025-07-03T22:21:00,65,Completed,15.8,W20250703
T02094,V0113,D0050,R088,2025-06-07T01:26:00,2025-06-07T05:59:00,95,Completed,20.9,W20250607
T02095,V0344,D0579,R060,2025-09-06T14:02:00,2025-09-06T16:15:00,85,Completed,38.3,W20250906
T02096,V0002,D0214,R066,2025-08-30T10:03:00,2025-08-30T12:41:00,85,Completed,32.3,W20250830
T02097,V0005,D0247,R074,2025-05-05T18:47:00,2025-05-05T20:02:00,95,Completed,76.0,W20250505
T02098,V0397,D0499,R060,2025-01-08T01:24:00,2025-01-08T03:06:00,85,Cancelled,50.0,W20250108
T02099,V0463,D0606,R009,2025-05-30T16:09:00,2025-05-30T18:29:00,65,Completed,27.9,W20250530
T02100,V0273,D0671,R007,2025-08-24T17:41:00,2025-08-24T18:50:00,70,Completed,60.9,W20250824
T02101,V0108,D0120,R026,2025-08-14T23:22:00,2025-08-15T02:00:00,70,Cancelled,26.6,W20250814
T02102,V0135,D0188,R078,2025-01-15T00:52:00,2025-01-15T02:25:00,75,Completed,48.4,W20250115
T02103,V0290,D0020,R079,2025-05-17T16:04:00,2025-05-17T19:12:00,70,Completed,22.3,W20250517
T02104,V0005,D0039,R073,2025-09-21T22:41:00,2025-09-22T00:51:00,85,Completed,39.2,W20250921
T02105,V0020,D0604,R094,2025-03-25T07:21:00,2025-03-25T08:45:00,70,Cancelled,50.0,W20250325
T02106,V0453,D0618,R072,2025-11-02T23:12:00,2025-11-03T02:19:00,75,Completed,24.1,W20251102
T02107,V0354,D0163,R097,2025-10-20T08:24:00,2025-10-20T11:55:00,65,Completed,18.5,W20251020
T02108,V0304,D0298,R085,2025-04-03T14:50:00,2025-04-03T16:09:00,55,Cancelled,41.8,W20250403
T02109,V0357,D0373,R002,2025-06-26T02:28:00,2025-06-26T05:11:00,75,Completed,27.6,W20250626
T02110,V0332,D0464,R022,2025-10-09T14:34:00,2025-10-09T15:30:00,70,Completed,75.0,W20251009
T02111,V0271,D0410,R051,2025-10-31T00:01:00,2025-10-31T02:45:00,70,Completed,25.6,W20251031
T02112,V0407,D0588,R043,2025-08-05T18:03:00,2025-08-05T22:29:00,65,Completed,14.7,W20250805
T02113,V0317,D0066,R007,2025-07-28T13:07:00,2025-07-28T14:00:00,70,Cancelled,79.2,W20250728
T02114,V0129,D0037,R074,2025-08-15T18:04:00,2025-08-15T19:09:00,95,Completed,87.7,W20250815
T02115,V0362,D0388,R098,2025-11-19T18:28:00,2025-11-19T20:12:00,75,Completed,43.3,W20251119
T02116,V0392,D0689,R024,2025-04-03T05:07:00,2025-04-03T08:28:00,55,Completed,16.4,W20250403
T02117,V0380,D0130,R079,2025-11-06T01:06:00,2025-11-06T05:32:00,70,Completed,15.8,W20251106
T02118,V0329,D0327,R090,2025-09-24T05:46:00,2025-09-24T06:57:00,85,Completed,71.8,W20250924
T02119,V0432,D0068,R006,2025-11-29T10:49:00,2025-11-29T12:55:00,95,Completed,45.2,W20251129
T02120,V0127,D0698,R090,2025-03-30T08:47:00,2025-03-30T11:01:00,85,Completed,38.1,W20250330
T02121,V0092,D0669,R016,2025-08-03T08:15:00,2025-08-03T09:29:00,65,Cancelled,52.7,W20250803
T02122,V0226,D0487,R052,2025-09-12T04:11:00,2025-09-12T06:07:00,65,Completed,33.6,W20250912
T02123,V0329,D0115,R055,2025-10-28T08:54:00,2025-10-28T11:39:00,55,Completed,20.0,W20251028
T02124,V0480,D0176,R070,2025-05-01T23:53:00,2025-05-02T02:38:00,55,Completed,20.0,W20250501
T02125,V0375,D0564,R015,2025-07-19T17:35:00,2025-07-19T18:23:00,75,Cancelled,93.8,W20250719
T02126,V0124,D0439,R017,2025-09-11T02:34:00,2025-09-11T06:23:00,95,Completed,24.9,W20250911
T02127,V0299,D0262,R031,2025-03-22T07:48:00,2025-03-22T12:05:00,65,Cancelled,15.2,W20250322
T02128,V0016,D0421,R031,2025-04-06T18:08:00,2025-04-06T22:53:00,65,Completed,13.7,W20250406
T02129,V0135,D0176,R089,2025-06-16T04:55:00,2025-06-16T07:32:00,85,Completed,32.5,W20250616
T02130,V0174,D0476,R015,2025-07-03T23:53:00,2025-07-04T03:52:00,75,Completed,18.8,W20250703
T02131,V0343,D0540,R086,2025-02-03T15:35:00,2025-02-03T19:46:00,65,Cancelled,15.5,W20250203
T02132,V0019,D0089,R066,2025-01-29T06:43:00,2025-01-29T10:38:00,85,Completed,21.7,W20250129
T02133,V0265,D0670,R016,2025-03-31T05:48:00,2025-03-31T08:01:00,65,Completed,29.3,W20250331
T02134,V0063,D0212,R051,2025-05-14T20:47:00,2025-05-14T21:49:00,70,Cancelled,67.7,W20250514
T02135,V0020,D0414,R018,2025-02-27T18:06:00,2025-02-27T21:51:00,85,Completed,22.7,W20250227
T02136,V0440,D0459,R059,2025-05-16T14:15:00,2025-05-16T18:22:00,75,Completed,18.2,W20250516
T02137,V0464,D0206,R009,2025-06-21T21:29:00,2025-06-21T23:37:00,65,Completed,30.5,W20250621
T02138,V0163,D0598,R047,2025-09-18T00:13:00,2025-09-18T04:35:00,55,Completed,12.6,W20250918
T02139,V0137,D0667,R046,2025-08-18T08:01:00,2025-08-18T08:59:00,70,Completed,72.4,W20250818
T02140,V0490,D0259,R031,2025-07-22T09:41:00,2025-07-22T11:23:00,65,Completed,38.2,W20250722
T02141,V0249,D0237,R022,2025-12-10T09:42:00,2025-12-10T13:28:00,70,Completed,18.6,W20251210
T02142,V0355,D0360,R087,2025-04-27T20:19:00,2025-04-28T00:59:00,55,Completed,11.8,W20250427
T02143,V0353,D0617,R043,2025-11-26T04:57:00,2025-11-26T07:01:00,65,Completed,31.5,W20251126
T02144,V0150,D0181,R002,2025-07-11T09:33:00,2025-07-11T10:26:00,75,Completed,84.9,W20250711
T02145,V0214,D0579,R068,2025-09-25T08:24:00,2025-09-25T09:52:00,95,Completed,64.8,W20250925
T02146,V0161,D0257,R047,2025-04-09T08:50:00,2025-04-09T13:22:00,55,Completed,12.1,W20250409
T02147,V0212,D0209,R095,2025-10-03T00:16:00,2025-10-03T04:59:00,85,Cancelled,18.0,W20251003
T02148,V0317,D0617,R037,2025-07-23T12:59:00,2025-07-23T17:29:00,95,Completed,21.1,W20250723
T02149,V0452,D0389,R004,2025-05-07T13:51:00,2025-05-07T18:10:00,65,Completed,15.1,W20250507
T02150,V0435,D0156,R047,2025-04-27T16:22:00,2025-04-27T19:01:00,55,Cancelled,20.8,W20250427
T02151,V0431,D0069,R044,2025-12-19T12:30:00,2025-12-19T14:15:00,70,Completed,40.0,W20251219
T02152,V0421,D0539,R071,2025-07-04T19:53:00,2025-07-04T21:36:00,95,Cancelled,55.3,W20250704
T02153,V0090,D0290,R011,2025-11-02T13:30:00,2025-11-02T17:37:00,85,Cancelled,20.6,W20251102
T02154,V0433,D0118,R056,2025-05-10T10:12:00,2025-05-10T14:38:00,95,Completed,21.4,W20250510
T02155,V0221,D0258,R065,2025-03-29T15:58:00,2025-03-29T19:17:00,70,Cancelled,21.1,W20250329
T02156,V0202,D0690,R035,2025-06-10T09:39:00,2025-06-10T11:34:00,95,Completed,49.6,W20250610
T02157,V0041,D0289,R082,2025-07-21T20:38:00,2025-07-21T21:45:00,75,Completed,67.2,W20250721
T02158,V0037,D0360,R007,2025-04-24T12:22:00,2025-04-24T16:59:00,70,Completed,15.2,W20250424
T02159,V0366,D0495,R064,2025-04-09T06:00:00,2025-04-09T09:29:00,75,Completed,21.5,W20250409
T02160,V0250,D0376,R100,2025-05-10T23:25:00,2025-05-11T03:10:00,75,Cancelled,20.0,W20250510
T02161,V0274,D0600,R071,2025-08-02T23:00:00,2025-08-03T01:23:00,95,Cancelled,39.9,W20250802
T02162,V0194,D0436,R053,2025-12-30T07:30:00,2025-12-30T09:17:00,55,Completed,30.8,W20251230
T02163,V0330,D0157,R077,2025-05-10T21:49:00,2025-05-10T22:52:00,85,Completed,81.0,W20250510
T02164,V0235,D0448,R011,2025-09-26T04:52:00,2025-09-26T08:13:00,85,Cancelled,25.4,W20250926
T02165,V0274,D0082,R043,2025-06-09T18:25:00,2025-06-09T22:51:00,65,Cancelled,14.7,W20250609
T02166,V0031,D0181,R064,2025-02-22T16:04:00,2025-02-22T18:05:00,75,Cancelled,37.2,W20250222
T02167,V0456,D0094,R078,2025-07-30T06:50:00,2025-07-30T09:21:00,75,Completed,29.8,W20250730
T02168,V0277,D0298,R054,2025-09-08T23:41:00,2025-09-09T01:37:00,95,Cancelled,49.1,W20250908
T02169,V0398,D0125,R092,2025-01-25T11:50:00,2025-01-25T13:26:00,70,Completed,43.8,W20250125
T02170,V0028,D0146,R041,2025-08-01T02:01:00,2025-08-01T05:02:00,65,Completed,21.5,W20250801
T02171,V0002,D0231,R098,2025-04-16T16:00:00,2025-04-16T17:47:00,75,Completed,42.1,W20250416
T02172,V0142,D0543,R079,2025-02-15T23:07:00,2025-02-16T02:26:00,70,Completed,21.1,W20250215
T02173,V0063,D0661,R066,2025-05-13T05:32:00,2025-05-13T09:22:00,85,Completed,22.2,W20250513
T02174,V0040,D0686,R041,2025-03-31T05:03:00,2025-03-31T07:21:00,65,Completed,28.3,W20250331
T02175,V0229,D0573,R008,2025-06-23T13:51:00,2025-06-23T17:23:00,75,Completed,21.2,W20250623
T02176,V0037,D0106,R100,2025-04-01T04:35:00,2025-04-01T07:18:00,75,Cancelled,27.6,W20250401
T02177,V0489,D0174,R066,2025-10-23T18:20:00,2025-10-23T19:09:00,85,Cancelled,104.1,W20251023
T02178,V0357,D0063,R022,2025-03-01T11:30:00,2025-03-01T13:03:00,70,Completed,45.2,W20250301
T02179,V0221,D0642,R092,2025-02-13T01:12:00,2025-02-13T02:24:00,70,Completed,58.3,W20250213
T02180,V0345,D0013,R081,2025-10-04T17:55:00,2025-10-04T19:22:00,55,Completed,37.9,W20251004
T02181,V0349,D0291,R028,2025-11-13T04:28:00,2025-11-13T05:49:00,85,Completed,63.0,W20251113
T02182,V0205,D0398,R085,2025-08-08T00:22:00,2025-08-08T01:35:00,55,Completed,45.2,W20250808
T02183,V0014,D0616,R077,2025-05-09T16:17:00,2025-05-09T17:54:00,85,Cancelled,52.6,W20250509
T02184,V0202,D0165,R033,2025-10-13T17:31:00,2025-10-13T20:46:00,85,Completed,26.2,W20251013
T02185,V0287,D0514,R072,2025-03-08T03:48:00,2025-03-08T05:53:00,75,Completed,36.0,W20250308
T02186,V0341,D0104,R002,2025-01-09T04:29:00,2025-01-09T06:43:00,75,Completed,33.6,W20250109
T02187,V0324,D0482,R046,2025-08-24T01:01:00,2025-08-24T05:15:00,70,Completed,16.5,W20250824
T02188,V0494,D0447,R094,2025-02-21T10:36:00,2025-02-21T11:50:00,70,Cancelled,56.8,W20250221
T02189,V0417,D0420,R047,2025-08-16T02:04:00,2025-08-16T04:26:00,55,Cancelled,23.2,W20250816
T02190,V0442,D0292,R051,2025-12-02T00:50:00,2025-12-02T02:28:00,70,Cancelled,42.9,W20251202
T02191,V0256,D0690,R064,2025-01-01T08:39:00,2025-01-01T09:38:00,75,Completed,76.3,W20250101
T02192,V0313,D0395,R083,2025-07-06T11:01:00,2025-07-06T15:18:00,75,Completed,17.5,W20250706
T02193,V0069,D0029,R071,2025-02-28T01:53:00,2025-02-28T04:33:00,95,Completed,35.6,W20250228
T02194,V0248,D0590,R095,2025-12-21T01:24:00,2025-12-21T05:38:00,85,Completed,20.1,W20251221
T02195,V0115,D0554,R005,2025-10-31T17:50:00,2025-10-31T22:38:00,65,Completed,13.5,W20251031
T02196,V0021,D0551,R069,2025-01-11T14:03:00,2025-01-11T17:07:00,70,Completed,22.8,W20250111
T02197,V0483,D0109,R096,2025-07-28T14:54:00,2025-07-28T19:25:00,95,Completed,21.0,W20250728
T02198,V0055,D0473,R037,2025-01-21T08:13:00,2025-01-21T12:26:00,95,Completed,22.5,W20250121
T02199,V0474,D0091,R048,2025-03-12T20:43:00,2025-03-13T01:21:00,75,Completed,16.2,W20250312
T02200,V0434,D0070,R072,2025-06-04T12:09:00,2025-06-04T14:09:00,75,Cancelled,37.5,W20250604
T02201,V0221,D0654,R017,2025-03-24T02:06:00,2025-03-24T06:26:00,95,Completed,21.9,W20250324
T02202,V0350,D0243,R008,2025-05-28T04:06:00,2025-05-28T08:04:00,75,Cancelled,18.9,W20250528
T02203,V0438,D0327,R067,2025-12-27T15:35:00,2025-12-27T16:50:00,55,Completed,44.0,W20251227
T02204,V0431,D0425,R077,2025-02-23T10:23:00,2025-02-23T15:19:00,85,Completed,17.2,W20250223
T02205,V0434,D0698,R066,2025-02-07T17:19:00,2025-02-07T20:45:00,85,Completed,24.8,W20250207
T02206,V0148,D0569,R081,2025-08-21T06:12:00,2025-08-21T09:05:00,55,Completed,19.1,W20250821
T02207,V0333,D0140,R095,2025-05-03T06:18:00,2025-05-03T08:29:00,85,Completed,38.9,W20250503
T02208,V0319,D0487,R083,2025-10-03T01:47:00,2025-10-03T04:15:00,75,Completed,30.4,W20251003
T02209,V0127,D0301,R011,2025-06-04T04:50:00,2025-06-04T06:24:00,85,Cancelled,54.3,W20250604
T02210,V0402,D0399,R086,2025-01-28T13:31:00,2025-01-28T15:19:00,65,Completed,36.1,W20250128
T02211,V0479,D0471,R014,2025-05-16T06:15:00,2025-05-16T10:40:00,55,Cancelled,12.5,W20250516
T02212,V0374,D0530,R079,2025-03-01T10:25:00,2025-03-01T14:09:00,70,Completed,18.8,W20250301
T02213,V0332,D0439,R002,2025-08-13T16:23:00,2025-08-13T21:04:00,75,Cancelled,16.0,W20250813
T02214,V0370,D0663,R055,2025-02-27T00:21:00,2025-02-27T04:16:00,55,Cancelled,14.0,W20250227
T02215,V0338,D0327,R060,2025-11-27T07:51:00,2025-11-27T09:12:00,85,Cancelled,63.0,W20251127
T02216,V0312,D0586,R053,2025-03-14T10:37:00,2025-03-14T11:24:00,55,Completed,70.2,W20250314
T02217,V0335,D0033,R086,2025-05-02T16:21:00,2025-05-02T20:42:00,65,Cancelled,14.9,W20250502
T02218,V0152,D0201,R041,2025-02-10T14:37:00,2025-02-10T15:39:00,65,Cancelled,62.9,W20250210
T02219,V0026,D0653,R061,2025-08-30T10:42:00,2025-08-30T15:19:00,75,Completed,16.2,W20250830
T02220,V0339,D0681,R082,2025-12-24T07:42:00,2025-12-24T11:55:00,75,Completed,17.8,W20251224
T02221,V0198,D0030,R050,2025-05-20T07:09:00,2025-05-20T11:03:00,95,Completed,24.4,W20250520
T02222,V0441,D0432,R043,2025-03-19T00:12:00,2025-03-19T03:41:00,65,Cancelled,18.7,W20250319
T02223,V0136,D0465,R010,2025-11-07T01:13:00,2025-11-07T02:30:00,75,Completed,58.4,W20251107
T02224,V0056,D0039,R088,2025-02-21T21:05:00,2025-02-21T23:48:00,95,Completed,35.0,W20250221
T02225,V0432,D0166,R002,2025-03-21T13:21:00,2025-03-21T14:18:00,75,Completed,78.9,W20250321
T02226,V0381,D0330,R054,2025-02-17T17:29:00,2025-02-17T18:29:00,95,Completed,95.0,W20250217
T02227,V0310,D0331,R096,2025-01-12T09:43:00,2025-01-12T12:58:00,95,Completed,29.2,W20250112
T02228,V0471,D0129,R081,2025-06-04T06:40:00,2025-06-04T10:51:00,55,Completed,13.1,W20250604
T02229,V0144,D0660,R023,2025-02-24T18:28:00,2025-02-24T19:15:00,95,Completed,121.3,W20250224
T02230,V0180,D0451,R049,2025-09-11T16:53:00,2025-09-11T20:14:00,85,Completed,25.4,W20250911
T02231,V0299,D0511,R039,2025-12-03T20:59:00,2025-12-03T22:45:00,55,Completed,31.1,W20251203
T02232,V0404,D0660,R069,2025-08-21T08:41:00,2025-08-21T09:58:00,70,Completed,54.5,W20250821
T02233,V0076,D0072,R028,2025-02-05T07:29:00,2025-02-05T10:43:00,85,Completed,26.3,W20250205
T02234,V0321,D0596,R052,2025-10-18T04:17:00,2025-10-18T06:44:00,65,Completed,26.5,W20251018
T02235,V0259,D0326,R026,2025-06-04T18:17:00,2025-06-04T22:12:00,70,Completed,17.9,W20250604
T02236,V0056,D0251,R001,2025-02-27T11:07:00,2025-02-27T15:25:00,85,Completed,19.8,W20250227
T02237,V0175,D0682,R034,2025-01-06T14:14:00,2025-01-06T17:52:00,70,Completed,19.3,W20250106
T02238,V0169,D0362,R070,2025-11-30T15:27:00,2025-11-30T18:50:00,55,Completed,16.3,W20251130
T02239,V0249,D0373,R082,2025-07-06T00:53:00,2025-07-06T02:25:00,75,Completed,48.9,W20250706
T02240,V0115,D0337,R061,2025-01-02T11:50:00,2025-01-02T15:14:00,75,Completed,22.1,W20250102
T02241,V0170,D0075,R020,2025-12-18T09:27:00,2025-12-18T12:15:00,65,Completed,23.2,W20251218
T02242,V0142,D0331,R042,2025-05-22T02:28:00,2025-05-22T03:13:00,75,Completed,100.0,W20250522
T02243,V0348,D0407,R067,2025-02-23T11:52:00,2025-02-23T14:33:00,55,Cancelled,20.5,W20250223
T02244,V0135,D0247,R051,2025-09-22T15:06:00,2025-09-22T18:17:00,70,Completed,22.0,W20250922
T02245,V0468,D0439,R099,2025-09-29T21:36:00,2025-09-30T01:15:00,55,Cancelled,15.1,W20250929
T02246,V0393,D0211,R018,2025-12-02T23:27:00,2025-12-03T03:50:00,85,Completed,19.4,W20251202
T02247,V0084,D0313,R051,2025-07-14T14:29:00,2025-07-14T18:13:00,70,Cancelled,18.8,W20250714
T02248,V0392,D0120,R076,2025-11-06T07:53:00,2025-11-06T11:59:00,95,Cancelled,23.2,W20251106
T02249,V0409,D0056,R097,2025-02-21T17:34:00,2025-02-21T21:45:00,65,Completed,15.5,W20250221
T02250,V0336,D0174,R089,2025-08-22T14:42:00,2025-08-22T15:34:00,85,Completed,98.1,W20250822
T02251,V0310,D0478,R064,2025-08-26T09:39:00,2025-08-26T13:53:00,75,Cancelled,17.7,W20250826
T02252,V0263,D0370,R009,2025-04-15T01:29:00,2025-04-15T05:08:00,65,Completed,17.8,W20250415
T02253,V0200,D0330,R040,2025-02-25T01:10:00,2025-02-25T05:55:00,95,Completed,20.0,W20250225
T02254,V0244,D0472,R098,2025-08-22T22:53:00,2025-08-23T02:54:00,75,Completed,18.7,W20250822
T02255,V0336,D0669,R095,2025-05-17T11:02:00,2025-05-17T15:21:00,85,Cancelled,19.7,W20250517
T02256,V0162,D0616,R046,2025-05-28T19:14:00,2025-05-28T22:48:00,70,Cancelled,19.6,W20250528
T02257,V0361,D0313,R012,2025-12-04T11:32:00,2025-12-04T12:59:00,95,Completed,65.5,W20251204
T02258,V0380,D0325,R087,2025-10-02T14:41:00,2025-10-02T16:31:00,55,Completed,30.0,W20251002
T02259,V0426,D0084,R071,2025-11-10T21:43:00,2025-11-11T00:01:00,95,Cancelled,41.3,W20251110
T02260,V0140,D0354,R068,2025-11-30T03:02:00,2025-11-30T07:46:00,95,Completed,20.1,W20251130
T02261,V0454,D0153,R077,2025-01-13T19:51:00,2025-01-14T00:02:00,85,Completed,20.3,W20250113
T02262,V0258,D0533,R055,2025-03-19T04:24:00,2025-03-19T08:30:00,55,Completed,13.4,W20250319
T02263,V0471,D0689,R099,2025-06-14T04:59:00,2025-06-14T06:51:00,55,Completed,29.5,W20250614
T02264,V0207,D0180,R095,2025-06-26T22:03:00,2025-06-27T00:41:00,85,Completed,32.3,W20250626
T02265,V0376,D0161,R073,2025-11-19T21:02:00,2025-11-19T23:29:00,85,Completed,34.7,W20251119
T02266,V0167,D0491,R020,2025-09-24T22:51:00,2025-09-25T00:42:00,65,Completed,35.1,W20250924
T02267,V0439,D0591,R098,2025-01-02T05:00:00,2025-01-02T08:12:00,75,Completed,23.4,W20250102
T02268,V0151,D0331,R062,2025-10-18T20:08:00,2025-10-18T23:53:00,70,Completed,18.7,W20251018
T02269,V0116,D0054,R068,2025-08-07T02:41:00,2025-08-07T05:55:00,95,Completed,29.4,W20250807
T02270,V0195,D0628,R038,2025-06-13T08:12:00,2025-06-13T09:58:00,95,Completed,53.8,W20250613
T02271,V0179,D0176,R048,2025-04-08T05:49:00,2025-04-08T09:50:00,75,Cancelled,18.7,W20250408
T02272,V0428,D0336,R053,2025-01-08T00:29:00,2025-01-08T04:13:00,55,Cancelled,14.7,W20250108
T02273,V0455,D0313,R028,2025-01-07T09:13:00,2025-01-07T12:48:00,85,Completed,23.7,W20250107
T02274,V0434,D0461,R044,2025-02-04T17:18:00,2025-02-04T21:13:00,70,Completed,17.9,W20250204
T02275,V0347,D0420,R018,2025-06-23T09:23:00,2025-06-23T10:30:00,85,Completed,76.1,W20250623
T02276,V0026,D0317,R027,2025-04-16T09:35:00,2025-04-16T14:04:00,85,Completed,19.0,W20250416
T02277,V0070,D0678,R083,2025-07-29T03:57:00,2025-07-29T05:07:00,75,Cancelled,64.3,W20250729
T02278,V0008,D0094,R068,2025-05-18T20:41:00,2025-05-18T23:39:00,95,Completed,32.0,W20250518
T02279,V0273,D0364,R089,2025-07-14T08:43:00,2025-07-14T09:29:00,85,Completed,110.9,W20250714
T02280,V0273,D0648,R076,2025-04-01T05:17:00,2025-04-01T08:01:00,95,Completed,34.8,W20250401
T02281,V0108,D0504,R062,2025-03-23T17:14:00,2025-03-23T22:01:00,70,Cancelled,14.6,W20250323
T02282,V0462,D0445,R094,2025-01-12T03:04:00,2025-01-12T06:33:00,70,Completed,20.1,W20250112
T02283,V0138,D0347,R007,2025-10-21T06:34:00,2025-10-21T11:31:00,70,Completed,14.1,W20251021
T02284,V0061,D0371,R076,2025-02-05T08:47:00,2025-02-05T09:51:00,95,Completed,89.1,W20250205
T02285,V0119,D0695,R008,2025-05-25T22:55:00,2025-05-26T00:36:00,75,Completed,44.6,W20250525
T02286,V0200,D0418,R012,2025-06-20T16:52:00,2025-06-20T20:02:00,95,Completed,30.0,W20250620
T02287,V0229,D0384,R090,2025-11-06T02:57:00,2025-11-06T07:48:00,85,Completed,17.5,W20251106
T02288,V0350,D0096,R089,2025-07-27T09:21:00,2025-07-27T12:45:00,85,Completed,25.0,W20250727
T02289,V0494,D0279,R035,2025-07-27T12:45:00,2025-07-27T15:22:00,95,Completed,36.3,W20250727
T02290,V0190,D0313,R093,2025-10-30T18:38:00,2025-10-30T22:01:00,65,Completed,19.2,W20251030
T02291,V0163,D0676,R091,2025-10-03T21:05:00,2025-10-04T00:42:00,70,Cancelled,19.4,W20251003
T02292,V0027,D0281,R039,2025-11-20T01:09:00,2025-11-20T02:28:00,55,Completed,41.8,W20251120
T02293,V0305,D0699,R062,2025-04-20T16:43:00,2025-04-20T18:57:00,70,Cancelled,31.3,W20250420
T02294,V0432,D0218,R020,2025-07-12T12:11:00,2025-07-12T15:14:00,65,Cancelled,21.3,W20250712
T02295,V0032,D0148,R027,2025-09-13T21:36:00,2025-09-14T02:18:00,85,Completed,18.1,W20250913
T02296,V0319,D0337,R083,2025-12-20T14:55:00,2025-12-20T19:11:00,75,Completed,17.6,W20251220
T02297,V0316,D0012,R057,2025-02-12T03:42:00,2025-02-12T06:59:00,75,Completed,22.8,W20250212
T02298,V0286,D0568,R033,2025-09-01T16:59:00,2025-09-01T20:34:00,85,Cancelled,23.7,W20250901
T02299,V0240,D0587,R003,2025-04-18T20:13:00,2025-04-18T22:31:00,85,Completed,37.0,W20250418
T02300,V0080,D0110,R094,2025-04-10T14:56:00,2025-04-10T18:31:00,70,Cancelled,19.5,W20250410
T02301,V0324,D0551,R008,2025-07-23T03:39:00,2025-07-23T06:28:00,75,Completed,26.6,W20250723
T02302,V0137,D0096,R058,2025-12-18T03:25:00,2025-12-18T07:49:00,95,Completed,21.6,W20251218
T02303,V0457,D0230,R088,2025-08-20T11:34:00,2025-08-20T13:05:00,95,Completed,62.6,W20250820
T02304,V0225,D0448,R069,2025-04-23T12:35:00,2025-04-23T16:02:00,70,Cancelled,20.3,W20250423
T02305,V0131,D0207,R090,2025-05-18T20:37:00,2025-05-18T23:12:00,85,Cancelled,32.9,W20250518
T02306,V0076,D0380,R029,2025-02-25T13:05:00,2025-02-25T14:22:00,70,Completed,54.5,W20250225
T02307,V0438,D0368,R005,2025-10-04T01:47:00,2025-10-04T06:35:00,65,Completed,13.5,W20251004
T02308,V0343,D0393,R052,2025-12-07T23:09:00,2025-12-08T03:32:00,65,Completed,14.8,W20251207
T02309,V0368,D0119,R078,2025-11-30T07:49:00,2025-11-30T11:37:00,75,Completed,19.7,W20251130
T02310,V0473,D0544,R006,2025-08-09T08:56:00,2025-08-09T13:21:00,95,Completed,21.5,W20250809
T02311,V0295,D0022,R025,2025-05-10T19:17:00,2025-05-10T23:49:00,75,Completed,16.5,W20250510
T02312,V0101,D0427,R069,2025-11-04T12:07:00,2025-11-04T16:37:00,70,Completed,15.6,W20251104
T02313,V0127,D0053,R001,2025-07-26T10:02:00,2025-07-26T14:58:00,85,Completed,17.2,W20250726
T02314,V0059,D0405,R006,2025-04-22T10:37:00,2025-04-22T14:38:00,95,Completed,23.7,W20250422
T02315,V0239,D0501,R058,2025-04-01T21:37:00,2025-04-02T01:47:00,95,Completed,22.8,W20250401
T02316,V0042,D0029,R013,2025-02-02T14:05:00,2025-02-02T16:01:00,65,Completed,33.6,W20250202
T02317,V0092,D0533,R064,2025-04-11T16:34:00,2025-04-11T18:10:00,75,Completed,46.9,W20250411
T02318,V0392,D0119,R025,2025-11-03T04:50:00,2025-11-03T07:21:00,75,Cancelled,29.8,W20251103
T02319,V0224,D0665,R096,2025-08-28T05:59:00,2025-08-28T08:08:00,95,Completed,44.2,W20250828
T02320,V0260,D0634,R056,2025-05-17T14:32:00,2025-05-17T16:02:00,95,Cancelled,63.3,W20250517
T02321,V0155,D0523,R084,2025-05-13T17:06:00,2025-05-13T18:18:00,85,Completed,70.8,W20250513
T02322,V0362,D0280,R011,2025-05-18T03:57:00,2025-05-18T06:54:00,85,Cancelled,28.8,W20250518
T02323,V0070,D0414,R025,2025-09-19T02:23:00,2025-09-19T06:15:00,75,Cancelled,19.4,W20250919
T02324,V0058,D0132,R012,2025-07-21T11:50:00,2025-07-21T15:31:00,95,Completed,25.8,W20250721
T02325,V0327,D0382,R049,2025-05-09T07:43:00,2025-05-09T10:14:00,85,Completed,33.8,W20250509
T02326,V0355,D0106,R021,2025-02-05T20:53:00,2025-02-05T21:48:00,75,Cancelled,81.8,W20250205
T02327,V0187,D0101,R058,2025-09-23T11:05:00,2025-09-23T13:57:00,95,Completed,33.1,W20250923
T02328,V0204,D0450,R044,2025-12-29T09:21:00,2025-12-29T14:09:00,70,Completed,14.6,W20251229
T02329,V0233,D0456,R001,2025-12-21T22:12:00,2025-12-22T02:38:00,85,Completed,19.2,W20251221
T02330,V0191,D0086,R013,2025-06-12T08:52:00,2025-06-12T13:08:00,65,Completed,15.2,W20250612
T02331,V0293,D0611,R017,2025-03-17T06:35:00,2025-03-17T10:24:00,95,Completed,24.9,W20250317
T02332,V0287,D0085,R035,2025-01-20T02:01:00,2025-01-20T03:28:00,95,Cancelled,65.5,W20250120
T02333,V0378,D0661,R085,2025-01-02T20:00:00,2025-01-02T22:50:00,55,Cancelled,19.4,W20250102
T02334,V0481,D0262,R074,2025-01-23T03:14:00,2025-01-23T06:05:00,95,Completed,33.3,W20250123
T02335,V0405,D0573,R078,2025-12-03T02:22:00,2025-12-03T05:40:00,75,Completed,22.7,W20251203
T02336,V0434,D0127,R030,2025-11-18T04:40:00,2025-11-18T09:02:00,65,Completed,14.9,W20251118
T02337,V0384,D0125,R030,2025-11-07T04:01:00,2025-11-07T07:20:00,65,Cancelled,19.6,W20251107
T02338,V0463,D0406,R019,2025-12-11T05:48:00,2025-12-11T09:12:00,55,Completed,16.2,W20251211
T02339,V0188,D0015,R055,2025-06-09T10:22:00,2025-06-09T13:42:00,55,Completed,16.5,W20250609
T02340,V0269,D0042,R085,2025-04-15T13:11:00,2025-04-15T15:49:00,55,Cancelled,20.9,W20250415
T02341,V0281,D0223,R100,2025-05-14T07:43:00,2025-05-14T10:42:00,75,Completed,25.1,W20250514
T02342,V0457,D0325,R058,2025-09-03T16:57:00,2025-09-03T21:16:00,95,Completed,22.0,W20250903
T02343,V0360,D0666,R094,2025-11-19T03:21:00,2025-11-19T06:52:00,70,Cancelled,19.9,W20251119
T02344,V0213,D0434,R095,2025-10-15T23:07:00,2025-10-16T00:28:00,85,Completed,63.0,W20251015
T02345,V0274,D0038,R035,2025-01-13T12:41:00,2025-01-13T15:48:00,95,Completed,30.5,W20250113
T02346,V0195,D0320,R090,2025-08-10T20:46:00,2025-08-10T23:20:00,85,Cancelled,33.1,W20250810
T02347,V0221,D0640,R054,2025-05-11T13:20:00,2025-05-11T15:38:00,95,Completed,41.3,W20250511
T02348,V0148,D0333,R084,2025-02-12T18:00:00,2025-02-12T20:23:00,85,Cancelled,35.7,W20250212
T02349,V0422,D0303,R086,2025-10-13T16:25:00,2025-10-13T17:50:00,65,Completed,45.9,W20251013
T02350,V0072,D0171,R012,2025-09-10T19:32:00,2025-09-10T23:20:00,95,Completed,25.0,W20250910
T02351,V0089,D0464,R023,2025-07-10T19:46:00,2025-07-10T22:06:00,95,Completed,40.7,W20250710
T02352,V0328,D0539,R050,2025-11-11T15:15:00,2025-11-11T17:54:00,95,Completed,35.8,W20251111
T02353,V0245,D0056,R076,2025-11-12T13:48:00,2025-11-12T15:18:00,95,Cancelled,63.3,W20251112
T02354,V0093,D0255,R036,2025-06-20T17:12:00,2025-06-20T21:23:00,75,Completed,17.9,W20250620
T02355,V0313,D0299,R094,2025-04-09T05:40:00,2025-04-09T07:19:00,70,Completed,42.4,W20250409
T02356,V0143,D0213,R051,2025-10-05T08:16:00,2025-10-05T12:57:00,70,Completed,14.9,W20251005
T02357,V0366,D0176,R069,2025-06-16T20:16:00,2025-06-16T23:57:00,70,Completed,19.0,W20250616
T02358,V0235,D0003,R045,2025-05-08T03:37:00,2025-05-08T07:01:00,70,Completed,20.6,W20250508
T02359,V0294,D0304,R086,2025-11-18T13:18:00,2025-11-18T15:36:00,65,Cancelled,28.3,W20251118
T02360,V0012,D0459,R082,2025-11-26T04:16:00,2025-11-26T05:31:00,75,Completed,60.0,W20251126
T02361,V0129,D0559,R065,2025-11-19T14:59:00,2025-11-19T19:06:00,70,Cancelled,17.0,W20251119
T02362,V0387,D0694,R081,2025-11-28T03:04:00,2025-11-28T03:54:00,55,Completed,66.0,W20251128
T02363,V0326,D0437,R037,2025-12-06T10:25:00,2025-12-06T12:55:00,95,Completed,38.0,W20251206
T02364,V0212,D0254,R030,2025-04-30T06:31:00,2025-04-30T08:10:00,65,Completed,39.4,W20250430
T02365,V0104,D0392,R071,2025-11-05T17:32:00,2025-11-05T20:25:00,95,Completed,32.9,W20251105
T02366,V0491,D0558,R041,2025-10-21T10:27:00,2025-10-21T14:14:00,65,Completed,17.2,W20251021
T02367,V0188,D0527,R050,2025-03-20T10:28:00,2025-03-20T12:09:00,95,Completed,56.4,W20250320
T02368,V0015,D0240,R049,2025-01-18T09:04:00,2025-01-18T13:26:00,85,Completed,19.5,W20250118
T02369,V0271,D0647,R059,2025-05-11T07:22:00,2025-05-11T08:50:00,75,Cancelled,51.1,W20250511
T02370,V0463,D0288,R099,2025-04-01T07:44:00,2025-04-01T12:13:00,55,Cancelled,12.3,W20250401
T02371,V0440,D0066,R017,2025-08-07T09:10:00,2025-08-07T11:38:00,95,Completed,38.5,W20250807
T02372,V0072,D0134,R045,2025-04-17T19:38:00,2025-04-17T22:18:00,70,Completed,26.2,W20250417
T02373,V0407,D0199,R019,2025-02-02T21:48:00,2025-02-02T22:52:00,55,Completed,51.6,W20250202
T02374,V0320,D0497,R022,2025-01-05T12:07:00,2025-01-05T15:01:00,70,Completed,24.1,W20250105
T02375,V0420,D0028,R062,2025-09-03T19:44:00,2025-09-03T21:32:00,70,Completed,38.9,W20250903
T02376,V0329,D0117,R098,2025-02-05T04:42:00,2025-02-05T09:02:00,75,Completed,17.3,W20250205
T02377,V0111,D0689,R007,2025-11-27T03:51:00,2025-11-27T05:11:00,70,Completed,52.5,W20251127
T02378,V0386,D0425,R046,2025-01-13T06:34:00,2025-01-13T09:17:00,70,Completed,25.8,W20250113
T02379,V0432,D0359,R027,2025-02-01T04:41:00,2025-02-01T08:16:00,85,Completed,23.7,W20250201
T02380,V0058,D0674,R100,2025-05-08T01:50:00,2025-05-08T03:26:00,75,Cancelled,46.9,W20250508
T02381,V0224,D0343,R059,2025-10-03T04:53:00,2025-10-03T07:38:00,75,Cancelled,27.3,W20251003
T02382,V0113,D0193,R056,2025-04-18T04:04:00,2025-04-18T05:00:00,95,Completed,101.8,W20250418
T02383,V0474,D0039,R085,2025-02-08T08:48:00,2025-02-08T10:35:00,55,Completed,30.8,W20250208
T02384,V0453,D0183,R070,2025-11-15T21:34:00,2025-11-16T01:43:00,55,Completed,13.3,W20251115
T02385,V0322,D0345,R074,2025-02-19T04:23:00,2025-02-19T09:12:00,95,Completed,19.7,W20250219
T02386,V0028,D0322,R095,2025-07-08T12:27:00,2025-07-08T15:22:00,85,Cancelled,29.1,W20250708
T02387,V0261,D0560,R072,2025-04-24T14:18:00,2025-04-24T16:12:00,75,Completed,39.5,W20250424
T02388,V0380,D0424,R015,2025-10-01T06:37:00,2025-10-01T11:17:00,75,Completed,16.1,W20251001
T02389,V0266,D0128,R048,2025-06-18T02:57:00,2025-06-18T05:00:00,75,Completed,36.6,W20250618
T02390,V0428,D0061,R001,2025-02-13T20:52:00,2025-02-14T01:23:00,85,Completed,18.8,W20250213
T02391,V0022,D0407,R069,2025-12-13T05:03:00,2025-12-13T08:03:00,70,Completed,23.3,W20251213
T02392,V0477,D0257,R036,2025-09-16T16:01:00,2025-09-16T16:50:00,75,Completed,91.8,W20250916
T02393,V0131,D0048,R062,2025-05-08T06:39:00,2025-05-08T10:50:00,70,Completed,16.7,W20250508
T02394,V0141,D0620,R062,2025-06-18T18:05:00,2025-06-18T22:59:00,70,Completed,14.3,W20250618
T02395,V0419,D0160,R086,2025-12-24T23:12:00,2025-12-25T02:53:00,65,Completed,17.6,W20251224
T02396,V0005,D0653,R086,2025-11-09T16:34:00,2025-11-09T21:07:00,65,Completed,14.3,W20251109
T02397,V0178,D0438,R091,2025-07-02T21:21:00,2025-07-03T00:37:00,70,Completed,21.4,W20250702
T02398,V0415,D0549,R039,2025-12-18T00:38:00,2025-12-18T05:11:00,55,Cancelled,12.1,W20251218
T02399,V0281,D0337,R076,2025-11-11T23:19:00,2025-11-12T00:24:00,95,Cancelled,87.7,W20251111
T02400,V0355,D0447,R026,2025-10-02T09:02:00,2025-10-02T12:19:00,70,Completed,21.3,W20251002
T02401,V0065,D0215,R052,2025-05-27T02:28:00,2025-05-27T06:31:00,65,Completed,16.0,W20250527
T02402,V0209,D0431,R071,2025-08-14T12:57:00,2025-08-14T17:43:00,95,Cancelled,19.9,W20250814
T02403,V0395,D0430,R097,2025-11-05T01:29:00,2025-11-05T03:49:00,65,Completed,27.9,W20251105
T02404,V0400,D0697,R061,2025-04-14T12:00:00,2025-04-14T15:42:00,75,Cancelled,20.3,W20250414
T02405,V0381,D0302,R026,2025-06-19T14:12:00,2025-06-19T18:47:00,70,Completed,15.3,W20250619
T02406,V0075,D0538,R039,2025-12-08T12:35:00,2025-12-08T15:27:00,55,Cancelled,19.2,W20251208
T02407,V0241,D0276,R098,2025-09-21T08:33:00,2025-09-21T12:15:00,75,Completed,20.3,W20250921
T02408,V0056,D0413,R002,2025-11-13T01:24:00,2025-11-13T05:54:00,75,Completed,16.7,W20251113
T02409,V0360,D0169,R012,2025-12-14T21:06:00,2025-12-15T00:45:00,95,Completed,26.0,W20251214
T02410,V0219,D0604,R041,2025-07-28T15:51:00,2025-07-28T20:45:00,65,Cancelled,13.3,W20250728
T02411,V0378,D0674,R035,2025-09-19T16:01:00,2025-09-19T19:15:00,95,Completed,29.4,W20250919
T02412,V0365,D0189,R023,2025-08-23T19:46:00,2025-08-23T23:28:00,95,Completed,25.7,W20250823
T02413,V0363,D0545,R039,2025-05-19T17:41:00,2025-05-19T20:40:00,55,Cancelled,18.4,W20250519
T02414,V0182,D0641,R042,2025-09-27T12:05:00,2025-09-27T14:55:00,75,Completed,26.5,W20250927
T02415,V0377,D0434,R091,2025-02-24T17:10:00,2025-02-24T22:01:00,70,Completed,14.4,W20250224
T02416,V0300,D0025,R035,2025-12-24T02:39:00,2025-12-24T05:25:00,95,Cancelled,34.3,W20251224
T02417,V0296,D0146,R086,2025-07-17T13:45:00,2025-07-17T18:13:00,65,Completed,14.6,W20250717
T02418,V0224,D0160,R046,2025-12-12T19:38:00,2025-12-12T21:48:00,70,Completed,32.3,W20251212
T02419,V0482,D0133,R027,2025-07-20T09:53:00,2025-07-20T13:48:00,85,Completed,21.7,W20250720
T02420,V0392,D0022,R073,2025-12-27T11:39:00,2025-12-27T13:48:00,85,Completed,39.5,W20251227
T02421,V0181,D0053,R006,2025-11-27T06:05:00,2025-11-27T09:54:00,95,Completed,24.9,W20251127
T02422,V0276,D0067,R067,2025-02-03T04:30:00,2025-02-03T08:04:00,55,Completed,15.4,W20250203
T02423,V0275,D0389,R051,2025-02-09T03:26:00,2025-02-09T05:06:00,70,Completed,42.0,W20250209
T02424,V0379,D0277,R006,2025-04-07T07:00:00,2025-04-07T10:30:00,95,Cancelled,27.1,W20250407
T02425,V0001,D0581,R021,2025-01-06T01:46:00,2025-01-06T05:45:00,75,Completed,18.8,W20250106
T02426,V0136,D0400,R004,2025-10-06T20:20:00,2025-10-06T22:36:00,65,Cancelled,28.7,W20251006
T02427,V0119,D0393,R050,2025-04-01T03:07:00,2025-04-01T07:27:00,95,Cancelled,21.9,W20250401
T02428,V0243,D0353,R056,2025-07-13T14:15:00,2025-07-13T16:12:00,95,Completed,48.7,W20250713
T02429,V0347,D0044,R048,2025-08-12T06:42:00,2025-08-12T08:37:00,75,Completed,39.1,W20250812
T02430,V0032,D0179,R011,2025-04-12T01:47:00,2025-04-12T02:46:00,85,Completed,86.4,W20250412
T02431,V0069,D0116,R010,2025-07-14T01:51:00,2025-07-14T04:57:00,75,Completed,24.2,W20250714
T02432,V0065,D0564,R016,2025-11-07T15:45:00,2025-11-07T20:24:00,65,Completed,14.0,W20251107
T02433,V0430,D0159,R081,2025-08-28T06:21:00,2025-08-28T08:31:00,55,Completed,25.4,W20250828
T02434,V0142,D0655,R024,2025-02-17T18:09:00,2025-02-17T19:59:00,55,Cancelled,30.0,W20250217
T02435,V0042,D0051,R007,2025-12-28T00:15:00,2025-12-28T01:29:00,70,Cancelled,56.8,W20251228
T02436,V0094,D0260,R050,2025-05-27T09:56:00,2025-05-27T12:38:00,95,Completed,35.2,W20250527
T02437,V0181,D0097,R040,2025-07-02T16:47:00,2025-07-02T20:08:00,95,Completed,28.4,W20250702
T02438,V0264,D0342,R069,2025-04-25T04:07:00,2025-04-25T06:31:00,70,Completed,29.2,W20250425
T02439,V0337,D0253,R046,2025-03-10T14:19:00,2025-03-10T17:03:00,70,Completed,25.6,W20250310
T02440,V0381,D0479,R075,2025-03-15T03:20:00,2025-03-15T07:21:00,85,Completed,21.2,W20250315
T02441,V0060,D0455,R021,2025-02-18T15:14:00,2025-02-18T16:23:00,75,Cancelled,65.2,W20250218
T02442,V0206,D0022,R035,2025-05-13T00:20:00,2025-05-13T05:09:00,95,Completed,19.7,W20250513
T02443,V0266,D0121,R097,2025-03-25T08:15:00,2025-03-25T09:08:00,65,Completed,73.6,W20250325
T02444,V0375,D0670,R067,2025-11-27T10:48:00,2025-11-27T13:49:00,55,Completed,18.2,W20251127
T02445,V0428,D0383,R003,2025-01-30T06:08:00,2025-01-30T06:59:00,85,Completed,100.0,W20250130
T02446,V0031,D0161,R078,2025-09-23T23:07:00,2025-09-24T03:05:00,75,Completed,18.9,W20250923
T02447,V0083,D0266,R052,2025-02-13T10:48:00,2025-02-13T15:23:00,65,Completed,14.2,W20250213
T02448,V0068,D0694,R029,2025-11-02T04:26:00,2025-11-02T05:20:00,70,Completed,77.8,W20251102
T02449,V0367,D0681,R016,2025-04-02T06:21:00,2025-04-02T10:12:00,65,Completed,16.9,W20250402
T02450,V0014,D0457,R020,2025-08-10T00:40:00,2025-08-10T04:26:00,65,Completed,17.3,W20250810
T02451,V0030,D0046,R024,2025-02-04T03:16:00,2025-02-04T07:58:00,55,Completed,11.7,W20250204
T02452,V0398,D0214,R089,2025-08-03T15:14:00,2025-08-03T19:47:00,85,Completed,18.7,W20250803
T02453,V0293,D0021,R076,2025-06-08T17:46:00,2025-06-08T20:23:00,95,Completed,36.3,W20250608
T02454,V0006,D0149,R042,2025-01-06T12:19:00,2025-01-06T15:52:00,75,Completed,21.1,W20250106
T02455,V0131,D0314,R052,2025-04-13T07:12:00,2025-04-13T08:03:00,65,Completed,76.5,W20250413
T02456,V0260,D0681,R065,2025-11-12T03:03:00,2025-11-12T05:40:00,70,Completed,26.8,W20251112
T02457,V0468,D0077,R044,2025-03-24T18:46:00,2025-03-24T22:10:00,70,Completed,20.6,W20250324
T02458,V0430,D0391,R067,2025-07-10T04:24:00,2025-07-10T08:11:00,55,Cancelled,14.5,W20250710
T02459,V0172,D0545,R029,2025-05-15T12:20:00,2025-05-15T16:56:00,70,Completed,15.2,W20250515
T02460,V0439,D0305,R050,2025-02-02T18:00:00,2025-02-02T20:15:00,95,Completed,42.2,W20250202
T02461,V0217,D0494,R017,2025-03-23T16:52:00,2025-03-23T18:14:00,95,Completed,69.5,W20250323
T02462,V0492,D0124,R083,2025-07-17T19:06:00,2025-07-17T21:40:00,75,Completed,29.2,W20250717
T02463,V0119,D0458,R006,2025-04-02T03:23:00,2025-04-02T05:21:00,95,Completed,48.3,W20250402
T02464,V0050,D0605,R087,2025-03-13T23:59:00,2025-03-14T01:21:00,55,Completed,40.2,W20250313
T02465,V0297,D0366,R086,2025-01-14T20:03:00,2025-01-14T22:50:00,65,Completed,23.4,W20250114
T02466,V0269,D0021,R034,2025-04-05T02:22:00,2025-04-05T05:29:00,70,Completed,22.5,W20250405
T02467,V0197,D0371,R026,2025-03-24T05:45:00,2025-03-24T09:31:00,70,Completed,18.6,W20250324
T02468,V0328,D0228,R011,2025-09-20T11:22:00,2025-09-20T12:18:00,85,Cancelled,91.1,W20250920
T02469,V0381,D0208,R079,2025-08-17T14:32:00,2025-08-17T15:31:00,70,Completed,71.2,W20250817
T02470,V0002,D0181,R017,2025-09-11T02:01:00,2025-09-11T04:17:00,95,Completed,41.9,W20250911
T02471,V0220,D0254,R059,2025-10-05T15:35:00,2025-10-05T19:50:00,75,Completed,17.6,W20251005
T02472,V0186,D0139,R055,2025-10-17T12:28:00,2025-10-17T14:03:00,55,Completed,34.7,W20251017
T02473,V0418,D0579,R049,2025-01-14T18:58:00,2025-01-14T22:36:00,85,Cancelled,23.4,W20250114
T02474,V0140,D0326,R009,2025-06-08T08:57:00,2025-06-08T11:16:00,65,Completed,28.1,W20250608
T02475,V0058,D0345,R093,2025-06-19T00:11:00,2025-06-19T03:53:00,65,Completed,17.6,W20250619
T02476,V0196,D0433,R037,2025-11-15T02:05:00,2025-11-15T03:20:00,95,Completed,76.0,W20251115
T02477,V0427,D0106,R017,2025-11-25T20:55:00,2025-11-25T22:00:00,95,Completed,87.7,W20251125
T02478,V0417,D0661,R069,2025-02-22T14:40:00,2025-02-22T19:18:00,70,Completed,15.1,W20250222
T02479,V0006,D0442,R002,2025-12-14T06:45:00,2025-12-14T10:04:00,75,Completed,22.6,W20251214
T02480,V0137,D0196,R031,2025-10-23T12:08:00,2025-10-23T15:52:00,65,Completed,17.4,W20251023
T02481,V0261,D0416,R008,2025-07-06T22:39:00,2025-07-07T00:54:00,75,Completed,33.3,W20250706
T02482,V0284,D0696,R071,2025-08-10T21:28:00,2025-08-11T01:08:00,95,Completed,25.9,W20250810
T02483,V0068,D0442,R093,2025-12-22T11:53:00,2025-12-22T15:33:00,65,Completed,17.7,W20251222
T02484,V0327,D0155,R088,2025-11-17T02:16:00,2025-11-17T03:08:00,95,Cancelled,109.6,W20251117
T02485,V0466,D0289,R025,2025-06-20T09:40:00,2025-06-20T14:02:00,75,Completed,17.2,W20250620
T02486,V0213,D0546,R011,2025-09-12T08:14:00,2025-09-12T11:34:00,85,Completed,25.5,W20250912
T02487,V0128,D0219,R021,2025-08-18T21:20:00,2025-08-19T00:22:00,75,Cancelled,24.7,W20250818
T02488,V0281,D0548,R063,2025-03-07T17:45:00,2025-03-07T22:32:00,75,Completed,15.7,W20250307
T02489,V0006,D0378,R074,2025-03-13T12:52:00,2025-03-13T17:32:00,95,Completed,20.4,W20250313
T02490,V0260,D0399,R058,2025-04-06T15:38:00,2025-04-06T17:40:00,95,Completed,46.7,W20250406
T02491,V0393,D0474,R009,2025-12-07T02:36:00,2025-12-07T03:35:00,65,Completed,66.1,W20251207
T02492,V0247,D0134,R011,2025-10-07T17:30:00,2025-10-07T19:34:00,85,Completed,41.1,W20251007
T02493,V0394,D0068,R013,2025-12-09T00:06:00,2025-12-09T03:32:00,65,Completed,18.9,W20251209
T02494,V0366,D0690,R011,2025-01-12T19:07:00,2025-01-12T21:43:00,85,Completed,32.7,W20250112
T02495,V0015,D0594,R051,2025-05-14T01:12:00,2025-05-14T02:17:00,70,Completed,64.6,W20250514
T02496,V0249,D0016,R083,2025-07-02T12:56:00,2025-07-02T15:30:00,75,Completed,29.2,W20250702
T02497,V0365,D0402,R088,2025-11-04T13:29:00,2025-11-04T15:40:00,95,Completed,43.5,W20251104
T02498,V0424,D0089,R069,2025-05-23T11:09:00,2025-05-23T14:38:00,70,Completed,20.1,W20250523
T02499,V0462,D0423,R097,2025-03-27T09:13:00,2025-03-27T12:10:00,65,Completed,22.0,W20250327
T02500,V0458,D0179,R071,2025-01-29T00:32:00,2025-01-29T05:13:00,95,Cancelled,20.3,W20250129
T02501,V0375,D0350,R067,2025-01-14T08:00:00,2025-01-14T11:01:00,55,Completed,18.2,W20250114
T02502,V0334,D0343,R097,2025-01-05T04:13:00,2025-01-05T06:26:00,65,Cancelled,29.3,W20250105
T02503,V0292,D0610,R064,2025-05-28T21:29:00,2025-05-29T02:11:00,75,Completed,16.0,W20250528
T02504,V0150,D0538,R039,2025-06-16T08:41:00,2025-06-16T12:43:00,55,Cancelled,13.6,W20250616
T02505,V0032,D0338,R037,2025-05-08T20:27:00,2025-05-09T00:33:00,95,Completed,23.2,W20250508
T02506,V0465,D0401,R056,2025-11-02T13:50:00,2025-11-02T15:09:00,95,Cancelled,72.2,W20251102
T02507,V0074,D0531,R019,2025-07-25T00:01:00,2025-07-25T01:23:00,55,Completed,40.2,W20250725
T02508,V0276,D0172,R029,2025-07-29T20:27:00,2025-07-29T22:23:00,70,Cancelled,36.2,W20250729
T02509,V0149,D0090,R014,2025-10-07T11:55:00,2025-10-07T15:53:00,55,Cancelled,13.9,W20251007
T02510,V0131,D0223,R100,2025-08-11T00:33:00,2025-08-11T02:55:00,75,Cancelled,31.7,W20250811
T02511,V0005,D0299,R081,2025-01-24T17:32:00,2025-01-24T21:57:00,55,Completed,12.5,W20250124
T02512,V0336,D0277,R003,2025-03-04T11:47:00,2025-03-04T15:00:00,85,Cancelled,26.4,W20250304
T02513,V0446,D0555,R007,2025-06-29T15:45:00,2025-06-29T17:27:00,70,Cancelled,41.2,W20250629
T02514,V0082,D0552,R084,2025-12-21T04:51:00,2025-12-21T05:55:00,85,Cancelled,79.7,W20251221
T02515,V0133,D0124,R078,2025-04-09T18:39:00,2025-04-09T21:52:00,75,Completed,23.3,W20250409
T02516,V0345,D0332,R035,2025-05-10T11:32:00,2025-05-10T16:14:00,95,Completed,20.2,W20250510
T02517,V0339,D0227,R082,2025-05-08T10:14:00,2025-05-08T14:47:00,75,Completed,16.5,W20250508
T02518,V0373,D0294,R014,2025-03-19T14:57:00,2025-03-19T15:44:00,55,Completed,70.2,W20250319
T02519,V0266,D0563,R077,2025-07-05T01:21:00,2025-07-05T05:29:00,85,Completed,20.6,W20250705
T02520,V0459,D0548,R060,2025-08-25T04:23:00,2025-08-25T08:50:00,85,Completed,19.1,W20250825
T02521,V0296,D0132,R008,2025-08-17T13:19:00,2025-08-17T15:44:00,75,Completed,31.0,W20250817
T02522,V0228,D0484,R033,2025-06-18T01:21:00,2025-06-18T03:31:00,85,Completed,39.2,W20250618
T02523,V0249,D0125,R059,2025-11-08T11:03:00,2025-11-08T12:30:00,75,Cancelled,51.7,W20251108
T02524,V0445,D0246,R019,2025-06-25T12:56:00,2025-06-25T15:58:00,55,Completed,18.1,W20250625
T02525,V0046,D0377,R011,2025-04-24T20:47:00,2025-04-24T22:29:00,85,Completed,50.0,W20250424
T02526,V0090,D0505,R055,2025-06-10T16:56:00,2025-06-10T18:48:00,55,Completed,29.5,W20250610
T02527,V0048,D0378,R074,2025-05-28T03:55:00,2025-05-28T08:23:00,95,Cancelled,21.3,W20250528
T02528,V0451,D0006,R055,2025-12-28T08:04:00,2025-12-28T09:28:00,55,Completed,39.3,W20251228
T02529,V0292,D0270,R062,2025-03-27T06:32:00,2025-03-27T11:29:00,70,Completed,14.1,W20250327
T02530,V0164,D0327,R067,2025-02-06T02:46:00,2025-02-06T07:01:00,55,Cancelled,12.9,W20250206
T02531,V0139,D0010,R074,2025-12-30T00:19:00,2025-12-30T02:59:00,95,Completed,35.6,W20251230
T02532,V0481,D0412,R080,2025-05-20T07:15:00,2025-05-20T08:32:00,75,Completed,58.4,W20250520
T02533,V0340,D0271,R029,2025-08-04T14:48:00,2025-08-04T19:09:00,70,Completed,16.1,W20250804
T02534,V0060,D0137,R020,2025-11-13T18:49:00,2025-11-13T20:01:00,65,Completed,54.2,W20251113
T02535,V0313,D0152,R094,2025-04-05T15:16:00,2025-04-05T16:17:00,70,Cancelled,68.9,W20250405
T02536,V0250,D0143,R026,2025-02-22T21:17:00,2025-02-22T23:59:00,70,Completed,25.9,W20250222
T02537,V0472,D0379,R089,2025-02-06T08:01:00,2025-02-06T12:22:00,85,Completed,19.5,W20250206
T02538,V0491,D0072,R074,2025-11-24T19:38:00,2025-11-24T23:10:00,95,Cancelled,26.9,W20251124
T02539,V0433,D0540,R023,2025-07-11T04:32:00,2025-07-11T07:29:00,95,Completed,32.2,W20250711
T02540,V0481,D0086,R066,2025-12-16T05:46:00,2025-12-16T10:39:00,85,Completed,17.4,W20251216
T02541,V0396,D0010,R028,2025-04-20T21:52:00,2025-04-21T02:35:00,85,Completed,18.0,W20250420
T02542,V0098,D0248,R080,2025-01-18T05:28:00,2025-01-18T06:28:00,75,Completed,75.0,W20250118
T02543,V0140,D0198,R029,2025-05-30T01:39:00,2025-05-30T02:38:00,70,Completed,71.2,W20250530
T02544,V0216,D0188,R043,2025-10-11T06:25:00,2025-10-11T11:02:00,65,Completed,14.1,W20251011
T02545,V0083,D0404,R009,2025-11-17T01:10:00,2025-11-17T05:45:00,65,Cancelled,14.2,W20251117
T02546,V0436,D0601,R012,2025-09-10T07:03:00,2025-09-10T09:49:00,95,Cancelled,34.3,W20250910
T02547,V0433,D0611,R096,2025-11-18T12:53:00,2025-11-18T17:05:00,95,Completed,22.6,W20251118
T02548,V0017,D0180,R060,2025-06-29T06:38:00,2025-06-29T10:19:00,85,Completed,23.1,W20250629
T02549,V0407,D0506,R088,2025-09-28T04:17:00,2025-09-28T07:05:00,95,Cancelled,33.9,W20250928
T02550,V0261,D0028,R087,2025-09-06T01:27:00,2025-09-06T02:24:00,55,Completed,57.9,W20250906
T02551,V0499,D0366,R020,2025-06-22T17:05:00,2025-06-22T20:16:00,65,Completed,20.4,W20250622
T02552,V0260,D0032,R078,2025-02-24T18:56:00,2025-02-24T20:02:00,75,Completed,68.2,W20250224
T02553,V0458,D0616,R024,2025-06-17T04:44:00,2025-06-17T05:52:00,55,Completed,48.5,W20250617
T02554,V0291,D0697,R068,2025-10-07T16:03:00,2025-10-07T18:05:00,95,Cancelled,46.7,W20251007
T02555,V0193,D0034,R064,2025-06-25T03:29:00,2025-06-25T05:06:00,75,Completed,46.4,W20250625
T02556,V0338,D0562,R048,2025-05-10T21:18:00,2025-05-11T00:59:00,75,Completed,20.4,W20250510
T02557,V0260,D0438,R070,2025-02-07T17:58:00,2025-02-07T20:35:00,55,Completed,21.0,W20250207
T02558,V0434,D0068,R043,2025-02-06T12:52:00,2025-02-06T16:33:00,65,Completed,17.6,W20250206
T02559,V0119,D0225,R074,2025-09-26T03:12:00,2025-09-26T07:39:00,95,Completed,21.3,W20250926
T02560,V0252,D0476,R007,2025-12-18T15:44:00,2025-12-18T17:55:00,70,Completed,32.1,W20251218
T02561,V0436,D0282,R066,2025-08-06T10:40:00,2025-08-06T13:20:00,85,Completed,31.9,W20250806
T02562,V0041,D0294,R094,2025-06-06T00:00:00,2025-06-06T03:41:00,70,Completed,19.0,W20250606
T02563,V0080,D0265,R082,2025-02-19T15:50:00,2025-02-19T19:40:00,75,Cancelled,19.6,W20250219
T02564,V0497,D0210,R092,2025-12-03T03:19:00,2025-12-03T04:31:00,70,Cancelled,58.3,W20251203
T02565,V0060,D0223,R087,2025-05-11T02:01:00,2025-05-11T05:44:00,55,Cancelled,14.8,W20250511
T02566,V0164,D0118,R018,2025-03-11T03:28:00,2025-03-11T06:31:00,85,Cancelled,27.9,W20250311
T02567,V0435,D0576,R090,2025-04-22T05:03:00,2025-04-22T07:31:00,85,Completed,34.5,W20250422
T02568,V0231,D0312,R061,2025-06-14T02:20:00,2025-06-14T05:44:00,75,Completed,22.1,W20250614
T02569,V0375,D0340,R036,2025-03-28T16:31:00,2025-03-28T17:50:00,75,Cancelled,57.0,W20250328
T02570,V0408,D0104,R100,2025-04-17T06:11:00,2025-04-17T07:27:00,75,Completed,59.2,W20250417
T02571,V0101,D0254,R037,2025-05-23T01:42:00,2025-05-23T06:23:00,95,Completed,20.3,W20250523
T02572,V0355,D0465,R012,2025-10-30T23:28:00,2025-10-31T03:14:00,95,Completed,25.2,W20251030
T02573,V0455,D0615,R049,2025-10-25T23:31:00,2025-10-26T01:44:00,85,Completed,38.3,W20251025
T02574,V0414,D0010,R055,2025-03-29T09:26:00,2025-03-29T14:02:00,55,Cancelled,12.0,W20250329
T02575,V0365,D0402,R060,2025-05-03T13:51:00,2025-05-03T18:10:00,85,Completed,19.7,W20250503
T02576,V0021,D0327,R092,2025-03-19T08:27:00,2025-03-19T12:36:00,70,Completed,16.9,W20250319
T02577,V0085,D0539,R063,2025-01-14T14:27:00,2025-01-14T15:32:00,75,Completed,69.2,W20250114
T02578,V0483,D0538,R005,2025-03-08T03:46:00,2025-03-08T07:25:00,65,Cancelled,17.8,W20250308
T02579,V0067,D0184,R028,2025-06-20T07:58:00,2025-06-20T11:57:00,85,Completed,21.3,W20250620
T02580,V0007,D0422,R062,2025-04-26T16:31:00,2025-04-26T17:38:00,70,Cancelled,62.7,W20250426
T02581,V0366,D0023,R049,2025-02-07T22:58:00,2025-02-08T00:17:00,85,Completed,64.6,W20250207
T02582,V0057,D0423,R041,2025-09-05T01:37:00,2025-09-05T05:37:00,65,Completed,16.2,W20250905
T02583,V0274,D0598,R097,2025-08-03T12:53:00,2025-08-03T14:28:00,65,Completed,41.1,W20250803
T02584,V0488,D0689,R068,2025-07-24T05:52:00,2025-07-24T10:02:00,95,Completed,22.8,W20250724
T02585,V0416,D0598,R084,2025-03-15T07:02:00,2025-03-15T08:46:00,85,Completed,49.0,W20250315
T02586,V0032,D0428,R042,2025-08-01T00:19:00,2025-08-01T02:42:00,75,Cancelled,31.5,W20250801
T02587,V0437,D0434,R003,2025-05-10T14:50:00,2025-05-10T15:38:00,85,Completed,106.2,W20250510
T02588,V0242,D0362,R073,2025-04-15T01:02:00,2025-04-15T05:28:00,85,Cancelled,19.2,W20250415
T02589,V0433,D0375,R032,2025-10-25T10:43:00,2025-10-25T12:08:00,75,Completed,52.9,W20251025
T02590,V0486,D0575,R059,2025-05-12T08:24:00,2025-05-12T09:38:00,75,Completed,60.8,W20250512
T02591,V0107,D0550,R005,2025-10-11T01:58:00,2025-10-11T05:38:00,65,Completed,17.7,W20251011
T02592,V0020,D0186,R026,2025-02-14T15:40:00,2025-02-14T16:35:00,70,Completed,76.4,W20250214
T02593,V0169,D0292,R002,2025-06-26T09:41:00,2025-06-26T11:42:00,75,Completed,37.2,W20250626
T02594,V0486,D0489,R074,2025-11-24T04:24:00,2025-11-24T05:12:00,95,Cancelled,118.8,W20251124
T02595,V0454,D0357,R026,2025-01-23T19:47:00,2025-01-23T22:38:00,70,Completed,24.6,W20250123
T02596,V0272,D0360,R022,2025-10-21T00:39:00,2025-10-21T02:12:00,70,Completed,45.2,W20251021
T02597,V0023,D0057,R051,2025-11-12T03:34:00,2025-11-12T04:43:00,70,Completed,60.9,W20251112
T02598,V0068,D0595,R026,2025-12-26T00:32:00,2025-12-26T03:34:00,70,Completed,23.1,W20251226
T02599,V0001,D0209,R053,2025-11-14T12:12:00,2025-11-14T13:02:00,55,Completed,66.0,W20251114
T02600,V0090,D0529,R070,2025-02-10T13:25:00,2025-02-10T16:59:00,55,Cancelled,15.4,W20250210
T02601,V0464,D0673,R022,2025-05-20T03:29:00,2025-05-20T05:43:00,70,Completed,31.3,W20250520
T02602,V0378,D0252,R022,2025-10-18T07:52:00,2025-10-18T12:34:00,70,Completed,14.9,W20251018
T02603,V0217,D0501,R047,2025-10-30T08:08:00,2025-10-30T11:37:00,55,Completed,15.8,W20251030
T02604,V0255,D0305,R087,2025-09-09T20:34:00,2025-09-09T22:39:00,55,Completed,26.4,W20250909
T02605,V0101,D0697,R063,2025-11-15T06:54:00,2025-11-15T11:08:00,75,Completed,17.7,W20251115
T02606,V0318,D0317,R073,2025-02-07T05:10:00,2025-02-07T06:39:00,85,Cancelled,57.3,W20250207
T02607,V0488,D0110,R100,2025-07-23T13:00:00,2025-07-23T14:43:00,75,Completed,43.7,W20250723
T02608,V0381,D0407,R015,2025-12-14T14:54:00,2025-12-14T15:47:00,75,Completed,84.9,W20251214
T02609,V0275,D0042,R013,2025-04-22T22:17:00,2025-04-23T02:14:00,65,Completed,16.5,W20250422
T02610,V0196,D0539,R050,2025-05-09T10:18:00,2025-05-09T11:41:00,95,Cancelled,68.7,W20250509
T02611,V0305,D0232,R029,2025-06-28T19:35:00,2025-06-28T23:53:00,70,Cancelled,16.3,W20250628
T02612,V0069,D0537,R055,2025-04-17T22:38:00,2025-04-18T01:16:00,55,Completed,20.9,W20250417
T02613,V0444,D0375,R072,2025-03-08T05:31:00,2025-03-08T06:30:00,75,Cancelled,76.3,W20250308
T02614,V0253,D0067,R069,2025-11-12T07:19:00,2025-11-12T10:44:00,70,Completed,20.5,W20251112
T02615,V0459,D0234,R046,2025-06-03T07:28:00,2025-06-03T09:36:00,70,Completed,32.8,W20250603
T02616,V0049,D0672,R041,2025-06-21T03:48:00,2025-06-21T04:45:00,65,Completed,68.4,W20250621
T02617,V0031,D0016,R079,2025-12-30T13:19:00,2025-12-30T17:59:00,70,Completed,15.0,W20251230
T02618,V0063,D0179,R024,2025-02-19T15:17:00,2025-02-19T20:08:00,55,Completed,11.3,W20250219
T02619,V0326,D0274,R011,2025-09-14T21:46:00,2025-09-14T23:02:00,85,Cancelled,67.1,W20250914
T02620,V0333,D0389,R036,2025-03-20T23:04:00,2025-03-21T00:03:00,75,Completed,76.3,W20250320
T02621,V0338,D0435,R096,2025-05-06T12:59:00,2025-05-06T17:24:00,95,Completed,21.5,W20250506
T02622,V0184,D0572,R090,2025-10-28T00:21:00,2025-10-28T03:24:00,85,Completed,27.9,W20251028
T02623,V0045,D0057,R079,2025-11-27T14:21:00,2025-11-27T16:24:00,70,Cancelled,34.1,W20251127
T02624,V0356,D0371,R042,2025-04-03T09:44:00,2025-04-03T13:40:00,75,Completed,19.1,W20250403
T02625,V0002,D0058,R086,2025-06-09T08:32:00,2025-06-09T13:04:00,65,Completed,14.3,W20250609
T02626,V0110,D0101,R099,2025-08-22T09:54:00,2025-08-22T13:26:00,55,Completed,15.6,W20250822
T02627,V0168,D0489,R076,2025-11-06T19:30:00,2025-11-06T23:13:00,95,Completed,25.6,W20251106
T02628,V0306,D0264,R017,2025-07-24T19:20:00,2025-07-24T22:34:00,95,Completed,29.4,W20250724
T02629,V0354,D0325,R097,2025-08-29T19:58:00,2025-08-29T21:47:00,65,Cancelled,35.8,W20250829
T02630,V0248,D0243,R024,2025-02-19T06:08:00,2025-02-19T10:27:00,55,Cancelled,12.7,W20250219
T02631,V0044,D0080,R027,2025-08-20T04:22:00,2025-08-20T05:43:00,85,Completed,63.0,W20250820
T02632,V0161,D0614,R094,2025-08-13T14:28:00,2025-08-13T16:15:00,70,Completed,39.3,W20250813
T02633,V0217,D0673,R093,2025-09-02T05:36:00,2025-09-02T07:03:00,65,Completed,44.8,W20250902
T02634,V0205,D0062,R056,2025-06-13T06:08:00,2025-06-13T10:41:00,95,Completed,20.9,W20250613
T02635,V0419,D0665,R007,2025-09-23T07:47:00,2025-09-23T09:37:00,70,Completed,38.2,W20250923
T02636,V0091,D0427,R066,2025-03-02T11:41:00,2025-03-02T16:09:00,85,Cancelled,19.0,W20250302
T02637,V0113,D0113,R006,2025-11-22T00:17:00,2025-11-22T04:10:00,95,Completed,24.5,W20251122
T02638,V0470,D0690,R070,2025-02-08T11:23:00,2025-02-08T12:14:00,55,Completed,64.7,W20250208
T02639,V0453,D0599,R069,2025-08-12T06:17:00,2025-08-12T10:01:00,70,Cancelled,18.8,W20250812
T02640,V0460,D0442,R077,2025-01-26T09:32:00,2025-01-26T14:08:00,85,Completed,18.5,W20250126
T02641,V0017,D0005,R086,2025-01-02T13:15:00,2025-01-02T14:24:00,65,Completed,56.5,W20250102
T02642,V0306,D0659,R038,2025-03-23T08:49:00,2025-03-23T11:11:00,95,Completed,40.1,W20250323
T02643,V0088,D0245,R061,2025-08-27T03:07:00,2025-08-27T05:18:00,75,Completed,34.4,W20250827
T02644,V0299,D0372,R050,2025-02-10T23:54:00,2025-02-11T04:27:00,95,Completed,20.9,W20250210
T02645,V0413,D0174,R008,2025-09-10T09:43:00,2025-09-10T12:57:00,75,Completed,23.2,W20250910
T02646,V0339,D0081,R057,2025-02-12T16:33:00,2025-02-12T18:01:00,75,Cancelled,51.1,W20250212
T02647,V0364,D0500,R100,2025-12-16T06:48:00,2025-12-16T11:24:00,75,Completed,16.3,W20251216
T02648,V0348,D0154,R085,2025-08-01T19:56:00,2025-08-01T21:35:00,55,Completed,33.3,W20250801
T02649,V0198,D0481,R028,2025-10-23T15:52:00,2025-10-23T18:10:00,85,Cancelled,37.0,W20251023
T02650,V0415,D0668,R019,2025-10-09T19:01:00,2025-10-09T20:27:00,55,Cancelled,38.4,W20251009
T02651,V0034,D0501,R054,2025-01-22T22:38:00,2025-01-23T03:03:00,95,Cancelled,21.5,W20250122
T02652,V0009,D0634,R069,2025-07-16T14:31:00,2025-07-16T19:06:00,70,Completed,15.3,W20250716
T02653,V0348,D0201,R086,2025-07-24T12:48:00,2025-07-24T17:03:00,65,Completed,15.3,W20250724
T02654,V0192,D0174,R046,2025-08-09T12:40:00,2025-08-09T14:36:00,70,Completed,36.2,W20250809
T02655,V0366,D0606,R024,2025-06-15T15:12:00,2025-06-15T16:14:00,55,Completed,53.2,W20250615
T02656,V0128,D0532,R055,2025-10-03T15:10:00,2025-10-03T18:17:00,55,Cancelled,17.6,W20251003
T02657,V0391,D0122,R044,2025-04-02T14:00:00,2025-04-02T18:48:00,70,Cancelled,14.6,W20250402
T02658,V0388,D0146,R098,2025-03-31T09:21:00,2025-03-31T11:35:00,75,Completed,33.6,W20250331
T02659,V0133,D0002,R097,2025-08-01T06:52:00,2025-08-01T11:27:00,65,Completed,14.2,W20250801
T02660,V0013,D0207,R049,2025-05-15T18:50:00,2025-05-15T23:36:00,85,Completed,17.8,W20250515
T02661,V0284,D0576,R031,2025-11-21T21:10:00,2025-11-21T22:54:00,65,Completed,37.5,W20251121
T02662,V0171,D0258,R094,2025-09-09T14:46:00,2025-09-09T15:57:00,70,Cancelled,59.2,W20250909
T02663,V0491,D0065,R095,2025-10-11T02:44:00,2025-10-11T04:15:00,85,Completed,56.0,W20251011
T02664,V0284,D0332,R019,2025-11-14T06:22:00,2025-11-14T09:45:00,55,Completed,16.3,W20251114
T02665,V0122,D0467,R094,2025-09-24T08:01:00,2025-09-24T11:10:00,70,Completed,22.2,W20250924
T02666,V0185,D0144,R037,2025-03-28T11:28:00,2025-03-28T13:42:00,95,Completed,42.5,W20250328
T02667,V0372,D0067,R085,2025-06-04T16:12:00,2025-06-04T17:11:00,55,Completed,55.9,W20250604
T02668,V0114,D0110,R019,2025-03-21T11:06:00,2025-03-21T14:10:00,55,Completed,17.9,W20250321
T02669,V0165,D0617,R017,2025-01-19T20:28:00,2025-01-19T22:26:00,95,Completed,48.3,W20250119
T02670,V0422,D0294,R075,2025-07-04T10:56:00,2025-07-04T15:28:00,85,Cancelled,18.8,W20250704
T02671,V0170,D0239,R044,2025-01-21T12:07:00,2025-01-21T15:48:00,70,Cancelled,19.0,W20250121
T02672,V0185,D0409,R006,2025-04-14T11:57:00,2025-04-14T16:03:00,95,Completed,23.2,W20250414
T02673,V0104,D0696,R085,2025-07-09T22:02:00,2025-07-10T02:56:00,55,Completed,11.2,W20250709
T02674,V0362,D0300,R085,2025-01-31T04:17:00,2025-01-31T09:01:00,55,Completed,11.6,W20250131
T02675,V0483,D0305,R078,2025-08-11T22:22:00,2025-08-12T03:07:00,75,Completed,15.8,W20250811
T02676,V0012,D0696,R018,2025-04-19T04:02:00,2025-04-19T05:15:00,85,Cancelled,69.9,W20250419
T02677,V0037,D0362,R089,2025-10-23T04:07:00,2025-10-23T05:48:00,85,Completed,50.5,W20251023
T02678,V0431,D0335,R019,2025-03-06T09:39:00,2025-03-06T13:30:00,55,Completed,14.3,W20250306
T02679,V0106,D0316,R091,2025-09-19T11:59:00,2025-09-19T14:33:00,70,Completed,27.3,W20250919
T02680,V0391,D0019,R080,2025-05-18T13:14:00,2025-05-18T16:22:00,75,Completed,23.9,W20250518
T02681,V0430,D0515,R084,2025-11-20T13:18:00,2025-11-20T14:29:00,85,Completed,71.8,W20251120
T02682,V0203,D0260,R024,2025-10-09T14:22:00,2025-10-09T18:42:00,55,Cancelled,12.7,W20251009
T02683,V0305,D0209,R016,2025-03-05T22:02:00,2025-03-06T01:34:00,65,Completed,18.4,W20250305
T02684,V0462,D0456,R007,2025-12-04T15:06:00,2025-12-04T16:38:00,70,Cancelled,45.7,W20251204
T02685,V0479,D0649,R070,2025-05-13T01:08:00,2025-05-13T05:40:00,55,Completed,12.1,W20250513
T02686,V0047,D0298,R034,2025-03-18T04:43:00,2025-03-18T08:29:00,70,Cancelled,18.6,W20250318
T02687,V0372,D0458,R095,2025-08-13T16:53:00,2025-08-13T18:14:00,85,Completed,63.0,W20250813
T02688,V0248,D0164,R069,2025-08-21T21:23:00,2025-08-22T02:19:00,70,Completed,14.2,W20250821
T02689,V0421,D0064,R064,2025-05-01T13:53:00,2025-05-01T16:27:00,75,Completed,29.2,W20250501
T02690,V0209,D0346,R048,2025-04-26T10:16:00,2025-04-26T14:46:00,75,Completed,16.7,W20250426
T02691,V0283,D0298,R083,2025-03-11T23:04:00,2025-03-12T02:43:00,75,Cancelled,20.5,W20250311
T02692,V0136,D0012,R027,2025-06-08T10:20:00,2025-06-08T12:23:00,85,Completed,41.5,W20250608
T02693,V0472,D0299,R050,2025-02-11T03:19:00,2025-02-11T07:15:00,95,Completed,24.2,W20250211
T02694,V0115,D0108,R096,2025-08-03T00:07:00,2025-08-03T02:35:00,95,Completed,38.5,W20250803
T02695,V0315,D0539,R067,2025-12-28T02:27:00,2025-12-28T05:37:00,55,Completed,17.4,W20251228
T02696,V0359,D0273,R004,2025-02-13T23:57:00,2025-02-14T01:28:00,65,Cancelled,42.9,W20250213
T02697,V0256,D0154,R032,2025-01-06T00:03:00,2025-01-06T04:13:00,75,Completed,18.0,W20250106
T02698,V0154,D0401,R036,2025-02-10T13:14:00,2025-02-10T16:20:00,75,Completed,24.2,W20250210
T02699,V0251,D0336,R078,2025-03-17T03:48:00,2025-03-17T08:20:00,75,Completed,16.5,W20250317
T02700,V0230,D0453,R022,2025-04-27T12:41:00,2025-04-27T13:47:00,70,Completed,63.6,W20250427
T02701,V0335,D0049,R059,2025-12-02T08:00:00,2025-12-02T09:00:00,75,Completed,75.0,W20251202
T02702,V0124,D0241,R038,2025-10-04T10:22:00,2025-10-04T14:03:00,95,Completed,25.8,W20251004
T02703,V0144,D0542,R024,2025-05-11T16:52:00,2025-05-11T21:07:00,55,Cancelled,12.9,W20250511
T02704,V0471,D0449,R039,2025-12-08T20:15:00,2025-12-09T00:25:00,55,Completed,13.2,W20251208
T02705,V0207,D0686,R035,2025-12-24T00:24:00,2025-12-24T01:32:00,95,Cancelled,83.8,W20251224
T02706,V0197,D0606,R099,2025-08-18T00:13:00,2025-08-18T02:11:00,55,Completed,28.0,W20250818
T02707,V0268,D0483,R027,2025-10-11T13:08:00,2025-10-11T13:56:00,85,Cancelled,106.2,W20251011
T02708,V0076,D0039,R027,2025-12-07T02:58:00,2025-12-07T06:10:00,85,Completed,26.6,W20251207
T02709,V0141,D0686,R100,2025-01-13T16:15:00,2025-01-13T17:03:00,75,Completed,93.8,W20250113
T02710,V0143,D0400,R065,2025-07-19T05:44:00,2025-07-19T09:21:00,70,Completed,19.4,W20250719
T02711,V0199,D0609,R090,2025-01-28T15:01:00,2025-01-28T16:58:00,85,Completed,43.6,W20250128
T02712,V0190,D0035,R095,2025-01-08T06:48:00,2025-01-08T09:38:00,85,Cancelled,30.0,W20250108
T02713,V0302,D0168,R079,2025-02-16T23:50:00,2025-02-17T02:00:00,70,Completed,32.3,W20250216
T02714,V0279,D0563,R066,2025-09-12T06:07:00,2025-09-12T09:26:00,85,Cancelled,25.6,W20250912
T02715,V0476,D0120,R015,2025-11-09T11:53:00,2025-11-09T13:35:00,75,Completed,44.1,W20251109
T02716,V0145,D0175,R091,2025-04-03T03:40:00,2025-04-03T08:16:00,70,Cancelled,15.2,W20250403
T02717,V0320,D0019,R025,2025-12-29T07:34:00,2025-12-29T10:00:00,75,Cancelled,30.8,W20251229
T02718,V0296,D0118,R048,2025-04-17T16:42:00,2025-04-17T18:27:00,75,Completed,42.9,W20250417
T02719,V0421,D0516,R016,2025-12-21T20:40:00,2025-12-22T00:13:00,65,Completed,18.3,W20251221
T02720,V0485,D0126,R040,2025-06-03T23:37:00,2025-06-04T02:48:00,95,Completed,29.8,W20250603
T02721,V0242,D0490,R038,2025-09-10T19:47:00,2025-09-10T22:03:00,95,Cancelled,41.9,W20250910
T02722,V0021,D0080,R087,2025-07-10T09:55:00,2025-07-10T11:17:00,55,Completed,40.2,W20250710
T02723,V0335,D0642,R033,2025-04-04T06:23:00,2025-04-04T09:41:00,85,Cancelled,25.8,W20250404
T02724,V0307,D0043,R006,2025-12-29T10:50:00,2025-12-29T15:04:00,95,Completed,22.4,W20251229
T02725,V0135,D0148,R082,2025-01-30T06:30:00,2025-01-30T09:04:00,75,Completed,29.2,W20250130
T02726,V0432,D0423,R020,2025-03-20T01:37:00,2025-03-20T03:25:00,65,Completed,36.1,W20250320
T02727,V0141,D0267,R096,2025-07-26T05:59:00,2025-07-26T07:13:00,95,Cancelled,77.0,W20250726
T02728,V0138,D0414,R076,2025-04-10T13:29:00,2025-04-10T17:43:00,95,Completed,22.4,W20250410
T02729,V0235,D0262,R019,2025-08-01T15:17:00,2025-08-01T19:50:00,55,Completed,12.1,W20250801
T02730,V0407,D0244,R038,2025-10-06T18:28:00,2025-10-06T19:51:00,95,Completed,68.7,W20251006
T02731,V0468,D0404,R003,2025-04-19T06:53:00,2025-04-19T09:17:00,85,Completed,35.4,W20250419
T02732,V0116,D0677,R087,2025-03-07T02:29:00,2025-03-07T07:20:00,55,Completed,11.3,W20250307
T02733,V0173,D0631,R041,2025-07-27T13:48:00,2025-07-27T18:08:00,65,Completed,15.0,W20250727
T02734,V0291,D0074,R059,2025-06-17T13:14:00,2025-06-17T16:40:00,75,Completed,21.8,W20250617
T02735,V0175,D0104,R085,2025-09-03T02:06:00,2025-09-03T06:42:00,55,Completed,12.0,W20250903
T02736,V0499,D0042,R071,2025-11-11T11:04:00,2025-11-11T14:27:00,95,Cancelled,28.1,W20251111
T02737,V0462,D0189,R022,2025-01-16T13:26:00,2025-01-16T15:04:00,70,Completed,42.9,W20250116
T02738,V0352,D0588,R039,2025-01-19T20:28:00,2025-01-19T23:50:00,55,Cancelled,16.3,W20250119
T02739,V0406,D0576,R001,2025-05-24T04:21:00,2025-05-24T06:52:00,85,Completed,33.8,W20250524
T02740,V0248,D0431,R056,2025-05-06T19:55:00,2025-05-07T00:09:00,95,Cancelled,22.4,W20250506
T02741,V0186,D0250,R045,2025-02-26T09:31:00,2025-02-26T11:11:00,70,Completed,42.0,W20250226
T02742,V0122,D0678,R067,2025-10-10T20:29:00,2025-10-10T21:33:00,55,Cancelled,51.6,W20251010
T02743,V0253,D0432,R032,2025-10-04T00:37:00,2025-10-04T03:07:00,75,Completed,30.0,W20251004
T02744,V0329,D0333,R021,2025-04-26T19:14:00,2025-04-26T22:48:00,75,Completed,21.0,W20250426
T02745,V0418,D0224,R003,2025-05-22T14:57:00,2025-05-22T17:57:00,85,Cancelled,28.3,W20250522
T02746,V0154,D0356,R031,2025-04-14T05:10:00,2025-04-14T09:43:00,65,Completed,14.3,W20250414
T02747,V0215,D0516,R065,2025-07-15T11:50:00,2025-07-15T13:10:00,70,Cancelled,52.5,W20250715
T02748,V0016,D0261,R043,2025-03-27T12:42:00,2025-03-27T14:54:00,65,Completed,29.5,W20250327
T02749,V0099,D0243,R056,2025-04-23T00:22:00,2025-04-23T04:05:00,95,Completed,25.6,W20250423
T02750,V0160,D0250,R055,2025-04-04T18:23:00,2025-04-04T23:04:00,55,Completed,11.7,W20250404
T02751,V0296,D0412,R036,2025-05-26T11:28:00,2025-05-26T12:15:00,75,Completed,95.7,W20250526
T02752,V0019,D0415,R060,2025-02-24T00:16:00,2025-02-24T03:26:00,85,Completed,26.8,W20250224
T02753,V0014,D0019,R053,2025-06-13T00:09:00,2025-06-13T05:07:00,55,Cancelled,11.1,W20250613
T02754,V0051,D0516,R088,2025-12-27T12:50:00,2025-12-27T14:37:00,95,Cancelled,53.3,W20251227
T02755,V0167,D0609,R097,2025-09-26T13:04:00,2025-09-26T15:19:00,65,Completed,28.9,W20250926
T02756,V0010,D0602,R069,2025-04-02T04:50:00,2025-04-02T06:59:00,70,Completed,32.6,W20250402
T02757,V0057,D0522,R093,2025-06-20T11:09:00,2025-06-20T12:04:00,65,Completed,70.9,W20250620
T02758,V0072,D0191,R054,2025-09-29T19:05:00,2025-09-29T19:55:00,95,Cancelled,114.0,W20250929
T02759,V0339,D0253,R010,2025-07-06T00:01:00,2025-07-06T03:06:00,75,Completed,24.3,W20250706
T02760,V0474,D0467,R071,2025-11-04T11:50:00,2025-11-04T13:29:00,95,Completed,57.6,W20251104
T02761,V0142,D0142,R044,2025-03-15T17:26:00,2025-03-15T19:05:00,70,Completed,42.4,W20250315
T02762,V0305,D0197,R067,2025-05-15T21:28:00,2025-05-16T00:22:00,55,Cancelled,19.0,W20250515
T02763,V0412,D0296,R007,2025-06-14T21:36:00,2025-06-15T02:04:00,70,Completed,15.7,W20250614
T02764,V0366,D0271,R005,2025-11-10T23:39:00,2025-11-11T00:42:00,65,Completed,61.9,W20251110
T02765,V0148,D0353,R011,2025-02-20T03:50:00,2025-02-20T08:32:00,85,Completed,18.1,W20250220
T02766,V0128,D0230,R075,2025-02-20T12:40:00,2025-02-20T13:29:00,85,Completed,104.1,W20250220
T02767,V0418,D0196,R073,2025-02-14T22:38:00,2025-02-14T23:34:00,85,Completed,91.1,W20250214
T02768,V0272,D0384,R058,2025-06-02T02:21:00,2025-06-02T04:17:00,95,Cancelled,49.1,W20250602
T02769,V0393,D0517,R079,2025-03-01T07:27:00,2025-03-01T09:27:00,70,Completed,35.0,W20250301
T02770,V0222,D0283,R025,2025-03-26T14:59:00,2025-03-26T17:03:00,75,Cancelled,36.3,W20250326
T02771,V0438,D0679,R052,2025-02-27T23:48:00,2025-02-28T00:45:00,65,Completed,68.4,W20250227
T02772,V0439,D0231,R075,2025-12-13T13:17:00,2025-12-13T17:05:00,85,Completed,22.4,W20251213
T02773,V0401,D0200,R029,2025-07-15T09:39:00,2025-07-15T12:41:00,70,Completed,23.1,W20250715
T02774,V0182,D0542,R039,2025-06-10T14:24:00,2025-06-10T17:12:00,55,Completed,19.6,W20250610
T02775,V0026,D0321,R078,2025-10-21T05:22:00,2025-10-21T06:18:00,75,Completed,80.4,W20251021
T02776,V0191,D0055,R023,2025-03-14T06:47:00,2025-03-14T09:43:00,95,Cancelled,32.4,W20250314
T02777,V0262,D0217,R036,2025-10-04T13:35:00,2025-10-04T18:25:00,75,Cancelled,15.5,W20251004
T02778,V0157,D0308,R009,2025-08-08T15:25:00,2025-08-08T16:41:00,65,Completed,51.3,W20250808
T02779,V0299,D0031,R077,2025-06-10T00:38:00,2025-06-10T04:24:00,85,Completed,22.6,W20250610
T02780,V0203,D0218,R091,2025-05-10T08:58:00,2025-05-10T12:48:00,70,Completed,18.3,W20250510
T02781,V0430,D0129,R027,2025-05-02T09:53:00,2025-05-02T11:45:00,85,Cancelled,45.5,W20250502
T02782,V0491,D0164,R025,2025-05-02T05:12:00,2025-05-02T07:24:00,75,Completed,34.1,W20250502
T02783,V0414,D0143,R028,2025-10-16T17:44:00,2025-10-16T20:27:00,85,Completed,31.3,W20251016
T02784,V0030,D0443,R088,2025-08-22T23:34:00,2025-08-23T03:46:00,95,Completed,22.6,W20250822
T02785,V0411,D0217,R098,2025-11-15T17:53:00,2025-11-15T22:43:00,75,Completed,15.5,W20251115
T02786,V0248,D0575,R001,2025-03-28T20:56:00,2025-03-29T01:13:00,85,Completed,19.8,W20250328
T02787,V0363,D0046,R094,2025-11-12T18:17:00,2025-11-12T21:40:00,70,Completed,20.7,W20251112
T02788,V0054,D0327,R002,2025-04-27T09:22:00,2025-04-27T14:03:00,75,Completed,16.0,W20250427
T02789,V0450,D0273,R095,2025-03-29T11:37:00,2025-03-29T14:48:00,85,Completed,26.7,W20250329
T02790,V0038,D0353,R023,2025-08-06T03:02:00,2025-08-06T06:36:00,95,Completed,26.6,W20250806
T02791,V0451,D0265,R023,2025-06-22T09:58:00,2025-06-22T14:53:00,95,Completed,19.3,W20250622
T02792,V0405,D0475,R064,2025-10-05T00:20:00,2025-10-05T02:32:00,75,Completed,34.1,W20251005
T02793,V0446,D0154,R069,2025-01-20T04:20:00,2025-01-20T06:37:00,70,Cancelled,30.7,W20250120
T02794,V0354,D0402,R013,2025-12-04T12:56:00,2025-12-04T15:54:00,65,Completed,21.9,W20251204
T02795,V0398,D0291,R075,2025-05-21T20:56:00,2025-05-22T00:35:00,85,Completed,23.3,W20250521
T02796,V0371,D0700,R067,2025-03-18T21:12:00,2025-03-18T22:59:00,55,Completed,30.8,W20250318
T02797,V0215,D0304,R004,2025-09-04T09:28:00,2025-09-04T12:18:00,65,Completed,22.9,W20250904
T02798,V0368,D0652,R099,2025-11-21T03:49:00,2025-11-21T07:29:00,55,Completed,15.0,W20251121
T02799,V0013,D0049,R020,2025-08-01T05:33:00,2025-08-01T06:45:00,65,Cancelled,54.2,W20250801
T02800,V0362,D0590,R027,2025-08-27T05:10:00,2025-08-27T07:25:00,85,Completed,37.8,W20250827
T02801,V0316,D0512,R006,2025-03-11T10:50:00,2025-03-11T12:17:00,95,Cancelled,65.5,W20250311
T02802,V0005,D0421,R045,2025-12-05T17:22:00,2025-12-05T19:57:00,70,Completed,27.1,W20251205
T02803,V0020,D0217,R011,2025-06-22T08:25:00,2025-06-22T13:03:00,85,Completed,18.3,W20250622
T02804,V0290,D0167,R028,2025-09-06T05:57:00,2025-09-06T08:41:00,85,Completed,31.1,W20250906
T02805,V0306,D0241,R035,2025-07-11T04:15:00,2025-07-11T05:40:00,95,Completed,67.1,W20250711
T02806,V0346,D0153,R098,2025-10-08T20:07:00,2025-10-09T00:55:00,75,Completed,15.6,W20251008
T02807,V0008,D0451,R014,2025-02-28T09:44:00,2025-02-28T11:15:00,55,Completed,36.3,W20250228
T02808,V0128,D0609,R083,2025-09-05T17:14:00,2025-09-05T18:44:00,75,Cancelled,50.0,W20250905
T02809,V0158,D0459,R021,2025-11-05T18:24:00,2025-11-05T20:56:00,75,Completed,29.6,W20251105
T02810,V0075,D0295,R036,2025-10-17T03:43:00,2025-10-17T05:22:00,75,Cancelled,45.5,W20251017
T02811,V0047,D0527,R015,2025-01-27T02:14:00,2025-01-27T05:33:00,75,Completed,22.6,W20250127
T02812,V0077,D0026,R026,2025-01-12T02:54:00,2025-01-12T07:52:00,70,Completed,14.1,W20250112
T02813,V0102,D0311,R094,2025-12-07T01:03:00,2025-12-07T02:20:00,70,Completed,54.5,W20251207
T02814,V0075,D0459,R087,2025-09-15T16:53:00,2025-09-15T18:15:00,55,Cancelled,40.2,W20250915
T02815,V0117,D0646,R069,2025-04-26T13:26:00,2025-04-26T14:19:00,70,Completed,79.2,W20250426
T02816,V0167,D0686,R084,2025-09-30T08:39:00,2025-09-30T12:54:00,85,Completed,20.0,W20250930
T02817,V0148,D0600,R094,2025-04-01T16:11:00,2025-04-01T18:25:00,70,Completed,31.3,W20250401
T02818,V0053,D0012,R036,2025-07-29T03:50:00,2025-07-29T08:08:00,75,Completed,17.4,W20250729
T02819,V0256,D0377,R060,2025-02-08T18:31:00,2025-02-08T21:36:00,85,Cancelled,27.6,W20250208
T02820,V0431,D0673,R091,2025-03-03T16:13:00,2025-03-03T19:29:00,70,Completed,21.4,W20250303
T02821,V0268,D0215,R058,2025-09-05T12:44:00,2025-09-05T16:08:00,95,Cancelled,27.9,W20250905
T02822,V0155,D0246,R034,2025-07-31T22:51:00,2025-08-01T02:34:00,70,Completed,18.8,W20250731
T02823,V0372,D0665,R056,2025-07-26T04:39:00,2025-07-26T08:44:00,95,Cancelled,23.3,W20250726
T02824,V0218,D0353,R050,2025-10-30T17:08:00,2025-10-30T21:59:00,95,Cancelled,19.6,W20251030
T02825,V0437,D0423,R061,2025-09-08T22:50:00,2025-09-08T23:43:00,75,Completed,84.9,W20250908
T02826,V0257,D0243,R002,2025-06-04T22:01:00,2025-06-04T23:52:00,75,Completed,40.5,W20250604
T02827,V0456,D0527,R077,2025-05-24T14:23:00,2025-05-24T16:07:00,85,Completed,49.0,W20250524
T02828,V0237,D0543,R037,2025-08-29T23:59:00,2025-08-30T02:09:00,95,Completed,43.8,W20250829
T02829,V0085,D0685,R015,2025-09-17T20:23:00,2025-09-17T23:42:00,75,Completed,22.6,W20250917
T02830,V0241,D0014,R018,2025-04-23T05:01:00,2025-04-23T05:51:00,85,Completed,102.0,W20250423
T02831,V0056,D0192,R030,2025-10-09T22:34:00,2025-10-09T23:25:00,65,Completed,76.5,W20251009
T02832,V0049,D0213,R038,2025-09-09T03:34:00,2025-09-09T06:29:00,95,Cancelled,32.6,W20250909
T02833,V0377,D0677,R012,2025-12-13T11:50:00,2025-12-13T15:14:00,95,Completed,27.9,W20251213
T02834,V0262,D0360,R005,2025-03-02T00:30:00,2025-03-02T05:10:00,65,Completed,13.9,W20250302
T02835,V0372,D0270,R023,2025-03-05T11:08:00,2025-03-05T14:07:00,95,Completed,31.8,W20250305
T02836,V0451,D0316,R064,2025-07-12T23:48:00,2025-07-13T04:10:00,75,Cancelled,17.2,W20250712
T02837,V0100,D0450,R087,2025-02-02T22:32:00,2025-02-03T03:20:00,55,Cancelled,11.5,W20250202
T02838,V0278,D0529,R050,2025-10-17T14:37:00,2025-10-17T17:22:00,95,Completed,34.5,W20251017
T02839,V0315,D0470,R079,2025-04-04T16:06:00,2025-04-04T20:08:00,70,Completed,17.4,W20250404
T02840,V0008,D0083,R035,2025-11-28T12:50:00,2025-11-28T14:50:00,95,Completed,47.5,W20251128
T02841,V0068,D0672,R069,2025-09-10T22:31:00,2025-09-11T02:52:00,70,Cancelled,16.1,W20250910
T02842,V0097,D0530,R074,2025-01-14T16:03:00,2025-01-14T18:31:00,95,Completed,38.5,W20250114
T02843,V0012,D0045,R058,2025-11-15T22:10:00,2025-11-15T22:55:00,95,Completed,126.7,W20251115
T02844,V0221,D0595,R096,2025-10-09T14:51:00,2025-10-09T18:32:00,95,Completed,25.8,W20251009
T02845,V0161,D0328,R087,2025-11-07T06:36:00,2025-11-07T09:52:00,55,Completed,16.8,W20251107
T02846,V0429,D0511,R003,2025-09-24T09:43:00,2025-09-24T13:12:00,85,Cancelled,24.4,W20250924
T02847,V0331,D0603,R010,2025-01-24T16:52:00,2025-01-24T20:55:00,75,Completed,18.5,W20250124
T02848,V0211,D0540,R050,2025-04-05T03:47:00,2025-04-05T07:13:00,95,Cancelled,27.7,W20250405
T02849,V0470,D0190,R056,2025-11-01T05:13:00,2025-11-01T07:11:00,95,Cancelled,48.3,W20251101
T02850,V0444,D0018,R039,2025-02-28T14:28:00,2025-02-28T17:34:00,55,Completed,17.7,W20250228
T02851,V0101,D0062,R013,2025-07-09T00:14:00,2025-07-09T04:19:00,65,Completed,15.9,W20250709
T02852,V0345,D0541,R015,2025-11-25T14:22:00,2025-11-25T16:28:00,75,Completed,35.7,W20251125
T02853,V0056,D0522,R069,2025-10-26T21:50:00,2025-10-27T01:13:00,70,Completed,20.7,W20251026
T02854,V0265,D0031,R046,2025-02-02T12:40:00,2025-02-02T17:40:00,70,Cancelled,14.0,W20250202
T02855,V0377,D0628,R003,2025-07-26T13:13:00,2025-07-26T16:30:00,85,Cancelled,25.9,W20250726
T02856,V0394,D0568,R100,2025-05-12T02:13:00,2025-05-12T06:52:00,75,Completed,16.1,W20250512
T02857,V0397,D0463,R071,2025-07-07T05:50:00,2025-07-07T07:02:00,95,Cancelled,79.2,W20250707
T02858,V0282,D0605,R097,2025-03-05T00:44:00,2025-03-05T04:27:00,65,Cancelled,17.5,W20250305
T02859,V0350,D0050,R076,2025-10-24T19:43:00,2025-10-24T20:33:00,95,Completed,114.0,W20251024
T02860,V0190,D0167,R061,2025-06-13T16:00:00,2025-06-13T18:50:00,75,Cancelled,26.5,W20250613
T02861,V0403,D0356,R013,2025-03-21T08:11:00,2025-03-21T11:04:00,65,Completed,22.5,W20250321
T02862,V0209,D0330,R018,2025-08-07T21:52:00,2025-08-07T22:44:00,85,Completed,98.1,W20250807
T02863,V0116,D0532,R007,2025-05-13T01:24:00,2025-05-13T02:30:00,70,Completed,63.6,W20250513
T02864,V0472,D0558,R094,2025-08-01T08:52:00,2025-08-01T13:02:00,70,Completed,16.8,W20250801
T02865,V0338,D0171,R009,2025-03-11T05:05:00,2025-03-11T09:47:00,65,Completed,13.8,W20250311
T02866,V0300,D0469,R078,2025-09-15T05:03:00,2025-09-15T07:02:00,75,Cancelled,37.8,W20250915
T02867,V0092,D0191,R057,2025-12-17T16:10:00,2025-12-17T18:28:00,75,Cancelled,32.6,W20251217
T02868,V0291,D0094,R083,2025-07-20T18:15:00,2025-07-20T20:51:00,75,Completed,28.8,W20250720
T02869,V0348,D0076,R086,2025-06-24T12:42:00,2025-06-24T15:47:00,65,Completed,21.1,W20250624
T02870,V0079,D0421,R059,2025-12-08T18:26:00,2025-12-08T23:00:00,75,Completed,16.4,W20251208
T02871,V0060,D0253,R065,2025-04-04T06:45:00,2025-04-04T07:41:00,70,Completed,75.0,W20250404
T02872,V0257,D0226,R013,2025-05-23T04:42:00,2025-05-23T08:58:00,65,Completed,15.2,W20250523
T02873,V0483,D0512,R050,2025-09-25T03:34:00,2025-09-25T06:42:00,95,Cancelled,30.3,W20250925
T02874,V0148,D0591,R083,2025-02-13T22:00:00,2025-02-13T23:52:00,75,Cancelled,40.2,W20250213
T02875,V0484,D0210,R095,2025-04-28T20:58:00,2025-04-29T00:53:00,85,Cancelled,21.7,W20250428
T02876,V0316,D0539,R006,2025-10-16T22:38:00,2025-10-17T03:14:00,95,Completed,20.7,W20251016
T02877,V0309,D0364,R024,2025-11-01T08:15:00,2025-11-01T09:08:00,55,Cancelled,62.3,W20251101
T02878,V0140,D0252,R047,2025-03-22T20:10:00,2025-03-22T23:34:00,55,Completed,16.2,W20250322
T02879,V0113,D0079,R051,2025-09-16T03:02:00,2025-09-16T06:06:00,70,Completed,22.8,W20250916
T02880,V0445,D0392,R004,2025-01-27T07:08:00,2025-01-27T11:03:00,65,Cancelled,16.6,W20250127
T02881,V0025,D0412,R071,2025-01-24T11:07:00,2025-01-24T15:10:00,95,Completed,23.5,W20250124
T02882,V0019,D0045,R053,2025-03-24T09:27:00,2025-03-24T13:31:00,55,Completed,13.5,W20250324
T02883,V0149,D0287,R016,2025-01-21T19:33:00,2025-01-21T23:37:00,65,Completed,16.0,W20250121
T02884,V0183,D0442,R082,2025-10-15T10:47:00,2025-10-15T13:11:00,75,Cancelled,31.2,W20251015
T02885,V0421,D0030,R055,2025-10-20T15:51:00,2025-10-20T16:43:00,55,Completed,63.5,W20251020
T02886,V0206,D0655,R073,2025-06-03T11:18:00,2025-06-03T13:35:00,85,Completed,37.2,W20250603
T02887,V0055,D0657,R082,2025-02-08T17:16:00,2025-02-08T18:12:00,75,Completed,80.4,W20250208
T02888,V0319,D0080,R002,2025-01-29T19:25:00,2025-01-29T21:36:00,75,Completed,34.4,W20250129
T02889,V0174,D0415,R091,2025-05-05T00:33:00,2025-05-05T02:22:00,70,Completed,38.5,W20250505
T02890,V0328,D0224,R083,2025-03-19T02:35:00,2025-03-19T04:41:00,75,Cancelled,35.7,W20250319
T02891,V0212,D0072,R072,2025-05-31T11:59:00,2025-05-31T13:27:00,75,Completed,51.1,W20250531
T02892,V0088,D0153,R030,2025-03-31T05:55:00,2025-03-31T09:02:00,65,Completed,20.9,W20250331
T02893,V0173,D0139,R089,2025-05-12T16:00:00,2025-05-12T17:21:00,85,Completed,63.0,W20250512
T02894,V0035,D0511,R083,2025-04-05T17:41:00,2025-04-05T20:42:00,75,Completed,24.9,W20250405
T02895,V0195,D0120,R090,2025-02-22T11:23:00,2025-02-22T13:33:00,85,Completed,39.2,W20250222
T02896,V0002,D0610,R088,2025-01-25T12:29:00,2025-01-25T17:19:00,95,Completed,19.7,W20250125
T02897,V0361,D0695,R036,2025-03-27T09:55:00,2025-03-27T14:40:00,75,Completed,15.8,W20250327
T02898,V0310,D0566,R065,2025-12-19T01:32:00,2025-12-19T02:59:00,70,Completed,48.3,W20251219
T02899,V0312,D0283,R032,2025-11-18T14:19:00,2025-11-18T18:29:00,75,Cancelled,18.0,W20251118
T02900,V0354,D0510,R031,2025-04-01T01:37:00,2025-04-01T02:43:00,65,Completed,59.1,W20250401
T02901,V0002,D0518,R040,2025-07-13T06:35:00,2025-07-13T10:00:00,95,Cancelled,27.8,W20250713
T02902,V0492,D0268,R043,2025-07-19T15:24:00,2025-07-19T18:38:00,65,Completed,20.1,W20250719
T02903,V0284,D0696,R040,2025-05-22T06:00:00,2025-05-22T09:52:00,95,Completed,24.6,W20250522
T02904,V0432,D0414,R087,2025-12-18T09:28:00,2025-12-18T12:49:00,55,Completed,16.4,W20251218
T02905,V0324,D0457,R048,2025-10-17T00:48:00,2025-10-17T03:01:00,75,Cancelled,33.8,W20251017
T02906,V0298,D0062,R034,2025-08-27T17:22:00,2025-08-27T21:21:00,70,Completed,17.6,W20250827
T02907,V0487,D0255,R008,2025-07-05T05:57:00,2025-07-05T10:54:00,75,Completed,15.2,W20250705
T02908,V0006,D0596,R027,2025-05-25T09:55:00,2025-05-25T12:46:00,85,Completed,29.8,W20250525
T02909,V0422,D0029,R074,2025-02-07T11:46:00,2025-02-07T16:06:00,95,Completed,21.9,W20250207
T02910,V0091,D0467,R051,2025-11-12T23:35:00,2025-11-13T03:36:00,70,Completed,17.4,W20251112
T02911,V0287,D0473,R029,2025-04-22T22:30:00,2025-04-23T03:06:00,70,Completed,15.2,W20250422
T02912,V0389,D0053,R045,2025-08-04T21:11:00,2025-08-04T23:18:00,70,Completed,33.1,W20250804
T02913,V0313,D0162,R025,2025-07-19T05:28:00,2025-07-19T07:43:00,75,Completed,33.3,W20250719
T02914,V0369,D0415,R087,2025-12-22T18:26:00,2025-12-22T21:27:00,55,Completed,18.2,W20251222
T02915,V0003,D0495,R097,2025-05-13T18:31:00,2025-05-13T21:23:00,65,Cancelled,22.7,W20250513
T02916,V0391,D0286,R048,2025-03-04T07:09:00,2025-03-04T12:03:00,75,Completed,15.3,W20250304
T02917,V0034,D0213,R061,2025-06-28T18:26:00,2025-06-28T19:43:00,75,Cancelled,58.4,W20250628
T02918,V0386,D0696,R001,2025-04-21T22:49:00,2025-04-22T00:26:00,85,Completed,52.6,W20250421
T02919,V0093,D0070,R045,2025-06-24T22:03:00,2025-06-24T23:31:00,70,Completed,47.7,W20250624
T02920,V0451,D0487,R007,2025-09-30T21:19:00,2025-09-30T22:09:00,70,Completed,84.0,W20250930
T02921,V0254,D0399,R074,2025-04-26T15:14:00,2025-04-26T16:50:00,95,Cancelled,59.4,W20250426
T02922,V0290,D0365,R073,2025-11-01T09:32:00,2025-11-01T11:09:00,85,Cancelled,52.6,W20251101
T02923,V0046,D0228,R018,2025-09-30T22:30:00,2025-10-01T02:43:00,85,Cancelled,20.2,W20250930
T02924,V0276,D0630,R031,2025-02-25T16:46:00,2025-02-25T20:21:00,65,Completed,18.1,W20250225
T02925,V0182,D0274,R087,2025-12-08T21:28:00,2025-12-09T01:34:00,55,Completed,13.4,W20251208
T02926,V0457,D0233,R082,2025-07-30T11:33:00,2025-07-30T14:38:00,75,Completed,24.3,W20250730
T02927,V0290,D0569,R032,2025-08-11T08:05:00,2025-08-11T12:07:00,75,Completed,18.6,W20250811
T02928,V0149,D0009,R002,2025-09-06T06:03:00,2025-09-06T08:19:00,75,Completed,33.1,W20250906
T02929,V0154,D0302,R066,2025-10-06T03:49:00,2025-10-06T07:04:00,85,Completed,26.2,W20251006
T02930,V0191,D0576,R100,2025-07-12T18:24:00,2025-07-12T19:57:00,75,Completed,48.4,W20250712
T02931,V0209,D0368,R008,2025-11-22T00:55:00,2025-11-22T04:45:00,75,Completed,19.6,W20251122
T02932,V0423,D0650,R027,2025-09-30T11:58:00,2025-09-30T16:28:00,85,Completed,18.9,W20250930
T02933,V0405,D0396,R054,2025-10-16T13:55:00,2025-10-16T18:51:00,95,Cancelled,19.3,W20251016
T02934,V0286,D0085,R059,2025-08-23T12:29:00,2025-08-23T14:44:00,75,Completed,33.3,W20250823
T02935,V0028,D0655,R050,2025-12-25T18:24:00,2025-12-25T23:07:00,95,Completed,20.1,W20251225
T02936,V0059,D0683,R072,2025-09-04T22:06:00,2025-09-05T00:42:00,75,Cancelled,28.8,W20250904
T02937,V0167,D0066,R023,2025-11-13T02:11:00,2025-11-13T04:27:00,95,Completed,41.9,W20251113
T02938,V0024,D0668,R057,2025-06-14T22:54:00,2025-06-15T00:42:00,75,Completed,41.7,W20250614
T02939,V0418,D0012,R040,2025-01-26T06:57:00,2025-01-26T08:50:00,95,Completed,50.4,W20250126
T02940,V0124,D0670,R068,2025-09-08T10:16:00,2025-09-08T14:42:00,95,Completed,21.4,W20250908
T02941,V0024,D0399,R098,2025-12-11T02:10:00,2025-12-11T04:38:00,75,Completed,30.4,W20251211
T02942,V0125,D0189,R089,2025-07-27T04:20:00,2025-07-27T08:42:00,85,Completed,19.5,W20250727
T02943,V0006,D0021,R064,2025-05-23T23:07:00,2025-05-24T00:19:00,75,Completed,62.5,W20250523
T02944,V0480,D0455,R013,2025-10-25T19:33:00,2025-10-25T23:34:00,65,Completed,16.2,W20251025
T02945,V0344,D0629,R036,2025-04-28T01:43:00,2025-04-28T05:25:00,75,Completed,20.3,W20250428
T02946,V0012,D0615,R007,2025-08-02T01:47:00,2025-08-02T03:52:00,70,Completed,33.6,W20250802
T02947,V0131,D0396,R042,2025-11-19T01:23:00,2025-11-19T04:21:00,75,Cancelled,25.3,W20251119
T02948,V0200,D0475,R016,2025-07-06T19:25:00,2025-07-06T22:27:00,65,Completed,21.4,W20250706
T02949,V0480,D0559,R034,2025-09-06T13:59:00,2025-09-06T16:27:00,70,Completed,28.4,W20250906
T02950,V0396,D0284,R047,2025-01-17T23:23:00,2025-01-18T02:42:00,55,Cancelled,16.6,W20250117
T02951,V0208,D0112,R076,2025-10-05T06:20:00,2025-10-05T07:52:00,95,Completed,62.0,W20251005
T02952,V0092,D0286,R083,2025-02-10T04:55:00,2025-02-10T07:55:00,75,Completed,25.0,W20250210
T02953,V0278,D0541,R027,2025-04-07T02:58:00,2025-04-07T05:09:00,85,Cancelled,38.9,W20250407
T02954,V0156,D0462,R029,2025-03-06T16:41:00,2025-03-06T19:53:00,70,Completed,21.9,W20250306
T02955,V0285,D0217,R043,2025-10-28T05:20:00,2025-10-28T07:34:00,65,Cancelled,29.1,W20251028
T02956,V0192,D0490,R040,2025-03-04T03:05:00,2025-03-04T07:59:00,95,Cancelled,19.4,W20250304
T02957,V0295,D0318,R052,2025-03-04T10:30:00,2025-03-04T15:24:00,65,Completed,13.3,W20250304
T02958,V0286,D0213,R009,2025-09-26T07:20:00,2025-09-26T08:51:00,65,Cancelled,42.9,W20250926
T02959,V0466,D0193,R019,2025-04-20T04:28:00,2025-04-20T06:06:00,55,Completed,33.7,W20250420
T02960,V0188,D0504,R029,2025-05-25T03:36:00,2025-05-25T04:43:00,70,Completed,62.7,W20250525
T02961,V0384,D0435,R080,2025-06-27T08:41:00,2025-06-27T10:18:00,75,Completed,46.4,W20250627
T02962,V0335,D0385,R057,2025-03-17T13:57:00,2025-03-17T15:32:00,75,Completed,47.4,W20250317
T02963,V0268,D0509,R006,2025-12-03T17:33:00,2025-12-03T21:53:00,95,Cancelled,21.9,W20251203
T02964,V0434,D0478,R075,2025-08-03T14:59:00,2025-08-03T18:51:00,85,Completed,22.0,W20250803
T02965,V0094,D0560,R092,2025-08-05T20:17:00,2025-08-05T23:12:00,70,Completed,24.0,W20250805
T02966,V0048,D0193,R015,2025-01-23T04:04:00,2025-01-23T08:00:00,75,Completed,19.1,W20250123
T02967,V0203,D0433,R021,2025-07-30T07:07:00,2025-07-30T10:30:00,75,Completed,22.2,W20250730
T02968,V0346,D0411,R077,2025-05-24T06:50:00,2025-05-24T09:49:00,85,Completed,28.5,W20250524
T02969,V0207,D0019,R084,2025-05-14T10:40:00,2025-05-14T12:07:00,85,Completed,58.6,W20250514
T02970,V0438,D0141,R088,2025-10-15T08:35:00,2025-10-15T12:30:00,95,Completed,24.3,W20251015
T02971,V0032,D0502,R081,2025-08-30T03:22:00,2025-08-30T08:05:00,55,Completed,11.7,W20250830
T02972,V0055,D0168,R024,2025-05-01T19:27:00,2025-05-01T22:37:00,55,Cancelled,17.4,W20250501
T02973,V0445,D0182,R090,2025-03-31T05:20:00,2025-03-31T09:30:00,85,Completed,20.4,W20250331
T02974,V0384,D0438,R006,2025-11-17T13:08:00,2025-11-17T14:33:00,95,Completed,67.1,W20251117
T02975,V0472,D0539,R047,2025-07-24T22:14:00,2025-07-25T01:38:00,55,Completed,16.2,W20250724
T02976,V0206,D0144,R068,2025-02-20T09:23:00,2025-02-20T11:53:00,95,Cancelled,38.0,W20250220
T02977,V0208,D0669,R077,2025-09-09T08:52:00,2025-09-09T10:34:00,85,Completed,50.0,W20250909
T02978,V0069,D0037,R036,2025-03-28T07:49:00,2025-03-28T12:16:00,75,Completed,16.9,W20250328
T02979,V0278,D0550,R021,2025-07-19T20:40:00,2025-07-20T01:00:00,75,Completed,17.3,W20250719
T02980,V0396,D0444,R004,2025-03-09T07:28:00,2025-03-09T09:26:00,65,Cancelled,33.1,W20250309
T02981,V0124,D0558,R034,2025-05-01T07:52:00,2025-05-01T09:49:00,70,Completed,35.9,W20250501
T02982,V0458,D0490,R085,2025-12-18T10:25:00,2025-12-18T11:28:00,55,Completed,52.4,W20251218
T02983,V0455,D0628,R037,2025-02-04T18:20:00,2025-02-04T21:34:00,95,Completed,29.4,W20250204
T02984,V0103,D0607,R069,2025-12-09T12:17:00,2025-12-09T15:24:00,70,Completed,22.5,W20251209
T02985,V0052,D0661,R091,2025-03-08T18:11:00,2025-03-08T20:25:00,70,Completed,31.3,W20250308
T02986,V0218,D0451,R069,2025-06-05T17:23:00,2025-06-05T21:07:00,70,Completed,18.8,W20250605
T02987,V0270,D0246,R054,2025-01-30T05:10:00,2025-01-30T07:58:00,95,Completed,33.9,W20250130
T02988,V0482,D0375,R006,2025-07-28T03:02:00,2025-07-28T07:24:00,95,Completed,21.8,W20250728
T02989,V0441,D0605,R084,2025-06-15T21:03:00,2025-06-16T01:09:00,85,Completed,20.7,W20250615
T02990,V0404,D0127,R098,2025-01-29T05:02:00,2025-01-29T08:28:00,75,Completed,21.8,W20250129
T02991,V0401,D0528,R037,2025-03-26T07:43:00,2025-03-26T09:26:00,95,Completed,55.3,W20250326
T02992,V0335,D0296,R059,2025-03-13T17:08:00,2025-03-13T19:37:00,75,Completed,30.2,W20250313
T02993,V0421,D0617,R051,2025-01-26T10:12:00,2025-01-26T13:42:00,70,Completed,20.0,W20250126
T02994,V0146,D0257,R049,2025-10-12T08:34:00,2025-10-12T10:37:00,85,Cancelled,41.5,W20251012
T02995,V0082,D0651,R018,2025-04-15T17:33:00,2025-04-15T22:30:00,85,Cancelled,17.2,W20250415
T02996,V0302,D0279,R016,2025-08-17T12:12:00,2025-08-17T16:53:00,65,Completed,13.9,W20250817
T02997,V0479,D0374,R003,2025-01-28T23:20:00,2025-01-29T04:03:00,85,Completed,18.0,W20250128
T02998,V0302,D0640,R032,2025-07-31T10:33:00,2025-07-31T11:19:00,75,Completed,97.8,W20250731
T02999,V0476,D0490,R021,2025-06-01T12:19:00,2025-06-01T14:44:00,75,Completed,31.0,W20250601
T03000,V0473,D0436,R032,2025-06-16T02:12:00,2025-06-16T03:39:00,75,Cancelled,51.7,W20250616
T03001,V0490,D0054,R078,2025-03-23T06:48:00,2025-03-23T11:07:00,75,Completed,17.4,W20250323
T03002,V0234,D0477,R052,2025-04-20T03:09:00,2025-04-20T07:37:00,65,Completed,14.6,W20250420
T03003,V0306,D0238,R073,2025-08-18T14:06:00,2025-08-18T16:05:00,85,Completed,42.9,W20250818
T03004,V0398,D0093,R073,2025-02-06T11:05:00,2025-02-06T12:32:00,85,Completed,58.6,W20250206
T03005,V0236,D0005,R009,2025-11-22T21:05:00,2025-11-23T00:53:00,65,Completed,17.1,W20251122
T03006,V0196,D0516,R090,2025-05-13T16:05:00,2025-05-13T16:55:00,85,Completed,102.0,W20250513
T03007,V0197,D0272,R071,2025-09-18T18:29:00,2025-09-18T20:41:00,95,Completed,43.2,W20250918
T03008,V0402,D0697,R073,2025-12-31T13:58:00,2025-12-31T17:37:00,85,Completed,23.3,W20251231
T03009,V0077,D0547,R043,2025-10-27T21:20:00,2025-10-27T23:50:00,65,Completed,26.0,W20251027
T03010,V0490,D0285,R052,2025-12-24T21:18:00,2025-12-25T01:45:00,65,Completed,14.6,W20251224
T03011,V0476,D0326,R058,2025-04-18T16:51:00,2025-04-18T18:51:00,95,Cancelled,47.5,W20250418
T03012,V0062,D0117,R023,2025-06-14T13:55:00,2025-06-14T17:13:00,95,Completed,28.8,W20250614
T03013,V0496,D0072,R099,2025-12-02T17:55:00,2025-12-02T19:10:00,55,Cancelled,44.0,W20251202
T03014,V0273,D0271,R060,2025-10-31T20:32:00,2025-10-31T22:50:00,85,Cancelled,37.0,W20251031
T03015,V0048,D0482,R094,2025-03-21T11:37:00,2025-03-21T14:40:00,70,Completed,23.0,W20250321
T03016,V0403,D0443,R068,2025-11-12T15:31:00,2025-11-12T19:24:00,95,Cancelled,24.5,W20251112
T03017,V0328,D0297,R093,2025-10-13T10:09:00,2025-10-13T15:06:00,65,Cancelled,13.1,W20251013
T03018,V0415,D0418,R011,2025-12-26T19:23:00,2025-12-26T23:40:00,85,Completed,19.8,W20251226
T03019,V0429,D0167,R032,2025-09-13T23:25:00,2025-09-14T02:16:00,75,Completed,26.3,W20250913
T03020,V0490,D0274,R099,2025-05-29T11:39:00,2025-05-29T13:40:00,55,Cancelled,27.3,W20250529
T03021,V0349,D0651,R092,2025-11-08T10:41:00,2025-11-08T11:32:00,70,Completed,82.4,W20251108
T03022,V0024,D0607,R066,2025-07-13T10:51:00,2025-07-13T14:44:00,85,Completed,21.9,W20250713
T03023,V0275,D0414,R025,2025-10-11T00:17:00,2025-10-11T02:51:00,75,Completed,29.2,W20251011
T03024,V0027,D0216,R024,2025-09-20T05:05:00,2025-09-20T08:17:00,55,Cancelled,17.2,W20250920
T03025,V0182,D0098,R046,2025-05-11T04:43:00,2025-05-11T05:35:00,70,Completed,80.8,W20250511
T03026,V0252,D0329,R024,2025-02-04T22:29:00,2025-02-05T02:05:00,55,Cancelled,15.3,W20250204
T03027,V0144,D0256,R011,2025-11-28T07:55:00,2025-11-28T12:39:00,85,Completed,18.0,W20251128
T03028,V0134,D0061,R012,2025-09-04T01:36:00,2025-09-04T03:25:00,95,Completed,52.3,W20250904
T03029,V0473,D0526,R022,2025-01-31T22:24:00,2025-02-01T03:05:00,70,Cancelled,14.9,W20250131
T03030,V0021,D0245,R099,2025-04-05T17:11:00,2025-04-05T18:28:00,55,Cancelled,42.9,W20250405
T03031,V0246,D0301,R025,2025-06-15T00:38:00,2025-06-15T05:03:00,75,Completed,17.0,W20250615
T03032,V0500,D0288,R026,2025-01-05T12:16:00,2025-01-05T14:25:00,70,Completed,32.6,W20250105
T03033,V0162,D0344,R073,2025-12-18T03:59:00,2025-12-18T05:57:00,85,Completed,43.2,W20251218
T03034,V0469,D0176,R050,2025-12-06T17:31:00,2025-12-06T20:39:00,95,Completed,30.3,W20251206
T03035,V0142,D0233,R059,2025-12-09T06:07:00,2025-12-09T09:26:00,75,Completed,22.6,W20251209
T03036,V0441,D0010,R083,2025-03-18T08:09:00,2025-03-18T09:37:00,75,Cancelled,51.1,W20250318
T03037,V0015,D0354,R041,2025-05-15T15:11:00,2025-05-15T18:13:00,65,Completed,21.4,W20250515
T03038,V0132,D0588,R054,2025-05-31T11:49:00,2025-05-31T12:41:00,95,Cancelled,109.6,W20250531
T03039,V0310,D0459,R091,2025-04-08T06:24:00,2025-04-08T08:58:00,70,Completed,27.3,W20250408
T03040,V0128,D0208,R015,2025-05-27T11:41:00,2025-05-27T14:27:00,75,Completed,27.1,W20250527
T03041,V0011,D0515,R085,2025-02-17T15:52:00,2025-02-17T18:36:00,55,Completed,20.1,W20250217
T03042,V0251,D0418,R060,2025-08-22T19:46:00,2025-08-22T22:54:00,85,Completed,27.1,W20250822
T03043,V0347,D0399,R066,2025-01-18T13:19:00,2025-01-18T14:54:00,85,Completed,53.7,W20250118
T03044,V0387,D0037,R074,2025-01-12T07:32:00,2025-01-12T08:22:00,95,Cancelled,114.0,W20250112
T03045,V0428,D0137,R075,2025-10-21T18:27:00,2025-10-21T22:14:00,85,Cancelled,22.5,W20251021
T03046,V0119,D0249,R083,2025-11-13T17:38:00,2025-11-13T20:52:00,75,Completed,23.2,W20251113
T03047,V0312,D0145,R092,2025-07-27T07:58:00,2025-07-27T12:58:00,70,Completed,14.0,W20250727
T03048,V0427,D0619,R025,2025-01-08T11:14:00,2025-01-08T15:32:00,75,Completed,17.4,W20250108
T03049,V0419,D0416,R016,2025-10-10T02:16:00,2025-10-10T06:21:00,65,Completed,15.9,W20251010
T03050,V0213,D0009,R012,2025-11-05T23:15:00,2025-11-06T01:56:00,95,Cancelled,35.4,W20251105
T03051,V0305,D0204,R004,2025-07-11T08:11:00,2025-07-11T09:33:00,65,Cancelled,47.6,W20250711
T03052,V0075,D0400,R031,2025-12-19T13:37:00,2025-12-19T17:49:00,65,Completed,15.5,W20251219
T03053,V0457,D0136,R057,2025-10-05T07:00:00,2025-10-05T08:33:00,75,Completed,48.4,W20251005
T03054,V0044,D0542,R032,2025-05-03T20:31:00,2025-05-04T00:15:00,75,Completed,20.1,W20250503
T03055,V0111,D0386,R037,2025-02-25T17:29:00,2025-02-25T19:45:00,95,Cancelled,41.9,W20250225
T03056,V0489,D0506,R082,2025-05-20T21:00:00,2025-05-20T22:11:00,75,Completed,63.4,W20250520
T03057,V0323,D0216,R031,2025-09-27T05:18:00,2025-09-27T10:14:00,65,Completed,13.2,W20250927
T03058,V0412,D0469,R001,2025-11-12T11:03:00,2025-11-12T11:56:00,85,Completed,96.2,W20251112
T03059,V0411,D0694,R097,2025-12-26T20:27:00,2025-12-27T00:23:00,65,Completed,16.5,W20251226
T03060,V0352,D0485,R068,2025-04-19T12:39:00,2025-04-19T13:47:00,95,Completed,83.8,W20250419
T03061,V0390,D0549,R079,2025-12-03T03:35:00,2025-12-03T06:18:00,70,Completed,25.8,W20251203
T03062,V0128,D0217,R084,2025-03-26T21:35:00,2025-03-27T02:21:00,85,Completed,17.8,W20250326
T03063,V0126,D0661,R012,2025-08-17T11:32:00,2025-08-17T16:04:00,95,Completed,21.0,W20250817
T03064,V0367,D0647,R027,2025-08-31T07:10:00,2025-08-31T08:31:00,85,Completed,63.0,W20250831
T03065,V0240,D0247,R017,2025-03-20T21:16:00,2025-03-21T01:13:00,95,Cancelled,24.1,W20250320
T03066,V0275,D0638,R055,2025-10-09T07:07:00,2025-10-09T08:27:00,55,Cancelled,41.2,W20251009
T03067,V0114,D0113,R080,2025-08-25T18:10:00,2025-08-25T21:58:00,75,Completed,19.7,W20250825
T03068,V0340,D0261,R026,2025-12-16T03:13:00,2025-12-16T04:22:00,70,Completed,60.9,W20251216
T03069,V0057,D0312,R069,2025-11-15T21:29:00,2025-11-15T23:48:00,70,Completed,30.2,W20251115
T03070,V0453,D0084,R082,2025-06-02T12:15:00,2025-06-02T16:57:00,75,Completed,16.0,W20250602
T03071,V0302,D0332,R055,2025-01-15T07:19:00,2025-01-15T11:34:00,55,Completed,12.9,W20250115
T03072,V0343,D0564,R091,2025-01-21T06:27:00,2025-01-21T09:49:00,70,Completed,20.8,W20250121
T03073,V0396,D0583,R055,2025-08-18T08:49:00,2025-08-18T10:56:00,55,Completed,26.0,W20250818
T03074,V0099,D0632,R016,2025-07-01T20:09:00,2025-07-01T22:08:00,65,Completed,32.8,W20250701
T03075,V0330,D0310,R053,2025-03-09T12:28:00,2025-03-09T14:35:00,55,Completed,26.0,W20250309
T03076,V0394,D0189,R034,2025-09-02T06:35:00,2025-09-02T11:10:00,70,Completed,15.3,W20250902
T03077,V0474,D0210,R036,2025-09-05T16:07:00,2025-09-05T20:40:00,75,Completed,16.5,W20250905
T03078,V0342,D0566,R064,2025-05-22T05:51:00,2025-05-22T08:48:00,75,Cancelled,25.4,W20250522
T03079,V0009,D0426,R077,2025-04-10T19:50:00,2025-04-10T23:05:00,85,Cancelled,26.2,W20250410
T03080,V0123,D0547,R003,2025-01-17T06:12:00,2025-01-17T08:21:00,85,Completed,39.5,W20250117
T03081,V0194,D0253,R092,2025-10-29T07:33:00,2025-10-29T10:35:00,70,Completed,23.1,W20251029
T03082,V0438,D0509,R016,2025-10-23T22:40:00,2025-10-24T02:31:00,65,Completed,16.9,W20251023
T03083,V0360,D0084,R011,2025-05-08T02:36:00,2025-05-08T04:43:00,85,Cancelled,40.2,W20250508
T03084,V0333,D0339,R068,2025-10-05T00:50:00,2025-10-05T02:18:00,95,Completed,64.8,W20251005
T03085,V0042,D0211,R039,2025-06-22T15:03:00,2025-06-22T18:43:00,55,Completed,15.0,W20250622
T03086,V0136,D0112,R021,2025-10-16T11:10:00,2025-10-16T13:13:00,75,Completed,36.6,W20251016
T03087,V0195,D0456,R068,2025-11-18T11:50:00,2025-11-18T15:39:00,95,Cancelled,24.9,W20251118
T03088,V0188,D0248,R032,2025-04-16T07:24:00,2025-04-16T11:09:00,75,Completed,20.0,W20250416
T03089,V0429,D0078,R100,2025-10-28T21:01:00,2025-10-29T01:40:00,75,Cancelled,16.1,W20251028
T03090,V0365,D0331,R031,2025-05-22T14:48:00,2025-05-22T17:35:00,65,Completed,23.4,W20250522
T03091,V0267,D0671,R027,2025-04-12T12:43:00,2025-04-12T15:22:00,85,Completed,32.1,W20250412
T03092,V0335,D0631,R035,2025-04-18T00:29:00,2025-04-18T02:03:00,95,Completed,60.6,W20250418
T03093,V0461,D0140,R083,2025-10-26T13:00:00,2025-10-26T15:42:00,75,Completed,27.8,W20251026
T03094,V0397,D0149,R023,2025-11-08T14:09:00,2025-11-08T18:29:00,95,Completed,21.9,W20251108
T03095,V0484,D0061,R023,2025-12-29T17:49:00,2025-12-29T22:23:00,95,Completed,20.8,W20251229
T03096,V0484,D0128,R005,2025-05-10T18:34:00,2025-05-10T19:21:00,65,Completed,83.0,W20250510
T03097,V0470,D0277,R091,2025-04-22T20:37:00,2025-04-23T01:01:00,70,Completed,15.9,W20250422
T03098,V0391,D0691,R027,2025-12-13T23:36:00,2025-12-14T01:09:00,85,Completed,54.8,W20251213
T03099,V0008,D0403,R011,2025-06-28T22:06:00,2025-06-29T00:58:00,85,Completed,29.7,W20250628
T03100,V0475,D0215,R055,2025-02-07T15:09:00,2025-02-07T17:07:00,55,Cancelled,28.0,W20250207
T03101,V0296,D0360,R063,2025-03-05T01:43:00,2025-03-05T03:04:00,75,Completed,55.6,W20250305
T03102,V0393,D0378,R068,2025-06-20T10:17:00,2025-06-20T11:44:00,95,Completed,65.5,W20250620
T03103,V0293,D0405,R049,2025-12-13T09:00:00,2025-12-13T13:05:00,85,Completed,20.8,W20251213
T03104,V0474,D0515,R014,2025-01-23T04:38:00,2025-01-23T09:22:00,55,Completed,11.6,W20250123
T03105,V0152,D0081,R026,2025-05-12T09:21:00,2025-05-12T12:33:00,70,Cancelled,21.9,W20250512
T03106,V0469,D0017,R078,2025-04-26T12:17:00,2025-04-26T16:45:00,75,Completed,16.8,W20250426
T03107,V0119,D0188,R069,2025-11-29T02:11:00,2025-11-29T06:20:00,70,Cancelled,16.9,W20251129
T03108,V0414,D0504,R062,2025-08-12T05:39:00,2025-08-12T08:32:00,70,Cancelled,24.3,W20250812
T03109,V0071,D0340,R043,2025-09-02T15:09:00,2025-09-02T16:58:00,65,Completed,35.8,W20250902
T03110,V0275,D0621,R008,2025-12-25T14:52:00,2025-12-25T15:58:00,75,Cancelled,68.2,W20251225
T03111,V0266,D0590,R061,2025-10-26T06:21:00,2025-10-26T08:04:00,75,Completed,43.7,W20251026
T03112,V0116,D0449,R040,2025-10-12T19:36:00,2025-10-13T00:11:00,95,Cancelled,20.7,W20251012
T03113,V0399,D0254,R011,2025-10-01T06:03:00,2025-10-01T06:49:00,85,Completed,110.9,W20251001
T03114,V0326,D0641,R005,2025-05-22T09:42:00,2025-05-22T14:42:00,65,Completed,13.0,W20250522
T03115,V0369,D0368,R082,2025-10-28T01:41:00,2025-10-28T04:05:00,75,Completed,31.2,W20251028
T03116,V0324,D0471,R010,2025-09-16T16:38:00,2025-09-16T17:46:00,75,Cancelled,66.2,W20250916
T03117,V0373,D0045,R097,2025-06-17T02:24:00,2025-06-17T07:17:00,65,Completed,13.3,W20250617
T03118,V0035,D0305,R100,2025-09-08T13:10:00,2025-09-08T14:10:00,75,Completed,75.0,W20250908
T03119,V0077,D0510,R030,2025-06-11T16:48:00,2025-06-11T19:57:00,65,Cancelled,20.6,W20250611
T03120,V0491,D0689,R019,2025-07-23T19:38:00,2025-07-23T22:20:00,55,Completed,20.4,W20250723
T03121,V0105,D0479,R067,2025-06-30T03:23:00,2025-06-30T07:21:00,55,Completed,13.9,W20250630
T03122,V0333,D0307,R042,2025-04-05T23:47:00,2025-04-06T01:59:00,75,Completed,34.1,W20250405
T03123,V0422,D0681,R054,2025-08-28T06:34:00,2025-08-28T08:45:00,95,Cancelled,43.5,W20250828
T03124,V0448,D0552,R078,2025-10-31T18:00:00,2025-10-31T20:36:00,75,Cancelled,28.8,W20251031
T03125,V0062,D0612,R034,2025-10-01T00:02:00,2025-10-01T02:01:00,70,Cancelled,35.3,W20251001
T03126,V0153,D0449,R024,2025-12-29T11:10:00,2025-12-29T12:50:00,55,Completed,33.0,W20251229
T03127,V0444,D0317,R066,2025-04-08T14:32:00,2025-04-08T16:33:00,85,Completed,42.1,W20250408
T03128,V0462,D0191,R062,2025-06-20T15:05:00,2025-06-20T15:53:00,70,Completed,87.5,W20250620
T03129,V0145,D0087,R003,2025-08-17T12:12:00,2025-08-17T13:39:00,85,Completed,58.6,W20250817
T03130,V0425,D0404,R063,2025-02-12T02:18:00,2025-02-12T05:55:00,75,Completed,20.7,W20250212
T03131,V0324,D0076,R094,2025-12-09T06:00:00,2025-12-09T08:36:00,70,Completed,26.9,W20251209
T03132,V0384,D0657,R081,2025-08-27T02:18:00,2025-08-27T06:32:00,55,Completed,13.0,W20250827
T03133,V0004,D0149,R037,2025-03-27T22:36:00,2025-03-28T01:05:00,95,Completed,38.3,W20250327
T03134,V0277,D0697,R041,2025-02-20T00:42:00,2025-02-20T02:23:00,65,Completed,38.6,W20250220
T03135,V0135,D0295,R058,2025-08-09T02:14:00,2025-08-09T03:09:00,95,Completed,103.6,W20250809
T03136,V0151,D0107,R024,2025-05-05T03:07:00,2025-05-05T06:53:00,55,Completed,14.6,W20250505
T03137,V0123,D0508,R077,2025-08-22T20:35:00,2025-08-22T21:21:00,85,Cancelled,110.9,W20250822
T03138,V0253,D0113,R020,2025-03-11T21:54:00,2025-03-12T00:32:00,65,Completed,24.7,W20250311
T03139,V0384,D0536,R032,2025-07-24T14:50:00,2025-07-24T19:35:00,75,Completed,15.8,W20250724
T03140,V0450,D0631,R047,2025-11-04T05:36:00,2025-11-04T08:22:00,55,Completed,19.9,W20251104
T03141,V0383,D0194,R046,2025-08-11T06:08:00,2025-08-11T07:30:00,70,Completed,51.2,W20250811
T03142,V0091,D0041,R055,2025-11-15T14:30:00,2025-11-15T18:23:00,55,Completed,14.2,W20251115
T03143,V0262,D0197,R019,2025-11-13T12:37:00,2025-11-13T14:11:00,55,Completed,35.1,W20251113
T03144,V0345,D0150,R080,2025-06-17T20:50:00,2025-06-18T00:15:00,75,Completed,22.0,W20250617
T03145,V0469,D0562,R065,2025-12-10T09:57:00,2025-12-10T11:29:00,70,Cancelled,45.7,W20251210
T03146,V0320,D0593,R088,2025-11-06T05:40:00,2025-11-06T09:01:00,95,Completed,28.4,W20251106
T03147,V0333,D0278,R094,2025-06-21T10:39:00,2025-06-21T14:07:00,70,Completed,20.2,W20250621
T03148,V0203,D0453,R048,2025-01-12T00:03:00,2025-01-12T01:26:00,75,Completed,54.2,W20250112
T03149,V0430,D0364,R087,2025-03-05T16:08:00,2025-03-05T20:02:00,55,Completed,14.1,W20250305
T03150,V0401,D0279,R064,2025-11-05T00:20:00,2025-11-05T04:22:00,75,Completed,18.6,W20251105
T03151,V0327,D0631,R100,2025-07-11T21:06:00,2025-07-12T00:52:00,75,Completed,19.9,W20250711
T03152,V0364,D0315,R098,2025-02-21T00:03:00,2025-02-21T01:47:00,75,Completed,43.3,W20250221
T03153,V0207,D0226,R067,2025-03-06T18:20:00,2025-03-06T20:01:00,55,Completed,32.7,W20250306
T03154,V0259,D0583,R081,2025-01-05T11:47:00,2025-01-05T13:10:00,55,Completed,39.8,W20250105
T03155,V0071,D0430,R083,2025-11-28T22:14:00,2025-11-29T02:15:00,75,Cancelled,18.7,W20251128
T03156,V0034,D0367,R094,2025-10-16T08:37:00,2025-10-16T12:08:00,70,Completed,19.9,W20251016
T03157,V0250,D0684,R029,2025-12-06T16:01:00,2025-12-06T20:05:00,70,Cancelled,17.2,W20251206
T03158,V0334,D0484,R038,2025-08-20T07:36:00,2025-08-20T11:41:00,95,Completed,23.3,W20250820
T03159,V0085,D0593,R047,2025-12-14T06:42:00,2025-12-14T09:44:00,55,Completed,18.1,W20251214
T03160,V0048,D0410,R044,2025-01-26T05:59:00,2025-01-26T08:17:00,70,Completed,30.4,W20250126
T03161,V0493,D0066,R077,2025-06-23T06:07:00,2025-06-23T11:03:00,85,Cancelled,17.2,W20250623
T03162,V0024,D0398,R003,2025-08-23T12:27:00,2025-08-23T15:29:00,85,Completed,28.0,W20250823
T03163,V0420,D0539,R048,2025-06-28T16:34:00,2025-06-28T18:26:00,75,Cancelled,40.2,W20250628
T03164,V0240,D0296,R080,2025-07-31T08:00:00,2025-07-31T09:24:00,75,Completed,53.6,W20250731
T03165,V0294,D0699,R089,2025-02-27T17:36:00,2025-02-27T19:12:00,85,Cancelled,53.1,W20250227
T03166,V0498,D0567,R005,2025-03-11T22:36:00,2025-03-12T00:16:00,65,Completed,39.0,W20250311
T03167,V0471,D0292,R044,2025-06-22T13:02:00,2025-06-22T15:28:00,70,Cancelled,28.8,W20250622
T03168,V0414,D0600,R068,2025-12-13T05:37:00,2025-12-13T10:03:00,95,Completed,21.4,W20251213
T03169,V0206,D0593,R074,2025-09-21T06:37:00,2025-09-21T10:50:00,95,Completed,22.5,W20250921
T03170,V0453,D0293,R065,2025-10-18T01:34:00,2025-10-18T03:14:00,70,Completed,42.0,W20251018
T03171,V0420,D0288,R057,2025-06-12T01:13:00,2025-06-12T05:44:00,75,Completed,16.6,W20250612
T03172,V0464,D0065,R042,2025-02-23T23:21:00,2025-02-24T03:36:00,75,Completed,17.6,W20250223
T03173,V0357,D0536,R063,2025-05-27T18:48:00,2025-05-27T19:45:00,75,Cancelled,78.9,W20250527
T03174,V0081,D0174,R060,2025-11-09T05:29:00,2025-11-09T09:04:00,85,Completed,23.7,W20251109
T03175,V0177,D0087,R100,2025-06-18T02:56:00,2025-06-18T03:48:00,75,Completed,86.5,W20250618
T03176,V0120,D0210,R018,2025-08-15T21:57:00,2025-08-16T02:23:00,85,Completed,19.2,W20250815
T03177,V0129,D0547,R003,2025-06-08T15:31:00,2025-06-08T18:48:00,85,Cancelled,25.9,W20250608
T03178,V0009,D0625,R076,2025-03-15T11:48:00,2025-03-15T16:46:00,95,Completed,19.1,W20250315
T03179,V0411,D0426,R093,2025-09-30T08:41:00,2025-09-30T13:19:00,65,Cancelled,14.0,W20250930
T03180,V0279,D0571,R057,2025-08-11T18:04:00,2025-08-11T21:27:00,75,Completed,22.2,W20250811
T03181,V0382,D0514,R077,2025-03-09T13:42:00,2025-03-09T16:48:00,85,Cancelled,27.4,W20250309
T03182,V0010,D0165,R093,2025-02-22T09:17:00,2025-02-22T13:44:00,65,Completed,14.6,W20250222
T03183,V0089,D0107,R009,2025-03-19T00:42:00,2025-03-19T04:37:00,65,Completed,16.6,W20250319
T03184,V0045,D0374,R025,2025-04-18T06:01:00,2025-04-18T08:20:00,75,Completed,32.4,W20250418
T03185,V0293,D0353,R094,2025-02-05T22:10:00,2025-02-06T02:18:00,70,Completed,16.9,W20250205
T03186,V0493,D0011,R062,2025-11-02T01:29:00,2025-11-02T05:39:00,70,Completed,16.8,W20251102
T03187,V0457,D0081,R098,2025-06-10T07:00:00,2025-06-10T10:23:00,75,Completed,22.2,W20250610
T03188,V0424,D0583,R080,2025-01-27T08:14:00,2025-01-27T12:57:00,75,Completed,15.9,W20250127
T03189,V0348,D0379,R087,2025-04-14T21:46:00,2025-04-14T23:18:00,55,Cancelled,35.9,W20250414
T03190,V0318,D0542,R006,2025-12-08T09:53:00,2025-12-08T11:03:00,95,Cancelled,81.4,W20251208
T03191,V0122,D0131,R022,2025-11-14T18:27:00,2025-11-14T20:32:00,70,Cancelled,33.6,W20251114
T03192,V0133,D0568,R013,2025-01-03T19:49:00,2025-01-03T22:09:00,65,Completed,27.9,W20250103
T03193,V0063,D0056,R092,2025-08-13T01:33:00,2025-08-13T02:55:00,70,Completed,51.2,W20250813
T03194,V0420,D0696,R017,2025-12-29T00:39:00,2025-12-29T01:28:00,95,Completed,116.3,W20251229
T03195,V0286,D0417,R074,2025-03-30T15:35:00,2025-03-30T19:02:00,95,Cancelled,27.5,W20250330
T03196,V0434,D0358,R057,2025-05-22T02:02:00,2025-05-22T02:59:00,75,Cancelled,78.9,W20250522
T03197,V0030,D0256,R092,2025-04-12T12:34:00,2025-04-12T17:09:00,70,Completed,15.3,W20250412
T03198,V0371,D0353,R061,2025-01-03T20:08:00,2025-01-03T21:48:00,75,Completed,45.0,W20250103
T03199,V0459,D0218,R044,2025-03-03T19:13:00,2025-03-04T00:10:00,70,Completed,14.1,W20250303
T03200,V0372,D0540,R073,2025-06-12T18:49:00,2025-06-12T20:33:00,85,Completed,49.0,W20250612
T03201,V0096,D0445,R009,2025-09-05T06:27:00,2025-09-05T08:46:00,65,Cancelled,28.1,W20250905
T03202,V0270,D0661,R019,2025-01-11T05:57:00,2025-01-11T08:26:00,55,Cancelled,22.1,W20250111
T03203,V0130,D0522,R082,2025-06-29T11:55:00,2025-06-29T12:59:00,75,Completed,70.3,W20250629
T03204,V0177,D0504,R013,2025-11-22T21:56:00,2025-11-23T01:47:00,65,Completed,16.9,W20251122
T03205,V0155,D0632,R066,2025-06-23T23:52:00,2025-06-24T03:40:00,85,Completed,22.4,W20250623
T03206,V0196,D0697,R096,2025-05-19T12:03:00,2025-05-19T15:09:00,95,Cancelled,30.6,W20250519
T03207,V0029,D0643,R027,2025-06-21T04:24:00,2025-06-21T06:39:00,85,Cancelled,37.8,W20250621
T03208,V0246,D0096,R050,2025-05-16T11:43:00,2025-05-16T15:54:00,95,Completed,22.7,W20250516
T03209,V0312,D0237,R095,2025-01-11T10:04:00,2025-01-11T13:11:00,85,Cancelled,27.3,W20250111
T03210,V0080,D0410,R009,2025-04-20T00:32:00,2025-04-20T02:55:00,65,Completed,27.3,W20250420
T03211,V0358,D0166,R081,2025-05-24T03:51:00,2025-05-24T08:06:00,55,Completed,12.9,W20250524
T03212,V0481,D0072,R073,2025-08-17T10:18:00,2025-08-17T11:11:00,85,Completed,96.2,W20250817
T03213,V0234,D0657,R043,2025-05-28T05:05:00,2025-05-28T08:56:00,65,Completed,16.9,W20250528
T03214,V0094,D0654,R060,2025-09-19T09:14:00,2025-09-19T10:48:00,85,Completed,54.3,W20250919
T03215,V0359,D0248,R068,2025-08-26T16:52:00,2025-08-26T20:59:00,95,Completed,23.1,W20250826
T03216,V0449,D0678,R001,2025-03-22T20:43:00,2025-03-22T23:30:00,85,Completed,30.5,W20250322
T03217,V0139,D0176,R012,2025-09-27T23:25:00,2025-09-28T02:46:00,95,Completed,28.4,W20250927
T03218,V0335,D0121,R015,2025-03-17T18:34:00,2025-03-17T21:15:00,75,Completed,28.0,W20250317
T03219,V0403,D0332,R083,2025-10-05T14:18:00,2025-10-05T16:22:00,75,Completed,36.3,W20251005
T03220,V0125,D0554,R051,2025-11-09T10:39:00,2025-11-09T11:37:00,70,Completed,72.4,W20251109
T03221,V0123,D0235,R012,2025-11-28T23:00:00,2025-11-29T00:56:00,95,Cancelled,49.1,W20251128
T03222,V0198,D0370,R075,2025-05-21T21:14:00,2025-05-22T00:54:00,85,Completed,23.2,W20250521
T03223,V0077,D0273,R023,2025-02-19T17:25:00,2025-02-19T21:45:00,95,Completed,21.9,W20250219
T03224,V0250,D0107,R013,2025-04-06T16:26:00,2025-04-06T20:37:00,65,Completed,15.5,W20250406
T03225,V0179,D0121,R016,2025-09-05T19:12:00,2025-09-05T21:25:00,65,Completed,29.3,W20250905
T03226,V0011,D0115,R034,2025-12-01T12:00:00,2025-12-01T13:22:00,70,Completed,51.2,W20251201
T03227,V0037,D0409,R093,2025-02-25T11:02:00,2025-02-25T13:52:00,65,Cancelled,22.9,W20250225
T03228,V0024,D0129,R049,2025-05-29T14:03:00,2025-05-29T16:36:00,85,Completed,33.3,W20250529
T03229,V0170,D0558,R073,2025-04-18T21:00:00,2025-04-19T01:35:00,85,Cancelled,18.5,W20250418
T03230,V0493,D0023,R018,2025-03-09T04:30:00,2025-03-09T05:43:00,85,Completed,69.9,W20250309
T03231,V0004,D0143,R073,2025-07-23T16:19:00,2025-07-23T21:07:00,85,Completed,17.7,W20250723
T03232,V0115,D0681,R078,2025-02-08T03:44:00,2025-02-08T05:04:00,75,Completed,56.2,W20250208
T03233,V0302,D0379,R028,2025-04-11T02:38:00,2025-04-11T06:07:00,85,Cancelled,24.4,W20250411
T03234,V0021,D0159,R042,2025-10-22T04:14:00,2025-10-22T05:59:00,75,Completed,42.9,W20251022
T03235,V0051,D0192,R027,2025-08-21T20:35:00,2025-08-21T22:30:00,85,Completed,44.3,W20250821
T03236,V0423,D0346,R097,2025-09-02T17:13:00,2025-09-02T19:11:00,65,Completed,33.1,W20250902
T03237,V0078,D0163,R003,2025-01-29T03:19:00,2025-01-29T07:46:00,85,Completed,19.1,W20250129
T03238,V0395,D0637,R053,2025-05-12T19:54:00,2025-05-12T22:29:00,55,Completed,21.3,W20250512
T03239,V0206,D0645,R087,2025-11-04T23:08:00,2025-11-05T00:24:00,55,Completed,43.4,W20251104
T03240,V0220,D0036,R089,2025-02-05T04:33:00,2025-02-05T07:46:00,85,Completed,26.4,W20250205
T03241,V0236,D0148,R093,2025-04-10T23:06:00,2025-04-11T01:40:00,65,Completed,25.3,W20250410
T03242,V0017,D0205,R040,2025-03-27T21:52:00,2025-03-27T23:49:00,95,Completed,48.7,W20250327
T03243,V0283,D0276,R006,2025-02-24T16:11:00,2025-02-24T18:12:00,95,Completed,47.1,W20250224
T03244,V0285,D0236,R055,2025-04-26T19:44:00,2025-04-26T21:20:00,55,Completed,34.4,W20250426
T03245,V0388,D0610,R038,2025-05-30T13:19:00,2025-05-30T14:51:00,95,Completed,62.0,W20250530
T03246,V0141,D0010,R090,2025-07-01T16:51:00,2025-07-01T21:38:00,85,Completed,17.8,W20250701
T03247,V0151,D0341,R044,2025-07-23T01:06:00,2025-07-23T02:17:00,70,Cancelled,59.2,W20250723
T03248,V0483,D0302,R059,2025-06-12T11:50:00,2025-06-12T14:24:00,75,Completed,29.2,W20250612
T03249,V0353,D0412,R064,2025-05-10T00:09:00,2025-05-10T04:02:00,75,Completed,19.3,W20250510
T03250,V0023,D0530,R048,2025-10-30T20:02:00,2025-10-30T21:42:00,75,Completed,45.0,W20251030
T03251,V0088,D0036,R021,2025-04-19T08:02:00,2025-04-19T13:02:00,75,Completed,15.0,W20250419
T03252,V0425,D0607,R075,2025-09-30T13:48:00,2025-09-30T15:01:00,85,Completed,69.9,W20250930
T03253,V0173,D0315,R054,2025-08-10T09:38:00,2025-08-10T12:06:00,95,Cancelled,38.5,W20250810
T03254,V0114,D0216,R004,2025-03-01T22:47:00,2025-03-02T02:47:00,65,Completed,16.2,W20250301
T03255,V0485,D0202,R005,2025-10-09T07:22:00,2025-10-09T12:18:00,65,Completed,13.2,W20251009
T03256,V0068,D0017,R044,2025-02-28T17:17:00,2025-02-28T19:20:00,70,Completed,34.1,W20250228
T03257,V0112,D0598,R091,2025-05-02T03:51:00,2025-05-02T05:29:00,70,Completed,42.9,W20250502
T03258,V0478,D0091,R092,2025-02-28T03:55:00,2025-02-28T07:03:00,70,Cancelled,22.3,W20250228
T03259,V0009,D0107,R068,2025-12-28T02:21:00,2025-12-28T06:27:00,95,Completed,23.2,W20251228
T03260,V0059,D0232,R006,2025-08-23T21:14:00,2025-08-24T00:43:00,95,Completed,27.3,W20250823
T03261,V0381,D0076,R087,2025-02-20T16:18:00,2025-02-20T19:04:00,55,Completed,19.9,W20250220
T03262,V0092,D0164,R091,2025-12-28T05:15:00,2025-12-28T07:53:00,70,Completed,26.6,W20251228
T03263,V0296,D0523,R036,2025-05-06T13:46:00,2025-05-06T17:34:00,75,Cancelled,19.7,W20250506
T03264,V0042,D0113,R096,2025-12-13T05:33:00,2025-12-13T07:45:00,95,Completed,43.2,W20251213
T03265,V0426,D0513,R019,2025-11-16T21:22:00,2025-11-16T22:52:00,55,Completed,36.7,W20251116
T03266,V0185,D0231,R082,2025-01-26T22:11:00,2025-01-26T23:31:00,75,Completed,56.2,W20250126
T03267,V0025,D0308,R018,2025-04-05T13:08:00,2025-04-05T16:41:00,85,Completed,23.9,W20250405
T03268,V0248,D0644,R077,2025-02-11T15:41:00,2025-02-11T17:38:00,85,Cancelled,43.6,W20250211
T03269,V0199,D0643,R005,2025-04-10T11:03:00,2025-04-10T14:27:00,65,Completed,19.1,W20250410
T03270,V0351,D0479,R095,2025-05-23T21:58:00,2025-05-24T02:14:00,85,Completed,19.9,W20250523
T03271,V0109,D0517,R075,2025-10-03T11:47:00,2025-10-03T13:27:00,85,Completed,51.0,W20251003
T03272,V0058,D0112,R019,2025-07-12T09:11:00,2025-07-12T13:29:00,55,Completed,12.8,W20250712
T03273,V0035,D0654,R016,2025-04-12T10:25:00,2025-04-12T11:29:00,65,Cancelled,60.9,W20250412
T03274,V0483,D0625,R086,2025-08-18T14:06:00,2025-08-18T16:55:00,65,Completed,23.1,W20250818
T03275,V0159,D0505,R083,2025-05-29T01:33:00,2025-05-29T04:14:00,75,Completed,28.0,W20250529
T03276,V0395,D0156,R086,2025-01-15T22:57:00,2025-01-16T02:07:00,65,Completed,20.5,W20250115
T03277,V0354,D0183,R040,2025-02-28T07:54:00,2025-02-28T11:44:00,95,Completed,24.8,W20250228
T03278,V0382,D0493,R041,2025-11-08T05:39:00,2025-11-08T09:31:00,65,Completed,16.8,W20251108
T03279,V0103,D0565,R033,2025-11-12T01:06:00,2025-11-12T03:39:00,85,Completed,33.3,W20251112
T03280,V0289,D0167,R022,2025-08-06T05:19:00,2025-08-06T07:54:00,70,Completed,27.1,W20250806
T03281,V0032,D0001,R025,2025-07-13T23:43:00,2025-07-14T04:08:00,75,Cancelled,17.0,W20250713
T03282,V0118,D0408,R058,2025-02-15T00:05:00,2025-02-15T04:58:00,95,Completed,19.5,W20250215
T03283,V0406,D0407,R075,2025-12-08T15:38:00,2025-12-08T18:25:00,85,Cancelled,30.5,W20251208
T03284,V0002,D0652,R003,2025-11-05T09:55:00,2025-11-05T12:52:00,85,Cancelled,28.8,W20251105
T03285,V0396,D0086,R047,2025-05-26T18:30:00,2025-05-26T22:48:00,55,Completed,12.8,W20250526
T03286,V0466,D0164,R073,2025-10-07T17:42:00,2025-10-07T19:14:00,85,Cancelled,55.4,W20251007
T03287,V0002,D0514,R069,2025-04-20T19:07:00,2025-04-20T22:11:00,70,Completed,22.8,W20250420
T03288,V0374,D0110,R052,2025-12-30T18:40:00,2025-12-30T20:03:00,65,Completed,47.0,W20251230
T03289,V0452,D0018,R004,2025-03-03T07:41:00,2025-03-03T11:03:00,65,Completed,19.3,W20250303
T03290,V0213,D0194,R030,2025-06-21T07:03:00,2025-06-21T09:40:00,65,Completed,24.8,W20250621
T03291,V0288,D0471,R061,2025-04-20T22:55:00,2025-04-21T03:47:00,75,Completed,15.4,W20250420
T03292,V0204,D0539,R082,2025-02-26T11:53:00,2025-02-26T14:05:00,75,Cancelled,34.1,W20250226
T03293,V0105,D0350,R039,2025-11-21T05:23:00,2025-11-21T08:16:00,55,Completed,19.1,W20251121
T03294,V0323,D0027,R077,2025-02-25T01:32:00,2025-02-25T03:19:00,85,Cancelled,47.7,W20250225
T03295,V0155,D0281,R083,2025-02-08T01:30:00,2025-02-08T05:19:00,75,Completed,19.7,W20250208
T03296,V0076,D0179,R019,2025-10-17T02:29:00,2025-10-17T06:00:00,55,Cancelled,15.6,W20251017
T03297,V0205,D0012,R058,2025-07-31T16:59:00,2025-07-31T21:41:00,95,Completed,20.2,W20250731
T03298,V0019,D0364,R097,2025-01-23T16:32:00,2025-01-23T17:56:00,65,Completed,46.4,W20250123
T03299,V0260,D0562,R035,2025-12-26T15:06:00,2025-12-26T17:31:00,95,Completed,39.3,W20251226
T03300,V0417,D0509,R007,2025-09-05T08:16:00,2025-09-05T10:36:00,70,Completed,30.0,W20250905
T03301,V0006,D0571,R100,2025-12-25T19:23:00,2025-12-26T00:15:00,75,Completed,15.4,W20251225
T03302,V0395,D0244,R081,2025-09-08T22:46:00,2025-09-09T03:17:00,55,Completed,12.2,W20250908
T03303,V0386,D0614,R084,2025-11-06T08:59:00,2025-11-06T10:21:00,85,Cancelled,62.2,W20251106
T03304,V0053,D0584,R090,2025-02-27T19:31:00,2025-02-27T22:46:00,85,Completed,26.2,W20250227
T03305,V0288,D0294,R025,2025-08-18T01:40:00,2025-08-18T06:21:00,75,Cancelled,16.0,W20250818
T03306,V0402,D0151,R023,2025-03-30T22:42:00,2025-03-31T02:46:00,95,Cancelled,23.4,W20250330
T03307,V0487,D0140,R084,2025-01-20T23:49:00,2025-01-21T03:12:00,85,Completed,25.1,W20250120
T03308,V0102,D0664,R063,2025-10-16T01:41:00,2025-10-16T05:16:00,75,Completed,20.9,W20251016
T03309,V0129,D0268,R091,2025-11-07T15:59:00,2025-11-07T17:36:00,70,Cancelled,43.3,W20251107
T03310,V0229,D0351,R071,2025-01-04T08:29:00,2025-01-04T12:25:00,95,Cancelled,24.2,W20250104
T03311,V0314,D0364,R019,2025-08-02T04:07:00,2025-08-02T08:33:00,55,Cancelled,12.4,W20250802
T03312,V0001,D0532,R090,2025-05-23T09:01:00,2025-05-23T12:43:00,85,Completed,23.0,W20250523
T03313,V0269,D0236,R054,2025-01-31T15:18:00,2025-01-31T16:04:00,95,Completed,123.9,W20250131
T03314,V0349,D0483,R003,2025-07-31T10:40:00,2025-07-31T13:52:00,85,Completed,26.6,W20250731
T03315,V0003,D0682,R058,2025-10-01T15:43:00,2025-10-01T20:17:00,95,Cancelled,20.8,W20251001
T03316,V0206,D0548,R086,2025-10-09T15:31:00,2025-10-09T20:19:00,65,Completed,13.5,W20251009
T03317,V0338,D0534,R048,2025-10-16T01:30:00,2025-10-16T04:30:00,75,Completed,25.0,W20251016
T03318,V0433,D0299,R046,2025-10-26T05:12:00,2025-10-26T07:55:00,70,Completed,25.8,W20251026
T03319,V0141,D0513,R099,2025-03-09T21:20:00,2025-03-10T00:30:00,55,Completed,17.4,W20250309
T03320,V0236,D0551,R031,2025-12-23T11:09:00,2025-12-23T13:42:00,65,Cancelled,25.5,W20251223
T03321,V0144,D0628,R010,2025-01-23T05:20:00,2025-01-23T08:08:00,75,Completed,26.8,W20250123
T03322,V0460,D0693,R054,2025-01-05T05:01:00,2025-01-05T08:45:00,95,Completed,25.4,W20250105
T03323,V0497,D0335,R014,2025-06-12T21:43:00,2025-06-13T02:42:00,55,Completed,11.0,W20250612
T03324,V0490,D0224,R032,2025-09-01T11:01:00,2025-09-01T12:40:00,75,Completed,45.5,W20250901
T03325,V0403,D0691,R087,2025-12-29T01:02:00,2025-12-29T02:15:00,55,Completed,45.2,W20251229
T03326,V0074,D0081,R014,2025-03-15T10:04:00,2025-03-15T13:35:00,55,Cancelled,15.6,W20250315
T03327,V0392,D0169,R062,2025-08-29T00:06:00,2025-08-29T04:16:00,70,Completed,16.8,W20250829
T03328,V0078,D0501,R040,2025-05-03T22:32:00,2025-05-04T00:49:00,95,Cancelled,41.6,W20250503
T03329,V0358,D0587,R075,2025-03-31T17:30:00,2025-03-31T18:18:00,85,Cancelled,106.2,W20250331
T03330,V0354,D0686,R054,2025-01-24T07:31:00,2025-01-24T08:54:00,95,Completed,68.7,W20250124
T03331,V0070,D0266,R054,2025-01-02T04:16:00,2025-01-02T07:34:00,95,Completed,28.8,W20250102
T03332,V0135,D0682,R076,2025-06-13T17:13:00,2025-06-13T20:46:00,95,Completed,26.8,W20250613
T03333,V0142,D0044,R045,2025-10-16T02:00:00,2025-10-16T04:23:00,70,Completed,29.4,W20251016
T03334,V0019,D0262,R006,2025-01-20T20:51:00,2025-01-21T00:19:00,95,Completed,27.4,W20250120
T03335,V0056,D0132,R033,2025-08-26T13:17:00,2025-08-26T16:06:00,85,Completed,30.2,W20250826
T03336,V0479,D0066,R088,2025-07-09T22:42:00,2025-07-10T02:06:00,95,Cancelled,27.9,W20250709
T03337,V0422,D0198,R041,2025-04-01T14:58:00,2025-04-01T17:41:00,65,Completed,23.9,W20250401
T03338,V0017,D0148,R014,2025-03-10T01:30:00,2025-03-10T03:21:00,55,Cancelled,29.7,W20250310
T03339,V0136,D0009,R082,2025-06-22T19:39:00,2025-06-22T23:45:00,75,Completed,18.3,W20250622
T03340,V0027,D0372,R033,2025-11-30T10:35:00,2025-11-30T12:35:00,85,Completed,42.5,W20251130
T03341,V0152,D0054,R059,2025-03-21T12:12:00,2025-03-21T16:09:00,75,Completed,19.0,W20250321
T03342,V0463,D0575,R052,2025-03-22T09:28:00,2025-03-22T14:17:00,65,Completed,13.5,W20250322
T03343,V0407,D0343,R011,2025-02-10T19:14:00,2025-02-10T23:38:00,85,Completed,19.3,W20250210
T03344,V0393,D0290,R017,2025-02-12T06:07:00,2025-02-12T08:49:00,95,Completed,35.2,W20250212
T03345,V0278,D0209,R005,2025-07-27T11:25:00,2025-07-27T15:50:00,65,Completed,14.7,W20250727
T03346,V0299,D0492,R018,2025-03-28T20:37:00,2025-03-29T00:17:00,85,Completed,23.2,W20250328
T03347,V0323,D0141,R045,2025-01-04T21:03:00,2025-01-04T22:45:00,70,Completed,41.2,W20250104
T03348,V0291,D0136,R045,2025-01-05T20:53:00,2025-01-05T23:14:00,70,Completed,29.8,W20250105
T03349,V0222,D0577,R008,2025-10-14T16:26:00,2025-10-14T21:25:00,75,Completed,15.1,W20251014
T03350,V0260,D0358,R069,2025-09-06T11:46:00,2025-09-06T16:02:00,70,Cancelled,16.4,W20250906
T03351,V0355,D0535,R011,2025-03-28T22:12:00,2025-03-29T02:20:00,85,Completed,20.6,W20250328
T03352,V0403,D0032,R086,2025-07-08T02:24:00,2025-07-08T04:40:00,65,Cancelled,28.7,W20250708
T03353,V0316,D0141,R051,2025-07-22T05:06:00,2025-07-22T06:35:00,70,Cancelled,47.2,W20250722
T03354,V0121,D0218,R031,2025-01-31T19:45:00,2025-02-01T00:37:00,65,Completed,13.4,W20250131
T03355,V0036,D0490,R081,2025-09-05T13:22:00,2025-09-05T14:55:00,55,Completed,35.5,W20250905
T03356,V0364,D0245,R024,2025-11-16T19:20:00,2025-11-17T00:08:00,55,Completed,11.5,W20251116
T03357,V0307,D0372,R057,2025-07-05T14:35:00,2025-07-05T18:25:00,75,Completed,19.6,W20250705
T03358,V0132,D0032,R086,2025-02-11T02:59:00,2025-02-11T05:39:00,65,Completed,24.4,W20250211
T03359,V0138,D0695,R005,2025-05-02T10:46:00,2025-05-02T12:38:00,65,Completed,34.8,W20250502
T03360,V0223,D0514,R016,2025-11-08T06:30:00,2025-11-08T11:00:00,65,Completed,14.4,W20251108
T03361,V0051,D0370,R019,2025-07-15T12:14:00,2025-07-15T13:48:00,55,Cancelled,35.1,W20250715
T03362,V0366,D0413,R060,2025-03-18T08:22:00,2025-03-18T09:38:00,85,Completed,67.1,W20250318
T03363,V0478,D0126,R025,2025-04-06T09:14:00,2025-04-06T12:21:00,75,Completed,24.1,W20250406
T03364,V0434,D0055,R041,2025-06-16T10:03:00,2025-06-16T14:59:00,65,Completed,13.2,W20250616
T03365,V0403,D0301,R019,2025-04-30T02:01:00,2025-04-30T02:57:00,55,Completed,58.9,W20250430
T03366,V0329,D0023,R034,2025-04-17T03:44:00,2025-04-17T05:01:00,70,Completed,54.5,W20250417
T03367,V0308,D0651,R099,2025-08-22T23:57:00,2025-08-23T03:30:00,55,Completed,15.5,W20250822
T03368,V0001,D0644,R066,2025-04-25T12:11:00,2025-04-25T15:24:00,85,Cancelled,26.4,W20250425
T03369,V0363,D0118,R086,2025-09-06T00:49:00,2025-09-06T03:57:00,65,Completed,20.7,W20250906
T03370,V0187,D0555,R014,2025-08-18T16:58:00,2025-08-18T17:58:00,55,Completed,55.0,W20250818
T03371,V0349,D0577,R047,2025-02-21T17:00:00,2025-02-21T20:07:00,55,Completed,17.6,W20250221
T03372,V0367,D0514,R036,2025-05-14T14:22:00,2025-05-14T18:23:00,75,Cancelled,18.7,W20250514
T03373,V0195,D0463,R043,2025-05-06T03:03:00,2025-05-06T04:25:00,65,Completed,47.6,W20250506
T03374,V0133,D0596,R014,2025-04-02T14:26:00,2025-04-02T16:06:00,55,Completed,33.0,W20250402
T03375,V0013,D0635,R010,2025-10-16T14:02:00,2025-10-16T15:30:00,75,Completed,51.1,W20251016
T03376,V0500,D0182,R034,2025-11-27T09:12:00,2025-11-27T11:49:00,70,Completed,26.8,W20251127
T03377,V0029,D0574,R081,2025-03-04T03:45:00,2025-03-04T04:55:00,55,Cancelled,47.1,W20250304
T03378,V0165,D0066,R087,2025-08-11T09:51:00,2025-08-11T11:36:00,55,Completed,31.4,W20250811
T03379,V0054,D0016,R074,2025-10-22T08:55:00,2025-10-22T10:20:00,95,Completed,67.1,W20251022
T03380,V0303,D0182,R095,2025-09-18T20:24:00,2025-09-18T21:33:00,85,Completed,73.9,W20250918
T03381,V0384,D0151,R006,2025-04-15T07:00:00,2025-04-15T09:45:00,95,Completed,34.5,W20250415
T03382,V0200,D0692,R070,2025-11-25T09:48:00,2025-11-25T12:36:00,55,Completed,19.6,W20251125
T03383,V0017,D0097,R031,2025-07-19T12:57:00,2025-07-19T16:40:00,65,Completed,17.5,W20250719
T03384,V0202,D0036,R060,2025-12-03T02:25:00,2025-12-03T05:24:00,85,Completed,28.5,W20251203
T03385,V0377,D0082,R015,2025-09-03T17:12:00,2025-09-03T19:01:00,75,Completed,41.3,W20250903
T03386,V0495,D0543,R086,2025-11-01T08:41:00,2025-11-01T11:53:00,65,Completed,20.3,W20251101
T03387,V0303,D0604,R091,2025-12-18T15:25:00,2025-12-18T18:45:00,70,Completed,21.0,W20251218
T03388,V0152,D0241,R058,2025-03-25T07:22:00,2025-03-25T11:41:00,95,Completed,22.0,W20250325
T03389,V0016,D0689,R094,2025-04-02T22:57:00,2025-04-03T01:14:00,70,Completed,30.7,W20250402
T03390,V0302,D0257,R088,2025-09-23T00:08:00,2025-09-23T02:27:00,95,Completed,41.0,W20250923
T03391,V0037,D0429,R088,2025-02-16T13:10:00,2025-02-16T15:32:00,95,Completed,40.1,W20250216
T03392,V0100,D0530,R004,2025-03-25T15:35:00,2025-03-25T17:44:00,65,Cancelled,30.2,W20250325
T03393,V0159,D0590,R036,2025-07-21T18:22:00,2025-07-21T21:43:00,75,Completed,22.4,W20250721
T03394,V0302,D0065,R042,2025-05-10T08:53:00,2025-05-10T11:33:00,75,Completed,28.1,W20250510
T03395,V0156,D0310,R069,2025-02-14T02:44:00,2025-02-14T05:08:00,70,Completed,29.2,W20250214
T03396,V0374,D0287,R070,2025-09-07T16:15:00,2025-09-07T20:32:00,55,Completed,12.8,W20250907
T03397,V0398,D0469,R045,2025-01-12T12:21:00,2025-01-12T15:05:00,70,Completed,25.6,W20250112
T03398,V0117,D0415,R038,2025-01-31T01:25:00,2025-01-31T05:49:00,95,Cancelled,21.6,W20250131
T03399,V0209,D0519,R042,2025-05-06T19:31:00,2025-05-06T22:45:00,75,Completed,23.2,W20250506
T03400,V0174,D0368,R016,2025-07-04T09:08:00,2025-07-04T13:26:00,65,Cancelled,15.1,W20250704
T03401,V0078,D0393,R043,2025-04-28T23:29:00,2025-04-29T01:19:00,65,Completed,35.5,W20250428
T03402,V0106,D0364,R074,2025-03-25T21:32:00,2025-03-26T01:39:00,95,Completed,23.1,W20250325
T03403,V0440,D0071,R017,2025-04-04T20:45:00,2025-04-04T22:14:00,95,Completed,64.0,W20250404
T03404,V0101,D0024,R087,2025-07-15T03:18:00,2025-07-15T08:17:00,55,Completed,11.0,W20250715
T03405,V0190,D0691,R072,2025-02-10T12:31:00,2025-02-10T15:17:00,75,Completed,27.1,W20250210
T03406,V0217,D0004,R039,2025-09-19T18:07:00,2025-09-19T20:03:00,55,Completed,28.4,W20250919
T03407,V0202,D0529,R065,2025-09-24T14:46:00,2025-09-24T18:27:00,70,Cancelled,19.0,W20250924
T03408,V0454,D0667,R078,2025-06-22T18:50:00,2025-06-22T19:35:00,75,Completed,100.0,W20250622
T03409,V0060,D0662,R025,2025-06-12T16:06:00,2025-06-12T20:08:00,75,Completed,18.6,W20250612
T03410,V0247,D0272,R083,2025-09-05T14:44:00,2025-09-05T16:34:00,75,Completed,40.9,W20250905
T03411,V0192,D0568,R047,2025-09-27T11:02:00,2025-09-27T13:38:00,55,Completed,21.2,W20250927
T03412,V0388,D0053,R033,2025-10-05T16:08:00,2025-10-05T20:14:00,85,Completed,20.7,W20251005
T03413,V0367,D0328,R025,2025-06-27T17:06:00,2025-06-27T21:44:00,75,Completed,16.2,W20250627
T03414,V0450,D0335,R004,2025-07-23T12:50:00,2025-07-23T17:13:00,65,Completed,14.8,W20250723
T03415,V0260,D0619,R095,2025-11-03T10:12:00,2025-11-03T15:04:00,85,Completed,17.5,W20251103
T03416,V0116,D0080,R072,2025-11-26T05:29:00,2025-11-26T06:48:00,75,Completed,57.0,W20251126
T03417,V0348,D0215,R047,2025-02-12T21:52:00,2025-02-13T01:16:00,55,Completed,16.2,W20250212
T03418,V0125,D0053,R064,2025-11-25T06:35:00,2025-11-25T08:23:00,75,Cancelled,41.7,W20251125
T03419,V0329,D0389,R069,2025-04-24T21:35:00,2025-04-24T23:47:00,70,Completed,31.8,W20250424
T03420,V0186,D0525,R057,2025-03-08T16:08:00,2025-03-08T20:46:00,75,Completed,16.2,W20250308
T03421,V0104,D0612,R042,2025-11-04T22:26:00,2025-11-05T01:44:00,75,Completed,22.7,W20251104
T03422,V0426,D0341,R065,2025-05-29T04:11:00,2025-05-29T05:31:00,70,Completed,52.5,W20250529
T03423,V0170,D0489,R019,2025-11-17T19:17:00,2025-11-17T23:35:00,55,Completed,12.8,W20251117
T03424,V0201,D0457,R031,2025-09-26T08:07:00,2025-09-26T10:57:00,65,Completed,22.9,W20250926
T03425,V0266,D0260,R001,2025-07-09T11:45:00,2025-07-09T14:57:00,85,Completed,26.6,W20250709
T03426,V0098,D0467,R080,2025-08-13T14:07:00,2025-08-13T16:31:00,75,Completed,31.2,W20250813
T03427,V0129,D0608,R089,2025-02-24T18:08:00,2025-02-24T19:19:00,85,Cancelled,71.8,W20250224
T03428,V0447,D0365,R081,2025-01-31T10:47:00,2025-01-31T13:51:00,55,Cancelled,17.9,W20250131
T03429,V0401,D0105,R045,2025-07-30T21:05:00,2025-07-30T22:55:00,70,Completed,38.2,W20250730
T03430,V0472,D0452,R060,2025-11-04T17:45:00,2025-11-04T21:39:00,85,Completed,21.8,W20251104
T03431,V0409,D0439,R050,2025-06-12T18:00:00,2025-06-12T22:01:00,95,Completed,23.7,W20250612
T03432,V0027,D0167,R011,2025-08-04T20:10:00,2025-08-05T01:04:00,85,Cancelled,17.3,W20250804
T03433,V0461,D0314,R097,2025-06-18T17:43:00,2025-06-18T20:52:00,65,Completed,20.6,W20250618
T03434,V0492,D0479,R090,2025-12-16T07:58:00,2025-12-16T12:14:00,85,Completed,19.9,W20251216
T03435,V0283,D0679,R060,2025-10-08T20:45:00,2025-10-08T23:23:00,85,Cancelled,32.3,W20251008
T03436,V0457,D0359,R007,2025-08-04T14:10:00,2025-08-04T16:57:00,70,Completed,25.1,W20250804
T03437,V0054,D0692,R062,2025-09-10T20:37:00,2025-09-11T00:24:00,70,Cancelled,18.5,W20250910
T03438,V0182,D0440,R098,2025-03-27T12:02:00,2025-03-27T15:09:00,75,Completed,24.1,W20250327
T03439,V0385,D0355,R025,2025-12-13T02:11:00,2025-12-13T06:09:00,75,Cancelled,18.9,W20251213
T03440,V0038,D0556,R004,2025-12-15T07:40:00,2025-12-15T09:02:00,65,Completed,47.6,W20251215
T03441,V0030,D0422,R017,2025-09-03T11:18:00,2025-09-03T15:18:00,95,Completed,23.8,W20250903
T03442,V0299,D0296,R046,2025-01-11T09:51:00,2025-01-11T11:59:00,70,Completed,32.8,W20250111
T03443,V0118,D0368,R060,2025-05-17T01:52:00,2025-05-17T06:46:00,85,Cancelled,17.3,W20250517
T03444,V0412,D0366,R050,2025-05-16T02:44:00,2025-05-16T05:10:00,95,Completed,39.0,W20250516
T03445,V0051,D0360,R098,2025-06-28T16:20:00,2025-06-28T18:19:00,75,Completed,37.8,W20250628
T03446,V0083,D0442,R083,2025-06-27T17:33:00,2025-06-27T18:36:00,75,Completed,71.4,W20250627
T03447,V0329,D0079,R087,2025-12-19T06:34:00,2025-12-19T09:07:00,55,Completed,21.6,W20251219
T03448,V0308,D0209,R060,2025-05-25T01:57:00,2025-05-25T04:49:00,85,Completed,29.7,W20250525
T03449,V0452,D0631,R088,2025-08-05T13:46:00,2025-08-05T15:00:00,95,Cancelled,77.0,W20250805
T03450,V0152,D0184,R044,2025-05-13T03:04:00,2025-05-13T04:29:00,70,Completed,49.4,W20250513
T03451,V0188,D0389,R033,2025-01-27T17:10:00,2025-01-27T21:47:00,85,Completed,18.4,W20250127
T03452,V0283,D0621,R095,2025-07-17T03:30:00,2025-07-17T04:42:00,85,Cancelled,70.8,W20250717
T03453,V0152,D0685,R042,2025-06-18T10:29:00,2025-06-18T12:05:00,75,Cancelled,46.9,W20250618
T03454,V0128,D0125,R020,2025-10-26T04:20:00,2025-10-26T05:28:00,65,Completed,57.4,W20251026
T03455,V0382,D0288,R086,2025-08-18T02:34:00,2025-08-18T06:14:00,65,Completed,17.7,W20250818
T03456,V0140,D0342,R043,2025-05-26T04:19:00,2025-05-26T05:40:00,65,Cancelled,48.1,W20250526
T03457,V0155,D0267,R040,2025-11-15T05:34:00,2025-11-15T09:49:00,95,Completed,22.4,W20251115
T03458,V0172,D0670,R067,2025-04-14T10:20:00,2025-04-14T14:41:00,55,Completed,12.6,W20250414
T03459,V0249,D0609,R097,2025-10-27T03:56:00,2025-10-27T07:53:00,65,Completed,16.5,W20251027
T03460,V0282,D0138,R014,2025-01-29T12:20:00,2025-01-29T14:06:00,55,Completed,31.1,W20250129
T03461,V0084,D0440,R074,2025-06-25T16:38:00,2025-06-25T20:43:00,95,Completed,23.3,W20250625
T03462,V0082,D0625,R062,2025-08-03T16:06:00,2025-08-03T18:50:00,70,Completed,25.6,W20250803
T03463,V0108,D0027,R037,2025-03-14T19:10:00,2025-03-14T22:03:00,95,Completed,32.9,W20250314
T03464,V0264,D0061,R032,2025-04-06T14:16:00,2025-04-06T16:46:00,75,Completed,30.0,W20250406
T03465,V0307,D0623,R061,2025-08-26T21:21:00,2025-08-27T01:47:00,75,Completed,16.9,W20250826
T03466,V0286,D0044,R037,2025-09-01T02:57:00,2025-09-01T07:28:00,95,Completed,21.0,W20250901
T03467,V0248,D0572,R053,2025-05-08T05:55:00,2025-05-08T08:34:00,55,Cancelled,20.8,W20250508
T03468,V0186,D0203,R017,2025-03-22T08:39:00,2025-03-22T10:44:00,95,Completed,45.6,W20250322
T03469,V0086,D0453,R098,2025-01-26T02:27:00,2025-01-26T04:28:00,75,Completed,37.2,W20250126
T03470,V0223,D0556,R060,2025-07-05T07:31:00,2025-07-05T11:29:00,85,Cancelled,21.4,W20250705
T03471,V0450,D0413,R004,2025-05-11T07:46:00,2025-05-11T09:24:00,65,Cancelled,39.8,W20250511
T03472,V0121,D0084,R060,2025-03-09T13:01:00,2025-03-09T16:47:00,85,Completed,22.6,W20250309
T03473,V0002,D0234,R036,2025-07-05T08:41:00,2025-07-05T12:54:00,75,Cancelled,17.8,W20250705
T03474,V0394,D0479,R017,2025-08-23T01:43:00,2025-08-23T05:57:00,95,Cancelled,22.4,W20250823
T03475,V0306,D0627,R004,2025-05-13T05:49:00,2025-05-13T07:18:00,65,Completed,43.8,W20250513
T03476,V0089,D0447,R031,2025-05-29T19:05:00,2025-05-29T21:17:00,65,Completed,29.5,W20250529
T03477,V0255,D0423,R059,2025-07-26T22:36:00,2025-07-27T02:44:00,75,Cancelled,18.1,W20250726
T03478,V0111,D0130,R087,2025-02-26T10:26:00,2025-02-26T12:56:00,55,Completed,22.0,W20250226
T03479,V0167,D0411,R020,2025-11-22T16:43:00,2025-11-22T20:14:00,65,Completed,18.5,W20251122
T03480,V0296,D0060,R017,2025-06-10T05:10:00,2025-06-10T06:41:00,95,Completed,62.6,W20250610
T03481,V0062,D0284,R014,2025-06-20T20:04:00,2025-06-21T00:12:00,55,Completed,13.3,W20250620
T03482,V0275,D0406,R025,2025-07-23T10:09:00,2025-07-23T11:36:00,75,Cancelled,51.7,W20250723
T03483,V0363,D0139,R024,2025-08-14T18:20:00,2025-08-14T19:33:00,55,Completed,45.2,W20250814
T03484,V0401,D0033,R019,2025-05-26T01:40:00,2025-05-26T02:52:00,55,Cancelled,45.8,W20250526
T03485,V0442,D0642,R064,2025-08-01T20:58:00,2025-08-01T22:10:00,75,Completed,62.5,W20250801
T03486,V0256,D0207,R044,2025-08-28T08:20:00,2025-08-28T09:33:00,70,Completed,57.5,W20250828
T03487,V0365,D0255,R020,2025-04-17T00:41:00,2025-04-17T04:57:00,65,Completed,15.2,W20250417
T03488,V0213,D0030,R048,2025-03-21T13:19:00,2025-03-21T15:13:00,75,Completed,39.5,W20250321
T03489,V0098,D0572,R003,2025-01-08T10:08:00,2025-01-08T14:10:00,85,Completed,21.1,W20250108
T03490,V0437,D0266,R066,2025-05-15T20:47:00,2025-05-15T23:27:00,85,Completed,31.9,W20250515
T03491,V0398,D0404,R097,2025-12-23T17:45:00,2025-12-23T21:44:00,65,Completed,16.3,W20251223
T03492,V0439,D0120,R021,2025-08-24T03:16:00,2025-08-24T06:50:00,75,Completed,21.0,W20250824
T03493,V0232,D0629,R013,2025-02-14T17:10:00,2025-02-14T20:51:00,65,Cancelled,17.6,W20250214
T03494,V0025,D0461,R002,2025-09-25T04:32:00,2025-09-25T08:13:00,75,Completed,20.4,W20250925
T03495,V0134,D0675,R045,2025-08-10T06:13:00,2025-08-10T10:56:00,70,Completed,14.8,W20250810
T03496,V0276,D0511,R050,2025-02-20T03:47:00,2025-02-20T05:37:00,95,Cancelled,51.8,W20250220
T03497,V0418,D0092,R028,2025-09-25T14:26:00,2025-09-25T18:49:00,85,Cancelled,19.4,W20250925
T03498,V0480,D0441,R028,2025-08-14T17:20:00,2025-08-14T20:57:00,85,Completed,23.5,W20250814
T03499,V0269,D0665,R017,2025-09-22T08:41:00,2025-09-22T09:54:00,95,Completed,78.1,W20250922
T03500,V0390,D0533,R051,2025-02-18T20:41:00,2025-02-18T23:29:00,70,Completed,25.0,W20250218
T03501,V0178,D0242,R008,2025-01-30T19:58:00,2025-01-31T00:44:00,75,Completed,15.7,W20250130
T03502,V0107,D0135,R093,2025-03-14T05:19:00,2025-03-14T07:12:00,65,Completed,34.5,W20250314
T03503,V0400,D0456,R049,2025-04-02T15:53:00,2025-04-02T17:12:00,85,Completed,64.6,W20250402
T03504,V0188,D0386,R088,2025-01-12T16:32:00,2025-01-12T18:34:00,95,Cancelled,46.7,W20250112
T03505,V0024,D0441,R055,2025-10-19T08:06:00,2025-10-19T11:59:00,55,Completed,14.2,W20251019
T03506,V0022,D0593,R032,2025-07-12T09:39:00,2025-07-12T12:42:00,75,Completed,24.6,W20250712
T03507,V0454,D0339,R054,2025-05-24T14:39:00,2025-05-24T18:52:00,95,Completed,22.5,W20250524
T03508,V0492,D0043,R091,2025-11-28T13:06:00,2025-11-28T17:00:00,70,Completed,17.9,W20251128
T03509,V0423,D0511,R012,2025-03-03T06:41:00,2025-03-03T08:38:00,95,Cancelled,48.7,W20250303
T03510,V0394,D0595,R075,2025-05-05T02:03:00,2025-05-05T04:19:00,85,Cancelled,37.5,W20250505
T03511,V0237,D0243,R060,2025-04-30T19:41:00,2025-04-30T23:38:00,85,Completed,21.5,W20250430
T03512,V0136,D0445,R019,2025-04-17T05:09:00,2025-04-17T07:00:00,55,Completed,29.7,W20250417
T03513,V0073,D0285,R080,2025-07-17T19:05:00,2025-07-17T20:46:00,75,Completed,44.6,W20250717
T03514,V0318,D0584,R060,2025-07-14T13:56:00,2025-07-14T15:56:00,85,Cancelled,42.5,W20250714
T03515,V0194,D0369,R004,2025-04-07T07:38:00,2025-04-07T10:11:00,65,Completed,25.5,W20250407
T03516,V0263,D0070,R004,2025-04-05T08:57:00,2025-04-05T09:50:00,65,Completed,73.6,W20250405
T03517,V0007,D0557,R100,2025-02-15T08:12:00,2025-02-15T10:29:00,75,Completed,32.8,W20250215
T03518,V0228,D0575,R037,2025-03-27T10:26:00,2025-03-27T14:33:00,95,Cancelled,23.1,W20250327
T03519,V0300,D0216,R067,2025-04-22T02:14:00,2025-04-22T05:34:00,55,Completed,16.5,W20250422
T03520,V0214,D0625,R079,2025-03-12T21:15:00,2025-03-13T00:12:00,70,Completed,23.7,W20250312
T03521,V0448,D0186,R052,2025-01-02T09:41:00,2025-01-02T14:38:00,65,Completed,13.1,W20250102
T03522,V0187,D0155,R062,2025-01-28T02:36:00,2025-01-28T04:39:00,70,Cancelled,34.1,W20250128
T03523,V0397,D0375,R081,2025-04-04T04:47:00,2025-04-04T06:47:00,55,Completed,27.5,W20250404
T03524,V0327,D0389,R089,2025-05-22T04:47:00,2025-05-22T07:31:00,85,Completed,31.1,W20250522
T03525,V0345,D0700,R020,2025-12-29T02:25:00,2025-12-29T06:08:00,65,Completed,17.5,W20251229
T03526,V0018,D0557,R040,2025-03-12T11:50:00,2025-03-12T13:23:00,95,Completed,61.3,W20250312
T03527,V0221,D0191,R049,2025-06-14T08:53:00,2025-06-14T13:39:00,85,Cancelled,17.8,W20250614
T03528,V0460,D0397,R045,2025-12-25T20:06:00,2025-12-26T00:05:00,70,Cancelled,17.6,W20251225
T03529,V0475,D0466,R091,2025-03-13T14:27:00,2025-03-13T15:18:00,70,Completed,82.4,W20250313
T03530,V0484,D0386,R015,2025-07-05T23:16:00,2025-07-06T00:13:00,75,Cancelled,78.9,W20250705
T03531,V0187,D0008,R014,2025-01-04T03:50:00,2025-01-04T08:25:00,55,Cancelled,12.0,W20250104
T03532,V0180,D0435,R024,2025-10-11T16:25:00,2025-10-11T19:43:00,55,Completed,16.7,W20251011
T03533,V0178,D0561,R026,2025-02-13T04:30:00,2025-02-13T08:38:00,70,Completed,16.9,W20250213
T03534,V0122,D0437,R057,2025-03-05T07:35:00,2025-03-05T12:25:00,75,Completed,15.5,W20250305
T03535,V0386,D0446,R030,2025-05-24T20:39:00,2025-05-25T01:14:00,65,Completed,14.2,W20250524
T03536,V0215,D0688,R043,2025-08-04T13:00:00,2025-08-04T15:11:00,65,Completed,29.8,W20250804
T03537,V0240,D0564,R017,2025-04-29T01:59:00,2025-04-29T03:59:00,95,Cancelled,47.5,W20250429
T03538,V0076,D0296,R011,2025-11-17T03:40:00,2025-11-17T05:13:00,85,Completed,54.8,W20251117
T03539,V0158,D0532,R080,2025-03-07T14:42:00,2025-03-07T18:54:00,75,Completed,17.9,W20250307
T03540,V0440,D0062,R032,2025-08-04T13:55:00,2025-08-04T17:46:00,75,Cancelled,19.5,W20250804
T03541,V0136,D0368,R047,2025-05-02T23:44:00,2025-05-03T03:50:00,55,Completed,13.4,W20250502
T03542,V0472,D0467,R022,2025-11-14T21:33:00,2025-11-15T02:21:00,70,Cancelled,14.6,W20251114
T03543,V0293,D0039,R032,2025-03-24T04:56:00,2025-03-24T07:44:00,75,Completed,26.8,W20250324
T03544,V0399,D0093,R072,2025-08-23T23:57:00,2025-08-24T02:31:00,75,Cancelled,29.2,W20250823
T03545,V0034,D0458,R066,2025-01-22T04:44:00,2025-01-22T07:47:00,85,Completed,27.9,W20250122
T03546,V0150,D0553,R092,2025-02-04T20:50:00,2025-02-05T01:23:00,70,Completed,15.4,W20250204
T03547,V0102,D0161,R015,2025-09-05T15:41:00,2025-09-05T16:36:00,75,Completed,81.8,W20250905
T03548,V0416,D0350,R002,2025-07-07T16:15:00,2025-07-07T19:28:00,75,Completed,23.3,W20250707
T03549,V0343,D0132,R010,2025-02-07T00:43:00,2025-02-07T04:02:00,75,Cancelled,22.6,W20250207
T03550,V0289,D0502,R056,2025-04-16T01:10:00,2025-04-16T03:15:00,95,Completed,45.6,W20250416
T03551,V0119,D0399,R071,2025-07-04T15:38:00,2025-07-04T18:24:00,95,Completed,34.3,W20250704
T03552,V0018,D0220,R080,2025-11-26T22:51:00,2025-11-27T01:08:00,75,Completed,32.8,W20251126
T03553,V0003,D0140,R079,2025-04-06T05:36:00,2025-04-06T08:45:00,70,Completed,22.2,W20250406
T03554,V0420,D0327,R068,2025-03-29T07:35:00,2025-03-29T08:36:00,95,Completed,93.4,W20250329
T03555,V0110,D0633,R078,2025-02-23T06:43:00,2025-02-23T11:31:00,75,Cancelled,15.6,W20250223
T03556,V0137,D0338,R070,2025-12-17T03:34:00,2025-12-17T05:51:00,55,Cancelled,24.1,W20251217
T03557,V0362,D0425,R058,2025-11-21T02:40:00,2025-11-21T04:54:00,95,Completed,42.5,W20251121
T03558,V0162,D0429,R028,2025-03-29T05:11:00,2025-03-29T09:21:00,85,Completed,20.4,W20250329
T03559,V0420,D0051,R088,2025-10-20T03:45:00,2025-10-20T06:16:00,95,Completed,37.7,W20251020
T03560,V0388,D0020,R013,2025-09-02T11:38:00,2025-09-02T15:54:00,65,Completed,15.2,W20250902
T03561,V0110,D0309,R052,2025-12-24T11:48:00,2025-12-24T12:46:00,65,Completed,67.2,W20251224
T03562,V0072,D0578,R071,2025-10-16T06:25:00,2025-10-16T11:24:00,95,Completed,19.1,W20251016
T03563,V0298,D0526,R085,2025-09-01T18:10:00,2025-09-01T19:56:00,55,Completed,31.1,W20250901
T03564,V0227,D0621,R049,2025-08-09T00:28:00,2025-08-09T03:25:00,85,Cancelled,28.8,W20250809
T03565,V0033,D0277,R097,2025-02-20T20:15:00,2025-02-20T21:47:00,65,Cancelled,42.4,W20250220
T03566,V0225,D0572,R019,2025-08-25T20:38:00,2025-08-26T00:18:00,55,Cancelled,15.0,W20250825
T03567,V0139,D0358,R058,2025-06-12T10:59:00,2025-06-12T13:40:00,95,Completed,35.4,W20250612
T03568,V0173,D0349,R086,2025-11-30T12:28:00,2025-11-30T13:44:00,65,Cancelled,51.3,W20251130
T03569,V0237,D0628,R081,2025-08-19T02:34:00,2025-08-19T04:26:00,55,Completed,29.5,W20250819
T03570,V0475,D0501,R085,2025-06-03T11:56:00,2025-06-03T14:45:00,55,Cancelled,19.5,W20250603
T03571,V0019,D0125,R088,2025-01-02T23:24:00,2025-01-03T01:12:00,95,Completed,52.8,W20250102
T03572,V0095,D0061,R047,2025-09-06T00:00:00,2025-09-06T03:25:00,55,Cancelled,16.1,W20250906
T03573,V0380,D0675,R046,2025-04-18T00:05:00,2025-04-18T04:15:00,70,Completed,16.8,W20250418
T03574,V0200,D0604,R098,2025-04-24T22:32:00,2025-04-25T01:08:00,75,Completed,28.8,W20250424
T03575,V0361,D0056,R097,2025-10-02T03:16:00,2025-10-02T05:31:00,65,Cancelled,28.9,W20251002
T03576,V0211,D0219,R009,2025-09-16T01:38:00,2025-09-16T03:49:00,65,Completed,29.8,W20250916
T03577,V0242,D0162,R011,2025-08-18T01:14:00,2025-08-18T05:01:00,85,Completed,22.5,W20250818
T03578,V0497,D0499,R085,2025-02-08T04:35:00,2025-02-08T05:25:00,55,Completed,66.0,W20250208
T03579,V0163,D0599,R057,2025-09-15T19:35:00,2025-09-15T22:46:00,75,Completed,23.6,W20250915
T03580,V0338,D0461,R016,2025-06-23T16:36:00,2025-06-23T20:43:00,65,Completed,15.8,W20250623
T03581,V0392,D0040,R033,2025-04-07T07:45:00,2025-04-07T09:58:00,85,Completed,38.3,W20250407
T03582,V0088,D0389,R014,2025-04-26T20:18:00,2025-04-26T23:09:00,55,Completed,19.3,W20250426
T03583,V0439,D0699,R067,2025-08-13T05:04:00,2025-08-13T09:21:00,55,Completed,12.8,W20250813
T03584,V0469,D0221,R035,2025-06-12T15:26:00,2025-06-12T17:55:00,95,Completed,38.3,W20250612
T03585,V0082,D0128,R029,2025-02-10T23:49:00,2025-02-11T04:37:00,70,Cancelled,14.6,W20250210
T03586,V0284,D0012,R097,2025-11-03T17:36:00,2025-11-03T21:33:00,65,Completed,16.5,W20251103
T03587,V0180,D0563,R081,2025-07-04T06:47:00,2025-07-04T08:42:00,55,Completed,28.7,W20250704
T03588,V0208,D0404,R036,2025-09-06T02:51:00,2025-09-06T07:27:00,75,Completed,16.3,W20250906
T03589,V0061,D0595,R046,2025-09-23T11:35:00,2025-09-23T15:52:00,70,Cancelled,16.3,W20250923
T03590,V0454,D0511,R068,2025-02-15T01:02:00,2025-02-15T04:35:00,95,Completed,26.8,W20250215
T03591,V0040,D0145,R027,2025-12-08T11:57:00,2025-12-08T16:53:00,85,Cancelled,17.2,W20251208
T03592,V0450,D0253,R064,2025-06-28T10:13:00,2025-06-28T13:45:00,75,Completed,21.2,W20250628
T03593,V0097,D0233,R048,2025-11-21T13:00:00,2025-11-21T17:45:00,75,Completed,15.8,W20251121
T03594,V0497,D0130,R037,2025-12-23T01:03:00,2025-12-23T04:19:00,95,Completed,29.1,W20251223
T03595,V0259,D0684,R067,2025-11-09T03:01:00,2025-11-09T07:26:00,55,Completed,12.5,W20251109
T03596,V0302,D0397,R064,2025-06-17T01:13:00,2025-06-17T02:23:00,75,Completed,64.3,W20250617
T03597,V0085,D0672,R085,2025-01-04T14:56:00,2025-01-04T19:37:00,55,Completed,11.7,W20250104
T03598,V0187,D0222,R002,2025-01-02T19:17:00,2025-01-02T20:15:00,75,Completed,77.6,W20250102
T03599,V0374,D0247,R051,2025-05-22T06:29:00,2025-05-22T07:41:00,70,Completed,58.3,W20250522
T03600,V0314,D0022,R031,2025-04-02T13:44:00,2025-04-02T15:18:00,65,Completed,41.5,W20250402
T03601,V0011,D0301,R058,2025-01-28T09:37:00,2025-01-28T11:11:00,95,Completed,60.6,W20250128
T03602,V0195,D0460,R020,2025-01-14T01:15:00,2025-01-14T02:00:00,65,Cancelled,86.7,W20250114
T03603,V0336,D0013,R064,2025-12-29T04:41:00,2025-12-29T07:58:00,75,Completed,22.8,W20251229
T03604,V0381,D0250,R049,2025-04-11T05:09:00,2025-04-11T07:39:00,85,Completed,34.0,W20250411
T03605,V0425,D0173,R001,2025-05-25T02:38:00,2025-05-25T04:43:00,85,Completed,40.8,W20250525
T03606,V0404,D0398,R007,2025-07-07T07:28:00,2025-07-07T08:32:00,70,Completed,65.6,W20250707
T03607,V0391,D0428,R027,2025-01-13T00:21:00,2025-01-13T01:19:00,85,Completed,87.9,W20250113
T03608,V0457,D0532,R084,2025-08-12T15:56:00,2025-08-12T19:51:00,85,Completed,21.7,W20250812
T03609,V0175,D0491,R069,2025-11-11T09:28:00,2025-11-11T11:00:00,70,Cancelled,45.7,W20251111
T03610,V0134,D0700,R092,2025-05-20T08:51:00,2025-05-20T12:50:00,70,Cancelled,17.6,W20250520
T03611,V0249,D0649,R089,2025-11-19T02:42:00,2025-11-19T05:43:00,85,Completed,28.2,W20251119
T03612,V0475,D0360,R047,2025-03-20T21:36:00,2025-03-21T00:34:00,55,Completed,18.5,W20250320
T03613,V0346,D0107,R007,2025-11-23T12:26:00,2025-11-23T14:35:00,70,Cancelled,32.6,W20251123
T03614,V0369,D0490,R034,2025-12-26T18:31:00,2025-12-26T21:21:00,70,Completed,24.7,W20251226
T03615,V0348,D0697,R026,2025-06-11T12:22:00,2025-06-11T15:53:00,70,Completed,19.9,W20250611
T03616,V0104,D0403,R097,2025-04-29T09:31:00,2025-04-29T13:04:00,65,Cancelled,18.3,W20250429
T03617,V0406,D0397,R030,2025-10-30T20:34:00,2025-10-30T22:05:00,65,Completed,42.9,W20251030
T03618,V0458,D0604,R082,2025-04-03T10:37:00,2025-04-03T14:55:00,75,Cancelled,17.4,W20250403
T03619,V0122,D0486,R022,2025-03-16T21:24:00,2025-03-16T22:44:00,70,Completed,52.5,W20250316
T03620,V0216,D0570,R098,2025-05-02T00:11:00,2025-05-02T02:12:00,75,Completed,37.2,W20250502
T03621,V0483,D0107,R064,2025-05-16T01:07:00,2025-05-16T05:44:00,75,Completed,16.2,W20250516
T03622,V0228,D0324,R009,2025-11-10T09:17:00,2025-11-10T13:05:00,65,Completed,17.1,W20251110
T03623,V0268,D0014,R046,2025-10-17T22:23:00,2025-10-18T01:46:00,70,Completed,20.7,W20251017
T03624,V0024,D0418,R025,2025-07-08T14:48:00,2025-07-08T18:10:00,75,Cancelled,22.3,W20250708
T03625,V0451,D0487,R071,2025-06-27T08:18:00,2025-06-27T11:55:00,95,Completed,26.3,W20250627
T03626,V0189,D0533,R095,2025-03-14T19:05:00,2025-03-14T20:02:00,85,Completed,89.5,W20250314
T03627,V0002,D0698,R028,2025-11-16T21:40:00,2025-11-16T23:19:00,85,Completed,51.5,W20251116
T03628,V0215,D0658,R085,2025-02-12T04:51:00,2025-02-12T07:17:00,55,Cancelled,22.6,W20250212
T03629,V0293,D0448,R021,2025-04-01T14:59:00,2025-04-01T19:15:00,75,Completed,17.6,W20250401
T03630,V0339,D0699,R069,2025-03-23T21:55:00,2025-03-23T23:39:00,70,Completed,40.4,W20250323
T03631,V0255,D0530,R049,2025-06-18T12:38:00,2025-06-18T15:26:00,85,Completed,30.4,W20250618
T03632,V0438,D0120,R006,2025-01-12T09:28:00,2025-01-12T13:19:00,95,Completed,24.7,W20250112
T03633,V0040,D0221,R024,2025-05-24T00:38:00,2025-05-24T05:30:00,55,Cancelled,11.3,W20250524
T03634,V0392,D0449,R009,2025-01-03T20:29:00,2025-01-03T23:36:00,65,Completed,20.9,W20250103
T03635,V0267,D0093,R064,2025-07-08T04:44:00,2025-07-08T09:32:00,75,Completed,15.6,W20250708
T03636,V0126,D0163,R057,2025-02-20T05:25:00,2025-02-20T06:21:00,75,Completed,80.4,W20250220
T03637,V0088,D0423,R082,2025-07-22T20:37:00,2025-07-23T00:04:00,75,Cancelled,21.7,W20250722
T03638,V0488,D0620,R061,2025-11-09T15:29:00,2025-11-09T19:20:00,75,Completed,19.5,W20251109
T03639,V0323,D0670,R039,2025-08-26T19:03:00,2025-08-26T19:58:00,55,Completed,60.0,W20250826
T03640,V0095,D0597,R014,2025-10-01T17:34:00,2025-10-01T21:16:00,55,Completed,14.9,W20251001
T03641,V0427,D0149,R020,2025-02-13T04:53:00,2025-02-13T07:21:00,65,Completed,26.4,W20250213
T03642,V0317,D0491,R017,2025-01-11T01:39:00,2025-01-11T06:05:00,95,Completed,21.4,W20250111
T03643,V0389,D0013,R004,2025-03-03T14:43:00,2025-03-03T16:27:00,65,Cancelled,37.5,W20250303
T03644,V0022,D0221,R017,2025-03-18T11:02:00,2025-03-18T13:03:00,95,Cancelled,47.1,W20250318
T03645,V0108,D0035,R042,2025-07-22T19:58:00,2025-07-22T23:56:00,75,Completed,18.9,W20250722
T03646,V0337,D0264,R047,2025-09-29T02:43:00,2025-09-29T06:32:00,55,Completed,14.4,W20250929
T03647,V0406,D0279,R022,2025-12-07T12:24:00,2025-12-07T17:18:00,70,Completed,14.3,W20251207
T03648,V0124,D0573,R015,2025-05-18T22:04:00,2025-05-18T22:59:00,75,Completed,81.8,W20250518
T03649,V0383,D0101,R053,2025-02-28T00:34:00,2025-02-28T02:35:00,55,Cancelled,27.3,W20250228
T03650,V0122,D0364,R054,2025-11-29T06:02:00,2025-11-29T10:59:00,95,Completed,19.2,W20251129
T03651,V0080,D0417,R081,2025-04-01T09:15:00,2025-04-01T12:43:00,55,Completed,15.9,W20250401
T03652,V0084,D0447,R064,2025-08-07T22:04:00,2025-08-08T00:51:00,75,Completed,26.9,W20250807
T03653,V0355,D0370,R074,2025-10-28T02:57:00,2025-10-28T05:49:00,95,Completed,33.1,W20251028
T03654,V0281,D0424,R051,2025-06-18T11:11:00,2025-06-18T15:46:00,70,Completed,15.3,W20250618
T03655,V0118,D0205,R098,2025-10-13T18:09:00,2025-10-13T19:46:00,75,Cancelled,46.4,W20251013
T03656,V0288,D0331,R062,2025-08-24T16:13:00,2025-08-24T20:26:00,70,Completed,16.6,W20250824
T03657,V0001,D0051,R026,2025-10-09T04:00:00,2025-10-09T06:44:00,70,Completed,25.6,W20251009
T03658,V0030,D0390,R001,2025-02-12T20:09:00,2025-02-12T22:59:00,85,Completed,30.0,W20250212
T03659,V0333,D0205,R018,2025-06-09T18:37:00,2025-06-09T21:51:00,85,Completed,26.3,W20250609
T03660,V0015,D0580,R073,2025-03-17T21:37:00,2025-03-18T01:50:00,85,Cancelled,20.2,W20250317
T03661,V0197,D0335,R075,2025-09-22T02:58:00,2025-09-22T04:29:00,85,Completed,56.0,W20250922
T03662,V0319,D0560,R084,2025-03-16T18:54:00,2025-03-16T22:10:00,85,Cancelled,26.0,W20250316
T03663,V0400,D0193,R047,2025-06-25T21:41:00,2025-06-26T02:29:00,55,Completed,11.5,W20250625
T03664,V0372,D0098,R079,2025-07-11T22:26:00,2025-07-12T02:24:00,70,Completed,17.6,W20250711
T03665,V0039,D0351,R076,2025-10-31T10:06:00,2025-10-31T10:52:00,95,Cancelled,123.9,W20251031
T03666,V0215,D0305,R052,2025-10-07T15:10:00,2025-10-07T17:41:00,65,Completed,25.8,W20251007
T03667,V0114,D0211,R022,2025-07-18T17:31:00,2025-07-18T22:19:00,70,Completed,14.6,W20250718
T03668,V0159,D0107,R069,2025-08-15T10:34:00,2025-08-15T12:17:00,70,Completed,40.8,W20250815
T03669,V0084,D0490,R012,2025-03-01T04:43:00,2025-03-01T08:54:00,95,Completed,22.7,W20250301
T03670,V0404,D0005,R028,2025-12-25T07:46:00,2025-12-25T10:28:00,85,Completed,31.5,W20251225
T03671,V0312,D0063,R087,2025-09-09T03:25:00,2025-09-09T08:18:00,55,Completed,11.3,W20250909
T03672,V0414,D0653,R059,2025-12-31T01:51:00,2025-12-31T05:33:00,75,Cancelled,20.3,W20251231
T03673,V0123,D0269,R039,2025-05-25T05:39:00,2025-05-25T06:58:00,55,Completed,41.8,W20250525
T03674,V0195,D0201,R097,2025-02-22T09:37:00,2025-02-22T11:48:00,65,Completed,29.8,W20250222
T03675,V0380,D0258,R093,2025-03-31T04:02:00,2025-03-31T05:35:00,65,Completed,41.9,W20250331
T03676,V0394,D0666,R078,2025-11-30T16:40:00,2025-11-30T21:23:00,75,Completed,15.9,W20251130
T03677,V0119,D0691,R097,2025-03-11T17:23:00,2025-03-11T20:56:00,65,Completed,18.3,W20250311
T03678,V0193,D0213,R078,2025-09-03T22:23:00,2025-09-04T02:27:00,75,Completed,18.4,W20250903
T03679,V0129,D0041,R004,2025-02-25T14:33:00,2025-02-25T16:54:00,65,Cancelled,27.7,W20250225
T03680,V0390,D0067,R048,2025-05-12T20:23:00,2025-05-13T00:55:00,75,Cancelled,16.5,W20250512
T03681,V0094,D0310,R093,2025-08-27T20:40:00,2025-08-27T21:34:00,65,Completed,72.2,W20250827
T03682,V0031,D0050,R046,2025-08-02T06:24:00,2025-08-02T10:21:00,70,Completed,17.7,W20250802
T03683,V0459,D0044,R093,2025-12-04T00:15:00,2025-12-04T03:41:00,65,Completed,18.9,W20251204
T03684,V0463,D0323,R009,2025-06-30T11:06:00,2025-06-30T15:53:00,65,Completed,13.6,W20250630
T03685,V0072,D0063,R046,2025-03-28T02:15:00,2025-03-28T07:11:00,70,Completed,14.2,W20250328
T03686,V0345,D0650,R076,2025-11-28T18:57:00,2025-11-28T23:03:00,95,Completed,23.2,W20251128
T03687,V0193,D0699,R030,2025-06-07T08:57:00,2025-06-07T13:38:00,65,Completed,13.9,W20250607
T03688,V0041,D0617,R095,2025-05-26T03:39:00,2025-05-26T05:27:00,85,Completed,47.2,W20250526
T03689,V0361,D0411,R082,2025-06-26T21:05:00,2025-06-27T00:05:00,75,Completed,25.0,W20250626
T03690,V0419,D0552,R016,2025-08-01T09:09:00,2025-08-01T13:40:00,65,Cancelled,14.4,W20250801
T03691,V0255,D0507,R024,2025-10-16T20:37:00,2025-10-16T22:10:00,55,Cancelled,35.5,W20251016
T03692,V0452,D0407,R088,2025-09-10T01:30:00,2025-09-10T06:10:00,95,Completed,20.4,W20250910
T03693,V0364,D0265,R009,2025-11-23T18:48:00,2025-11-23T21:15:00,65,Cancelled,26.5,W20251123
T03694,V0110,D0433,R096,2025-07-28T08:25:00,2025-07-28T10:43:00,95,Cancelled,41.3,W20250728
T03695,V0297,D0014,R065,2025-09-20T04:19:00,2025-09-20T09:01:00,70,Completed,14.9,W20250920
T03696,V0138,D0298,R036,2025-11-30T03:54:00,2025-11-30T05:20:00,75,Completed,52.3,W20251130
T03697,V0348,D0058,R050,2025-11-07T01:35:00,2025-11-07T04:46:00,95,Completed,29.8,W20251107
T03698,V0032,D0165,R078,2025-08-11T12:34:00,2025-08-11T14:46:00,75,Completed,34.1,W20250811
T03699,V0238,D0164,R071,2025-06-10T10:16:00,2025-06-10T15:05:00,95,Completed,19.7,W20250610
T03700,V0345,D0317,R083,2025-09-27T01:55:00,2025-09-27T05:22:00,75,Completed,21.7,W20250927
T03701,V0029,D0072,R009,2025-03-29T00:31:00,2025-03-29T04:09:00,65,Cancelled,17.9,W20250329
T03702,V0019,D0378,R027,2025-09-09T02:28:00,2025-09-09T06:29:00,85,Cancelled,21.2,W20250909
T03703,V0366,D0467,R070,2025-01-09T23:02:00,2025-01-10T00:16:00,55,Completed,44.6,W20250109
T03704,V0084,D0443,R037,2025-12-14T19:03:00,2025-12-14T22:11:00,95,Completed,30.3,W20251214
T03705,V0097,D0211,R029,2025-10-02T11:48:00,2025-10-02T13:27:00,70,Completed,42.4,W20251002
T03706,V0034,D0352,R042,2025-12-09T05:29:00,2025-12-09T08:23:00,75,Completed,25.9,W20251209
T03707,V0084,D0604,R047,2025-03-03T23:27:00,2025-03-04T02:22:00,55,Completed,18.9,W20250303
T03708,V0321,D0488,R074,2025-10-26T17:46:00,2025-10-26T19:35:00,95,Cancelled,52.3,W20251026
T03709,V0102,D0140,R028,2025-12-15T13:42:00,2025-12-15T14:55:00,85,Completed,69.9,W20251215
T03710,V0224,D0251,R088,2025-05-06T03:39:00,2025-05-06T08:07:00,95,Completed,21.3,W20250506
T03711,V0129,D0549,R074,2025-08-03T08:52:00,2025-08-03T11:15:00,95,Completed,39.9,W20250803
T03712,V0427,D0597,R037,2025-01-27T08:19:00,2025-01-27T12:33:00,95,Completed,22.4,W20250127
T03713,V0431,D0627,R100,2025-08-17T02:28:00,2025-08-17T06:48:00,75,Cancelled,17.3,W20250817
T03714,V0199,D0175,R022,2025-06-21T18:53:00,2025-06-21T19:48:00,70,Cancelled,76.4,W20250621
T03715,V0091,D0475,R046,2025-04-13T09:03:00,2025-04-13T10:12:00,70,Completed,60.9,W20250413
T03716,V0345,D0566,R060,2025-08-04T03:48:00,2025-08-04T08:22:00,85,Cancelled,18.6,W20250804
T03717,V0479,D0068,R050,2025-10-13T09:53:00,2025-10-13T11:36:00,95,Completed,55.3,W20251013
T03718,V0417,D0482,R039,2025-04-30T02:41:00,2025-04-30T06:52:00,55,Completed,13.1,W20250430
T03719,V0420,D0297,R020,2025-01-15T09:35:00,2025-01-15T14:00:00,65,Completed,14.7,W20250115
T03720,V0009,D0501,R045,2025-08-04T14:09:00,2025-08-04T16:40:00,70,Completed,27.8,W20250804
T03721,V0308,D0363,R085,2025-10-01T15:25:00,2025-10-01T19:20:00,55,Completed,14.0,W20251001
T03722,V0157,D0519,R064,2025-05-08T22:26:00,2025-05-09T03:04:00,75,Completed,16.2,W20250508
T03723,V0383,D0154,R092,2025-07-01T08:54:00,2025-07-01T11:45:00,70,Cancelled,24.6,W20250701
T03724,V0004,D0361,R035,2025-03-28T20:03:00,2025-03-28T21:54:00,95,Completed,51.4,W20250328
T03725,V0213,D0230,R085,2025-03-09T01:47:00,2025-03-09T03:32:00,55,Cancelled,31.4,W20250309
T03726,V0082,D0504,R017,2025-12-31T09:10:00,2025-12-31T10:45:00,95,Completed,60.0,W20251231
T03727,V0064,D0274,R054,2025-03-02T03:54:00,2025-03-02T05:37:00,95,Completed,55.3,W20250302
T03728,V0425,D0668,R090,2025-08-04T23:08:00,2025-08-05T03:40:00,85,Completed,18.8,W20250804
T03729,V0090,D0060,R074,2025-06-17T08:04:00,2025-06-17T12:39:00,95,Completed,20.7,W20250617
T03730,V0016,D0044,R016,2025-06-24T23:04:00,2025-06-24T23:54:00,65,Cancelled,78.0,W20250624
T03731,V0474,D0240,R068,2025-03-26T15:34:00,2025-03-26T17:55:00,95,Completed,40.4,W20250326
T03732,V0269,D0647,R062,2025-09-06T11:49:00,2025-09-06T13:20:00,70,Cancelled,46.2,W20250906
T03733,V0246,D0191,R015,2025-09-04T04:11:00,2025-09-04T06:27:00,75,Completed,33.1,W20250904
T03734,V0275,D0238,R072,2025-03-15T05:51:00,2025-03-15T08:02:00,75,Cancelled,34.4,W20250315
T03735,V0468,D0523,R016,2025-10-10T23:31:00,2025-10-11T03:25:00,65,Completed,16.7,W20251010
T03736,V0145,D0492,R087,2025-08-07T05:14:00,2025-08-07T06:24:00,55,Completed,47.1,W20250807
T03737,V0282,D0599,R006,2025-11-28T09:56:00,2025-11-28T14:35:00,95,Cancelled,20.4,W20251128
T03738,V0051,D0235,R082,2025-02-04T07:31:00,2025-02-04T08:23:00,75,Completed,86.5,W20250204
T03739,V0083,D0540,R029,2025-11-26T13:33:00,2025-11-26T18:09:00,70,Completed,15.2,W20251126
T03740,V0260,D0163,R081,2025-02-27T13:20:00,2025-02-27T16:34:00,55,Completed,17.0,W20250227
T03741,V0344,D0225,R072,2025-11-11T09:29:00,2025-11-11T12:51:00,75,Cancelled,22.3,W20251111
T03742,V0012,D0128,R023,2025-01-09T17:58:00,2025-01-09T18:54:00,95,Completed,101.8,W20250109
T03743,V0095,D0336,R041,2025-10-21T07:14:00,2025-10-21T12:14:00,65,Completed,13.0,W20251021
T03744,V0218,D0682,R096,2025-09-11T14:25:00,2025-09-11T15:36:00,95,Completed,80.3,W20250911
T03745,V0075,D0356,R010,2025-12-05T21:00:00,2025-12-05T23:55:00,75,Completed,25.7,W20251205
T03746,V0234,D0203,R003,2025-01-21T00:01:00,2025-01-21T01:17:00,85,Completed,67.1,W20250121
T03747,V0027,D0078,R062,2025-09-16T01:06:00,2025-09-16T04:18:00,70,Completed,21.9,W20250916
T03748,V0467,D0494,R079,2025-02-02T23:13:00,2025-02-03T00:05:00,70,Completed,80.8,W20250202
T03749,V0032,D0164,R097,2025-10-09T03:42:00,2025-10-09T05:07:00,65,Cancelled,45.9,W20251009
T03750,V0224,D0023,R063,2025-01-05T10:35:00,2025-01-05T12:30:00,75,Completed,39.1,W20250105
T03751,V0402,D0595,R083,2025-07-08T05:26:00,2025-07-08T07:59:00,75,Completed,29.4,W20250708
T03752,V0136,D0203,R062,2025-06-23T00:52:00,2025-06-23T02:07:00,70,Completed,56.0,W20250623
T03753,V0466,D0035,R035,2025-10-23T07:32:00,2025-10-23T10:09:00,95,Completed,36.3,W20251023
T03754,V0154,D0016,R031,2025-08-18T21:52:00,2025-08-18T23:34:00,65,Completed,38.2,W20250818
T03755,V0269,D0358,R038,2025-09-25T15:23:00,2025-09-25T17:13:00,95,Completed,51.8,W20250925
T03756,V0335,D0386,R092,2025-02-24T19:52:00,2025-02-24T21:30:00,70,Cancelled,42.9,W20250224
T03757,V0294,D0678,R025,2025-06-30T12:05:00,2025-06-30T16:36:00,75,Cancelled,16.6,W20250630
T03758,V0184,D0255,R047,2025-09-08T11:29:00,2025-09-08T15:57:00,55,Completed,12.3,W20250908
T03759,V0297,D0342,R072,2025-04-22T08:14:00,2025-04-22T09:05:00,75,Cancelled,88.2,W20250422
T03760,V0455,D0602,R007,2025-07-10T05:15:00,2025-07-10T08:05:00,70,Completed,24.7,W20250710
T03761,V0451,D0693,R046,2025-08-29T14:24:00,2025-08-29T16:03:00,70,Completed,42.4,W20250829
T03762,V0385,D0685,R045,2025-05-08T08:06:00,2025-05-08T10:07:00,70,Completed,34.7,W20250508
T03763,V0443,D0238,R060,2025-01-06T01:51:00,2025-01-06T04:56:00,85,Completed,27.6,W20250106
T03764,V0011,D0646,R077,2025-09-02T08:11:00,2025-09-02T11:49:00,85,Cancelled,23.4,W20250902
T03765,V0170,D0482,R001,2025-09-04T04:19:00,2025-09-04T08:30:00,85,Completed,20.3,W20250904
T03766,V0200,D0578,R078,2025-01-09T01:58:00,2025-01-09T04:17:00,75,Cancelled,32.4,W20250109
T03767,V0133,D0456,R064,2025-04-14T03:01:00,2025-04-14T06:10:00,75,Completed,23.8,W20250414
T03768,V0319,D0421,R090,2025-09-26T04:05:00,2025-09-26T05:05:00,85,Completed,85.0,W20250926
T03769,V0403,D0556,R016,2025-03-24T20:40:00,2025-03-24T22:04:00,65,Completed,46.4,W20250324
T03770,V0028,D0138,R011,2025-03-02T23:17:00,2025-03-03T04:06:00,85,Completed,17.6,W20250302
T03771,V0232,D0685,R094,2025-09-15T21:02:00,2025-09-16T01:22:00,70,Completed,16.2,W20250915
T03772,V0128,D0072,R059,2025-07-30T03:02:00,2025-07-30T05:27:00,75,Completed,31.0,W20250730
T03773,V0056,D0361,R070,2025-03-24T11:20:00,2025-03-24T15:41:00,55,Completed,12.6,W20250324
T03774,V0394,D0307,R039,2025-01-22T04:23:00,2025-01-22T05:35:00,55,Cancelled,45.8,W20250122
T03775,V0430,D0669,R034,2025-11-03T21:42:00,2025-11-04T02:03:00,70,Cancelled,16.1,W20251103
T03776,V0122,D0586,R084,2025-04-21T02:14:00,2025-04-21T06:48:00,85,Completed,18.6,W20250421
T03777,V0420,D0584,R034,2025-05-19T10:14:00,2025-05-19T14:36:00,70,Completed,16.0,W20250519
T03778,V0391,D0547,R039,2025-07-21T22:46:00,2025-07-22T02:17:00,55,Completed,15.6,W20250721
T03779,V0070,D0046,R058,2025-03-17T15:39:00,2025-03-17T16:34:00,95,Completed,103.6,W20250317
T03780,V0487,D0557,R008,2025-04-12T04:46:00,2025-04-12T07:24:00,75,Completed,28.5,W20250412
T03781,V0207,D0115,R022,2025-04-15T13:27:00,2025-04-15T14:50:00,70,Completed,50.6,W20250415
T03782,V0029,D0656,R063,2025-11-29T09:00:00,2025-11-29T09:55:00,75,Cancelled,81.8,W20251129
T03783,V0292,D0541,R014,2025-01-03T02:10:00,2025-01-03T05:49:00,55,Completed,15.1,W20250103
T03784,V0427,D0666,R098,2025-11-27T12:23:00,2025-11-27T17:10:00,75,Cancelled,15.7,W20251127
T03785,V0319,D0585,R010,2025-11-19T10:53:00,2025-11-19T12:58:00,75,Completed,36.0,W20251119
T03786,V0478,D0508,R100,2025-02-19T16:44:00,2025-02-19T20:55:00,75,Completed,17.9,W20250219
T03787,V0189,D0287,R048,2025-12-19T03:25:00,2025-12-19T05:08:00,75,Completed,43.7,W20251219
T03788,V0059,D0693,R048,2025-12-17T08:44:00,2025-12-17T12:16:00,75,Completed,21.2,W20251217
T03789,V0370,D0025,R048,2025-08-25T23:10:00,2025-08-26T01:26:00,75,Completed,33.1,W20250825
T03790,V0180,D0030,R087,2025-03-29T23:06:00,2025-03-29T23:57:00,55,Completed,64.7,W20250329
T03791,V0485,D0413,R048,2025-02-03T06:28:00,2025-02-03T10:24:00,75,Completed,19.1,W20250203
T03792,V0208,D0007,R023,2025-01-10T09:53:00,2025-01-10T11:22:00,95,Completed,64.0,W20250110
T03793,V0307,D0459,R038,2025-12-21T10:00:00,2025-12-21T13:08:00,95,Completed,30.3,W20251221
T03794,V0310,D0700,R057,2025-12-14T23:56:00,2025-12-15T04:32:00,75,Completed,16.3,W20251214
T03795,V0109,D0502,R044,2025-03-31T16:13:00,2025-03-31T17:11:00,70,Completed,72.4,W20250331
T03796,V0494,D0311,R021,2025-03-07T10:20:00,2025-03-07T13:07:00,75,Cancelled,26.9,W20250307
T03797,V0282,D0046,R027,2025-12-20T01:59:00,2025-12-20T06:50:00,85,Completed,17.5,W20251220
T03798,V0102,D0152,R043,2025-11-28T02:37:00,2025-11-28T06:59:00,65,Completed,14.9,W20251128
T03799,V0109,D0573,R039,2025-08-29T14:33:00,2025-08-29T17:20:00,55,Cancelled,19.8,W20250829
T03800,V0359,D0036,R030,2025-12-14T08:47:00,2025-12-14T10:19:00,65,Cancelled,42.4,W20251214
T03801,V0412,D0297,R063,2025-05-18T16:20:00,2025-05-18T18:58:00,75,Completed,28.5,W20250518
T03802,V0117,D0496,R046,2025-09-13T21:32:00,2025-09-14T02:00:00,70,Cancelled,15.7,W20250913
T03803,V0138,D0687,R042,2025-03-07T13:10:00,2025-03-07T14:51:00,75,Completed,44.6,W20250307
T03804,V0306,D0116,R083,2025-10-31T21:33:00,2025-11-01T01:04:00,75,Completed,21.3,W20251031
T03805,V0394,D0142,R049,2025-08-22T11:48:00,2025-08-22T16:05:00,85,Completed,19.8,W20250822
T03806,V0097,D0145,R075,2025-03-25T17:48:00,2025-03-25T21:26:00,85,Cancelled,23.4,W20250325
T03807,V0288,D0683,R025,2025-09-24T03:06:00,2025-09-24T07:48:00,75,Completed,16.0,W20250924
T03808,V0083,D0360,R092,2025-07-16T21:51:00,2025-07-16T23:58:00,70,Completed,33.1,W20250716
T03809,V0344,D0486,R022,2025-02-27T10:18:00,2025-02-27T11:14:00,70,Completed,75.0,W20250227
T03810,V0088,D0351,R001,2025-08-29T14:54:00,2025-08-29T17:32:00,85,Completed,32.3,W20250829
T03811,V0263,D0487,R040,2025-07-26T21:18:00,2025-07-26T22:26:00,95,Completed,83.8,W20250726
T03812,V0424,D0614,R025,2025-02-06T02:42:00,2025-02-06T04:58:00,75,Completed,33.1,W20250206
T03813,V0475,D0121,R057,2025-06-24T05:45:00,2025-06-24T07:37:00,75,Cancelled,40.2,W20250624
T03814,V0188,D0242,R064,2025-06-11T19:16:00,2025-06-11T21:29:00,75,Completed,33.8,W20250611
T03815,V0450,D0634,R020,2025-08-30T03:29:00,2025-08-30T06:23:00,65,Completed,22.4,W20250830
T03816,V0054,D0319,R064,2025-08-04T13:48:00,2025-08-04T15:46:00,75,Completed,38.1,W20250804
T03817,V0454,D0263,R043,2025-12-04T17:28:00,2025-12-04T20:30:00,65,Completed,21.4,W20251204
T03818,V0403,D0600,R083,2025-06-15T13:26:00,2025-06-15T14:25:00,75,Completed,76.3,W20250615
T03819,V0305,D0180,R007,2025-06-22T00:05:00,2025-06-22T01:47:00,70,Completed,41.2,W20250622
T03820,V0131,D0110,R100,2025-06-01T04:12:00,2025-06-01T08:16:00,75,Cancelled,18.4,W20250601
T03821,V0079,D0468,R078,2025-01-24T17:15:00,2025-01-24T19:39:00,75,Completed,31.2,W20250124
T03822,V0122,D0391,R022,2025-01-22T15:28:00,2025-01-22T18:17:00,70,Completed,24.9,W20250122
T03823,V0139,D0495,R018,2025-07-11T09:58:00,2025-07-11T14:00:00,85,Completed,21.1,W20250711
T03824,V0294,D0348,R017,2025-08-23T09:39:00,2025-08-23T11:19:00,95,Completed,57.0,W20250823
T03825,V0394,D0350,R077,2025-10-03T20:34:00,2025-10-03T21:28:00,85,Completed,94.4,W20251003
T03826,V0062,D0637,R019,2025-07-29T01:58:00,2025-07-29T04:28:00,55,Completed,22.0,W20250729
T03827,V0329,D0653,R080,2025-08-09T17:14:00,2025-08-09T21:15:00,75,Cancelled,18.7,W20250809
T03828,V0142,D0289,R035,2025-06-27T20:20:00,2025-06-28T01:13:00,95,Completed,19.5,W20250627
T03829,V0380,D0118,R057,2025-06-21T17:08:00,2025-06-21T17:54:00,75,Cancelled,97.8,W20250621
T03830,V0316,D0524,R062,2025-10-30T18:19:00,2025-10-30T19:18:00,70,Completed,71.2,W20251030
T03831,V0315,D0434,R046,2025-01-05T20:03:00,2025-01-05T23:35:00,70,Cancelled,19.8,W20250105
T03832,V0456,D0522,R074,2025-01-13T10:06:00,2025-01-13T13:07:00,95,Completed,31.5,W20250113
T03833,V0048,D0441,R097,2025-10-16T15:20:00,2025-10-16T19:11:00,65,Completed,16.9,W20251016
T03834,V0455,D0671,R032,2025-01-29T01:48:00,2025-01-29T02:35:00,75,Completed,95.7,W20250129
T03835,V0050,D0014,R018,2025-04-23T22:31:00,2025-04-24T01:46:00,85,Completed,26.2,W20250423
T03836,V0340,D0369,R093,2025-07-06T12:52:00,2025-07-06T16:00:00,65,Completed,20.7,W20250706
T03837,V0427,D0382,R083,2025-10-26T07:40:00,2025-10-26T12:38:00,75,Cancelled,15.1,W20251026
T03838,V0122,D0685,R001,2025-02-20T08:28:00,2025-02-20T11:24:00,85,Cancelled,29.0,W20250220
T03839,V0191,D0447,R046,2025-07-07T12:33:00,2025-07-07T16:33:00,70,Completed,17.5,W20250707
T03840,V0483,D0179,R054,2025-09-08T09:47:00,2025-09-08T10:49:00,95,Completed,91.9,W20250908
T03841,V0265,D0075,R052,2025-04-04T14:11:00,2025-04-04T17:23:00,65,Completed,20.3,W20250404
T03842,V0440,D0193,R052,2025-10-25T09:02:00,2025-10-25T13:21:00,65,Cancelled,15.1,W20251025
T03843,V0229,D0646,R034,2025-06-05T21:47:00,2025-06-06T00:21:00,70,Cancelled,27.3,W20250605
T03844,V0092,D0681,R052,2025-08-05T21:47:00,2025-08-06T02:17:00,65,Completed,14.4,W20250805
T03845,V0303,D0292,R025,2025-11-26T18:29:00,2025-11-26T21:10:00,75,Cancelled,28.0,W20251126
T03846,V0270,D0537,R058,2025-09-12T15:03:00,2025-09-12T18:52:00,95,Completed,24.9,W20250912
T03847,V0392,D0514,R046,2025-10-24T13:51:00,2025-10-24T14:46:00,70,Completed,76.4,W20251024
T03848,V0107,D0630,R076,2025-01-05T15:47:00,2025-01-05T20:06:00,95,Cancelled,22.0,W20250105
T03849,V0348,D0028,R056,2025-05-12T20:58:00,2025-05-13T00:03:00,95,Cancelled,30.8,W20250512
T03850,V0124,D0326,R046,2025-06-27T10:46:00,2025-06-27T12:34:00,70,Cancelled,38.9,W20250627
T03851,V0327,D0075,R060,2025-05-24T18:29:00,2025-05-24T22:37:00,85,Completed,20.6,W20250524
T03852,V0387,D0222,R040,2025-01-23T03:15:00,2025-01-23T08:01:00,95,Completed,19.9,W20250123
T03853,V0268,D0681,R069,2025-03-05T06:07:00,2025-03-05T10:06:00,70,Completed,17.6,W20250305
T03854,V0021,D0442,R092,2025-01-23T01:06:00,2025-01-23T02:33:00,70,Cancelled,48.3,W20250123
T03855,V0101,D0255,R018,2025-01-25T03:42:00,2025-01-25T05:07:00,85,Completed,60.0,W20250125
T03856,V0432,D0537,R053,2025-08-09T00:45:00,2025-08-09T02:20:00,55,Cancelled,34.7,W20250809
T03857,V0290,D0353,R020,2025-12-12T15:21:00,2025-12-12T19:31:00,65,Completed,15.6,W20251212
T03858,V0419,D0678,R022,2025-12-12T06:05:00,2025-12-12T10:44:00,70,Completed,15.1,W20251212
T03859,V0308,D0620,R006,2025-07-22T11:08:00,2025-07-22T15:47:00,95,Completed,20.4,W20250722
T03860,V0494,D0084,R083,2025-03-09T22:49:00,2025-03-10T03:35:00,75,Completed,15.7,W20250309
T03861,V0239,D0526,R087,2025-04-02T06:20:00,2025-04-02T10:24:00,55,Completed,13.5,W20250402
T03862,V0465,D0094,R070,2025-08-07T03:03:00,2025-08-07T06:25:00,55,Cancelled,16.3,W20250807
T03863,V0183,D0304,R088,2025-05-29T20:38:00,2025-05-30T01:17:00,95,Completed,20.4,W20250529
T03864,V0292,D0010,R041,2025-04-29T15:02:00,2025-04-29T19:43:00,65,Completed,13.9,W20250429
T03865,V0389,D0055,R073,2025-10-11T07:25:00,2025-10-11T08:25:00,85,Completed,85.0,W20251011
T03866,V0014,D0679,R008,2025-01-01T19:06:00,2025-01-01T21:19:00,75,Completed,33.8,W20250101
T03867,V0412,D0561,R089,2025-09-26T10:12:00,2025-09-26T11:25:00,85,Completed,69.9,W20250926
T03868,V0259,D0009,R042,2025-01-17T15:15:00,2025-01-17T19:54:00,75,Cancelled,16.1,W20250117
T03869,V0059,D0168,R092,2025-03-06T06:15:00,2025-03-06T10:54:00,70,Completed,15.1,W20250306
T03870,V0446,D0117,R011,2025-03-01T00:02:00,2025-03-01T03:43:00,85,Completed,23.1,W20250301
T03871,V0224,D0125,R025,2025-07-05T08:12:00,2025-07-05T13:10:00,75,Completed,15.1,W20250705
T03872,V0105,D0550,R015,2025-11-17T18:30:00,2025-11-17T21:37:00,75,Completed,24.1,W20251117
T03873,V0355,D0391,R079,2025-05-31T20:09:00,2025-06-01T01:09:00,70,Completed,14.0,W20250531
T03874,V0049,D0422,R062,2025-04-15T22:45:00,2025-04-16T02:57:00,70,Completed,16.7,W20250415
T03875,V0232,D0119,R018,2025-03-27T19:19:00,2025-03-27T20:23:00,85,Completed,79.7,W20250327
T03876,V0288,D0620,R076,2025-01-19T14:16:00,2025-01-19T16:27:00,95,Completed,43.5,W20250119
T03877,V0303,D0638,R064,2025-04-30T00:48:00,2025-04-30T03:06:00,75,Completed,32.6,W20250430
T03878,V0225,D0311,R077,2025-05-31T17:06:00,2025-05-31T18:50:00,85,Completed,49.0,W20250531
T03879,V0492,D0664,R047,2025-01-11T23:58:00,2025-01-12T02:05:00,55,Completed,26.0,W20250111
T03880,V0420,D0587,R074,2025-03-14T23:03:00,2025-03-15T01:39:00,95,Completed,36.5,W20250314
T03881,V0188,D0158,R064,2025-08-06T22:07:00,2025-08-07T02:59:00,75,Completed,15.4,W20250806
T03882,V0478,D0511,R093,2025-10-01T08:26:00,2025-10-01T12:00:00,65,Completed,18.2,W20251001
T03883,V0471,D0571,R089,2025-02-14T04:34:00,2025-02-14T09:14:00,85,Cancelled,18.2,W20250214
T03884,V0079,D0529,R013,2025-10-25T02:01:00,2025-10-25T03:27:00,65,Completed,45.3,W20251025
T03885,V0467,D0654,R063,2025-05-19T06:02:00,2025-05-19T08:02:00,75,Completed,37.5,W20250519
T03886,V0373,D0544,R018,2025-05-15T07:34:00,2025-05-15T08:27:00,85,Completed,96.2,W20250515
T03887,V0224,D0083,R092,2025-10-07T08:17:00,2025-10-07T11:41:00,70,Completed,20.6,W20251007
T03888,V0043,D0580,R073,2025-01-29T10:10:00,2025-01-29T14:54:00,85,Cancelled,18.0,W20250129
T03889,V0220,D0359,R071,2025-11-20T21:32:00,2025-11-21T00:04:00,95,Completed,37.5,W20251120
T03890,V0410,D0648,R039,2025-11-01T20:37:00,2025-11-01T22:19:00,55,Cancelled,32.4,W20251101
T03891,V0194,D0639,R044,2025-08-28T21:25:00,2025-08-29T01:54:00,70,Completed,15.6,W20250828
T03892,V0140,D0242,R042,2025-07-29T02:40:00,2025-07-29T05:53:00,75,Completed,23.3,W20250729
T03893,V0286,D0090,R084,2025-10-14T17:13:00,2025-10-14T21:50:00,85,Cancelled,18.4,W20251014
T03894,V0500,D0353,R100,2025-06-19T15:20:00,2025-06-19T20:16:00,75,Completed,15.2,W20250619
T03895,V0049,D0227,R090,2025-12-12T16:49:00,2025-12-12T21:07:00,85,Completed,19.8,W20251212
T03896,V0150,D0291,R074,2025-04-17T23:57:00,2025-04-18T03:25:00,95,Completed,27.4,W20250417
T03897,V0128,D0363,R076,2025-06-10T08:20:00,2025-06-10T12:15:00,95,Cancelled,24.3,W20250610
T03898,V0424,D0065,R040,2025-12-16T04:34:00,2025-12-16T05:35:00,95,Completed,93.4,W20251216
T03899,V0131,D0660,R074,2025-01-08T08:21:00,2025-01-08T09:56:00,95,Cancelled,60.0,W20250108
T03900,V0007,D0684,R082,2025-10-24T01:56:00,2025-10-24T06:32:00,75,Completed,16.3,W20251024
T03901,V0488,D0004,R087,2025-03-16T18:38:00,2025-03-16T19:31:00,55,Completed,62.3,W20250316
T03902,V0140,D0144,R023,2025-08-20T20:35:00,2025-08-20T23:24:00,95,Completed,33.7,W20250820
T03903,V0007,D0054,R094,2025-01-30T02:08:00,2025-01-30T05:03:00,70,Completed,24.0,W20250130
T03904,V0036,D0564,R035,2025-04-04T19:14:00,2025-04-04T20:18:00,95,Completed,89.1,W20250404
T03905,V0138,D0683,R004,2025-04-16T06:58:00,2025-04-16T10:45:00,65,Completed,17.2,W20250416
T03906,V0144,D0060,R004,2025-06-09T23:27:00,2025-06-10T00:21:00,65,Completed,72.2,W20250609
T03907,V0110,D0219,R018,2025-06-19T11:03:00,2025-06-19T13:01:00,85,Completed,43.2,W20250619
T03908,V0071,D0310,R010,2025-05-18T20:30:00,2025-05-18T21:46:00,75,Completed,59.2,W20250518
T03909,V0232,D0287,R096,2025-01-03T07:18:00,2025-01-03T09:47:00,95,Completed,38.3,W20250103
T03910,V0357,D0429,R073,2025-08-08T22:53:00,2025-08-09T02:09:00,85,Completed,26.0,W20250808
T03911,V0491,D0669,R013,2025-02-18T11:31:00,2025-02-18T15:44:00,65,Completed,15.4,W20250218
T03912,V0287,D0088,R038,2025-03-24T14:54:00,2025-03-24T18:54:00,95,Completed,23.8,W20250324
T03913,V0468,D0610,R013,2025-01-24T21:17:00,2025-01-25T00:53:00,65,Completed,18.1,W20250124
T03914,V0185,D0433,R016,2025-04-15T06:48:00,2025-04-15T09:14:00,65,Completed,26.7,W20250415
T03915,V0474,D0603,R100,2025-08-30T14:37:00,2025-08-30T17:03:00,75,Completed,30.8,W20250830
T03916,V0156,D0040,R020,2025-10-02T20:25:00,2025-10-03T00:57:00,65,Cancelled,14.3,W20251002
T03917,V0424,D0191,R062,2025-05-18T13:39:00,2025-05-18T18:30:00,70,Completed,14.4,W20250518
T03918,V0063,D0562,R087,2025-11-17T07:23:00,2025-11-17T11:05:00,55,Completed,14.9,W20251117
T03919,V0211,D0471,R087,2025-12-18T17:12:00,2025-12-18T20:23:00,55,Completed,17.3,W20251218
T03920,V0010,D0100,R044,2025-09-01T15:16:00,2025-09-01T18:31:00,70,Completed,21.5,W20250901
T03921,V0346,D0414,R021,2025-03-02T09:09:00,2025-03-02T11:57:00,75,Cancelled,26.8,W20250302
T03922,V0495,D0233,R092,2025-02-14T18:02:00,2025-02-14T20:37:00,70,Completed,27.1,W20250214
T03923,V0138,D0219,R084,2025-12-25T03:25:00,2025-12-25T06:49:00,85,Cancelled,25.0,W20251225
T03924,V0305,D0594,R080,2025-01-11T07:03:00,2025-01-11T08:01:00,75,Completed,77.6,W20250111
T03925,V0139,D0343,R055,2025-06-23T18:19:00,2025-06-23T20:39:00,55,Completed,23.6,W20250623
T03926,V0446,D0183,R065,2025-02-19T07:43:00,2025-02-19T08:37:00,70,Cancelled,77.8,W20250219
T03927,V0076,D0604,R052,2025-02-06T18:30:00,2025-02-06T20:03:00,65,Cancelled,41.9,W20250206
T03928,V0049,D0284,R041,2025-06-14T23:49:00,2025-06-15T02:02:00,65,Completed,29.3,W20250614
T03929,V0386,D0493,R079,2025-09-14T15:25:00,2025-09-14T19:06:00,70,Cancelled,19.0,W20250914
T03930,V0338,D0120,R092,2025-12-04T21:43:00,2025-12-05T00:26:00,70,Completed,25.8,W20251204
T03931,V0091,D0352,R041,2025-08-05T08:16:00,2025-08-05T12:46:00,65,Cancelled,14.4,W20250805
T03932,V0384,D0450,R082,2025-05-17T08:53:00,2025-05-17T10:47:00,75,Completed,39.5,W20250517
T03933,V0321,D0342,R081,2025-11-04T11:54:00,2025-11-04T16:23:00,55,Completed,12.3,W20251104
T03934,V0050,D0217,R046,2025-09-20T18:07:00,2025-09-20T22:06:00,70,Completed,17.6,W20250920
T03935,V0119,D0173,R092,2025-04-16T07:00:00,2025-04-16T09:27:00,70,Completed,28.6,W20250416
T03936,V0318,D0502,R003,2025-09-04T15:59:00,2025-09-04T17:58:00,85,Completed,42.9,W20250904
T03937,V0107,D0680,R036,2025-01-07T19:31:00,2025-01-07T22:27:00,75,Completed,25.6,W20250107
T03938,V0322,D0052,R081,2025-03-14T08:39:00,2025-03-14T11:35:00,55,Completed,18.8,W20250314
T03939,V0423,D0678,R011,2025-02-05T03:37:00,2025-02-05T08:27:00,85,Completed,17.6,W20250205
T03940,V0016,D0556,R013,2025-09-16T02:15:00,2025-09-16T04:19:00,65,Cancelled,31.5,W20250916
T03941,V0433,D0362,R028,2025-10-11T23:46:00,2025-10-12T01:45:00,85,Completed,42.9,W20251011
T03942,V0239,D0021,R077,2025-04-22T20:58:00,2025-04-22T22:01:00,85,Completed,81.0,W20250422
T03943,V0180,D0579,R037,2025-01-01T02:58:00,2025-01-01T07:49:00,95,Completed,19.6,W20250101
T03944,V0143,D0125,R034,2025-05-10T08:53:00,2025-05-10T12:59:00,70,Completed,17.1,W20250510
T03945,V0478,D0339,R084,2025-03-15T07:03:00,2025-03-15T09:00:00,85,Completed,43.6,W20250315
T03946,V0386,D0641,R063,2025-03-02T04:21:00,2025-03-02T07:39:00,75,Completed,22.7,W20250302
T03947,V0127,D0404,R058,2025-10-18T16:28:00,2025-10-18T19:35:00,95,Completed,30.5,W20251018
T03948,V0224,D0401,R053,2025-04-18T22:32:00,2025-04-19T00:56:00,55,Cancelled,22.9,W20250418
T03949,V0296,D0049,R100,2025-10-21T09:41:00,2025-10-21T12:29:00,75,Completed,26.8,W20251021
T03950,V0163,D0156,R090,2025-02-27T12:23:00,2025-02-27T15:59:00,85,Completed,23.6,W20250227
T03951,V0014,D0536,R033,2025-10-09T04:01:00,2025-10-09T07:25:00,85,Completed,25.0,W20251009
T03952,V0430,D0172,R034,2025-07-09T14:06:00,2025-07-09T16:47:00,70,Completed,26.1,W20250709
T03953,V0008,D0351,R041,2025-07-02T10:14:00,2025-07-02T13:58:00,65,Completed,17.4,W20250702
T03954,V0234,D0259,R057,2025-06-16T16:08:00,2025-06-16T18:52:00,75,Completed,27.4,W20250616
T03955,V0239,D0632,R089,2025-12-18T01:10:00,2025-12-18T02:36:00,85,Completed,59.3,W20251218
T03956,V0135,D0188,R071,2025-02-03T02:39:00,2025-02-03T07:32:00,95,Completed,19.5,W20250203
T03957,V0245,D0072,R049,2025-02-06T14:37:00,2025-02-06T15:41:00,85,Completed,79.7,W20250206
T03958,V0007,D0497,R039,2025-06-19T00:17:00,2025-06-19T03:00:00,55,Cancelled,20.2,W20250619
T03959,V0116,D0444,R057,2025-01-24T01:17:00,2025-01-24T03:58:00,75,Completed,28.0,W20250124
T03960,V0116,D0002,R004,2025-02-20T07:51:00,2025-02-20T12:18:00,65,Completed,14.6,W20250220
T03961,V0469,D0553,R092,2025-10-14T00:46:00,2025-10-14T02:52:00,70,Completed,33.3,W20251014
T03962,V0125,D0110,R010,2025-08-24T16:22:00,2025-08-24T21:14:00,75,Cancelled,15.4,W20250824
T03963,V0235,D0471,R046,2025-03-07T23:04:00,2025-03-08T03:26:00,70,Cancelled,16.0,W20250307
T03964,V0315,D0284,R045,2025-05-21T20:38:00,2025-05-22T00:41:00,70,Completed,17.3,W20250521
T03965,V0268,D0589,R068,2025-07-16T20:09:00,2025-07-16T23:06:00,95,Completed,32.2,W20250716
T03966,V0083,D0209,R076,2025-08-16T09:48:00,2025-08-16T14:20:00,95,Completed,21.0,W20250816
T03967,V0152,D0069,R068,2025-09-29T14:40:00,2025-09-29T18:48:00,95,Cancelled,23.0,W20250929
T03968,V0354,D0582,R014,2025-06-09T12:49:00,2025-06-09T16:44:00,55,Completed,14.0,W20250609
T03969,V0156,D0182,R095,2025-03-28T01:53:00,2025-03-28T05:31:00,85,Cancelled,23.4,W20250328
T03970,V0234,D0575,R024,2025-05-16T23:32:00,2025-05-17T04:18:00,55,Completed,11.5,W20250516
T03971,V0455,D0692,R072,2025-12-21T15:26:00,2025-12-21T18:26:00,75,Cancelled,25.0,W20251221
T03972,V0283,D0288,R029,2025-10-14T10:18:00,2025-10-14T13:00:00,70,Completed,25.9,W20251014
T03973,V0230,D0080,R042,2025-10-16T18:02:00,2025-10-16T18:47:00,75,Completed,100.0,W20251016
T03974,V0494,D0442,R090,2025-03-26T19:12:00,2025-03-26T23:38:00,85,Completed,19.2,W20250326
T03975,V0215,D0635,R012,2025-05-19T17:41:00,2025-05-19T21:34:00,95,Completed,24.5,W20250519
T03976,V0093,D0685,R020,2025-08-17T03:55:00,2025-08-17T05:00:00,65,Cancelled,60.0,W20250817
T03977,V0351,D0424,R044,2025-02-27T20:39:00,2025-02-27T23:45:00,70,Completed,22.6,W20250227
T03978,V0101,D0629,R030,2025-10-02T04:52:00,2025-10-02T08:49:00,65,Completed,16.5,W20251002
T03979,V0269,D0660,R094,2025-02-22T12:34:00,2025-02-22T17:34:00,70,Completed,14.0,W20250222
T03980,V0314,D0034,R074,2025-01-20T10:30:00,2025-01-20T14:17:00,95,Cancelled,25.1,W20250120
T03981,V0250,D0104,R057,2025-10-15T16:49:00,2025-10-15T18:32:00,75,Cancelled,43.7,W20251015
T03982,V0218,D0300,R071,2025-02-15T07:39:00,2025-02-15T09:18:00,95,Cancelled,57.6,W20250215
T03983,V0198,D0463,R088,2025-05-29T23:09:00,2025-05-30T03:50:00,95,Completed,20.3,W20250529
T03984,V0366,D0492,R060,2025-04-02T03:54:00,2025-04-02T06:13:00,85,Completed,36.7,W20250402
T03985,V0373,D0210,R076,2025-10-31T20:53:00,2025-10-31T22:20:00,95,Completed,65.5,W20251031
T03986,V0384,D0255,R072,2025-09-04T19:01:00,2025-09-04T23:36:00,75,Completed,16.4,W20250904
T03987,V0294,D0243,R068,2025-02-23T06:06:00,2025-02-23T09:08:00,95,Completed,31.3,W20250223
T03988,V0220,D0317,R053,2025-10-09T23:32:00,2025-10-10T03:10:00,55,Completed,15.1,W20251009
T03989,V0060,D0026,R032,2025-08-14T09:17:00,2025-08-14T13:15:00,75,Completed,18.9,W20250814
T03990,V0230,D0156,R052,2025-03-20T07:47:00,2025-03-20T12:36:00,65,Completed,13.5,W20250320
T03991,V0021,D0669,R005,2025-08-20T03:53:00,2025-08-20T06:22:00,65,Completed,26.2,W20250820
T03992,V0007,D0088,R057,2025-07-25T02:35:00,2025-07-25T05:51:00,75,Cancelled,23.0,W20250725
T03993,V0051,D0289,R016,2025-02-04T22:55:00,2025-02-05T01:26:00,65,Completed,25.8,W20250204
T03994,V0276,D0048,R022,2025-10-11T23:34:00,2025-10-12T01:12:00,70,Cancelled,42.9,W20251011
T03995,V0208,D0399,R100,2025-03-26T23:30:00,2025-03-27T02:38:00,75,Completed,23.9,W20250326
T03996,V0363,D0542,R085,2025-11-03T23:15:00,2025-11-04T03:17:00,55,Completed,13.6,W20251103
T03997,V0106,D0541,R005,2025-07-02T04:41:00,2025-07-02T06:38:00,65,Cancelled,33.3,W20250702
T03998,V0369,D0694,R012,2025-01-22T03:47:00,2025-01-22T05:04:00,95,Completed,74.0,W20250122
T03999,V0133,D0143,R020,2025-03-04T04:28:00,2025-03-04T05:53:00,65,Cancelled,45.9,W20250304
T04000,V0122,D0066,R044,2025-07-25T21:37:00,2025-07-25T22:27:00,70,Completed,84.0,W20250725
T04001,V0168,D0520,R032,2025-08-12T21:52:00,2025-08-13T02:33:00,75,Completed,16.0,W20250812
T04002,V0290,D0230,R056,2025-04-09T01:53:00,2025-04-09T05:17:00,95,Completed,27.9,W20250409
T04003,V0122,D0140,R086,2025-03-10T17:33:00,2025-03-10T18:24:00,65,Completed,76.5,W20250310
T04004,V0375,D0526,R051,2025-09-24T07:44:00,2025-09-24T12:41:00,70,Completed,14.1,W20250924
T04005,V0071,D0215,R042,2025-10-15T03:18:00,2025-10-15T07:03:00,75,Completed,20.0,W20251015
T04006,V0474,D0364,R024,2025-07-24T17:29:00,2025-07-24T18:56:00,55,Cancelled,37.9,W20250724
T04007,V0117,D0681,R094,2025-10-04T11:37:00,2025-10-04T13:58:00,70,Completed,29.8,W20251004
T04008,V0171,D0070,R039,2025-05-16T19:32:00,2025-05-16T23:26:00,55,Completed,14.1,W20250516
T04009,V0156,D0547,R002,2025-04-29T16:44:00,2025-04-29T21:21:00,75,Completed,16.2,W20250429
T04010,V0100,D0272,R055,2025-02-20T15:39:00,2025-02-20T18:11:00,55,Completed,21.7,W20250220
T04011,V0230,D0093,R067,2025-04-14T05:11:00,2025-04-14T09:54:00,55,Completed,11.7,W20250414
T04012,V0170,D0007,R053,2025-07-19T17:12:00,2025-07-19T17:59:00,55,Completed,70.2,W20250719
T04013,V0328,D0194,R050,2025-02-24T13:53:00,2025-02-24T18:04:00,95,Completed,22.7,W20250224
T04014,V0332,D0663,R021,2025-05-24T22:37:00,2025-05-25T03:32:00,75,Completed,15.3,W20250524
T04015,V0389,D0186,R005,2025-06-09T00:15:00,2025-06-09T02:30:00,65,Completed,28.9,W20250609
T04016,V0039,D0110,R038,2025-02-03T01:59:00,2025-02-03T03:03:00,95,Cancelled,89.1,W20250203
T04017,V0146,D0623,R008,2025-08-17T13:25:00,2025-08-17T14:39:00,75,Completed,60.8,W20250817
T04018,V0286,D0637,R082,2025-11-07T05:32:00,2025-11-07T08:40:00,75,Cancelled,23.9,W20251107
T04019,V0252,D0003,R085,2025-06-15T22:17:00,2025-06-16T00:12:00,55,Completed,28.7,W20250615
T04020,V0230,D0214,R096,2025-12-17T17:34:00,2025-12-17T18:58:00,95,Completed,67.9,W20251217
T04021,V0401,D0153,R051,2025-07-28T04:38:00,2025-07-28T08:47:00,70,Completed,16.9,W20250728
T04022,V0418,D0363,R077,2025-11-07T14:54:00,2025-11-07T17:50:00,85,Completed,29.0,W20251107
T04023,V0269,D0084,R099,2025-01-16T02:39:00,2025-01-16T06:03:00,55,Completed,16.2,W20250116
T04024,V0300,D0195,R024,2025-09-12T00:52:00,2025-09-12T03:56:00,55,Completed,17.9,W20250912
T04025,V0435,D0016,R040,2025-12-24T10:41:00,2025-12-24T15:25:00,95,Completed,20.1,W20251224
T04026,V0451,D0428,R097,2025-01-12T17:28:00,2025-01-12T20:12:00,65,Completed,23.8,W20250112
T04027,V0142,D0301,R042,2025-01-19T06:40:00,2025-01-19T08:36:00,75,Completed,38.8,W20250119
T04028,V0020,D0039,R016,2025-05-05T13:22:00,2025-05-05T14:07:00,65,Completed,86.7,W20250505
T04029,V0368,D0334,R002,2025-01-08T04:38:00,2025-01-08T09:18:00,75,Completed,16.1,W20250108
T04030,V0244,D0677,R073,2025-03-25T11:02:00,2025-03-25T14:02:00,85,Completed,28.3,W20250325
T04031,V0360,D0356,R001,2025-12-29T16:12:00,2025-12-29T21:04:00,85,Completed,17.5,W20251229
T04032,V0365,D0674,R031,2025-09-16T20:56:00,2025-09-16T22:29:00,65,Completed,41.9,W20250916
T04033,V0059,D0203,R091,2025-07-11T06:28:00,2025-07-11T09:14:00,70,Completed,25.3,W20250711
T04034,V0314,D0152,R088,2025-08-23T00:46:00,2025-08-23T03:31:00,95,Completed,34.5,W20250823
T04035,V0151,D0002,R061,2025-03-10T20:59:00,2025-03-10T22:06:00,75,Cancelled,67.2,W20250310
T04036,V0462,D0325,R014,2025-05-03T12:51:00,2025-05-03T15:02:00,55,Completed,25.2,W20250503
T04037,V0232,D0547,R079,2025-02-05T23:16:00,2025-02-06T03:21:00,70,Completed,17.1,W20250205
T04038,V0147,D0043,R048,2025-02-14T10:15:00,2025-02-14T13:17:00,75,Completed,24.7,W20250214
T04039,V0224,D0682,R091,2025-05-26T17:44:00,2025-05-26T20:56:00,70,Cancelled,21.9,W20250526
T04040,V0265,D0133,R002,2025-12-17T04:42:00,2025-12-17T06:53:00,75,Completed,34.4,W20251217
T04041,V0250,D0038,R098,2025-10-08T13:56:00,2025-10-08T14:46:00,75,Completed,90.0,W20251008
T04042,V0462,D0012,R084,2025-04-08T18:55:00,2025-04-08T22:38:00,85,Completed,22.9,W20250408
T04043,V0066,D0339,R052,2025-12-23T05:39:00,2025-12-23T09:41:00,65,Cancelled,16.1,W20251223
T04044,V0386,D0002,R067,2025-06-05T06:30:00,2025-06-05T08:42:00,55,Cancelled,25.0,W20250605
T04045,V0063,D0242,R071,2025-04-04T13:43:00,2025-04-04T15:37:00,95,Completed,50.0,W20250404
T04046,V0377,D0224,R066,2025-02-24T23:07:00,2025-02-25T00:38:00,85,Completed,56.0,W20250224
T04047,V0140,D0209,R005,2025-10-12T01:05:00,2025-10-12T03:58:00,65,Completed,22.5,W20251012
T04048,V0161,D0549,R055,2025-02-14T12:27:00,2025-02-14T16:41:00,55,Completed,13.0,W20250214
T04049,V0152,D0407,R100,2025-05-31T13:40:00,2025-05-31T17:09:00,75,Completed,21.5,W20250531
T04050,V0418,D0010,R064,2025-07-04T18:04:00,2025-07-04T22:15:00,75,Completed,17.9,W20250704
T04051,V0210,D0477,R088,2025-03-26T15:49:00,2025-03-26T20:12:00,95,Completed,21.7,W20250326
T04052,V0422,D0584,R019,2025-11-18T12:21:00,2025-11-18T16:06:00,55,Completed,14.7,W20251118
T04053,V0107,D0294,R091,2025-11-21T22:34:00,2025-11-22T01:28:00,70,Cancelled,24.1,W20251121
T04054,V0378,D0105,R026,2025-03-26T14:10:00,2025-03-26T16:06:00,70,Completed,36.2,W20250326
T04055,V0174,D0048,R006,2025-09-01T19:23:00,2025-09-01T22:03:00,95,Completed,35.6,W20250901
T04056,V0379,D0462,R073,2025-02-03T01:04:00,2025-02-03T03:26:00,85,Completed,35.9,W20250203
T04057,V0023,D0263,R005,2025-08-15T09:32:00,2025-08-15T12:42:00,65,Cancelled,20.5,W20250815
T04058,V0127,D0601,R098,2025-10-15T20:33:00,2025-10-16T00:59:00,75,Completed,16.9,W20251015
T04059,V0425,D0318,R081,2025-05-30T13:46:00,2025-05-30T15:54:00,55,Completed,25.8,W20250530
T04060,V0150,D0210,R069,2025-08-19T06:34:00,2025-08-19T08:26:00,70,Cancelled,37.5,W20250819
T04061,V0148,D0279,R030,2025-10-02T01:15:00,2025-10-02T04:39:00,65,Cancelled,19.1,W20251002
T04062,V0486,D0431,R045,2025-03-05T17:18:00,2025-03-05T18:35:00,70,Completed,54.5,W20250305
T04063,V0432,D0164,R096,2025-12-07T19:04:00,2025-12-07T23:47:00,95,Cancelled,20.1,W20251207
T04064,V0009,D0672,R006,2025-11-18T16:59:00,2025-11-18T18:25:00,95,Completed,66.3,W20251118
T04065,V0392,D0192,R044,2025-05-21T23:30:00,2025-05-22T01:54:00,70,Completed,29.2,W20250521
T04066,V0104,D0101,R071,2025-06-21T20:16:00,2025-06-22T00:27:00,95,Completed,22.7,W20250621
T04067,V0425,D0468,R021,2025-02-14T15:12:00,2025-02-14T16:28:00,75,Completed,59.2,W20250214
T04068,V0086,D0589,R061,2025-12-24T23:37:00,2025-12-25T02:14:00,75,Completed,28.7,W20251224
T04069,V0441,D0412,R003,2025-09-08T23:10:00,2025-09-09T03:37:00,85,Completed,19.1,W20250908
T04070,V0203,D0645,R053,2025-04-11T16:16:00,2025-04-11T17:41:00,55,Completed,38.8,W20250411
T04071,V0240,D0011,R072,2025-08-23T09:43:00,2025-08-23T13:30:00,75,Completed,19.8,W20250823
T04072,V0390,D0291,R051,2025-03-25T12:26:00,2025-03-25T14:52:00,70,Cancelled,28.8,W20250325
T04073,V0421,D0508,R031,2025-11-15T15:18:00,2025-11-15T17:52:00,65,Cancelled,25.3,W20251115
T04074,V0308,D0339,R100,2025-11-10T05:18:00,2025-11-10T07:06:00,75,Cancelled,41.7,W20251110
T04075,V0361,D0188,R026,2025-07-21T11:46:00,2025-07-21T16:42:00,70,Completed,14.2,W20250721
T04076,V0053,D0519,R061,2025-10-06T06:52:00,2025-10-06T10:31:00,75,Completed,20.5,W20251006
T04077,V0195,D0284,R032,2025-01-16T02:12:00,2025-01-16T03:44:00,75,Cancelled,48.9,W20250116
T04078,V0226,D0212,R032,2025-12-04T22:03:00,2025-12-05T01:09:00,75,Cancelled,24.2,W20251204
T04079,V0392,D0644,R073,2025-08-06T08:07:00,2025-08-06T12:01:00,85,Cancelled,21.8,W20250806
T04080,V0228,D0353,R007,2025-09-09T06:31:00,2025-09-09T08:47:00,70,Completed,30.9,W20250909
T04081,V0044,D0304,R040,2025-02-08T08:08:00,2025-02-08T08:57:00,95,Cancelled,116.3,W20250208
T04082,V0451,D0420,R061,2025-08-06T14:38:00,2025-08-06T17:57:00,75,Completed,22.6,W20250806
T04083,V0060,D0286,R064,2025-12-29T04:45:00,2025-12-29T05:57:00,75,Cancelled,62.5,W20251229
T04084,V0390,D0257,R092,2025-04-16T02:45:00,2025-04-16T03:39:00,70,Completed,77.8,W20250416
T04085,V0293,D0468,R052,2025-01-09T19:22:00,2025-01-09T20:38:00,65,Completed,51.3,W20250109
T04086,V0033,D0118,R080,2025-01-13T19:27:00,2025-01-13T20:24:00,75,Completed,78.9,W20250113
T04087,V0218,D0648,R092,2025-06-05T07:30:00,2025-06-05T08:17:00,70,Completed,89.4,W20250605
T04088,V0142,D0188,R007,2025-05-24T07:44:00,2025-05-24T11:39:00,70,Completed,17.9,W20250524
T04089,V0361,D0541,R025,2025-05-23T03:05:00,2025-05-23T06:30:00,75,Cancelled,22.0,W20250523
T04090,V0036,D0163,R036,2025-10-31T02:03:00,2025-10-31T06:31:00,75,Completed,16.8,W20251031
T04091,V0300,D0486,R100,2025-07-10T10:00:00,2025-07-10T12:24:00,75,Completed,31.2,W20250710
T04092,V0495,D0605,R042,2025-10-23T02:19:00,2025-10-23T06:58:00,75,Completed,16.1,W20251023
T04093,V0493,D0002,R016,2025-12-26T20:58:00,2025-12-27T00:54:00,65,Cancelled,16.5,W20251226
T04094,V0134,D0106,R014,2025-06-16T07:20:00,2025-06-16T08:27:00,55,Completed,49.3,W20250616
T04095,V0064,D0516,R093,2025-09-12T13:21:00,2025-09-12T15:52:00,65,Completed,25.8,W20250912
T04096,V0215,D0675,R069,2025-07-30T11:22:00,2025-07-30T16:03:00,70,Cancelled,14.9,W20250730
T04097,V0230,D0258,R063,2025-11-10T09:41:00,2025-11-10T13:42:00,75,Completed,18.7,W20251110
T04098,V0336,D0098,R090,2025-01-12T20:47:00,2025-01-13T01:15:00,85,Completed,19.0,W20250112
T04099,V0442,D0449,R095,2025-01-24T22:42:00,2025-01-25T02:50:00,85,Completed,20.6,W20250124
T04100,V0397,D0636,R082,2025-03-15T11:00:00,2025-03-15T14:34:00,75,Cancelled,21.0,W20250315
T04101,V0229,D0346,R036,2025-12-09T15:09:00,2025-12-09T16:54:00,75,Completed,42.9,W20251209
T04102,V0316,D0357,R082,2025-03-30T12:11:00,2025-03-30T14:16:00,75,Cancelled,36.0,W20250330
T04103,V0361,D0417,R029,2025-11-19T01:40:00,2025-11-19T06:33:00,70,Completed,14.3,W20251119
T04104,V0199,D0660,R010,2025-11-06T22:05:00,2025-11-06T23:48:00,75,Completed,43.7,W20251106
T04105,V0277,D0270,R098,2025-06-21T23:15:00,2025-06-22T04:05:00,75,Completed,15.5,W20250621
T04106,V0062,D0235,R016,2025-11-08T21:55:00,2025-11-09T01:14:00,65,Completed,19.6,W20251108
T04107,V0263,D0687,R050,2025-08-01T22:56:00,2025-08-02T00:18:00,95,Completed,69.5,W20250801
T04108,V0309,D0524,R003,2025-09-24T22:30:00,2025-09-25T02:20:00,85,Completed,22.2,W20250924
T04109,V0086,D0225,R062,2025-07-12T06:30:00,2025-07-12T07:40:00,70,Completed,60.0,W20250712
T04110,V0168,D0014,R086,2025-09-20T22:43:00,2025-09-21T02:54:00,65,Cancelled,15.5,W20250920
T04111,V0075,D0436,R063,2025-06-18T17:07:00,2025-06-18T19:40:00,75,Cancelled,29.4,W20250618
T04112,V0272,D0463,R024,2025-07-18T10:14:00,2025-07-18T12:20:00,55,Cancelled,26.2,W20250718
T04113,V0136,D0522,R047,2025-11-04T12:55:00,2025-11-04T14:42:00,55,Cancelled,30.8,W20251104
T04114,V0206,D0409,R055,2025-12-23T06:08:00,2025-12-23T09:17:00,55,Completed,17.5,W20251223
T04115,V0344,D0610,R036,2025-03-01T05:51:00,2025-03-01T08:46:00,75,Completed,25.7,W20250301
T04116,V0017,D0049,R006,2025-08-14T06:10:00,2025-08-14T08:04:00,95,Completed,50.0,W20250814
T04117,V0053,D0300,R100,2025-08-15T16:36:00,2025-08-15T19:51:00,75,Completed,23.1,W20250815
T04118,V0310,D0086,R099,2025-02-17T17:38:00,2025-02-17T22:06:00,55,Completed,12.3,W20250217
T04119,V0206,D0199,R099,2025-02-17T04:28:00,2025-02-17T05:38:00,55,Cancelled,47.1,W20250217
T04120,V0439,D0509,R025,2025-01-13T09:54:00,2025-01-13T11:02:00,75,Completed,66.2,W20250113
T04121,V0070,D0361,R045,2025-04-05T16:22:00,2025-04-05T17:13:00,70,Cancelled,82.4,W20250405
T04122,V0394,D0388,R089,2025-07-30T01:37:00,2025-07-30T02:47:00,85,Completed,72.9,W20250730
T04123,V0066,D0456,R092,2025-12-17T01:51:00,2025-12-17T06:12:00,70,Completed,16.1,W20251217
T04124,V0198,D0063,R002,2025-03-14T18:59:00,2025-03-14T19:45:00,75,Cancelled,97.8,W20250314
T04125,V0259,D0198,R076,2025-05-09T05:15:00,2025-05-09T09:06:00,95,Completed,24.7,W20250509
T04126,V0242,D0216,R006,2025-07-11T18:23:00,2025-07-11T22:28:00,95,Completed,23.3,W20250711
T04127,V0249,D0430,R090,2025-03-14T07:26:00,2025-03-14T09:21:00,85,Completed,44.3,W20250314
T04128,V0309,D0274,R048,2025-03-09T08:32:00,2025-03-09T09:28:00,75,Completed,80.4,W20250309
T04129,V0465,D0080,R032,2025-08-04T03:07:00,2025-08-04T05:31:00,75,Completed,31.2,W20250804
T04130,V0469,D0247,R079,2025-12-10T07:45:00,2025-12-10T11:58:00,70,Completed,16.6,W20251210
T04131,V0192,D0294,R037,2025-11-22T13:16:00,2025-11-22T14:50:00,95,Completed,60.6,W20251122
T04132,V0007,D0378,R066,2025-08-30T09:08:00,2025-08-30T12:39:00,85,Completed,24.2,W20250830
T04133,V0497,D0104,R049,2025-11-01T00:46:00,2025-11-01T04:39:00,85,Cancelled,21.9,W20251101
T04134,V0289,D0458,R068,2025-09-18T04:43:00,2025-09-18T06:40:00,95,Completed,48.7,W20250918
T04135,V0465,D0672,R017,2025-11-21T21:23:00,2025-11-22T00:39:00,95,Completed,29.1,W20251121
T04136,V0214,D0381,R079,2025-05-23T16:46:00,2025-05-23T20:28:00,70,Completed,18.9,W20250523
T04137,V0112,D0512,R097,2025-03-29T15:09:00,2025-03-29T16:21:00,65,Completed,54.2,W20250329
T04138,V0131,D0052,R061,2025-08-16T06:58:00,2025-08-16T07:51:00,75,Cancelled,84.9,W20250816
T04139,V0226,D0432,R096,2025-07-28T16:03:00,2025-07-28T17:50:00,95,Completed,53.3,W20250728
T04140,V0003,D0345,R067,2025-04-03T15:58:00,2025-04-03T19:28:00,55,Completed,15.7,W20250403
T04141,V0411,D0501,R075,2025-05-08T19:13:00,2025-05-08T22:32:00,85,Completed,25.6,W20250508
T04142,V0310,D0572,R031,2025-08-17T02:30:00,2025-08-17T03:40:00,65,Completed,55.7,W20250817
T04143,V0462,D0654,R038,2025-04-09T05:33:00,2025-04-09T07:25:00,95,Cancelled,50.9,W20250409
T04144,V0493,D0229,R100,2025-08-19T08:42:00,2025-08-19T12:03:00,75,Completed,22.4,W20250819
T04145,V0470,D0546,R039,2025-07-08T00:00:00,2025-07-08T01:16:00,55,Cancelled,43.4,W20250708
T04146,V0217,D0436,R081,2025-02-28T04:09:00,2025-02-28T06:19:00,55,Completed,25.4,W20250228
T04147,V0308,D0283,R099,2025-04-16T17:31:00,2025-04-16T21:42:00,55,Completed,13.1,W20250416
T04148,V0311,D0017,R085,2025-09-09T01:15:00,2025-09-09T03:51:00,55,Completed,21.2,W20250909
T04149,V0381,D0311,R004,2025-11-27T13:37:00,2025-11-27T14:52:00,65,Completed,52.0,W20251127
T04150,V0433,D0284,R029,2025-08-27T21:52:00,2025-08-28T02:39:00,70,Cancelled,14.6,W20250827
T04151,V0224,D0452,R019,2025-03-31T10:36:00,2025-03-31T15:20:00,55,Cancelled,11.6,W20250331
T04152,V0380,D0585,R078,2025-03-08T21:19:00,2025-03-09T00:46:00,75,Completed,21.7,W20250308
T04153,V0498,D0373,R061,2025-02-11T05:40:00,2025-02-11T07:04:00,75,Cancelled,53.6,W20250211
T04154,V0079,D0371,R014,2025-09-08T03:34:00,2025-09-08T05:44:00,55,Completed,25.4,W20250908
T04155,V0072,D0569,R022,2025-12-23T04:26:00,2025-12-23T08:27:00,70,Completed,17.4,W20251223
T04156,V0096,D0460,R061,2025-11-28T08:53:00,2025-11-28T10:36:00,75,Completed,43.7,W20251128
T04157,V0231,D0358,R092,2025-04-23T12:20:00,2025-04-23T13:41:00,70,Completed,51.9,W20250423
T04158,V0166,D0624,R091,2025-08-26T06:46:00,2025-08-26T08:11:00,70,Cancelled,49.4,W20250826
T04159,V0375,D0478,R048,2025-12-09T01:50:00,2025-12-09T04:48:00,75,Completed,25.3,W20251209
T04160,V0183,D0308,R072,2025-02-08T01:28:00,2025-02-08T05:34:00,75,Completed,18.3,W20250208
T04161,V0127,D0064,R016,2025-07-26T06:14:00,2025-07-26T07:37:00,65,Completed,47.0,W20250726
T04162,V0173,D0606,R035,2025-03-31T12:35:00,2025-03-31T17:16:00,95,Completed,20.3,W20250331
T04163,V0015,D0075,R007,2025-01-10T22:54:00,2025-01-11T00:51:00,70,Cancelled,35.9,W20250110
T04164,V0100,D0064,R073,2025-05-06T23:32:00,2025-05-07T02:27:00,85,Cancelled,29.1,W20250506
T04165,V0090,D0061,R100,2025-03-26T03:46:00,2025-03-26T07:19:00,75,Completed,21.1,W20250326
T04166,V0400,D0220,R100,2025-02-09T11:08:00,2025-02-09T13:39:00,75,Completed,29.8,W20250209
T04167,V0452,D0307,R016,2025-06-25T03:22:00,2025-06-25T06:21:00,65,Cancelled,21.8,W20250625
T04168,V0456,D0225,R058,2025-06-26T22:39:00,2025-06-27T01:44:00,95,Completed,30.8,W20250626
T04169,V0406,D0466,R079,2025-08-11T16:29:00,2025-08-11T19:09:00,70,Completed,26.2,W20250811
T04170,V0395,D0578,R047,2025-05-19T19:22:00,2025-05-19T23:39:00,55,Completed,12.8,W20250519
T04171,V0314,D0268,R062,2025-02-06T07:21:00,2025-02-06T09:46:00,70,Completed,29.0,W20250206
T04172,V0219,D0692,R001,2025-10-08T10:57:00,2025-10-08T12:55:00,85,Completed,43.2,W20251008
T04173,V0172,D0110,R022,2025-12-04T11:44:00,2025-12-04T16:21:00,70,Cancelled,15.2,W20251204
T04174,V0239,D0357,R033,2025-01-10T21:01:00,2025-01-10T21:47:00,85,Completed,110.9,W20250110
T04175,V0180,D0521,R080,2025-02-01T15:12:00,2025-02-01T18:40:00,75,Completed,21.6,W20250201
T04176,V0283,D0148,R056,2025-12-27T14:09:00,2025-12-27T15:07:00,95,Completed,98.3,W20251227
T04177,V0134,D0260,R055,2025-01-02T11:08:00,2025-01-02T13:49:00,55,Cancelled,20.5,W20250102
T04178,V0279,D0503,R020,2025-07-23T16:00:00,2025-07-23T18:48:00,65,Completed,23.2,W20250723
T04179,V0145,D0572,R044,2025-08-05T08:48:00,2025-08-05T11:32:00,70,Completed,25.6,W20250805
T04180,V0111,D0605,R032,2025-12-29T09:32:00,2025-12-29T11:39:00,75,Completed,35.4,W20251229
T04181,V0113,D0518,R004,2025-01-31T21:51:00,2025-01-31T22:50:00,65,Completed,66.1,W20250131
T04182,V0210,D0395,R023,2025-10-05T05:23:00,2025-10-05T09:13:00,95,Completed,24.8,W20251005
T04183,V0002,D0696,R002,2025-06-11T21:10:00,2025-06-12T02:03:00,75,Cancelled,15.4,W20250611
T04184,V0353,D0249,R077,2025-04-11T09:16:00,2025-04-11T10:48:00,85,Cancelled,55.4,W20250411
T04185,V0457,D0119,R076,2025-04-28T00:26:00,2025-04-28T02:36:00,95,Completed,43.8,W20250428
T04186,V0398,D0483,R035,2025-03-31T20:51:00,2025-03-31T23:37:00,95,Cancelled,34.3,W20250331
T04187,V0203,D0691,R045,2025-12-22T03:08:00,2025-12-22T07:07:00,70,Completed,17.6,W20251222
T04188,V0344,D0022,R012,2025-05-30T20:00:00,2025-05-30T20:57:00,95,Cancelled,100.0,W20250530
T04189,V0310,D0673,R032,2025-08-24T17:40:00,2025-08-24T20:48:00,75,Cancelled,23.9,W20250824
T04190,V0146,D0514,R032,2025-12-21T05:43:00,2025-12-21T09:23:00,75,Completed,20.5,W20251221
T04191,V0138,D0306,R073,2025-12-26T17:12:00,2025-12-26T19:29:00,85,Cancelled,37.2,W20251226
T04192,V0464,D0327,R064,2025-11-22T19:34:00,2025-11-22T23:59:00,75,Completed,17.0,W20251122
T04193,V0424,D0199,R042,2025-09-01T11:40:00,2025-09-01T16:22:00,75,Completed,16.0,W20250901
T04194,V0123,D0343,R086,2025-11-15T03:02:00,2025-11-15T03:54:00,65,Completed,75.0,W20251115
T04195,V0051,D0242,R082,2025-01-14T21:13:00,2025-01-14T23:03:00,75,Cancelled,40.9,W20250114
T04196,V0314,D0436,R038,2025-11-09T07:56:00,2025-11-09T11:20:00,95,Completed,27.9,W20251109
T04197,V0284,D0577,R078,2025-12-13T02:12:00,2025-12-13T07:00:00,75,Completed,15.6,W20251213
T04198,V0023,D0667,R028,2025-09-27T04:17:00,2025-09-27T05:09:00,85,Cancelled,98.1,W20250927
T04199,V0226,D0570,R076,2025-11-26T00:28:00,2025-11-26T02:00:00,95,Cancelled,62.0,W20251126
T04200,V0291,D0553,R048,2025-07-02T20:43:00,2025-07-02T21:56:00,75,Completed,61.6,W20250702
T04201,V0174,D0489,R100,2025-09-18T02:02:00,2025-09-18T06:12:00,75,Completed,18.0,W20250918
T04202,V0167,D0649,R073,2025-10-05T21:30:00,2025-10-06T00:10:00,85,Completed,31.9,W20251005
T04203,V0434,D0253,R011,2025-02-26T11:27:00,2025-02-26T13:04:00,85,Completed,52.6,W20250226
T04204,V0412,D0464,R073,2025-04-10T14:15:00,2025-04-10T16:57:00,85,Cancelled,31.5,W20250410
T04205,V0365,D0555,R090,2025-04-21T21:33:00,2025-04-22T00:24:00,85,Completed,29.8,W20250421
T04206,V0072,D0443,R005,2025-11-08T07:25:00,2025-11-08T08:53:00,65,Completed,44.3,W20251108
T04207,V0052,D0070,R064,2025-04-08T08:01:00,2025-04-08T10:52:00,75,Completed,26.3,W20250408
T04208,V0407,D0216,R045,2025-11-10T11:14:00,2025-11-10T15:01:00,70,Completed,18.5,W20251110
T04209,V0166,D0447,R014,2025-08-14T11:35:00,2025-08-14T15:27:00,55,Completed,14.2,W20250814
T04210,V0009,D0530,R080,2025-03-23T05:50:00,2025-03-23T09:04:00,75,Completed,23.2,W20250323
T04211,V0232,D0196,R005,2025-07-13T19:32:00,2025-07-13T21:08:00,65,Completed,40.6,W20250713
T04212,V0264,D0451,R016,2025-07-29T19:08:00,2025-07-29T21:14:00,65,Completed,31.0,W20250729
T04213,V0173,D0357,R097,2025-09-22T05:59:00,2025-09-22T06:51:00,65,Completed,75.0,W20250922
T04214,V0069,D0665,R098,2025-04-02T06:52:00,2025-04-02T11:30:00,75,Completed,16.2,W20250402
T04215,V0085,D0409,R090,2025-09-15T12:28:00,2025-09-15T15:37:00,85,Completed,27.0,W20250915
T04216,V0384,D0613,R054,2025-03-31T06:47:00,2025-03-31T08:12:00,95,Completed,67.1,W20250331
T04217,V0170,D0040,R072,2025-10-28T15:56:00,2025-10-28T18:45:00,75,Cancelled,26.6,W20251028
T04218,V0258,D0419,R078,2025-05-23T21:09:00,2025-05-24T01:14:00,75,Completed,18.4,W20250523
T04219,V0454,D0470,R087,2025-03-21T16:46:00,2025-03-21T20:31:00,55,Completed,14.7,W20250321
T04220,V0189,D0187,R067,2025-04-02T22:29:00,2025-04-03T01:07:00,55,Completed,20.9,W20250402
T04221,V0330,D0587,R047,2025-08-04T03:55:00,2025-08-04T06:46:00,55,Cancelled,19.3,W20250804
T04222,V0353,D0294,R072,2025-01-28T06:06:00,2025-01-28T06:57:00,75,Completed,88.2,W20250128
T04223,V0043,D0663,R056,2025-07-27T04:04:00,2025-07-27T08:37:00,95,Cancelled,20.9,W20250727
T04224,V0307,D0439,R048,2025-09-07T00:57:00,2025-09-07T02:24:00,75,Cancelled,51.7,W20250907
T04225,V0464,D0458,R018,2025-04-13T14:37:00,2025-04-13T19:32:00,85,Completed,17.3,W20250413
T04226,V0466,D0689,R090,2025-11-21T02:26:00,2025-11-21T05:22:00,85,Cancelled,29.0,W20251121
T04227,V0432,D0579,R071,2025-12-31T03:36:00,2025-12-31T06:21:00,95,Completed,34.5,W20251231
T04228,V0033,D0501,R063,2025-09-30T22:45:00,2025-10-01T00:57:00,75,Cancelled,34.1,W20250930
T04229,V0467,D0306,R032,2025-07-16T23:14:00,2025-07-17T02:09:00,75,Completed,25.7,W20250716
T04230,V0355,D0463,R036,2025-06-30T05:13:00,2025-06-30T07:16:00,75,Completed,36.6,W20250630
T04231,V0153,D0552,R081,2025-01-29T02:25:00,2025-01-29T04:01:00,55,Completed,34.4,W20250129
T04232,V0242,D0397,R040,2025-08-31T01:40:00,2025-08-31T02:43:00,95,Completed,90.5,W20250831
T04233,V0306,D0444,R002,2025-08-01T02:59:00,2025-08-01T04:29:00,75,Completed,50.0,W20250801
T04234,V0201,D0252,R072,2025-07-24T03:50:00,2025-07-24T08:37:00,75,Completed,15.7,W20250724
T04235,V0480,D0244,R001,2025-05-18T05:38:00,2025-05-18T08:36:00,85,Completed,28.7,W20250518
T04236,V0485,D0686,R011,2025-05-26T09:34:00,2025-05-26T11:07:00,85,Completed,54.8,W20250526
T04237,V0140,D0698,R028,2025-12-26T10:33:00,2025-12-26T12:57:00,85,Completed,35.4,W20251226
T04238,V0354,D0439,R054,2025-02-06T03:59:00,2025-02-06T07:17:00,95,Completed,28.8,W20250206
T04239,V0003,D0404,R076,2025-11-21T22:34:00,2025-11-22T02:38:00,95,Completed,23.4,W20251121
T04240,V0035,D0071,R014,2025-02-27T20:43:00,2025-02-27T23:31:00,55,Completed,19.6,W20250227
T04241,V0161,D0346,R040,2025-03-11T08:26:00,2025-03-11T11:33:00,95,Cancelled,30.5,W20250311
T04242,V0180,D0384,R032,2025-08-26T12:15:00,2025-08-26T14:40:00,75,Completed,31.0,W20250826
T04243,V0413,D0260,R008,2025-04-25T00:14:00,2025-04-25T04:35:00,75,Completed,17.2,W20250425
T04244,V0268,D0521,R040,2025-12-06T11:38:00,2025-12-06T14:32:00,95,Completed,32.8,W20251206
T04245,V0181,D0055,R023,2025-09-01T09:32:00,2025-09-01T12:23:00,95,Completed,33.3,W20250901
T04246,V0389,D0388,R066,2025-01-02T23:30:00,2025-01-03T01:23:00,85,Completed,45.1,W20250102
T04247,V0499,D0406,R021,2025-06-20T21:30:00,2025-06-21T00:10:00,75,Completed,28.1,W20250620
T04248,V0496,D0055,R059,2025-05-01T21:00:00,2025-05-02T01:37:00,75,Completed,16.2,W20250501
T04249,V0381,D0290,R071,2025-09-20T23:34:00,2025-09-21T00:34:00,95,Cancelled,95.0,W20250920
T04250,V0135,D0649,R052,2025-01-08T22:36:00,2025-01-09T00:33:00,65,Completed,33.3,W20250108
T04251,V0002,D0131,R025,2025-01-11T11:42:00,2025-01-11T13:40:00,75,Completed,38.1,W20250111
T04252,V0134,D0285,R003,2025-07-25T15:47:00,2025-07-25T17:03:00,85,Cancelled,67.1,W20250725
T04253,V0280,D0498,R064,2025-04-18T03:51:00,2025-04-18T06:01:00,75,Completed,34.6,W20250418
T04254,V0191,D0019,R022,2025-02-16T18:11:00,2025-02-16T19:06:00,70,Cancelled,76.4,W20250216
T04255,V0425,D0222,R040,2025-04-14T10:42:00,2025-04-14T14:17:00,95,Completed,26.5,W20250414
T04256,V0016,D0085,R002,2025-09-24T18:55:00,2025-09-24T21:00:00,75,Completed,36.0,W20250924
T04257,V0067,D0554,R048,2025-02-07T09:08:00,2025-02-07T10:52:00,75,Completed,43.3,W20250207
T04258,V0413,D0351,R057,2025-10-08T13:45:00,2025-10-08T14:40:00,75,Completed,81.8,W20251008
T04259,V0295,D0190,R078,2025-12-26T09:25:00,2025-12-26T13:03:00,75,Completed,20.6,W20251226
T04260,V0336,D0380,R064,2025-05-07T20:39:00,2025-05-07T23:03:00,75,Completed,31.2,W20250507
T04261,V0119,D0685,R064,2025-09-28T22:08:00,2025-09-29T02:32:00,75,Cancelled,17.0,W20250928
T04262,V0166,D0260,R027,2025-05-27T13:09:00,2025-05-27T15:49:00,85,Cancelled,31.9,W20250527
T04263,V0382,D0318,R072,2025-07-04T17:01:00,2025-07-04T17:48:00,75,Completed,95.7,W20250704
T04264,V0152,D0422,R082,2025-11-01T09:26:00,2025-11-01T11:52:00,75,Completed,30.8,W20251101
T04265,V0257,D0700,R020,2025-09-04T12:45:00,2025-09-04T16:53:00,65,Completed,15.7,W20250904
T04266,V0318,D0605,R029,2025-02-26T08:19:00,2025-02-26T12:18:00,70,Completed,17.6,W20250226
T04267,V0281,D0365,R003,2025-09-27T22:47:00,2025-09-27T23:51:00,85,Completed,79.7,W20250927
T04268,V0125,D0281,R050,2025-03-18T19:06:00,2025-03-18T23:56:00,95,Completed,19.7,W20250318
T04269,V0405,D0377,R094,2025-08-29T12:03:00,2025-08-29T16:26:00,70,Completed,16.0,W20250829
T04270,V0119,D0495,R015,2025-10-31T07:32:00,2025-10-31T09:39:00,75,Completed,35.4,W20251031
T04271,V0031,D0072,R059,2025-07-25T14:20:00,2025-07-25T16:12:00,75,Completed,40.2,W20250725
T04272,V0012,D0215,R046,2025-03-25T06:30:00,2025-03-25T09:34:00,70,Completed,22.8,W20250325
T04273,V0184,D0589,R066,2025-06-28T17:03:00,2025-06-28T21:25:00,85,Completed,19.5,W20250628
T04274,V0054,D0447,R058,2025-01-11T21:31:00,2025-01-12T01:01:00,95,Completed,27.1,W20250111
T04275,V0119,D0078,R081,2025-04-16T16:43:00,2025-04-16T21:32:00,55,Completed,11.4,W20250416
T04276,V0013,D0107,R050,2025-01-20T13:30:00,2025-01-20T16:09:00,95,Cancelled,35.8,W20250120
T04277,V0162,D0371,R031,2025-01-10T04:04:00,2025-01-10T05:20:00,65,Cancelled,51.3,W20250110
T04278,V0002,D0062,R012,2025-10-13T10:26:00,2025-10-13T14:15:00,95,Completed,24.9,W20251013
T04279,V0281,D0444,R041,2025-07-21T22:18:00,2025-07-22T01:56:00,65,Completed,17.9,W20250721
T04280,V0110,D0245,R002,2025-03-20T12:00:00,2025-03-20T13:54:00,75,Completed,39.5,W20250320
T04281,V0021,D0373,R080,2025-09-26T21:50:00,2025-09-26T23:59:00,75,Completed,34.9,W20250926
T04282,V0284,D0418,R082,2025-02-15T11:49:00,2025-02-15T16:30:00,75,Completed,16.0,W20250215
T04283,V0483,D0030,R017,2025-08-29T21:24:00,2025-08-30T01:52:00,95,Completed,21.3,W20250829
T04284,V0484,D0284,R036,2025-03-06T01:15:00,2025-03-06T02:06:00,75,Completed,88.2,W20250306
T04285,V0322,D0631,R059,2025-05-07T04:54:00,2025-05-07T07:42:00,75,Completed,26.8,W20250507
T04286,V0338,D0293,R029,2025-02-14T23:19:00,2025-02-15T02:36:00,70,Completed,21.3,W20250214
T04287,V0231,D0552,R056,2025-10-23T10:27:00,2025-10-23T13:17:00,95,Completed,33.5,W20251023
T04288,V0349,D0146,R014,2025-05-15T08:21:00,2025-05-15T12:03:00,55,Completed,14.9,W20250515
T04289,V0425,D0611,R029,2025-10-18T16:17:00,2025-10-18T18:35:00,70,Cancelled,30.4,W20251018
T04290,V0393,D0182,R068,2025-04-26T11:57:00,2025-04-26T16:19:00,95,Completed,21.8,W20250426
T04291,V0272,D0345,R059,2025-12-02T17:29:00,2025-12-02T18:56:00,75,Completed,51.7,W20251202
T04292,V0228,D0217,R004,2025-11-17T10:58:00,2025-11-17T13:39:00,65,Completed,24.2,W20251117
T04293,V0271,D0287,R032,2025-07-28T07:38:00,2025-07-28T11:01:00,75,Cancelled,22.2,W20250728
T04294,V0003,D0570,R089,2025-11-13T11:48:00,2025-11-13T13:30:00,85,Completed,50.0,W20251113
T04295,V0259,D0044,R065,2025-03-30T22:05:00,2025-03-31T02:25:00,70,Completed,16.2,W20250330
T04296,V0387,D0138,R062,2025-07-17T13:21:00,2025-07-17T18:10:00,70,Completed,14.5,W20250717
T04297,V0159,D0137,R034,2025-10-13T18:02:00,2025-10-13T20:11:00,70,Completed,32.6,W20251013
T04298,V0007,D0624,R020,2025-03-21T10:22:00,2025-03-21T15:08:00,65,Completed,13.6,W20250321
T04299,V0196,D0302,R036,2025-08-24T05:41:00,2025-08-24T08:22:00,75,Completed,28.0,W20250824
T04300,V0077,D0493,R017,2025-09-04T16:28:00,2025-09-04T20:37:00,95,Completed,22.9,W20250904
T04301,V0189,D0266,R041,2025-02-20T18:22:00,2025-02-20T21:25:00,65,Cancelled,21.3,W20250220
T04302,V0320,D0666,R010,2025-01-07T18:28:00,2025-01-07T23:10:00,75,Completed,16.0,W20250107
T04303,V0240,D0577,R018,2025-08-15T06:33:00,2025-08-15T11:19:00,85,Completed,17.8,W20250815
T04304,V0167,D0055,R015,2025-01-20T11:48:00,2025-01-20T14:12:00,75,Completed,31.2,W20250120
T04305,V0029,D0312,R089,2025-02-16T03:07:00,2025-02-16T05:12:00,85,Completed,40.8,W20250216
T04306,V0470,D0237,R091,2025-09-23T07:49:00,2025-09-23T11:03:00,70,Completed,21.6,W20250923
T04307,V0485,D0173,R081,2025-09-03T13:11:00,2025-09-03T15:47:00,55,Cancelled,21.2,W20250903
T04308,V0187,D0158,R072,2025-07-31T07:22:00,2025-07-31T09:26:00,75,Cancelled,36.3,W20250731
T04309,V0132,D0626,R081,2025-12-28T19:15:00,2025-12-28T21:27:00,55,Completed,25.0,W20251228
T04310,V0005,D0092,R094,2025-03-30T09:29:00,2025-03-30T13:28:00,70,Cancelled,17.6,W20250330
T04311,V0029,D0180,R073,2025-11-16T23:26:00,2025-11-17T00:59:00,85,Completed,54.8,W20251116
T04312,V0019,D0060,R035,2025-11-13T13:34:00,2025-11-13T15:22:00,95,Completed,52.8,W20251113
T04313,V0081,D0041,R027,2025-09-14T11:56:00,2025-09-14T15:08:00,85,Completed,26.6,W20250914
T04314,V0076,D0075,R002,2025-10-23T16:12:00,2025-10-23T20:03:00,75,Completed,19.5,W20251023
T04315,V0485,D0100,R029,2025-04-26T07:55:00,2025-04-26T10:40:00,70,Completed,25.5,W20250426
T04316,V0390,D0522,R092,2025-04-13T03:26:00,2025-04-13T04:55:00,70,Completed,47.2,W20250413
T04317,V0383,D0654,R075,2025-07-27T04:11:00,2025-07-27T05:58:00,85,Cancelled,47.7,W20250727
T04318,V0494,D0664,R075,2025-10-10T21:51:00,2025-10-11T01:04:00,85,Completed,26.4,W20251010
T04319,V0274,D0382,R030,2025-11-13T01:13:00,2025-11-13T05:58:00,65,Completed,13.7,W20251113
T04320,V0003,D0522,R064,2025-01-25T19:36:00,2025-01-25T20:28:00,75,Completed,86.5,W20250125
T04321,V0043,D0355,R100,2025-07-25T15:32:00,2025-07-25T16:32:00,75,Completed,75.0,W20250725
T04322,V0228,D0185,R053,2025-04-10T07:45:00,2025-04-10T10:07:00,55,Cancelled,23.2,W20250410
T04323,V0282,D0029,R046,2025-05-18T04:33:00,2025-05-18T09:22:00,70,Completed,14.5,W20250518
T04324,V0442,D0236,R036,2025-08-06T07:51:00,2025-08-06T09:12:00,75,Completed,55.6,W20250806
T04325,V0069,D0479,R072,2025-08-16T17:17:00,2025-08-16T19:43:00,75,Completed,30.8,W20250816
T04326,V0467,D0211,R029,2025-08-04T01:20:00,2025-08-04T03:46:00,70,Completed,28.8,W20250804
T04327,V0033,D0378,R069,2025-03-20T07:40:00,2025-03-20T12:22:00,70,Cancelled,14.9,W20250320
T04328,V0302,D0253,R013,2025-06-26T03:14:00,2025-06-26T07:10:00,65,Completed,16.5,W20250626
T04329,V0123,D0294,R020,2025-04-05T14:59:00,2025-04-05T18:45:00,65,Completed,17.3,W20250405
T04330,V0464,D0281,R030,2025-05-17T01:52:00,2025-05-17T02:48:00,65,Completed,69.6,W20250517
T04331,V0439,D0381,R017,2025-04-10T12:24:00,2025-04-10T15:25:00,95,Completed,31.5,W20250410
T04332,V0139,D0501,R023,2025-05-29T12:30:00,2025-05-29T14:53:00,95,Completed,39.9,W20250529
T04333,V0131,D0403,R049,2025-03-21T06:12:00,2025-03-21T07:01:00,85,Completed,104.1,W20250321
T04334,V0413,D0619,R032,2025-01-02T17:04:00,2025-01-02T20:57:00,75,Completed,19.3,W20250102
T04335,V0475,D0622,R067,2025-07-22T17:48:00,2025-07-22T18:54:00,55,Completed,50.0,W20250722
T04336,V0382,D0670,R059,2025-08-26T03:46:00,2025-08-26T07:53:00,75,Cancelled,18.2,W20250826
T04337,V0094,D0418,R071,2025-12-11T08:32:00,2025-12-11T09:29:00,95,Completed,100.0,W20251211
T04338,V0054,D0493,R092,2025-02-01T08:58:00,2025-02-01T11:26:00,70,Completed,28.4,W20250201
T04339,V0297,D0241,R012,2025-05-24T09:25:00,2025-05-24T14:05:00,95,Completed,20.4,W20250524
T04340,V0042,D0327,R050,2025-11-24T06:06:00,2025-11-24T08:47:00,95,Completed,35.4,W20251124
T04341,V0320,D0516,R027,2025-02-21T02:24:00,2025-02-21T07:17:00,85,Completed,17.4,W20250221
T04342,V0071,D0152,R061,2025-06-06T03:00:00,2025-06-06T05:47:00,75,Completed,26.9,W20250606
T04343,V0224,D0016,R041,2025-09-30T23:06:00,2025-10-01T02:27:00,65,Completed,19.4,W20250930
T04344,V0020,D0516,R027,2025-08-30T13:25:00,2025-08-30T15:17:00,85,Completed,45.5,W20250830
T04345,V0467,D0619,R013,2025-05-19T07:44:00,2025-05-19T09:09:00,65,Completed,45.9,W20250519
T04346,V0002,D0423,R073,2025-03-02T08:57:00,2025-03-02T10:05:00,85,Completed,75.0,W20250302
T04347,V0403,D0648,R003,2025-01-21T09:11:00,2025-01-21T11:19:00,85,Cancelled,39.8,W20250121
T04348,V0159,D0400,R028,2025-01-05T07:50:00,2025-01-05T10:50:00,85,Completed,28.3,W20250105
T04349,V0282,D0327,R027,2025-12-17T02:15:00,2025-12-17T06:12:00,85,Cancelled,21.5,W20251217
T04350,V0277,D0181,R029,2025-08-10T02:51:00,2025-08-10T04:04:00,70,Completed,57.5,W20250810
T04351,V0134,D0212,R037,2025-03-21T19:47:00,2025-03-21T22:39:00,95,Completed,33.1,W20250321
T04352,V0191,D0689,R027,2025-05-23T14:00:00,2025-05-23T19:00:00,85,Cancelled,17.0,W20250523
T04353,V0373,D0228,R097,2025-11-18T14:37:00,2025-11-18T18:04:00,65,Completed,18.8,W20251118
T04354,V0278,D0072,R097,2025-10-14T02:07:00,2025-10-14T03:10:00,65,Cancelled,61.9,W20251014
T04355,V0323,D0314,R037,2025-01-04T23:18:00,2025-01-05T00:26:00,95,Completed,83.8,W20250104
T04356,V0124,D0291,R074,2025-04-04T09:24:00,2025-04-04T13:36:00,95,Completed,22.6,W20250404
T04357,V0282,D0359,R064,2025-01-03T00:24:00,2025-01-03T01:22:00,75,Cancelled,77.6,W20250103
T04358,V0279,D0096,R078,2025-01-28T20:26:00,2025-01-28T23:04:00,75,Completed,28.5,W20250128
T04359,V0235,D0655,R099,2025-04-06T19:04:00,2025-04-06T22:58:00,55,Completed,14.1,W20250406
T04360,V0188,D0386,R006,2025-10-17T21:43:00,2025-10-18T01:39:00,95,Completed,24.2,W20251017
T04361,V0106,D0114,R086,2025-05-30T05:09:00,2025-05-30T09:51:00,65,Completed,13.8,W20250530
T04362,V0083,D0439,R035,2025-04-23T23:44:00,2025-04-24T03:24:00,95,Completed,25.9,W20250423
T04363,V0473,D0427,R089,2025-01-13T01:40:00,2025-01-13T04:49:00,85,Completed,27.0,W20250113
T04364,V0396,D0490,R099,2025-10-11T08:16:00,2025-10-11T11:36:00,55,Completed,16.5,W20251011
T04365,V0478,D0320,R030,2025-03-10T06:40:00,2025-03-10T09:54:00,65,Completed,20.1,W20250310
T04366,V0063,D0502,R056,2025-04-09T21:59:00,2025-04-09T22:49:00,95,Cancelled,114.0,W20250409
T04367,V0420,D0345,R086,2025-09-27T13:52:00,2025-09-27T17:19:00,65,Cancelled,18.8,W20250927
T04368,V0366,D0430,R044,2025-12-11T12:42:00,2025-12-11T15:26:00,70,Completed,25.6,W20251211
T04369,V0035,D0149,R077,2025-06-25T13:39:00,2025-06-25T14:47:00,85,Cancelled,75.0,W20250625
T04370,V0064,D0190,R098,2025-10-30T20:07:00,2025-10-30T23:46:00,75,Completed,20.5,W20251030
T04371,V0152,D0242,R019,2025-01-01T09:51:00,2025-01-01T12:40:00,55,Completed,19.5,W20250101
T04372,V0045,D0050,R043,2025-07-12T15:06:00,2025-07-12T18:27:00,65,Completed,19.4,W20250712
T04373,V0377,D0392,R076,2025-08-19T21:09:00,2025-08-20T00:01:00,95,Cancelled,33.1,W20250819
T04374,V0317,D0357,R046,2025-06-05T05:14:00,2025-06-05T06:50:00,70,Completed,43.8,W20250605
T04375,V0486,D0165,R099,2025-04-30T12:12:00,2025-04-30T13:40:00,55,Completed,37.5,W20250430
T04376,V0427,D0690,R085,2025-08-03T15:00:00,2025-08-03T16:29:00,55,Completed,37.1,W20250803
T04377,V0361,D0457,R080,2025-02-17T23:21:00,2025-02-18T00:42:00,75,Completed,55.6,W20250217
T04378,V0069,D0452,R070,2025-10-24T12:31:00,2025-10-24T15:17:00,55,Completed,19.9,W20251024
T04379,V0435,D0166,R014,2025-06-16T07:42:00,2025-06-16T09:22:00,55,Completed,33.0,W20250616
T04380,V0422,D0480,R023,2025-08-30T18:05:00,2025-08-30T22:49:00,95,Completed,20.1,W20250830
T04381,V0372,D0090,R049,2025-10-26T11:12:00,2025-10-26T13:52:00,85,Cancelled,31.9,W20251026
T04382,V0455,D0153,R052,2025-10-25T07:57:00,2025-10-25T09:47:00,65,Completed,35.5,W20251025
T04383,V0372,D0155,R054,2025-04-18T07:14:00,2025-04-18T09:07:00,95,Cancelled,50.4,W20250418
T04384,V0310,D0392,R072,2025-06-01T23:01:00,2025-06-02T03:48:00,75,Completed,15.7,W20250601
T04385,V0348,D0243,R045,2025-11-25T04:53:00,2025-11-25T08:21:00,70,Completed,20.2,W20251125
T04386,V0492,D0498,R014,2025-10-22T17:15:00,2025-10-22T21:17:00,55,Completed,13.6,W20251022
T04387,V0498,D0140,R051,2025-11-09T08:08:00,2025-11-09T09:35:00,70,Completed,48.3,W20251109
T04388,V0223,D0164,R027,2025-12-30T00:11:00,2025-12-30T01:57:00,85,Cancelled,48.1,W20251230
T04389,V0116,D0455,R016,2025-04-27T03:51:00,2025-04-27T07:35:00,65,Completed,17.4,W20250427
T04390,V0056,D0613,R018,2025-12-16T13:47:00,2025-12-16T18:38:00,85,Completed,17.5,W20251216
T04391,V0265,D0264,R069,2025-11-07T09:56:00,2025-11-07T13:55:00,70,Cancelled,17.6,W20251107
T04392,V0498,D0232,R073,2025-11-26T15:40:00,2025-11-26T16:57:00,85,Completed,66.2,W20251126
T04393,V0348,D0125,R082,2025-01-07T22:51:00,2025-01-08T03:12:00,75,Completed,17.2,W20250107
T04394,V0470,D0045,R050,2025-03-29T10:43:00,2025-03-29T15:32:00,95,Completed,19.7,W20250329
T04395,V0473,D0537,R079,2025-06-11T13:07:00,2025-06-11T15:56:00,70,Cancelled,24.9,W20250611
T04396,V0102,D0611,R076,2025-06-12T12:49:00,2025-06-12T14:21:00,95,Completed,62.0,W20250612
T04397,V0492,D0157,R011,2025-08-26T09:00:00,2025-08-26T09:45:00,85,Completed,113.3,W20250826
T04398,V0128,D0348,R042,2025-04-17T21:15:00,2025-04-17T23:39:00,75,Completed,31.2,W20250417
T04399,V0278,D0689,R092,2025-01-17T05:48:00,2025-01-17T06:49:00,70,Cancelled,68.9,W20250117
T04400,V0461,D0366,R051,2025-02-13T12:48:00,2025-02-13T15:59:00,70,Completed,22.0,W20250213
T04401,V0376,D0240,R075,2025-10-24T10:06:00,2025-10-24T12:56:00,85,Cancelled,30.0,W20251024
T04402,V0226,D0393,R024,2025-02-22T21:10:00,2025-02-22T23:57:00,55,Completed,19.8,W20250222
T04403,V0444,D0492,R099,2025-07-31T07:38:00,2025-07-31T11:57:00,55,Completed,12.7,W20250731
T04404,V0331,D0541,R021,2025-05-06T06:52:00,2025-05-06T08:27:00,75,Completed,47.4,W20250506
T04405,V0176,D0024,R068,2025-03-30T02:54:00,2025-03-30T03:42:00,95,Completed,118.8,W20250330
T04406,V0071,D0600,R035,2025-07-27T14:53:00,2025-07-27T16:39:00,95,Completed,53.8,W20250727
T04407,V0479,D0309,R059,2025-07-29T11:21:00,2025-07-29T12:27:00,75,Cancelled,68.2,W20250729
T04408,V0013,D0497,R046,2025-08-04T20:06:00,2025-08-04T21:35:00,70,Cancelled,47.2,W20250804
T04409,V0412,D0081,R063,2025-04-17T13:00:00,2025-04-17T16:04:00,75,Completed,24.5,W20250417
T04410,V0056,D0155,R036,2025-03-11T10:14:00,2025-03-11T11:33:00,75,Completed,57.0,W20250311
T04411,V0208,D0554,R060,2025-02-25T02:03:00,2025-02-25T03:17:00,85,Cancelled,68.9,W20250225
T04412,V0473,D0604,R077,2025-07-28T16:52:00,2025-07-28T19:03:00,85,Completed,38.9,W20250728
T04413,V0033,D0185,R098,2025-12-12T08:31:00,2025-12-12T10:28:00,75,Completed,38.5,W20251212
T04414,V0231,D0135,R029,2025-09-18T18:27:00,2025-09-18T21:50:00,70,Completed,20.7,W20250918
T04415,V0420,D0210,R083,2025-11-07T09:47:00,2025-11-07T11:37:00,75,Cancelled,40.9,W20251107
T04416,V0216,D0403,R001,2025-12-23T14:02:00,2025-12-23T15:17:00,85,Cancelled,68.0,W20251223
T04417,V0395,D0626,R073,2025-11-11T09:01:00,2025-11-11T10:05:00,85,Cancelled,79.7,W20251111
T04418,V0302,D0553,R027,2025-11-15T15:20:00,2025-11-15T19:41:00,85,Cancelled,19.5,W20251115
T04419,V0458,D0007,R078,2025-02-24T20:17:00,2025-02-24T22:42:00,75,Completed,31.0,W20250224
T04420,V0280,D0650,R046,2025-07-22T11:44:00,2025-07-22T15:13:00,70,Completed,20.1,W20250722
T04421,V0388,D0096,R059,2025-06-09T07:21:00,2025-06-09T10:20:00,75,Completed,25.1,W20250609
T04422,V0441,D0216,R068,2025-12-23T19:22:00,2025-12-24T00:00:00,95,Completed,20.5,W20251223
T04423,V0079,D0312,R065,2025-09-11T21:55:00,2025-09-12T01:18:00,70,Completed,20.7,W20250911
T04424,V0416,D0568,R010,2025-11-27T16:18:00,2025-11-27T17:20:00,75,Cancelled,72.6,W20251127
T04425,V0242,D0221,R012,2025-03-21T17:58:00,2025-03-21T19:03:00,95,Completed,87.7,W20250321
T04426,V0006,D0041,R076,2025-05-31T02:56:00,2025-05-31T03:57:00,95,Completed,93.4,W20250531
T04427,V0012,D0620,R017,2025-02-16T12:02:00,2025-02-16T14:06:00,95,Completed,46.0,W20250216
T04428,V0124,D0023,R003,2025-01-27T14:41:00,2025-01-27T16:17:00,85,Completed,53.1,W20250127
T04429,V0255,D0700,R091,2025-11-18T14:55:00,2025-11-18T16:57:00,70,Cancelled,34.4,W20251118
T04430,V0337,D0556,R091,2025-06-01T03:23:00,2025-06-01T04:20:00,70,Completed,73.7,W20250601
T04431,V0055,D0090,R012,2025-04-12T22:04:00,2025-04-13T02:45:00,95,Completed,20.3,W20250412
T04432,V0154,D0361,R032,2025-11-16T04:08:00,2025-11-16T08:19:00,75,Completed,17.9,W20251116
T04433,V0421,D0437,R036,2025-05-07T19:56:00,2025-05-07T22:59:00,75,Cancelled,24.6,W20250507
T04434,V0268,D0387,R079,2025-02-13T12:41:00,2025-02-13T13:44:00,70,Completed,66.7,W20250213
T04435,V0106,D0654,R018,2025-10-29T01:34:00,2025-10-29T06:16:00,85,Completed,18.1,W20251029
T04436,V0065,D0163,R099,2025-04-14T18:47:00,2025-04-14T22:27:00,55,Cancelled,15.0,W20250414
T04437,V0008,D0486,R096,2025-01-02T07:02:00,2025-01-02T11:59:00,95,Completed,19.2,W20250102
T04438,V0426,D0175,R003,2025-07-23T08:56:00,2025-07-23T13:21:00,85,Completed,19.2,W20250723
T04439,V0037,D0232,R015,2025-12-20T22:25:00,2025-12-20T23:22:00,75,Completed,78.9,W20251220
T04440,V0457,D0312,R023,2025-10-04T04:23:00,2025-10-04T07:46:00,95,Cancelled,28.1,W20251004
T04441,V0228,D0272,R013,2025-02-14T14:33:00,2025-02-14T18:13:00,65,Completed,17.7,W20250214
T04442,V0447,D0360,R069,2025-12-01T17:38:00,2025-12-01T19:27:00,70,Cancelled,38.5,W20251201
T04443,V0250,D0115,R039,2025-10-30T09:34:00,2025-10-30T12:11:00,55,Completed,21.0,W20251030
T04444,V0065,D0685,R049,2025-05-08T12:21:00,2025-05-08T14:36:00,85,Cancelled,37.8,W20250508
T04445,V0496,D0395,R030,2025-07-20T05:34:00,2025-07-20T07:44:00,65,Cancelled,30.0,W20250720
T04446,V0328,D0089,R045,2025-08-21T10:29:00,2025-08-21T11:32:00,70,Completed,66.7,W20250821
T04447,V0342,D0342,R054,2025-06-29T14:35:00,2025-06-29T18:02:00,95,Cancelled,27.5,W20250629
T04448,V0168,D0606,R024,2025-09-14T23:58:00,2025-09-15T01:02:00,55,Completed,51.6,W20250914
T04449,V0415,D0099,R011,2025-06-18T07:57:00,2025-06-18T11:30:00,85,Completed,23.9,W20250618
T04450,V0249,D0649,R092,2025-05-09T21:12:00,2025-05-10T00:40:00,70,Completed,20.2,W20250509
T04451,V0024,D0206,R023,2025-03-31T20:45:00,2025-03-31T22:30:00,95,Completed,54.3,W20250331
T04452,V0136,D0663,R007,2025-06-07T01:19:00,2025-06-07T05:56:00,70,Completed,15.2,W20250607
T04453,V0261,D0030,R029,2025-12-26T19:59:00,2025-12-27T00:50:00,70,Completed,14.4,W20251226
T04454,V0154,D0377,R070,2025-08-14T12:50:00,2025-08-14T16:18:00,55,Completed,15.9,W20250814
T04455,V0024,D0463,R056,2025-05-23T20:06:00,2025-05-23T23:35:00,95,Cancelled,27.3,W20250523
T04456,V0012,D0195,R066,2025-09-16T05:59:00,2025-09-16T09:55:00,85,Completed,21.6,W20250916
T04457,V0253,D0498,R078,2025-06-17T05:23:00,2025-06-17T08:49:00,75,Cancelled,21.8,W20250617
T04458,V0422,D0048,R042,2025-02-16T05:06:00,2025-02-16T08:09:00,75,Cancelled,24.6,W20250216
T04459,V0406,D0633,R001,2025-02-21T10:15:00,2025-02-21T13:15:00,85,Cancelled,28.3,W20250221
T04460,V0075,D0683,R028,2025-03-31T23:02:00,2025-04-01T02:37:00,85,Completed,23.7,W20250331
T04461,V0186,D0630,R025,2025-01-25T09:42:00,2025-01-25T10:53:00,75,Completed,63.4,W20250125
T04462,V0288,D0396,R053,2025-10-02T14:09:00,2025-10-02T15:58:00,55,Completed,30.3,W20251002
T04463,V0209,D0384,R015,2025-06-22T03:45:00,2025-06-22T07:08:00,75,Completed,22.2,W20250622
T04464,V0129,D0193,R089,2025-07-09T23:03:00,2025-07-10T03:31:00,85,Cancelled,19.0,W20250709
T04465,V0405,D0342,R014,2025-10-12T04:27:00,2025-10-12T06:47:00,55,Completed,23.6,W20251012
T04466,V0500,D0530,R050,2025-09-14T19:55:00,2025-09-14T23:20:00,95,Completed,27.8,W20250914
T04467,V0335,D0490,R058,2025-08-28T20:42:00,2025-08-28T23:52:00,95,Cancelled,30.0,W20250828
T04468,V0034,D0117,R030,2025-05-21T04:35:00,2025-05-21T08:30:00,65,Cancelled,16.6,W20250521
T04469,V0472,D0020,R008,2025-08-26T05:07:00,2025-08-26T08:46:00,75,Cancelled,20.5,W20250826
T04470,V0017,D0420,R024,2025-10-27T03:01:00,2025-10-27T07:37:00,55,Completed,12.0,W20251027
T04471,V0122,D0204,R081,2025-05-22T10:59:00,2025-05-22T13:18:00,55,Completed,23.7,W20250522
T04472,V0204,D0029,R089,2025-01-14T13:49:00,2025-01-14T18:02:00,85,Cancelled,20.2,W20250114
T04473,V0397,D0520,R022,2025-10-08T05:37:00,2025-10-08T10:16:00,70,Completed,15.1,W20251008
T04474,V0462,D0584,R005,2025-10-07T03:44:00,2025-10-07T08:09:00,65,Completed,14.7,W20251007
T04475,V0496,D0167,R018,2025-08-07T14:37:00,2025-08-07T17:56:00,85,Cancelled,25.6,W20250807
T04476,V0270,D0180,R079,2025-04-25T12:19:00,2025-04-25T14:06:00,70,Completed,39.3,W20250425
T04477,V0385,D0285,R045,2025-08-15T08:06:00,2025-08-15T12:15:00,70,Completed,16.9,W20250815
T04478,V0064,D0553,R009,2025-07-28T07:10:00,2025-07-28T11:50:00,65,Completed,13.9,W20250728
T04479,V0433,D0663,R062,2025-11-15T08:59:00,2025-11-15T13:12:00,70,Completed,16.6,W20251115
T04480,V0228,D0194,R044,2025-02-13T11:17:00,2025-02-13T15:26:00,70,Completed,16.9,W20250213
T04481,V0085,D0450,R018,2025-06-27T01:27:00,2025-06-27T03:37:00,85,Completed,39.2,W20250627
T04482,V0305,D0145,R010,2025-07-29T23:41:00,2025-07-30T02:00:00,75,Completed,32.4,W20250729
T04483,V0307,D0299,R008,2025-01-24T21:51:00,2025-01-24T23:53:00,75,Completed,36.9,W20250124
T04484,V0312,D0203,R039,2025-04-18T12:40:00,2025-04-18T14:50:00,55,Completed,25.4,W20250418
T04485,V0285,D0470,R014,2025-03-16T08:10:00,2025-03-16T11:08:00,55,Completed,18.5,W20250316
T04486,V0120,D0009,R071,2025-01-28T23:38:00,2025-01-29T03:29:00,95,Completed,24.7,W20250128
T04487,V0479,D0645,R048,2025-08-30T17:57:00,2025-08-30T20:04:00,75,Completed,35.4,W20250830
T04488,V0039,D0674,R049,2025-08-15T01:06:00,2025-08-15T01:59:00,85,Completed,96.2,W20250815
T04489,V0109,D0196,R011,2025-08-08T16:47:00,2025-08-08T19:01:00,85,Completed,38.1,W20250808
T04490,V0254,D0690,R005,2025-02-27T06:44:00,2025-02-27T10:08:00,65,Completed,19.1,W20250227
T04491,V0320,D0454,R084,2025-02-11T22:14:00,2025-02-12T01:09:00,85,Cancelled,29.1,W20250211
T04492,V0098,D0313,R073,2025-10-17T05:35:00,2025-10-17T06:20:00,85,Cancelled,113.3,W20251017
T04493,V0030,D0544,R080,2025-04-05T03:31:00,2025-04-05T06:20:00,75,Completed,26.6,W20250405
T04494,V0200,D0035,R022,2025-03-17T03:48:00,2025-03-17T06:56:00,70,Completed,22.3,W20250317
T04495,V0080,D0556,R052,2025-06-24T21:48:00,2025-06-25T01:25:00,65,Cancelled,18.0,W20250624
T04496,V0305,D0078,R026,2025-07-02T20:44:00,2025-07-03T00:51:00,70,Cancelled,17.0,W20250702
T04497,V0073,D0665,R076,2025-02-21T19:19:00,2025-02-21T21:49:00,95,Completed,38.0,W20250221
T04498,V0171,D0638,R074,2025-11-09T12:56:00,2025-11-09T13:43:00,95,Completed,121.3,W20251109
T04499,V0015,D0508,R042,2025-06-07T10:23:00,2025-06-07T11:57:00,75,Completed,47.9,W20250607
T04500,V0445,D0489,R073,2025-06-30T21:47:00,2025-06-30T23:09:00,85,Completed,62.2,W20250630
T04501,V0316,D0505,R073,2025-09-19T15:06:00,2025-09-19T17:50:00,85,Completed,31.1,W20250919
T04502,V0235,D0246,R015,2025-10-16T13:53:00,2025-10-16T15:26:00,75,Completed,48.4,W20251016
T04503,V0298,D0024,R026,2025-05-12T22:59:00,2025-05-13T00:20:00,70,Completed,51.9,W20250512
T04504,V0469,D0538,R088,2025-12-19T22:49:00,2025-12-20T03:03:00,95,Completed,22.4,W20251219
T04505,V0467,D0252,R074,2025-05-04T11:14:00,2025-05-04T14:26:00,95,Completed,29.7,W20250504
T04506,V0164,D0258,R100,2025-12-29T06:40:00,2025-12-29T08:53:00,75,Completed,33.8,W20251229
T04507,V0491,D0675,R097,2025-01-29T06:29:00,2025-01-29T10:28:00,65,Completed,16.3,W20250129
T04508,V0406,D0311,R031,2025-11-29T20:37:00,2025-11-29T23:29:00,65,Completed,22.7,W20251129
T04509,V0242,D0253,R045,2025-12-29T09:36:00,2025-12-29T10:46:00,70,Completed,60.0,W20251229
T04510,V0412,D0646,R088,2025-06-06T18:12:00,2025-06-06T22:34:00,95,Completed,21.8,W20250606
T04511,V0201,D0204,R066,2025-02-10T00:52:00,2025-02-10T01:58:00,85,Completed,77.3,W20250210
T04512,V0179,D0320,R034,2025-12-20T13:50:00,2025-12-20T16:45:00,70,Completed,24.0,W20251220
T04513,V0435,D0488,R059,2025-05-25T13:01:00,2025-05-25T15:44:00,75,Cancelled,27.6,W20250525
T04514,V0042,D0130,R018,2025-03-19T14:42:00,2025-03-19T17:01:00,85,Completed,36.7,W20250319
T04515,V0276,D0337,R020,2025-11-16T15:24:00,2025-11-16T19:32:00,65,Completed,15.7,W20251116
T04516,V0147,D0614,R021,2025-11-16T04:49:00,2025-11-16T09:35:00,75,Completed,15.7,W20251116
T04517,V0423,D0038,R023,2025-03-29T12:37:00,2025-03-29T13:59:00,95,Completed,69.5,W20250329
T04518,V0290,D0276,R039,2025-11-26T06:18:00,2025-11-26T10:05:00,55,Completed,14.5,W20251126
T04519,V0375,D0022,R063,2025-06-19T03:49:00,2025-06-19T08:48:00,75,Completed,15.1,W20250619
T04520,V0079,D0429,R034,2025-06-14T20:36:00,2025-06-14T22:24:00,70,Completed,38.9,W20250614
T04521,V0146,D0175,R031,2025-02-11T19:21:00,2025-02-11T23:54:00,65,Completed,14.3,W20250211
T04522,V0430,D0201,R012,2025-11-26T12:11:00,2025-11-26T13:46:00,95,Cancelled,60.0,W20251126
T04523,V0024,D0176,R098,2025-12-06T06:33:00,2025-12-06T09:30:00,75,Cancelled,25.4,W20251206
T04524,V0211,D0166,R075,2025-11-28T06:25:00,2025-11-28T08:04:00,85,Completed,51.5,W20251128
T04525,V0465,D0140,R078,2025-08-31T07:18:00,2025-08-31T11:32:00,75,Cancelled,17.7,W20250831
T04526,V0064,D0142,R033,2025-10-24T10:28:00,2025-10-24T12:53:00,85,Cancelled,35.2,W20251024
T04527,V0467,D0097,R038,2025-04-14T11:12:00,2025-04-14T13:07:00,95,Completed,49.6,W20250414
T04528,V0163,D0010,R046,2025-07-26T10:16:00,2025-07-26T13:17:00,70,Completed,23.2,W20250726
T04529,V0331,D0687,R008,2025-03-07T20:59:00,2025-03-07T23:43:00,75,Cancelled,27.4,W20250307
T04530,V0113,D0674,R080,2025-05-01T16:27:00,2025-05-01T17:38:00,75,Cancelled,63.4,W20250501
T04531,V0132,D0235,R051,2025-10-31T08:06:00,2025-10-31T10:01:00,70,Completed,36.5,W20251031
T04532,V0122,D0605,R022,2025-09-20T02:20:00,2025-09-20T04:54:00,70,Completed,27.3,W20250920
T04533,V0472,D0434,R027,2025-10-30T10:47:00,2025-10-30T11:43:00,85,Completed,91.1,W20251030
T04534,V0291,D0393,R002,2025-06-25T00:09:00,2025-06-25T03:47:00,75,Completed,20.6,W20250625
T04535,V0007,D0467,R082,2025-11-16T06:22:00,2025-11-16T09:44:00,75,Completed,22.3,W20251116
T04536,V0325,D0080,R070,2025-03-16T14:54:00,2025-03-16T16:34:00,55,Completed,33.0,W20250316
T04537,V0449,D0144,R097,2025-02-12T02:17:00,2025-02-12T06:54:00,65,Completed,14.1,W20250212
T04538,V0009,D0544,R065,2025-02-04T18:47:00,2025-02-04T23:02:00,70,Completed,16.5,W20250204
T04539,V0138,D0540,R027,2025-05-06T13:27:00,2025-05-06T17:51:00,85,Completed,19.3,W20250506
T04540,V0313,D0247,R060,2025-10-16T08:36:00,2025-10-16T13:00:00,85,Cancelled,19.3,W20251016
T04541,V0241,D0367,R062,2025-12-31T07:58:00,2025-12-31T09:58:00,70,Completed,35.0,W20251231
T04542,V0005,D0395,R087,2025-04-18T23:09:00,2025-04-19T02:51:00,55,Completed,14.9,W20250418
T04543,V0039,D0482,R004,2025-10-20T03:23:00,2025-10-20T07:50:00,65,Completed,14.6,W20251020
T04544,V0178,D0381,R008,2025-12-04T16:38:00,2025-12-04T19:38:00,75,Completed,25.0,W20251204
T04545,V0383,D0547,R064,2025-05-15T03:32:00,2025-05-15T06:33:00,75,Completed,24.9,W20250515
T04546,V0173,D0270,R026,2025-01-04T08:03:00,2025-01-04T12:53:00,70,Completed,14.5,W20250104
T04547,V0228,D0340,R024,2025-05-30T20:37:00,2025-05-31T01:18:00,55,Completed,11.7,W20250530
T04548,V0176,D0393,R045,2025-05-24T11:59:00,2025-05-24T15:18:00,70,Completed,21.1,W20250524
T04549,V0276,D0296,R072,2025-02-19T10:05:00,2025-02-19T11:10:00,75,Completed,69.2,W20250219
T04550,V0152,D0094,R058,2025-01-20T00:13:00,2025-01-20T03:04:00,95,Completed,33.3,W20250120
T04551,V0292,D0324,R074,2025-10-08T05:07:00,2025-10-08T09:13:00,95,Completed,23.2,W20251008
T04552,V0124,D0382,R057,2025-02-06T23:53:00,2025-02-07T04:09:00,75,Completed,17.6,W20250206
T04553,V0004,D0199,R100,2025-08-29T16:27:00,2025-08-29T18:20:00,75,Completed,39.8,W20250829
T04554,V0438,D0033,R073,2025-01-18T04:29:00,2025-01-18T06:48:00,85,Cancelled,36.7,W20250118
T04555,V0294,D0142,R027,2025-06-12T02:45:00,2025-06-12T07:18:00,85,Completed,18.7,W20250612
T04556,V0300,D0382,R091,2025-09-12T17:59:00,2025-09-12T21:17:00,70,Completed,21.2,W20250912
T04557,V0189,D0325,R093,2025-05-19T13:24:00,2025-05-19T14:26:00,65,Completed,62.9,W20250519
T04558,V0127,D0179,R084,2025-12-05T21:10:00,2025-12-05T21:58:00,85,Cancelled,106.2,W20251205
T04559,V0134,D0606,R063,2025-09-02T17:19:00,2025-09-02T21:46:00,75,Cancelled,16.9,W20250902
T04560,V0192,D0452,R058,2025-06-29T14:50:00,2025-06-29T16:45:00,95,Cancelled,49.6,W20250629
T04561,V0312,D0037,R097,2025-07-20T20:54:00,2025-07-21T00:52:00,65,Completed,16.4,W20250720
T04562,V0024,D0441,R041,2025-02-27T11:41:00,2025-02-27T14:12:00,65,Completed,25.8,W20250227
T04563,V0412,D0208,R026,2025-08-26T16:43:00,2025-08-26T20:59:00,70,Completed,16.4,W20250826
T04564,V0145,D0366,R051,2025-01-18T16:23:00,2025-01-18T20:47:00,70,Completed,15.9,W20250118
T04565,V0331,D0009,R039,2025-08-25T23:04:00,2025-08-26T02:39:00,55,Completed,15.3,W20250825
T04566,V0070,D0410,R019,2025-06-06T18:00:00,2025-06-06T19:30:00,55,Completed,36.7,W20250606
T04567,V0295,D0412,R078,2025-10-02T03:12:00,2025-10-02T06:27:00,75,Completed,23.1,W20251002
T04568,V0358,D0454,R075,2025-04-17T22:59:00,2025-04-18T00:00:00,85,Completed,83.6,W20250417
T04569,V0215,D0276,R095,2025-12-01T11:32:00,2025-12-01T13:48:00,85,Completed,37.5,W20251201
T04570,V0285,D0240,R003,2025-01-29T05:45:00,2025-01-29T07:05:00,85,Completed,63.8,W20250129
T04571,V0310,D0361,R024,2025-12-22T15:02:00,2025-12-22T18:43:00,55,Completed,14.9,W20251222
T04572,V0132,D0042,R036,2025-08-23T05:09:00,2025-08-23T08:44:00,75,Completed,20.9,W20250823
T04573,V0062,D0118,R064,2025-11-14T09:12:00,2025-11-14T11:15:00,75,Cancelled,36.6,W20251114
T04574,V0113,D0302,R088,2025-06-29T03:23:00,2025-06-29T07:58:00,95,Completed,20.7,W20250629
T04575,V0197,D0357,R097,2025-11-07T19:25:00,2025-11-07T23:49:00,65,Completed,14.8,W20251107
T04576,V0017,D0468,R096,2025-09-08T02:42:00,2025-09-08T07:27:00,95,Cancelled,20.0,W20250908
T04577,V0064,D0689,R084,2025-01-21T13:52:00,2025-01-21T14:41:00,85,Cancelled,104.1,W20250121
T04578,V0441,D0517,R023,2025-10-19T23:56:00,2025-10-20T04:18:00,95,Completed,21.8,W20251019
T04579,V0179,D0411,R039,2025-11-26T15:38:00,2025-11-26T16:50:00,55,Cancelled,45.8,W20251126
T04580,V0064,D0670,R071,2025-03-14T21:13:00,2025-03-14T22:02:00,95,Completed,116.3,W20250314
T04581,V0048,D0191,R054,2025-01-05T14:33:00,2025-01-05T18:18:00,95,Completed,25.3,W20250105
T04582,V0362,D0296,R032,2025-07-27T19:21:00,2025-07-27T23:56:00,75,Completed,16.4,W20250727
T04583,V0104,D0275,R045,2025-03-29T01:24:00,2025-03-29T03:47:00,70,Completed,29.4,W20250329
T04584,V0146,D0419,R036,2025-09-22T13:38:00,2025-09-22T15:43:00,75,Cancelled,36.0,W20250922
T04585,V0222,D0019,R061,2025-08-26T21:13:00,2025-08-26T22:36:00,75,Completed,54.2,W20250826
T04586,V0097,D0115,R029,2025-06-09T15:59:00,2025-06-09T17:53:00,70,Completed,36.8,W20250609
T04587,V0142,D0212,R075,2025-08-19T19:37:00,2025-08-19T22:13:00,85,Completed,32.7,W20250819
T04588,V0187,D0054,R027,2025-09-25T11:38:00,2025-09-25T16:25:00,85,Completed,17.8,W20250925
T04589,V0322,D0214,R040,2025-04-03T17:43:00,2025-04-03T20:38:00,95,Completed,32.6,W20250403
T04590,V0129,D0435,R029,2025-07-07T08:12:00,2025-07-07T09:08:00,70,Completed,75.0,W20250707
T04591,V0006,D0595,R039,2025-03-30T23:34:00,2025-03-31T04:04:00,55,Completed,12.2,W20250330
T04592,V0470,D0432,R058,2025-03-25T10:20:00,2025-03-25T13:32:00,95,Completed,29.7,W20250325
T04593,V0002,D0034,R072,2025-08-04T06:01:00,2025-08-04T07:53:00,75,Cancelled,40.2,W20250804
T04594,V0397,D0033,R080,2025-10-30T07:33:00,2025-10-30T11:39:00,75,Completed,18.3,W20251030
T04595,V0155,D0516,R039,2025-03-13T18:51:00,2025-03-13T20:01:00,55,Completed,47.1,W20250313
T04596,V0497,D0274,R098,2025-04-01T18:22:00,2025-04-01T21:35:00,75,Completed,23.3,W20250401
T04597,V0371,D0526,R064,2025-04-03T15:46:00,2025-04-03T19:27:00,75,Completed,20.4,W20250403
T04598,V0184,D0415,R089,2025-09-11T02:27:00,2025-09-11T03:33:00,85,Completed,77.3,W20250911
T04599,V0175,D0610,R035,2025-10-30T22:21:00,2025-10-31T01:10:00,95,Completed,33.7,W20251030
T04600,V0195,D0398,R080,2025-08-01T17:23:00,2025-08-01T18:32:00,75,Completed,65.2,W20250801
T04601,V0403,D0181,R031,2025-04-12T05:39:00,2025-04-12T06:51:00,65,Completed,54.2,W20250412
T04602,V0182,D0010,R035,2025-05-21T16:09:00,2025-05-21T17:49:00,95,Completed,57.0,W20250521
T04603,V0435,D0574,R006,2025-02-06T21:01:00,2025-02-07T01:41:00,95,Completed,20.4,W20250206
T04604,V0426,D0474,R019,2025-01-24T14:48:00,2025-01-24T18:39:00,55,Completed,14.3,W20250124
T04605,V0242,D0360,R053,2025-02-19T00:50:00,2025-02-19T03:44:00,55,Cancelled,19.0,W20250219
T04606,V0104,D0384,R100,2025-01-14T06:10:00,2025-01-14T10:35:00,75,Completed,17.0,W20250114
T04607,V0421,D0300,R016,2025-04-03T14:36:00,2025-04-03T15:34:00,65,Cancelled,67.2,W20250403
T04608,V0119,D0127,R028,2025-03-23T21:27:00,2025-03-23T23:03:00,85,Cancelled,53.1,W20250323
T04609,V0354,D0156,R042,2025-03-05T03:12:00,2025-03-05T07:00:00,75,Completed,19.7,W20250305
T04610,V0006,D0409,R091,2025-08-25T09:31:00,2025-08-25T12:54:00,70,Cancelled,20.7,W20250825
T04611,V0441,D0378,R066,2025-08-27T16:29:00,2025-08-27T17:26:00,85,Completed,89.5,W20250827
T04612,V0483,D0238,R026,2025-04-05T20:32:00,2025-04-05T23:53:00,70,Cancelled,20.9,W20250405
T04613,V0493,D0371,R031,2025-11-30T04:58:00,2025-11-30T08:14:00,65,Completed,19.9,W20251130
T04614,V0230,D0281,R074,2025-03-15T05:36:00,2025-03-15T08:20:00,95,Completed,34.8,W20250315
T04615,V0477,D0168,R015,2025-06-21T08:50:00,2025-06-21T10:18:00,75,Completed,51.1,W20250621
T04616,V0145,D0219,R040,2025-10-31T04:29:00,2025-10-31T06:09:00,95,Completed,57.0,W20251031
T04617,V0039,D0604,R078,2025-04-29T20:25:00,2025-04-29T23:07:00,75,Completed,27.8,W20250429
T04618,V0263,D0618,R029,2025-09-23T16:01:00,2025-09-23T16:51:00,70,Completed,84.0,W20250923
T04619,V0073,D0452,R043,2025-11-21T06:46:00,2025-11-21T10:28:00,65,Completed,17.6,W20251121
T04620,V0154,D0179,R020,2025-07-03T21:52:00,2025-07-04T02:12:00,65,Completed,15.0,W20250703
T04621,V0428,D0296,R092,2025-01-23T23:04:00,2025-01-24T02:00:00,70,Completed,23.9,W20250123
T04622,V0241,D0315,R095,2025-08-13T19:46:00,2025-08-13T21:12:00,85,Completed,59.3,W20250813
T04623,V0495,D0493,R022,2025-11-15T10:14:00,2025-11-15T14:46:00,70,Completed,15.4,W20251115
T04624,V0306,D0694,R007,2025-05-08T22:13:00,2025-05-09T01:53:00,70,Completed,19.1,W20250508
T04625,V0436,D0676,R058,2025-09-03T15:06:00,2025-09-03T17:41:00,95,Cancelled,36.8,W20250903
T04626,V0171,D0650,R071,2025-06-19T17:22:00,2025-06-19T21:11:00,95,Completed,24.9,W20250619
T04627,V0165,D0673,R010,2025-11-01T13:07:00,2025-11-01T16:55:00,75,Completed,19.7,W20251101
T04628,V0030,D0184,R096,2025-10-06T00:30:00,2025-10-06T03:07:00,95,Completed,36.3,W20251006
T04629,V0161,D0548,R035,2025-08-26T07:13:00,2025-08-26T11:59:00,95,Completed,19.9,W20250826
T04630,V0424,D0088,R033,2025-11-19T02:03:00,2025-11-19T05:32:00,85,Completed,24.4,W20251119
T04631,V0291,D0225,R004,2025-12-05T01:31:00,2025-12-05T02:29:00,65,Cancelled,67.2,W20251205
T04632,V0012,D0586,R028,2025-07-02T04:47:00,2025-07-02T08:29:00,85,Completed,23.0,W20250702
T04633,V0111,D0137,R043,2025-11-25T09:48:00,2025-11-25T12:22:00,65,Cancelled,25.3,W20251125
T04634,V0067,D0356,R014,2025-06-28T10:50:00,2025-06-28T11:37:00,55,Completed,70.2,W20250628
T04635,V0197,D0136,R022,2025-01-26T08:47:00,2025-01-26T12:52:00,70,Completed,17.1,W20250126
T04636,V0153,D0648,R065,2025-12-24T00:47:00,2025-12-24T03:14:00,70,Cancelled,28.6,W20251224
T04637,V0016,D0001,R020,2025-05-07T19:37:00,2025-05-07T22:27:00,65,Cancelled,22.9,W20250507
T04638,V0288,D0426,R020,2025-11-02T09:08:00,2025-11-02T10:02:00,65,Completed,72.2,W20251102
T04639,V0386,D0453,R018,2025-11-23T20:01:00,2025-11-23T21:38:00,85,Completed,52.6,W20251123
T04640,V0127,D0021,R074,2025-06-18T06:25:00,2025-06-18T09:11:00,95,Completed,34.3,W20250618
T04641,V0417,D0653,R057,2025-11-21T20:19:00,2025-11-22T00:39:00,75,Completed,17.3,W20251121
T04642,V0027,D0214,R086,2025-12-30T22:33:00,2025-12-31T01:02:00,65,Completed,26.2,W20251230
T04643,V0226,D0589,R090,2025-03-06T00:12:00,2025-03-06T03:57:00,85,Completed,22.7,W20250306
T04644,V0406,D0519,R020,2025-10-15T02:37:00,2025-10-15T03:27:00,65,Completed,78.0,W20251015
T04645,V0028,D0161,R045,2025-06-18T07:14:00,2025-06-18T09:38:00,70,Completed,29.2,W20250618
T04646,V0403,D0274,R021,2025-08-06T13:43:00,2025-08-06T16:21:00,75,Cancelled,28.5,W20250806
T04647,V0349,D0479,R067,2025-11-03T19:47:00,2025-11-03T22:29:00,55,Completed,20.4,W20251103
T04648,V0448,D0443,R053,2025-11-08T02:26:00,2025-11-08T05:34:00,55,Cancelled,17.6,W20251108
T04649,V0384,D0245,R073,2025-01-12T22:06:00,2025-01-13T00:20:00,85,Completed,38.1,W20250112
T04650,V0186,D0273,R009,2025-02-11T08:53:00,2025-02-11T10:04:00,65,Completed,54.9,W20250211
T04651,V0351,D0066,R007,2025-05-05T20:35:00,2025-05-06T00:40:00,70,Completed,17.1,W20250505
T04652,V0225,D0461,R085,2025-03-17T07:50:00,2025-03-17T11:11:00,55,Cancelled,16.4,W20250317
T04653,V0278,D0011,R021,2025-11-12T10:38:00,2025-11-12T11:50:00,75,Completed,62.5,W20251112
T04654,V0338,D0550,R069,2025-02-05T19:16:00,2025-02-05T20:40:00,70,Cancelled,50.0,W20250205
T04655,V0216,D0532,R059,2025-05-18T10:07:00,2025-05-18T13:54:00,75,Cancelled,19.8,W20250518
T04656,V0301,D0247,R020,2025-01-30T17:21:00,2025-01-30T20:36:00,65,Completed,20.0,W20250130
T04657,V0005,D0018,R017,2025-07-22T16:17:00,2025-07-22T21:11:00,95,Completed,19.4,W20250722
T04658,V0062,D0273,R023,2025-04-03T12:36:00,2025-04-03T13:50:00,95,Completed,77.0,W20250403
T04659,V0354,D0252,R044,2025-01-26T00:54:00,2025-01-26T02:40:00,70,Cancelled,39.6,W20250126
T04660,V0485,D0286,R081,2025-08-15T00:54:00,2025-08-15T01:41:00,55,Cancelled,70.2,W20250815
T04661,V0436,D0541,R030,2025-08-20T15:08:00,2025-08-20T18:21:00,65,Cancelled,20.2,W20250820
T04662,V0478,D0273,R034,2025-06-14T13:32:00,2025-06-14T15:16:00,70,Completed,40.4,W20250614
T04663,V0286,D0549,R089,2025-11-25T07:32:00,2025-11-25T08:19:00,85,Completed,108.5,W20251125
T04664,V0127,D0177,R059,2025-10-27T09:13:00,2025-10-27T10:00:00,75,Cancelled,95.7,W20251027
T04665,V0006,D0621,R038,2025-08-09T20:16:00,2025-08-09T21:04:00,95,Completed,118.8,W20250809
T04666,V0178,D0199,R025,2025-09-15T04:19:00,2025-09-15T09:02:00,75,Completed,15.9,W20250915
T04667,V0397,D0067,R009,2025-08-05T19:09:00,2025-08-05T22:45:00,65,Completed,18.1,W20250805
T04668,V0143,D0234,R079,2025-01-11T18:32:00,2025-01-11T20:17:00,70,Cancelled,40.0,W20250111
T04669,V0289,D0631,R088,2025-03-12T10:06:00,2025-03-12T14:43:00,95,Completed,20.6,W20250312
T04670,V0264,D0186,R084,2025-03-16T14:25:00,2025-03-16T16:30:00,85,Completed,40.8,W20250316
T04671,V0498,D0541,R090,2025-06-11T11:14:00,2025-06-11T15:22:00,85,Cancelled,20.6,W20250611
T04672,V0302,D0060,R051,2025-08-31T14:30:00,2025-08-31T15:31:00,70,Completed,68.9,W20250831
T04673,V0409,D0373,R097,2025-11-18T01:08:00,2025-11-18T03:14:00,65,Cancelled,31.0,W20251118
T04674,V0228,D0515,R017,2025-04-01T06:00:00,2025-04-01T09:17:00,95,Completed,28.9,W20250401
T04675,V0376,D0548,R063,2025-09-15T08:43:00,2025-09-15T12:25:00,75,Completed,20.3,W20250915
T04676,V0116,D0529,R094,2025-12-14T12:46:00,2025-12-14T17:16:00,70,Completed,15.6,W20251214
T04677,V0022,D0548,R033,2025-02-20T22:56:00,2025-02-21T01:24:00,85,Completed,34.5,W20250220
T04678,V0297,D0463,R011,2025-06-03T14:25:00,2025-06-03T15:32:00,85,Completed,76.1,W20250603
T04679,V0482,D0505,R026,2025-01-24T06:24:00,2025-01-24T09:02:00,70,Completed,26.6,W20250124
T04680,V0429,D0304,R051,2025-07-12T13:35:00,2025-07-12T17:21:00,70,Cancelled,18.6,W20250712
T04681,V0388,D0179,R027,2025-10-20T20:54:00,2025-10-21T01:18:00,85,Completed,19.3,W20251020
T04682,V0170,D0245,R060,2025-04-30T09:08:00,2025-04-30T12:38:00,85,Completed,24.3,W20250430
T04683,V0243,D0428,R010,2025-08-01T11:57:00,2025-08-01T16:47:00,75,Completed,15.5,W20250801
T04684,V0298,D0639,R062,2025-01-11T10:22:00,2025-01-11T11:08:00,70,Completed,91.3,W20250111
T04685,V0333,D0279,R094,2025-05-10T05:01:00,2025-05-10T06:26:00,70,Completed,49.4,W20250510
T04686,V0329,D0592,R075,2025-06-17T19:22:00,2025-06-17T21:22:00,85,Cancelled,42.5,W20250617
T04687,V0468,D0655,R090,2025-07-29T06:19:00,2025-07-29T08:50:00,85,Completed,33.8,W20250729
T04688,V0302,D0544,R099,2025-03-04T22:16:00,2025-03-05T01:24:00,55,Completed,17.6,W20250304
T04689,V0500,D0416,R095,2025-07-06T09:43:00,2025-07-06T13:31:00,85,Completed,22.4,W20250706
T04690,V0149,D0627,R052,2025-04-10T03:21:00,2025-04-10T04:11:00,65,Completed,78.0,W20250410
T04691,V0414,D0273,R060,2025-12-19T07:53:00,2025-12-19T09:01:00,85,Completed,75.0,W20251219
T04692,V0418,D0522,R078,2025-04-04T01:09:00,2025-04-04T05:43:00,75,Cancelled,16.4,W20250404
T04693,V0293,D0170,R021,2025-11-05T05:52:00,2025-11-05T09:54:00,75,Completed,18.6,W20251105
T04694,V0133,D0688,R084,2025-01-29T08:17:00,2025-01-29T11:39:00,85,Completed,25.2,W20250129
T04695,V0015,D0189,R099,2025-08-02T13:12:00,2025-08-02T15:40:00,55,Completed,22.3,W20250802
T04696,V0379,D0288,R061,2025-11-26T14:46:00,2025-11-26T17:17:00,75,Completed,29.8,W20251126
T04697,V0479,D0007,R029,2025-06-15T12:30:00,2025-06-15T14:47:00,70,Completed,30.7,W20250615
T04698,V0273,D0184,R098,2025-04-28T07:23:00,2025-04-28T10:17:00,75,Completed,25.9,W20250428
T04699,V0396,D0002,R099,2025-08-19T16:59:00,2025-08-19T18:20:00,55,Completed,40.7,W20250819
T04700,V0263,D0545,R011,2025-12-15T18:08:00,2025-12-15T21:56:00,85,Completed,22.4,W20251215
T04701,V0348,D0322,R094,2025-02-13T07:06:00,2025-02-13T10:02:00,70,Completed,23.9,W20250213
T04702,V0451,D0098,R080,2025-05-30T18:32:00,2025-05-30T20:28:00,75,Completed,38.8,W20250530
T04703,V0446,D0386,R082,2025-09-26T09:07:00,2025-09-26T13:19:00,75,Completed,17.9,W20250926
T04704,V0334,D0477,R094,2025-11-03T07:48:00,2025-11-03T11:02:00,70,Cancelled,21.6,W20251103
T04705,V0420,D0583,R057,2025-06-11T13:45:00,2025-06-11T15:03:00,75,Completed,57.7,W20250611
T04706,V0147,D0638,R011,2025-09-27T02:04:00,2025-09-27T06:00:00,85,Completed,21.6,W20250927
T04707,V0317,D0478,R092,2025-02-06T16:27:00,2025-02-06T21:11:00,70,Cancelled,14.8,W20250206
T04708,V0350,D0466,R048,2025-02-22T08:48:00,2025-02-22T10:01:00,75,Completed,61.6,W20250222
T04709,V0393,D0500,R048,2025-11-24T20:30:00,2025-11-24T23:05:00,75,Completed,29.0,W20251124
T04710,V0102,D0568,R083,2025-02-25T09:25:00,2025-02-25T14:01:00,75,Completed,16.3,W20250225
T04711,V0357,D0346,R095,2025-12-05T18:10:00,2025-12-05T21:39:00,85,Completed,24.4,W20251205
T04712,V0207,D0148,R025,2025-12-28T11:08:00,2025-12-28T14:11:00,75,Cancelled,24.6,W20251228
T04713,V0050,D0558,R014,2025-04-06T08:09:00,2025-04-06T11:35:00,55,Completed,16.0,W20250406
T04714,V0016,D0576,R029,2025-08-03T07:29:00,2025-08-03T12:13:00,70,Completed,14.8,W20250803
T04715,V0063,D0497,R002,2025-05-27T10:48:00,2025-05-27T14:13:00,75,Completed,22.0,W20250527
T04716,V0457,D0544,R045,2025-02-12T14:27:00,2025-02-12T18:42:00,70,Cancelled,16.5,W20250212
T04717,V0376,D0025,R093,2025-12-03T21:55:00,2025-12-04T01:55:00,65,Completed,16.2,W20251203
T04718,V0194,D0388,R040,2025-01-09T02:46:00,2025-01-09T04:54:00,95,Cancelled,44.5,W20250109
T04719,V0197,D0156,R072,2025-02-26T03:45:00,2025-02-26T04:32:00,75,Completed,95.7,W20250226
T04720,V0425,D0040,R076,2025-08-06T21:57:00,2025-08-07T00:07:00,95,Cancelled,43.8,W20250806
T04721,V0341,D0106,R011,2025-12-03T09:59:00,2025-12-03T12:50:00,85,Cancelled,29.8,W20251203
T04722,V0417,D0649,R028,2025-11-08T15:25:00,2025-11-08T20:08:00,85,Completed,18.0,W20251108
T04723,V0180,D0209,R070,2025-12-07T00:27:00,2025-12-07T02:15:00,55,Completed,30.6,W20251207
T04724,V0440,D0433,R051,2025-06-11T13:07:00,2025-06-11T14:09:00,70,Completed,67.7,W20250611
T04725,V0035,D0185,R099,2025-06-24T08:07:00,2025-06-24T11:13:00,55,Completed,17.7,W20250624
T04726,V0432,D0363,R029,2025-11-13T16:24:00,2025-11-13T17:28:00,70,Completed,65.6,W20251113
T04727,V0458,D0241,R048,2025-10-23T23:45:00,2025-10-24T02:32:00,75,Completed,26.9,W20251023
T04728,V0445,D0616,R043,2025-03-29T03:57:00,2025-03-29T08:00:00,65,Completed,16.0,W20250329
T04729,V0183,D0225,R079,2025-02-14T05:41:00,2025-02-14T09:43:00,70,Completed,17.4,W20250214
T04730,V0431,D0512,R039,2025-01-29T08:24:00,2025-01-29T11:33:00,55,Completed,17.5,W20250129
T04731,V0461,D0343,R074,2025-09-26T04:24:00,2025-09-26T06:19:00,95,Completed,49.6,W20250926
T04732,V0071,D0455,R031,2025-08-09T02:58:00,2025-08-09T05:46:00,65,Completed,23.2,W20250809
T04733,V0107,D0565,R100,2025-08-19T10:25:00,2025-08-19T11:30:00,75,Completed,69.2,W20250819
T04734,V0388,D0213,R018,2025-02-11T06:09:00,2025-02-11T08:38:00,85,Completed,34.2,W20250211
T04735,V0069,D0302,R050,2025-07-11T01:09:00,2025-07-11T02:32:00,95,Completed,68.7,W20250711
T04736,V0051,D0447,R084,2025-05-05T03:47:00,2025-05-05T05:26:00,85,Completed,51.5,W20250505
T04737,V0307,D0691,R079,2025-03-29T01:36:00,2025-03-29T05:46:00,70,Completed,16.8,W20250329
T04738,V0288,D0208,R008,2025-03-22T08:41:00,2025-03-22T10:25:00,75,Completed,43.3,W20250322
T04739,V0146,D0688,R071,2025-11-13T04:06:00,2025-11-13T08:50:00,95,Cancelled,20.1,W20251113
T04740,V0068,D0393,R032,2025-09-08T07:11:00,2025-09-08T11:18:00,75,Cancelled,18.2,W20250908
T04741,V0240,D0686,R089,2025-08-18T23:49:00,2025-08-19T00:38:00,85,Completed,104.1,W20250818
T04742,V0084,D0088,R046,2025-02-02T14:26:00,2025-02-02T16:01:00,70,Completed,44.2,W20250202
T04743,V0434,D0326,R063,2025-09-22T17:09:00,2025-09-22T19:16:00,75,Cancelled,35.4,W20250922
T04744,V0429,D0610,R010,2025-05-24T09:08:00,2025-05-24T10:00:00,75,Cancelled,86.5,W20250524
T04745,V0226,D0461,R001,2025-09-12T22:36:00,2025-09-13T02:35:00,85,Completed,21.3,W20250912
T04746,V0458,D0684,R041,2025-05-25T09:14:00,2025-05-25T11:41:00,65,Completed,26.5,W20250525
T04747,V0479,D0532,R023,2025-10-12T22:05:00,2025-10-13T01:13:00,95,Completed,30.3,W20251012
T04748,V0304,D0552,R001,2025-02-23T22:13:00,2025-02-24T00:16:00,85,Completed,41.5,W20250223
T04749,V0023,D0065,R033,2025-09-24T16:43:00,2025-09-24T19:16:00,85,Completed,33.3,W20250924
T04750,V0070,D0192,R095,2025-03-02T18:51:00,2025-03-02T23:14:00,85,Cancelled,19.4,W20250302
T04751,V0293,D0223,R097,2025-09-17T10:06:00,2025-09-17T12:08:00,65,Completed,32.0,W20250917
T04752,V0303,D0659,R040,2025-08-02T06:53:00,2025-08-02T11:33:00,95,Completed,20.4,W20250802
T04753,V0190,D0662,R094,2025-11-07T07:05:00,2025-11-07T11:57:00,70,Completed,14.4,W20251107
T04754,V0154,D0103,R096,2025-02-11T20:27:00,2025-02-11T23:35:00,95,Completed,30.3,W20250211
T04755,V0213,D0490,R036,2025-01-10T09:16:00,2025-01-10T11:11:00,75,Completed,39.1,W20250110
T04756,V0371,D0150,R100,2025-12-02T14:36:00,2025-12-02T16:46:00,75,Completed,34.6,W20251202
T04757,V0344,D0325,R035,2025-09-18T11:10:00,2025-09-18T14:12:00,95,Completed,31.3,W20250918
T04758,V0234,D0377,R098,2025-02-04T12:28:00,2025-02-04T14:14:00,75,Completed,42.5,W20250204
T04759,V0258,D0434,R082,2025-05-21T01:36:00,2025-05-21T06:22:00,75,Cancelled,15.7,W20250521
T04760,V0030,D0168,R069,2025-11-23T09:28:00,2025-11-23T13:54:00,70,Completed,15.8,W20251123
T04761,V0183,D0183,R008,2025-10-03T10:19:00,2025-10-03T14:08:00,75,Completed,19.7,W20251003
T04762,V0012,D0661,R091,2025-12-31T21:35:00,2025-12-31T22:27:00,70,Cancelled,80.8,W20251231
T04763,V0157,D0201,R027,2025-04-01T10:00:00,2025-04-01T13:32:00,85,Cancelled,24.1,W20250401
T04764,V0409,D0157,R065,2025-09-20T12:35:00,2025-09-20T14:19:00,70,Completed,40.4,W20250920
T04765,V0395,D0666,R026,2025-12-22T22:32:00,2025-12-23T02:55:00,70,Completed,16.0,W20251222
T04766,V0072,D0380,R018,2025-08-21T01:45:00,2025-08-21T03:05:00,85,Cancelled,63.8,W20250821
T04767,V0365,D0071,R067,2025-08-19T04:57:00,2025-08-19T09:48:00,55,Completed,11.3,W20250819
T04768,V0128,D0162,R014,2025-12-29T17:54:00,2025-12-29T21:38:00,55,Cancelled,14.7,W20251229
T04769,V0187,D0541,R014,2025-12-02T19:56:00,2025-12-03T00:50:00,55,Completed,11.2,W20251202
T04770,V0100,D0020,R041,2025-07-27T19:59:00,2025-07-28T00:36:00,65,Completed,14.1,W20250727
T04771,V0169,D0617,R061,2025-07-30T03:18:00,2025-07-30T06:24:00,75,Completed,24.2,W20250730
T04772,V0056,D0495,R053,2025-04-26T09:32:00,2025-04-26T12:01:00,55,Completed,22.1,W20250426
T04773,V0014,D0249,R061,2025-08-17T13:33:00,2025-08-17T16:03:00,75,Completed,30.0,W20250817
T04774,V0175,D0236,R031,2025-09-24T00:26:00,2025-09-24T05:13:00,65,Completed,13.6,W20250924
T04775,V0431,D0206,R060,2025-07-08T14:26:00,2025-07-08T17:30:00,85,Completed,27.7,W20250708
T04776,V0236,D0563,R096,2025-02-15T15:58:00,2025-02-15T20:58:00,95,Completed,19.0,W20250215
T04777,V0448,D0401,R077,2025-12-29T18:13:00,2025-12-29T19:10:00,85,Completed,89.5,W20251229
T04778,V0057,D0163,R043,2025-10-19T02:06:00,2025-10-19T04:45:00,65,Completed,24.5,W20251019
T04779,V0452,D0414,R091,2025-07-10T17:36:00,2025-07-10T20:57:00,70,Completed,20.9,W20250710
T04780,V0442,D0355,R027,2025-04-22T06:04:00,2025-04-22T09:29:00,85,Completed,24.9,W20250422
T04781,V0315,D0477,R050,2025-10-06T16:38:00,2025-10-06T20:23:00,95,Cancelled,25.3,W20251006
T04782,V0229,D0663,R053,2025-10-31T02:56:00,2025-10-31T04:26:00,55,Cancelled,36.7,W20251031
T04783,V0001,D0651,R091,2025-08-13T11:54:00,2025-08-13T16:36:00,70,Cancelled,14.9,W20250813
T04784,V0256,D0105,R069,2025-12-04T09:31:00,2025-12-04T10:55:00,70,Cancelled,50.0,W20251204
T04785,V0192,D0427,R026,2025-05-14T21:29:00,2025-05-15T00:49:00,70,Completed,21.0,W20250514
T04786,V0164,D0405,R005,2025-05-03T10:57:00,2025-05-03T15:24:00,65,Completed,14.6,W20250503
T04787,V0344,D0700,R006,2025-05-08T05:31:00,2025-05-08T07:33:00,95,Cancelled,46.7,W20250508
T04788,V0295,D0366,R059,2025-02-26T04:34:00,2025-02-26T07:04:00,75,Completed,30.0,W20250226
T04789,V0208,D0413,R058,2025-06-05T15:12:00,2025-06-05T16:48:00,95,Completed,59.4,W20250605
T04790,V0139,D0673,R058,2025-04-22T13:10:00,2025-04-22T14:22:00,95,Completed,79.2,W20250422
T04791,V0363,D0684,R033,2025-10-17T09:42:00,2025-10-17T13:20:00,85,Completed,23.4,W20251017
T04792,V0437,D0106,R020,2025-12-29T05:22:00,2025-12-29T09:39:00,65,Completed,15.2,W20251229
T04793,V0359,D0095,R075,2025-07-12T18:06:00,2025-07-12T22:31:00,85,Completed,19.2,W20250712
T04794,V0355,D0218,R023,2025-06-30T18:39:00,2025-06-30T22:49:00,95,Completed,22.8,W20250630
T04795,V0310,D0470,R048,2025-03-18T08:31:00,2025-03-18T09:59:00,75,Cancelled,51.1,W20250318
T04796,V0457,D0571,R010,2025-10-13T08:11:00,2025-10-13T09:09:00,75,Cancelled,77.6,W20251013
T04797,V0330,D0047,R033,2025-06-13T06:08:00,2025-06-13T10:19:00,85,Completed,20.3,W20250613
T04798,V0463,D0018,R044,2025-07-24T00:35:00,2025-07-24T02:56:00,70,Completed,29.8,W20250724
T04799,V0290,D0405,R088,2025-03-09T06:05:00,2025-03-09T10:07:00,95,Cancelled,23.6,W20250309
T04800,V0051,D0310,R060,2025-05-01T23:46:00,2025-05-02T02:44:00,85,Cancelled,28.7,W20250501
T04801,V0127,D0490,R034,2025-06-17T09:28:00,2025-06-17T10:59:00,70,Cancelled,46.2,W20250617
T04802,V0192,D0363,R012,2025-09-18T12:00:00,2025-09-18T13:24:00,95,Cancelled,67.9,W20250918
T04803,V0240,D0050,R080,2025-03-14T15:53:00,2025-03-14T20:20:00,75,Completed,16.9,W20250314
T04804,V0151,D0096,R075,2025-04-20T13:30:00,2025-04-20T18:27:00,85,Completed,17.2,W20250420
T04805,V0046,D0378,R049,2025-11-14T20:20:00,2025-11-14T22:44:00,85,Completed,35.4,W20251114
T04806,V0320,D0104,R015,2025-03-26T07:56:00,2025-03-26T09:09:00,75,Completed,61.6,W20250326
T04807,V0335,D0193,R024,2025-12-13T00:06:00,2025-12-13T04:12:00,55,Cancelled,13.4,W20251213
T04808,V0367,D0586,R058,2025-11-26T12:32:00,2025-11-26T14:38:00,95,Completed,45.2,W20251126
T04809,V0224,D0127,R087,2025-05-02T20:17:00,2025-05-02T23:32:00,55,Cancelled,16.9,W20250502
T04810,V0353,D0223,R021,2025-07-07T06:27:00,2025-07-07T10:44:00,75,Cancelled,17.5,W20250707
T04811,V0001,D0006,R057,2025-10-29T14:43:00,2025-10-29T15:34:00,75,Cancelled,88.2,W20251029
T04812,V0433,D0278,R095,2025-10-22T19:06:00,2025-10-22T21:26:00,85,Completed,36.4,W20251022
T04813,V0350,D0522,R034,2025-04-03T23:29:00,2025-04-04T01:36:00,70,Completed,33.1,W20250403
T04814,V0236,D0165,R074,2025-02-21T03:55:00,2025-02-21T07:55:00,95,Cancelled,23.8,W20250221
T04815,V0346,D0424,R095,2025-06-23T19:45:00,2025-06-23T23:38:00,85,Completed,21.9,W20250623
T04816,V0388,D0460,R056,2025-12-03T08:54:00,2025-12-03T12:59:00,95,Completed,23.3,W20251203
T04817,V0479,D0685,R072,2025-10-21T15:28:00,2025-10-21T18:50:00,75,Completed,22.3,W20251021
T04818,V0344,D0571,R074,2025-06-19T18:50:00,2025-06-19T20:35:00,95,Cancelled,54.3,W20250619
T04819,V0482,D0562,R035,2025-11-09T23:58:00,2025-11-10T01:02:00,95,Completed,89.1,W20251109
T04820,V0226,D0431,R061,2025-10-03T20:50:00,2025-10-04T00:16:00,75,Cancelled,21.8,W20251003
T04821,V0155,D0606,R079,2025-02-18T04:07:00,2025-02-18T08:45:00,70,Completed,15.1,W20250218
T04822,V0493,D0074,R033,2025-06-11T05:49:00,2025-06-11T08:23:00,85,Completed,33.1,W20250611
T04823,V0498,D0236,R052,2025-06-28T11:52:00,2025-06-28T15:48:00,65,Completed,16.5,W20250628
T04824,V0123,D0351,R081,2025-12-12T13:57:00,2025-12-12T17:07:00,55,Completed,17.4,W20251212
T04825,V0207,D0310,R018,2025-10-10T17:33:00,2025-10-10T21:09:00,85,Completed,23.6,W20251010
T04826,V0127,D0316,R044,2025-03-09T17:17:00,2025-03-09T21:07:00,70,Completed,18.3,W20250309
T04827,V0268,D0256,R028,2025-06-28T00:09:00,2025-06-28T03:36:00,85,Completed,24.6,W20250628
T04828,V0489,D0625,R055,2025-03-25T15:55:00,2025-03-25T19:04:00,55,Completed,17.5,W20250325
T04829,V0096,D0117,R012,2025-08-02T12:59:00,2025-08-02T15:45:00,95,Cancelled,34.3,W20250802
T04830,V0253,D0625,R097,2025-01-02T19:26:00,2025-01-02T21:11:00,65,Cancelled,37.1,W20250102
T04831,V0232,D0367,R046,2025-05-07T14:01:00,2025-05-07T18:44:00,70,Cancelled,14.8,W20250507
T04832,V0022,D0595,R077,2025-03-27T20:58:00,2025-03-27T23:21:00,85,Completed,35.7,W20250327
T04833,V0176,D0592,R056,2025-04-09T16:38:00,2025-04-09T19:36:00,95,Completed,32.0,W20250409
T04834,V0201,D0129,R097,2025-06-25T21:57:00,2025-06-26T00:09:00,65,Completed,29.5,W20250625
T04835,V0322,D0676,R014,2025-09-03T22:26:00,2025-09-03T23:39:00,55,Completed,45.2,W20250903
T04836,V0077,D0408,R032,2025-06-12T04:04:00,2025-06-12T08:38:00,75,Completed,16.4,W20250612
T04837,V0312,D0316,R045,2025-06-14T10:58:00,2025-06-14T13:58:00,70,Completed,23.3,W20250614
T04838,V0399,D0568,R066,2025-03-07T10:14:00,2025-03-07T14:10:00,85,Completed,21.6,W20250307
T04839,V0132,D0203,R055,2025-12-28T13:00:00,2025-12-28T15:03:00,55,Cancelled,26.8,W20251228
T04840,V0123,D0071,R009,2025-09-29T14:51:00,2025-09-29T18:44:00,65,Cancelled,16.7,W20250929
T04841,V0419,D0660,R076,2025-07-30T05:31:00,2025-07-30T08:23:00,95,Cancelled,33.1,W20250730
T04842,V0405,D0441,R028,2025-05-06T18:33:00,2025-05-06T21:06:00,85,Cancelled,33.3,W20250506
T04843,V0413,D0608,R002,2025-04-18T08:40:00,2025-04-18T12:55:00,75,Completed,17.6,W20250418
T04844,V0357,D0181,R016,2025-05-17T14:41:00,2025-05-17T16:10:00,65,Completed,43.8,W20250517
T04845,V0453,D0190,R081,2025-06-23T07:24:00,2025-06-23T10:43:00,55,Cancelled,16.6,W20250623
T04846,V0250,D0493,R012,2025-04-27T18:39:00,2025-04-27T22:13:00,95,Cancelled,26.6,W20250427
T04847,V0093,D0416,R034,2025-03-06T15:41:00,2025-03-06T16:49:00,70,Completed,61.8,W20250306
T04848,V0182,D0412,R074,2025-06-17T05:47:00,2025-06-17T07:39:00,95,Completed,50.9,W20250617
T04849,V0368,D0277,R084,2025-01-13T12:41:00,2025-01-13T14:23:00,85,Completed,50.0,W20250113
T04850,V0132,D0651,R073,2025-02-08T20:19:00,2025-02-08T22:41:00,85,Completed,35.9,W20250208
T04851,V0235,D0066,R012,2025-01-29T18:28:00,2025-01-29T19:29:00,95,Completed,93.4,W20250129
T04852,V0196,D0182,R063,2025-05-18T05:31:00,2025-05-18T09:05:00,75,Cancelled,21.0,W20250518
T04853,V0474,D0108,R083,2025-02-13T08:45:00,2025-02-13T12:48:00,75,Completed,18.5,W20250213
T04854,V0078,D0458,R043,2025-08-21T07:18:00,2025-08-21T08:53:00,65,Completed,41.1,W20250821
T04855,V0065,D0258,R085,2025-02-11T19:59:00,2025-02-11T21:31:00,55,Completed,35.9,W20250211
T04856,V0133,D0501,R074,2025-08-04T10:09:00,2025-08-04T11:00:00,95,Completed,111.8,W20250804
T04857,V0057,D0515,R074,2025-07-27T04:34:00,2025-07-27T08:15:00,95,Completed,25.8,W20250727
T04858,V0355,D0498,R061,2025-02-11T18:08:00,2025-02-11T21:18:00,75,Completed,23.7,W20250211
T04859,V0456,D0517,R081,2025-03-03T21:44:00,2025-03-04T01:00:00,55,Completed,16.8,W20250303
T04860,V0150,D0029,R020,2025-12-10T22:27:00,2025-12-11T00:00:00,65,Completed,41.9,W20251210
T04861,V0011,D0429,R063,2025-12-25T22:01:00,2025-12-26T01:24:00,75,Completed,22.2,W20251225
T04862,V0416,D0384,R022,2025-06-07T17:50:00,2025-06-07T19:12:00,70,Completed,51.2,W20250607
T04863,V0060,D0367,R085,2025-04-10T10:10:00,2025-04-10T13:08:00,55,Completed,18.5,W20250410
T04864,V0096,D0627,R021,2025-11-18T02:15:00,2025-11-18T04:25:00,75,Completed,34.6,W20251118
T04865,V0098,D0323,R061,2025-02-12T14:57:00,2025-02-12T17:27:00,75,Completed,30.0,W20250212
T04866,V0241,D0086,R037,2025-04-23T02:18:00,2025-04-23T06:15:00,95,Completed,24.1,W20250423
T04867,V0326,D0428,R071,2025-05-07T22:08:00,2025-05-08T01:55:00,95,Completed,25.1,W20250507
T04868,V0005,D0617,R018,2025-10-14T16:57:00,2025-10-14T19:36:00,85,Completed,32.1,W20251014
T04869,V0450,D0454,R072,2025-11-27T13:40:00,2025-11-27T16:39:00,75,Completed,25.1,W20251127
T04870,V0426,D0136,R073,2025-11-04T14:49:00,2025-11-04T17:00:00,85,Completed,38.9,W20251104
T04871,V0138,D0448,R002,2025-10-14T14:41:00,2025-10-14T15:49:00,75,Completed,66.2,W20251014
T04872,V0120,D0017,R099,2025-06-08T13:12:00,2025-06-08T15:35:00,55,Completed,23.1,W20250608
T04873,V0381,D0012,R050,2025-03-27T11:01:00,2025-03-27T14:20:00,95,Cancelled,28.6,W20250327
T04874,V0359,D0188,R030,2025-06-20T22:11:00,2025-06-21T00:39:00,65,Cancelled,26.4,W20250620
T04875,V0283,D0691,R023,2025-06-16T03:48:00,2025-06-16T07:38:00,95,Completed,24.8,W20250616
T04876,V0159,D0696,R098,2025-02-07T17:29:00,2025-02-07T19:44:00,75,Completed,33.3,W20250207
T04877,V0199,D0527,R022,2025-02-23T21:43:00,2025-02-24T01:08:00,70,Completed,20.5,W20250223
T04878,V0033,D0591,R041,2025-05-27T14:09:00,2025-05-27T18:59:00,65,Completed,13.4,W20250527
T04879,V0473,D0291,R021,2025-07-30T06:22:00,2025-07-30T08:00:00,75,Cancelled,45.9,W20250730
T04880,V0065,D0338,R044,2025-05-11T12:47:00,2025-05-11T16:29:00,70,Completed,18.9,W20250511
T04881,V0428,D0249,R023,2025-11-11T15:07:00,2025-11-11T16:01:00,95,Completed,105.6,W20251111
T04882,V0298,D0213,R057,2025-07-01T01:32:00,2025-07-01T06:07:00,75,Completed,16.4,W20250701
T04883,V0121,D0313,R065,2025-03-25T00:20:00,2025-03-25T03:55:00,70,Completed,19.5,W20250325
T04884,V0047,D0579,R034,2025-02-20T18:19:00,2025-02-20T22:04:00,70,Cancelled,18.7,W20250220
T04885,V0036,D0265,R017,2025-10-01T05:45:00,2025-10-01T08:46:00,95,Completed,31.5,W20251001
T04886,V0200,D0522,R031,2025-01-29T20:30:00,2025-01-29T22:09:00,65,Completed,39.4,W20250129
T04887,V0020,D0179,R096,2025-06-21T09:23:00,2025-06-21T13:28:00,95,Cancelled,23.3,W20250621
T04888,V0022,D0133,R028,2025-08-21T09:58:00,2025-08-21T12:12:00,85,Completed,38.1,W20250821
T04889,V0237,D0229,R028,2025-02-05T23:27:00,2025-02-06T02:43:00,85,Cancelled,26.0,W20250205
T04890,V0355,D0099,R049,2025-03-05T04:10:00,2025-03-05T08:50:00,85,Cancelled,18.2,W20250305
T04891,V0175,D0695,R076,2025-01-21T19:27:00,2025-01-21T22:45:00,95,Completed,28.8,W20250121
T04892,V0387,D0571,R029,2025-05-23T01:30:00,2025-05-23T05:24:00,70,Cancelled,17.9,W20250523
T04893,V0452,D0655,R084,2025-10-05T13:03:00,2025-10-05T16:20:00,85,Completed,25.9,W20251005
T04894,V0089,D0648,R048,2025-02-11T21:05:00,2025-02-11T22:15:00,75,Completed,64.3,W20250211
T04895,V0093,D0519,R028,2025-03-05T02:20:00,2025-03-05T03:40:00,85,Completed,63.8,W20250305
T04896,V0379,D0596,R022,2025-05-07T08:22:00,2025-05-07T12:31:00,70,Completed,16.9,W20250507
T04897,V0022,D0690,R081,2025-02-23T04:31:00,2025-02-23T07:30:00,55,Cancelled,18.4,W20250223
T04898,V0254,D0373,R100,2025-08-09T17:04:00,2025-08-09T18:03:00,75,Cancelled,76.3,W20250809
T04899,V0377,D0234,R011,2025-01-11T18:23:00,2025-01-11T19:48:00,85,Completed,60.0,W20250111
T04900,V0159,D0506,R059,2025-05-21T01:11:00,2025-05-21T03:37:00,75,Completed,30.8,W20250521
T04901,V0366,D0010,R036,2025-11-11T12:52:00,2025-11-11T16:52:00,75,Completed,18.8,W20251111
T04902,V0324,D0004,R034,2025-12-31T15:28:00,2025-12-31T17:16:00,70,Completed,38.9,W20251231
T04903,V0265,D0073,R019,2025-02-18T11:57:00,2025-02-18T16:27:00,55,Completed,12.2,W20250218
T04904,V0188,D0038,R051,2025-02-19T18:44:00,2025-02-19T22:41:00,70,Cancelled,17.7,W20250219
T04905,V0111,D0246,R018,2025-07-18T08:33:00,2025-07-18T10:06:00,85,Completed,54.8,W20250718
T04906,V0171,D0121,R082,2025-10-07T22:38:00,2025-10-08T02:54:00,75,Completed,17.6,W20251007
T04907,V0495,D0586,R032,2025-05-02T13:27:00,2025-05-02T16:29:00,75,Cancelled,24.7,W20250502
T04908,V0059,D0370,R013,2025-07-20T08:58:00,2025-07-20T09:46:00,65,Completed,81.2,W20250720
T04909,V0045,D0024,R028,2025-04-22T14:12:00,2025-04-22T15:12:00,85,Completed,85.0,W20250422
T04910,V0416,D0630,R049,2025-11-09T18:37:00,2025-11-09T21:28:00,85,Completed,29.8,W20251109
T04911,V0195,D0503,R062,2025-12-28T11:08:00,2025-12-28T13:52:00,70,Completed,25.6,W20251228
T04912,V0328,D0655,R066,2025-10-25T09:42:00,2025-10-25T13:38:00,85,Completed,21.6,W20251025
T04913,V0496,D0584,R006,2025-09-28T19:29:00,2025-09-28T22:35:00,95,Completed,30.6,W20250928
T04914,V0112,D0492,R093,2025-05-31T09:02:00,2025-05-31T13:51:00,65,Completed,13.5,W20250531
T04915,V0339,D0499,R073,2025-07-06T02:09:00,2025-07-06T03:32:00,85,Cancelled,61.4,W20250706
T04916,V0485,D0298,R081,2025-11-14T18:57:00,2025-11-14T22:27:00,55,Cancelled,15.7,W20251114
T04917,V0330,D0347,R092,2025-12-27T13:18:00,2025-12-27T16:25:00,70,Completed,22.5,W20251227
T04918,V0266,D0600,R025,2025-08-13T09:06:00,2025-08-13T12:00:00,75,Cancelled,25.9,W20250813
T04919,V0109,D0018,R094,2025-09-25T13:16:00,2025-09-25T17:30:00,70,Cancelled,16.5,W20250925
T04920,V0321,D0086,R080,2025-08-31T02:45:00,2025-08-31T06:25:00,75,Cancelled,20.5,W20250831
T04921,V0433,D0453,R023,2025-01-19T20:59:00,2025-01-20T00:34:00,95,Completed,26.5,W20250119
T04922,V0131,D0130,R082,2025-09-20T03:05:00,2025-09-20T04:23:00,75,Completed,57.7,W20250920
T04923,V0467,D0200,R080,2025-01-29T15:02:00,2025-01-29T16:35:00,75,Completed,48.4,W20250129
T04924,V0011,D0606,R069,2025-02-06T01:45:00,2025-02-06T03:14:00,70,Completed,47.2,W20250206
T04925,V0500,D0115,R047,2025-02-03T13:42:00,2025-02-03T14:43:00,55,Completed,54.1,W20250203
T04926,V0133,D0011,R079,2025-12-13T13:12:00,2025-12-13T15:40:00,70,Cancelled,28.4,W20251213
T04927,V0385,D0394,R011,2025-12-06T15:29:00,2025-12-06T19:56:00,85,Completed,19.1,W20251206
T04928,V0395,D0200,R099,2025-11-26T04:26:00,2025-11-26T08:46:00,55,Cancelled,12.7,W20251126
T04929,V0119,D0333,R014,2025-08-06T20:53:00,2025-08-06T23:15:00,55,Cancelled,23.2,W20250806
T04930,V0367,D0642,R015,2025-12-22T04:05:00,2025-12-22T07:24:00,75,Completed,22.6,W20251222
T04931,V0464,D0424,R029,2025-02-12T21:54:00,2025-02-12T23:16:00,70,Completed,51.2,W20250212
T04932,V0454,D0309,R011,2025-07-12T02:25:00,2025-07-12T03:41:00,85,Completed,67.1,W20250712
T04933,V0417,D0006,R061,2025-03-31T12:04:00,2025-03-31T16:47:00,75,Completed,15.9,W20250331
T04934,V0192,D0616,R082,2025-12-23T03:20:00,2025-12-23T07:47:00,75,Completed,16.9,W20251223
T04935,V0444,D0058,R095,2025-12-07T14:03:00,2025-12-07T15:09:00,85,Completed,77.3,W20251207
T04936,V0212,D0558,R084,2025-07-28T13:00:00,2025-07-28T16:07:00,85,Cancelled,27.3,W20250728
T04937,V0186,D0475,R004,2025-10-29T17:37:00,2025-10-29T21:34:00,65,Cancelled,16.5,W20251029
T04938,V0469,D0590,R025,2025-07-15T09:15:00,2025-07-15T12:54:00,75,Completed,20.5,W20250715
T04939,V0105,D0485,R002,2025-07-02T16:28:00,2025-07-02T19:41:00,75,Completed,23.3,W20250702
T04940,V0316,D0602,R062,2025-11-24T00:26:00,2025-11-24T01:34:00,70,Completed,61.8,W20251124
T04941,V0358,D0458,R065,2025-08-03T20:21:00,2025-08-04T00:18:00,70,Completed,17.7,W20250803
T04942,V0173,D0072,R090,2025-03-05T01:11:00,2025-03-05T05:09:00,85,Completed,21.4,W20250305
T04943,V0411,D0293,R090,2025-12-04T19:57:00,2025-12-04T21:14:00,85,Completed,66.2,W20251204
T04944,V0026,D0102,R038,2025-01-24T12:37:00,2025-01-24T15:55:00,95,Completed,28.8,W20250124
T04945,V0007,D0492,R032,2025-06-06T04:44:00,2025-06-06T09:25:00,75,Completed,16.0,W20250606
T04946,V0293,D0310,R071,2025-11-01T16:41:00,2025-11-01T21:37:00,95,Cancelled,19.3,W20251101
T04947,V0022,D0113,R091,2025-05-14T19:03:00,2025-05-14T20:06:00,70,Completed,66.7,W20250514
T04948,V0149,D0022,R003,2025-04-21T19:49:00,2025-04-21T21:45:00,85,Cancelled,44.0,W20250421
T04949,V0496,D0554,R089,2025-01-01T08:38:00,2025-01-01T11:16:00,85,Completed,32.3,W20250101
T04950,V0407,D0681,R034,2025-12-29T08:39:00,2025-12-29T12:58:00,70,Cancelled,16.2,W20251229
T04951,V0054,D0618,R028,2025-04-30T12:46:00,2025-04-30T17:43:00,85,Completed,17.2,W20250430
T04952,V0004,D0140,R050,2025-01-29T18:49:00,2025-01-29T21:10:00,95,Cancelled,40.4,W20250129
T04953,V0371,D0587,R084,2025-12-31T13:04:00,2025-12-31T14:03:00,85,Completed,86.4,W20251231
T04954,V0023,D0340,R100,2025-05-05T07:55:00,2025-05-05T10:00:00,75,Cancelled,36.0,W20250505
T04955,V0331,D0684,R091,2025-04-08T00:32:00,2025-04-08T03:56:00,70,Completed,20.6,W20250408
T04956,V0496,D0632,R077,2025-09-07T15:32:00,2025-09-07T18:48:00,85,Completed,26.0,W20250907
T04957,V0284,D0394,R095,2025-02-16T14:26:00,2025-02-16T16:05:00,85,Completed,51.5,W20250216
T04958,V0270,D0274,R027,2025-12-10T06:34:00,2025-12-10T09:17:00,85,Completed,31.3,W20251210
T04959,V0318,D0535,R008,2025-02-03T03:38:00,2025-02-03T05:05:00,75,Completed,51.7,W20250203
T04960,V0055,D0586,R065,2025-04-02T19:59:00,2025-04-02T22:10:00,70,Completed,32.1,W20250402
T04961,V0372,D0411,R021,2025-09-14T12:21:00,2025-09-14T16:40:00,75,Cancelled,17.4,W20250914
T04962,V0227,D0464,R093,2025-11-30T17:35:00,2025-11-30T19:11:00,65,Cancelled,40.6,W20251130
T04963,V0344,D0599,R096,2025-08-11T22:40:00,2025-08-12T01:59:00,95,Completed,28.6,W20250811
T04964,V0120,D0655,R031,2025-11-11T08:07:00,2025-11-11T11:55:00,65,Completed,17.1,W20251111
T04965,V0149,D0201,R068,2025-03-14T14:39:00,2025-03-14T19:38:00,95,Completed,19.1,W20250314
T04966,V0429,D0575,R099,2025-05-31T09:17:00,2025-05-31T14:07:00,55,Completed,11.4,W20250531
T04967,V0058,D0130,R094,2025-12-13T07:11:00,2025-12-13T12:06:00,70,Completed,14.2,W20251213
T04968,V0206,D0542,R007,2025-11-08T11:17:00,2025-11-08T14:28:00,70,Completed,22.0,W20251108
T04969,V0391,D0429,R024,2025-11-08T20:54:00,2025-11-08T23:54:00,55,Completed,18.3,W20251108
T04970,V0194,D0337,R066,2025-05-06T14:35:00,2025-05-06T15:39:00,85,Completed,79.7,W20250506
T04971,V0347,D0127,R053,2025-06-07T13:59:00,2025-06-07T16:55:00,55,Completed,18.8,W20250607
T04972,V0197,D0448,R039,2025-12-24T03:49:00,2025-12-24T04:34:00,55,Cancelled,73.3,W20251224
T04973,V0275,D0261,R038,2025-08-12T07:19:00,2025-08-12T12:07:00,95,Completed,19.8,W20250812
T04974,V0012,D0134,R035,2025-11-23T02:34:00,2025-11-23T03:52:00,95,Completed,73.1,W20251123
T04975,V0112,D0050,R038,2025-04-25T10:18:00,2025-04-25T15:13:00,95,Completed,19.3,W20250425
T04976,V0487,D0431,R055,2025-07-11T16:42:00,2025-07-11T21:12:00,55,Completed,12.2,W20250711
T04977,V0274,D0696,R061,2025-09-12T16:08:00,2025-09-12T17:26:00,75,Cancelled,57.7,W20250912
T04978,V0078,D0213,R083,2025-11-23T12:41:00,2025-11-23T16:01:00,75,Cancelled,22.5,W20251123
T04979,V0281,D0456,R093,2025-09-18T11:29:00,2025-09-18T12:59:00,65,Completed,43.3,W20250918
T04980,V0454,D0374,R068,2025-08-16T11:16:00,2025-08-16T15:59:00,95,Completed,20.1,W20250816
T04981,V0379,D0294,R077,2025-03-13T13:14:00,2025-03-13T17:45:00,85,Completed,18.8,W20250313
T04982,V0482,D0590,R057,2025-09-12T04:41:00,2025-09-12T07:27:00,75,Completed,27.1,W20250912
T04983,V0435,D0365,R028,2025-01-27T14:49:00,2025-01-27T17:30:00,85,Completed,31.7,W20250127
T04984,V0114,D0607,R074,2025-12-03T08:40:00,2025-12-03T11:45:00,95,Cancelled,30.8,W20251203
T04985,V0137,D0499,R001,2025-05-30T13:09:00,2025-05-30T13:55:00,85,Completed,110.9,W20250530
T04986,V0106,D0390,R061,2025-01-09T21:31:00,2025-01-09T22:48:00,75,Cancelled,58.4,W20250109
T04987,V0301,D0466,R097,2025-03-29T00:31:00,2025-03-29T04:46:00,65,Completed,15.3,W20250329
T04988,V0397,D0414,R082,2025-11-14T19:44:00,2025-11-15T00:23:00,75,Completed,16.1,W20251114
T04989,V0118,D0587,R010,2025-01-02T01:03:00,2025-01-02T04:14:00,75,Completed,23.6,W20250102
T04990,V0148,D0588,R062,2025-03-28T09:17:00,2025-03-28T14:12:00,70,Completed,14.2,W20250328
T04991,V0163,D0285,R080,2025-06-26T08:57:00,2025-06-26T12:59:00,75,Cancelled,18.6,W20250626
T04992,V0045,D0052,R078,2025-02-20T15:36:00,2025-02-20T16:51:00,75,Completed,60.0,W20250220
T04993,V0367,D0036,R048,2025-06-26T12:29:00,2025-06-26T16:10:00,75,Completed,20.4,W20250626
T04994,V0083,D0421,R005,2025-01-08T00:27:00,2025-01-08T03:44:00,65,Completed,19.8,W20250108
T04995,V0008,D0112,R074,2025-11-14T21:27:00,2025-11-14T22:57:00,95,Completed,63.3,W20251114
T04996,V0070,D0377,R086,2025-07-15T18:35:00,2025-07-15T20:17:00,65,Cancelled,38.2,W20250715
T04997,V0423,D0043,R001,2025-10-31T08:45:00,2025-10-31T11:45:00,85,Completed,28.3,W20251031
T04998,V0135,D0031,R089,2025-09-03T23:30:00,2025-09-04T03:37:00,85,Completed,20.6,W20250903
T04999,V0112,D0626,R034,2025-10-22T07:33:00,2025-10-22T08:42:00,70,Completed,60.9,W20251022
T05000,V0180,D0592,R033,2025-01-18T20:55:00,2025-01-19T01:13:00,85,Completed,19.8,W20250118
T05001,V0125,D0633,R072,2025-10-03T21:21:00,2025-10-04T00:18:00,75,Cancelled,25.4,W20251003
T05002,V0222,D0141,R005,2025-06-01T07:07:00,2025-06-01T10:53:00,65,Completed,17.3,W20250601
T05003,V0296,D0359,R068,2025-05-03T19:32:00,2025-05-03T23:35:00,95,Completed,23.5,W20250503
T05004,V0184,D0164,R075,2025-03-17T12:15:00,2025-03-17T14:19:00,85,Cancelled,41.1,W20250317
T05005,V0230,D0069,R026,2025-09-17T03:45:00,2025-09-17T06:47:00,70,Completed,23.1,W20250917
T05006,V0083,D0578,R021,2025-06-26T19:55:00,2025-06-26T20:43:00,75,Completed,93.8,W20250626
T05007,V0078,D0630,R099,2025-04-04T12:45:00,2025-04-04T16:08:00,55,Completed,16.3,W20250404
T05008,V0312,D0570,R073,2025-08-04T08:09:00,2025-08-04T13:03:00,85,Completed,17.3,W20250804
T05009,V0428,D0172,R027,2025-06-23T09:28:00,2025-06-23T13:28:00,85,Completed,21.2,W20250623
T05010,V0377,D0526,R055,2025-08-14T11:59:00,2025-08-14T15:32:00,55,Completed,15.5,W20250814
T05011,V0406,D0013,R054,2025-04-10T02:14:00,2025-04-10T04:18:00,95,Completed,46.0,W20250410
T05012,V0349,D0177,R022,2025-12-18T15:53:00,2025-12-18T16:50:00,70,Completed,73.7,W20251218
T05013,V0281,D0246,R055,2025-03-04T15:36:00,2025-03-04T20:15:00,55,Cancelled,11.8,W20250304
T05014,V0024,D0012,R027,2025-06-15T08:28:00,2025-06-15T11:21:00,85,Completed,29.5,W20250615
T05015,V0393,D0237,R002,2025-06-13T17:52:00,2025-06-13T19:06:00,75,Completed,60.8,W20250613
T05016,V0319,D0040,R056,2025-10-17T07:40:00,2025-10-17T10:58:00,95,Completed,28.8,W20251017
T05017,V0323,D0370,R093,2025-02-14T14:47:00,2025-02-14T15:42:00,65,Completed,70.9,W20250214
T05018,V0100,D0440,R032,2025-08-30T23:09:00,2025-08-31T02:23:00,75,Completed,23.2,W20250830
T05019,V0058,D0368,R031,2025-03-14T03:41:00,2025-03-14T06:12:00,65,Cancelled,25.8,W20250314
T05020,V0220,D0191,R051,2025-04-06T01:44:00,2025-04-06T03:52:00,70,Completed,32.8,W20250406
T05021,V0165,D0240,R004,2025-04-25T12:33:00,2025-04-25T16:53:00,65,Cancelled,15.0,W20250425
T05022,V0312,D0619,R077,2025-01-29T07:36:00,2025-01-29T10:39:00,85,Completed,27.9,W20250129
T05023,V0261,D0140,R071,2025-06-11T22:11:00,2025-06-12T01:31:00,95,Completed,28.5,W20250611
T05024,V0204,D0009,R081,2025-07-20T03:15:00,2025-07-20T07:27:00,55,Completed,13.1,W20250720
T05025,V0081,D0057,R014,2025-03-26T05:21:00,2025-03-26T06:52:00,55,Cancelled,36.3,W20250326
T05026,V0080,D0609,R099,2025-10-28T23:29:00,2025-10-29T04:03:00,55,Completed,12.0,W20251028
T05027,V0338,D0302,R021,2025-03-30T12:13:00,2025-03-30T16:15:00,75,Completed,18.6,W20250330
T05028,V0118,D0687,R095,2025-06-12T12:18:00,2025-06-12T16:06:00,85,Cancelled,22.4,W20250612
T05029,V0293,D0607,R025,2025-05-03T05:11:00,2025-05-03T08:01:00,75,Completed,26.5,W20250503
T05030,V0333,D0664,R047,2025-10-07T01:51:00,2025-10-07T02:36:00,55,Cancelled,73.3,W20251007
T05031,V0178,D0169,R029,2025-12-08T20:35:00,2025-12-08T22:34:00,70,Completed,35.3,W20251208
T05032,V0187,D0493,R035,2025-04-10T15:32:00,2025-04-10T19:25:00,95,Completed,24.5,W20250410
T05033,V0015,D0428,R087,2025-01-03T15:51:00,2025-01-03T17:31:00,55,Completed,33.0,W20250103
T05034,V0437,D0288,R050,2025-01-03T18:31:00,2025-01-03T20:36:00,95,Completed,45.6,W20250103
T05035,V0151,D0637,R093,2025-01-06T02:24:00,2025-01-06T05:14:00,65,Completed,22.9,W20250106
T05036,V0133,D0205,R084,2025-04-21T06:34:00,2025-04-21T08:21:00,85,Completed,47.7,W20250421
T05037,V0155,D0403,R066,2025-02-27T04:05:00,2025-02-27T05:21:00,85,Completed,67.1,W20250227
T05038,V0458,D0659,R099,2025-09-29T02:38:00,2025-09-29T04:29:00,55,Completed,29.7,W20250929
T05039,V0091,D0091,R093,2025-08-21T18:11:00,2025-08-21T20:10:00,65,Cancelled,32.8,W20250821
T05040,V0475,D0179,R049,2025-03-22T19:32:00,2025-03-22T23:08:00,85,Completed,23.6,W20250322
T05041,V0112,D0134,R021,2025-05-30T06:13:00,2025-05-30T09:52:00,75,Completed,20.5,W20250530
T05042,V0010,D0505,R076,2025-03-15T12:10:00,2025-03-15T15:57:00,95,Completed,25.1,W20250315
T05043,V0022,D0488,R018,2025-07-17T05:48:00,2025-07-17T09:17:00,85,Cancelled,24.4,W20250717
T05044,V0068,D0684,R001,2025-10-31T06:47:00,2025-10-31T09:38:00,85,Cancelled,29.8,W20251031
T05045,V0451,D0319,R025,2025-04-14T12:01:00,2025-04-14T13:17:00,75,Completed,59.2,W20250414
T05046,V0246,D0018,R077,2025-08-23T18:41:00,2025-08-23T20:05:00,85,Completed,60.7,W20250823
T05047,V0312,D0684,R037,2025-12-07T02:34:00,2025-12-07T03:32:00,95,Completed,98.3,W20251207
T05048,V0282,D0562,R041,2025-04-27T12:35:00,2025-04-27T15:30:00,65,Completed,22.3,W20250427
T05049,V0029,D0440,R067,2025-07-19T15:24:00,2025-07-19T20:06:00,55,Cancelled,11.7,W20250719
T05050,V0061,D0457,R084,2025-10-10T10:16:00,2025-10-10T12:09:00,85,Cancelled,45.1,W20251010
T05051,V0050,D0649,R097,2025-02-09T23:37:00,2025-02-10T02:30:00,65,Completed,22.5,W20250209
T05052,V0056,D0376,R059,2025-06-12T07:02:00,2025-06-12T08:55:00,75,Completed,39.8,W20250612
T05053,V0166,D0599,R021,2025-09-13T11:10:00,2025-09-13T14:49:00,75,Completed,20.5,W20250913
T05054,V0105,D0362,R051,2025-11-08T18:38:00,2025-11-08T23:01:00,70,Cancelled,16.0,W20251108
T05055,V0314,D0136,R047,2025-06-14T03:37:00,2025-06-14T07:19:00,55,Completed,14.9,W20250614
T05056,V0307,D0585,R086,2025-09-27T18:58:00,2025-09-27T23:36:00,65,Cancelled,14.0,W20250927
T05057,V0262,D0028,R018,2025-07-09T21:36:00,2025-07-10T00:40:00,85,Completed,27.7,W20250709
T05058,V0443,D0059,R064,2025-03-20T08:25:00,2025-03-20T09:45:00,75,Completed,56.2,W20250320
T05059,V0337,D0033,R022,2025-04-27T09:52:00,2025-04-27T12:16:00,70,Completed,29.2,W20250427
T05060,V0442,D0077,R036,2025-07-18T12:20:00,2025-07-18T16:01:00,75,Cancelled,20.4,W20250718
T05061,V0254,D0060,R003,2025-12-25T03:02:00,2025-12-25T07:51:00,85,Cancelled,17.6,W20251225
T05062,V0392,D0181,R010,2025-09-26T11:44:00,2025-09-26T13:08:00,75,Completed,53.6,W20250926
T05063,V0396,D0370,R019,2025-05-17T11:19:00,2025-05-17T15:57:00,55,Cancelled,11.9,W20250517
T05064,V0361,D0346,R052,2025-04-26T18:27:00,2025-04-26T20:42:00,65,Completed,28.9,W20250426
T05065,V0340,D0021,R001,2025-01-04T23:03:00,2025-01-05T00:35:00,85,Completed,55.4,W20250104
T05066,V0018,D0258,R055,2025-10-01T11:27:00,2025-10-01T13:08:00,55,Completed,32.7,W20251001
T05067,V0121,D0593,R091,2025-09-03T16:41:00,2025-09-03T20:25:00,70,Completed,18.8,W20250903
T05068,V0115,D0107,R063,2025-07-01T04:12:00,2025-07-01T06:52:00,75,Completed,28.1,W20250701
T05069,V0172,D0304,R075,2025-06-22T07:12:00,2025-06-22T09:04:00,85,Cancelled,45.5,W20250622
T05070,V0467,D0521,R056,2025-02-25T04:58:00,2025-02-25T05:50:00,95,Completed,109.6,W20250225
T05071,V0199,D0663,R059,2025-11-25T20:53:00,2025-11-25T23:23:00,75,Completed,30.0,W20251125
T05072,V0293,D0485,R066,2025-05-14T11:19:00,2025-05-14T12:19:00,85,Completed,85.0,W20250514
T05073,V0233,D0584,R003,2025-02-06T07:58:00,2025-02-06T09:55:00,85,Completed,43.6,W20250206
T05074,V0261,D0261,R067,2025-08-22T17:56:00,2025-08-22T22:04:00,55,Completed,13.3,W20250822
T05075,V0274,D0304,R056,2025-08-22T21:24:00,2025-08-23T00:22:00,95,Completed,32.0,W20250822
T05076,V0057,D0482,R030,2025-08-26T13:47:00,2025-08-26T16:16:00,65,Completed,26.2,W20250826
T05077,V0220,D0510,R072,2025-07-18T15:25:00,2025-07-18T20:20:00,75,Completed,15.3,W20250718
T05078,V0150,D0591,R026,2025-07-17T14:08:00,2025-07-17T18:26:00,70,Cancelled,16.3,W20250717
T05079,V0423,D0639,R047,2025-12-01T06:37:00,2025-12-01T07:30:00,55,Completed,62.3,W20251201
T05080,V0162,D0314,R078,2025-07-22T14:43:00,2025-07-22T16:11:00,75,Completed,51.1,W20250722
T05081,V0234,D0102,R089,2025-01-01T04:02:00,2025-01-01T08:18:00,85,Cancelled,19.9,W20250101
T05082,V0136,D0617,R042,2025-05-03T18:04:00,2025-05-03T19:22:00,75,Completed,57.7,W20250503
T05083,V0027,D0456,R008,2025-05-22T19:55:00,2025-05-22T23:40:00,75,Completed,20.0,W20250522
T05084,V0188,D0291,R054,2025-04-26T03:29:00,2025-04-26T06:55:00,95,Completed,27.7,W20250426
T05085,V0024,D0505,R091,2025-07-15T15:00:00,2025-07-15T18:31:00,70,Completed,19.9,W20250715
T05086,V0136,D0698,R069,2025-08-19T17:04:00,2025-08-19T18:27:00,70,Completed,50.6,W20250819
T05087,V0299,D0489,R007,2025-10-13T16:49:00,2025-10-13T20:19:00,70,Completed,20.0,W20251013
T05088,V0295,D0314,R033,2025-07-03T09:51:00,2025-07-03T14:02:00,85,Completed,20.3,W20250703
T05089,V0107,D0268,R041,2025-02-08T05:51:00,2025-02-08T08:58:00,65,Cancelled,20.9,W20250208
T05090,V0500,D0117,R079,2025-01-26T10:55:00,2025-01-26T14:35:00,70,Completed,19.1,W20250126
T05091,V0006,D0094,R093,2025-05-11T02:40:00,2025-05-11T04:50:00,65,Completed,30.0,W20250511
T05092,V0291,D0085,R039,2025-02-28T19:33:00,2025-02-28T23:54:00,55,Cancelled,12.6,W20250228
T05093,V0361,D0012,R094,2025-06-07T08:25:00,2025-06-07T11:24:00,70,Completed,23.5,W20250607
T05094,V0080,D0393,R066,2025-07-24T08:55:00,2025-07-24T10:22:00,85,Completed,58.6,W20250724
T05095,V0307,D0323,R076,2025-02-08T14:47:00,2025-02-08T18:12:00,95,Cancelled,27.8,W20250208
T05096,V0484,D0174,R061,2025-07-17T12:06:00,2025-07-17T14:08:00,75,Cancelled,36.9,W20250717
T05097,V0200,D0445,R062,2025-01-27T23:47:00,2025-01-28T03:41:00,70,Cancelled,17.9,W20250127
T05098,V0485,D0664,R042,2025-12-07T22:49:00,2025-12-08T01:03:00,75,Completed,33.6,W20251207
T05099,V0362,D0678,R062,2025-11-09T20:20:00,2025-11-10T00:09:00,70,Completed,18.3,W20251109
T05100,V0163,D0577,R099,2025-06-16T04:16:00,2025-06-16T05:35:00,55,Completed,41.8,W20250616
T05101,V0300,D0427,R075,2025-07-08T11:34:00,2025-07-08T14:07:00,85,Completed,33.3,W20250708
T05102,V0291,D0303,R003,2025-11-23T06:33:00,2025-11-23T10:42:00,85,Cancelled,20.5,W20251123
T05103,V0370,D0085,R064,2025-08-07T11:58:00,2025-08-07T16:17:00,75,Cancelled,17.4,W20250807
T05104,V0227,D0531,R047,2025-10-15T00:47:00,2025-10-15T05:40:00,55,Cancelled,11.3,W20251015
T05105,V0316,D0205,R006,2025-03-24T15:02:00,2025-03-24T19:37:00,95,Completed,20.7,W20250324
T05106,V0121,D0422,R069,2025-03-21T08:57:00,2025-03-21T10:55:00,70,Completed,35.6,W20250321
T05107,V0386,D0386,R088,2025-08-25T21:34:00,2025-08-26T01:53:00,95,Completed,22.0,W20250825
T05108,V0150,D0563,R043,2025-05-17T00:31:00,2025-05-17T02:33:00,65,Completed,32.0,W20250517
T05109,V0051,D0649,R058,2025-05-19T03:57:00,2025-05-19T07:01:00,95,Cancelled,31.0,W20250519
T05110,V0312,D0477,R001,2025-12-18T02:37:00,2025-12-18T05:51:00,85,Completed,26.3,W20251218
T05111,V0057,D0055,R015,2025-04-19T04:21:00,2025-04-19T07:34:00,75,Completed,23.3,W20250419
T05112,V0367,D0300,R079,2025-08-15T08:51:00,2025-08-15T13:16:00,70,Cancelled,15.8,W20250815
T05113,V0318,D0184,R050,2025-06-05T23:17:00,2025-06-06T04:17:00,95,Cancelled,19.0,W20250605
T05114,V0368,D0341,R004,2025-01-09T06:28:00,2025-01-09T11:08:00,65,Completed,13.9,W20250109
T05115,V0307,D0129,R052,2025-07-27T19:35:00,2025-07-27T20:34:00,65,Completed,66.1,W20250727
T05116,V0467,D0145,R097,2025-02-15T23:43:00,2025-02-16T01:19:00,65,Completed,40.6,W20250215
T05117,V0157,D0655,R087,2025-04-14T12:59:00,2025-04-14T16:30:00,55,Completed,15.6,W20250414
T05118,V0361,D0013,R059,2025-12-22T08:11:00,2025-12-22T12:53:00,75,Completed,16.0,W20251222
T05119,V0478,D0141,R091,2025-10-22T21:05:00,2025-10-23T00:00:00,70,Completed,24.0,W20251022
T05120,V0489,D0514,R011,2025-08-09T16:57:00,2025-08-09T18:34:00,85,Cancelled,52.6,W20250809
T05121,V0280,D0300,R064,2025-04-12T07:45:00,2025-04-12T11:22:00,75,Completed,20.7,W20250412
T05122,V0099,D0539,R043,2025-07-02T15:07:00,2025-07-02T16:23:00,65,Cancelled,51.3,W20250702
T05123,V0188,D0426,R002,2025-10-19T07:53:00,2025-10-19T11:59:00,75,Completed,18.3,W20251019
T05124,V0293,D0347,R033,2025-06-27T12:46:00,2025-06-27T15:34:00,85,Completed,30.4,W20250627
T05125,V0409,D0260,R098,2025-12-09T13:08:00,2025-12-09T16:07:00,75,Completed,25.1,W20251209
T05126,V0386,D0121,R043,2025-09-05T22:32:00,2025-09-06T02:19:00,65,Completed,17.2,W20250905
T05127,V0211,D0038,R070,2025-08-17T16:02:00,2025-08-17T17:00:00,55,Completed,56.9,W20250817
T05128,V0162,D0340,R055,2025-06-19T03:22:00,2025-06-19T04:39:00,55,Completed,42.9,W20250619
T05129,V0253,D0314,R078,2025-12-16T00:02:00,2025-12-16T04:01:00,75,Cancelled,18.8,W20251216
T05130,V0283,D0518,R083,2025-02-21T16:54:00,2025-02-21T19:15:00,75,Completed,31.9,W20250221
T05131,V0469,D0692,R054,2025-12-25T19:47:00,2025-12-25T23:40:00,95,Completed,24.5,W20251225
T05132,V0121,D0531,R050,2025-05-01T10:37:00,2025-05-01T14:20:00,95,Completed,25.6,W20250501
T05133,V0139,D0324,R013,2025-04-21T07:00:00,2025-04-21T10:34:00,65,Completed,18.2,W20250421
T05134,V0079,D0520,R080,2025-07-11T19:35:00,2025-07-11T22:31:00,75,Completed,25.6,W20250711
T05135,V0079,D0399,R082,2025-05-20T04:21:00,2025-05-20T05:45:00,75,Completed,53.6,W20250520
T05136,V0457,D0378,R004,2025-08-04T11:25:00,2025-08-04T14:42:00,65,Cancelled,19.8,W20250804
T05137,V0425,D0284,R097,2025-04-02T11:26:00,2025-04-02T14:28:00,65,Cancelled,21.4,W20250402
T05138,V0073,D0489,R057,2025-07-12T15:31:00,2025-07-12T17:53:00,75,Cancelled,31.7,W20250712
T05139,V0229,D0101,R098,2025-06-13T05:29:00,2025-06-13T07:58:00,75,Completed,30.2,W20250613
T05140,V0227,D0533,R005,2025-05-01T04:28:00,2025-05-01T09:06:00,65,Completed,14.0,W20250501
T05141,V0316,D0217,R014,2025-09-16T01:58:00,2025-09-16T04:57:00,55,Completed,18.4,W20250916
T05142,V0172,D0113,R047,2025-09-13T17:18:00,2025-09-13T19:54:00,55,Completed,21.2,W20250913
T05143,V0007,D0593,R046,2025-01-25T13:52:00,2025-01-25T16:25:00,70,Completed,27.5,W20250125
T05144,V0216,D0187,R054,2025-02-13T21:01:00,2025-02-13T23:59:00,95,Completed,32.0,W20250213
T05145,V0163,D0108,R008,2025-12-21T20:31:00,2025-12-21T23:22:00,75,Cancelled,26.3,W20251221
T05146,V0333,D0607,R022,2025-12-04T20:15:00,2025-12-04T21:47:00,70,Completed,45.7,W20251204
T05147,V0404,D0051,R086,2025-07-02T00:04:00,2025-07-02T01:05:00,65,Cancelled,63.9,W20250702
T05148,V0335,D0583,R023,2025-01-22T08:18:00,2025-01-22T12:33:00,95,Completed,22.4,W20250122
T05149,V0205,D0456,R002,2025-09-15T17:54:00,2025-09-15T18:46:00,75,Completed,86.5,W20250915
T05150,V0144,D0685,R075,2025-11-22T01:23:00,2025-11-22T02:10:00,85,Completed,108.5,W20251122
T05151,V0498,D0369,R098,2025-07-13T20:20:00,2025-07-14T00:28:00,75,Completed,18.1,W20250713
T05152,V0144,D0279,R024,2025-06-26T03:25:00,2025-06-26T06:55:00,55,Completed,15.7,W20250626
T05153,V0276,D0498,R066,2025-01-08T05:10:00,2025-01-08T08:30:00,85,Cancelled,25.5,W20250108
T05154,V0175,D0521,R072,2025-12-29T04:48:00,2025-12-29T05:46:00,75,Completed,77.6,W20251229
T05155,V0310,D0166,R079,2025-08-28T06:41:00,2025-08-28T09:44:00,70,Completed,23.0,W20250828
T05156,V0099,D0085,R032,2025-05-07T13:08:00,2025-05-07T14:13:00,75,Completed,69.2,W20250507
T05157,V0199,D0074,R050,2025-07-27T16:47:00,2025-07-27T18:31:00,95,Completed,54.8,W20250727
T05158,V0057,D0107,R019,2025-01-10T09:24:00,2025-01-10T12:05:00,55,Completed,20.5,W20250110
T05159,V0168,D0616,R044,2025-03-23T22:39:00,2025-03-24T00:26:00,70,Completed,39.3,W20250323
T05160,V0340,D0192,R094,2025-09-17T07:24:00,2025-09-17T08:47:00,70,Cancelled,50.6,W20250917
T05161,V0170,D0657,R015,2025-02-28T21:17:00,2025-02-28T22:27:00,75,Cancelled,64.3,W20250228
T05162,V0342,D0235,R017,2025-07-21T00:35:00,2025-07-21T05:11:00,95,Cancelled,20.7,W20250721
T05163,V0413,D0533,R005,2025-11-11T22:35:00,2025-11-12T01:34:00,65,Completed,21.8,W20251111
T05164,V0467,D0004,R071,2025-02-26T11:54:00,2025-02-26T15:24:00,95,Cancelled,27.1,W20250226
T05165,V0425,D0663,R056,2025-01-12T09:13:00,2025-01-12T11:15:00,95,Completed,46.7,W20250112
T05166,V0153,D0113,R078,2025-12-11T23:21:00,2025-12-12T03:05:00,75,Completed,20.1,W20251211
T05167,V0147,D0584,R008,2025-04-06T04:01:00,2025-04-06T08:49:00,75,Completed,15.6,W20250406
T05168,V0046,D0102,R062,2025-05-16T21:35:00,2025-05-17T02:09:00,70,Completed,15.3,W20250516
T05169,V0458,D0073,R070,2025-05-07T00:16:00,2025-05-07T02:01:00,55,Completed,31.4,W20250507
T05170,V0267,D0027,R034,2025-09-09T05:57:00,2025-09-09T09:04:00,70,Completed,22.5,W20250909
T05171,V0454,D0659,R064,2025-10-10T09:37:00,2025-10-10T12:21:00,75,Cancelled,27.4,W20251010
T05172,V0145,D0425,R051,2025-10-09T12:36:00,2025-10-09T16:19:00,70,Cancelled,18.8,W20251009
T05173,V0030,D0117,R100,2025-09-21T07:56:00,2025-09-21T12:05:00,75,Completed,18.1,W20250921
T05174,V0086,D0266,R045,2025-12-14T00:51:00,2025-12-14T02:45:00,70,Cancelled,36.8,W20251214
T05175,V0398,D0667,R044,2025-11-03T05:25:00,2025-11-03T09:58:00,70,Cancelled,15.4,W20251103
T05176,V0155,D0163,R075,2025-10-22T12:25:00,2025-10-22T15:41:00,85,Cancelled,26.0,W20251022
T05177,V0346,D0657,R038,2025-03-20T19:59:00,2025-03-20T21:47:00,95,Completed,52.8,W20250320
T05178,V0450,D0202,R092,2025-05-23T06:54:00,2025-05-23T08:18:00,70,Completed,50.0,W20250523
T05179,V0426,D0319,R043,2025-04-25T02:08:00,2025-04-25T03:35:00,65,Completed,44.8,W20250425
T05180,V0214,D0442,R062,2025-08-02T16:55:00,2025-08-02T18:08:00,70,Completed,57.5,W20250802
T05181,V0302,D0054,R002,2025-10-03T20:26:00,2025-10-03T23:58:00,75,Completed,21.2,W20251003
T05182,V0354,D0306,R078,2025-07-15T05:20:00,2025-07-15T07:27:00,75,Completed,35.4,W20250715
T05183,V0439,D0032,R031,2025-04-29T11:03:00,2025-04-29T12:00:00,65,Completed,68.4,W20250429
T05184,V0330,D0546,R017,2025-05-30T11:53:00,2025-05-30T14:43:00,95,Completed,33.5,W20250530
T05185,V0413,D0001,R015,2025-09-29T04:21:00,2025-09-29T05:38:00,75,Completed,58.4,W20250929
T05186,V0157,D0630,R092,2025-05-09T04:16:00,2025-05-09T06:50:00,70,Cancelled,27.3,W20250509
T05187,V0054,D0350,R004,2025-02-18T01:45:00,2025-02-18T05:55:00,65,Completed,15.6,W20250218
T05188,V0335,D0200,R030,2025-06-02T21:58:00,2025-06-02T23:03:00,65,Completed,60.0,W20250602
T05189,V0213,D0689,R100,2025-01-22T16:36:00,2025-01-22T19:12:00,75,Completed,28.8,W20250122
T05190,V0372,D0235,R085,2025-09-24T09:55:00,2025-09-24T11:10:00,55,Completed,44.0,W20250924
T05191,V0376,D0688,R032,2025-08-31T16:41:00,2025-08-31T19:58:00,75,Completed,22.8,W20250831
T05192,V0021,D0340,R084,2025-06-30T12:44:00,2025-06-30T14:26:00,85,Cancelled,50.0,W20250630
T05193,V0291,D0623,R036,2025-09-11T21:58:00,2025-09-12T01:45:00,75,Completed,19.8,W20250911
T05194,V0488,D0026,R011,2025-07-04T14:08:00,2025-07-04T18:23:00,85,Completed,20.0,W20250704
T05195,V0222,D0149,R074,2025-01-24T13:40:00,2025-01-24T18:34:00,95,Cancelled,19.4,W20250124
T05196,V0311,D0047,R031,2025-11-02T11:11:00,2025-11-02T14:27:00,65,Completed,19.9,W20251102
T05197,V0144,D0444,R042,2025-05-04T19:53:00,2025-05-04T20:45:00,75,Cancelled,86.5,W20250504
T05198,V0153,D0676,R096,2025-10-28T05:37:00,2025-10-28T07:50:00,95,Cancelled,42.9,W20251028
T05199,V0107,D0331,R088,2025-02-27T21:53:00,2025-02-28T02:15:00,95,Completed,21.8,W20250227
T05200,V0050,D0170,R042,2025-04-13T09:59:00,2025-04-13T11:02:00,75,Completed,71.4,W20250413
T05201,V0198,D0116,R002,2025-10-24T16:26:00,2025-10-24T18:14:00,75,Completed,41.7,W20251024
T05202,V0303,D0193,R010,2025-11-27T14:06:00,2025-11-27T16:30:00,75,Completed,31.2,W20251127
T05203,V0038,D0624,R020,2025-04-21T23:10:00,2025-04-22T03:37:00,65,Cancelled,14.6,W20250421
T05204,V0051,D0224,R021,2025-08-19T08:27:00,2025-08-19T11:54:00,75,Cancelled,21.7,W20250819
T05205,V0270,D0385,R066,2025-12-02T12:48:00,2025-12-02T14:47:00,85,Completed,42.9,W20251202
T05206,V0458,D0375,R034,2025-04-04T06:35:00,2025-04-04T07:42:00,70,Cancelled,62.7,W20250404
T05207,V0310,D0174,R025,2025-01-12T07:04:00,2025-01-12T10:19:00,75,Completed,23.1,W20250112
T05208,V0441,D0516,R040,2025-05-29T14:30:00,2025-05-29T19:05:00,95,Cancelled,20.7,W20250529
T05209,V0065,D0644,R068,2025-12-17T22:18:00,2025-12-18T02:35:00,95,Cancelled,22.2,W20251217
T05210,V0112,D0023,R070,2025-05-20T06:43:00,2025-05-20T09:35:00,55,Completed,19.2,W20250520
T05211,V0257,D0616,R013,2025-04-21T22:17:00,2025-04-22T00:04:00,65,Cancelled,36.4,W20250421
T05212,V0472,D0072,R094,2025-03-01T05:33:00,2025-03-01T06:22:00,70,Cancelled,85.7,W20250301
T05213,V0328,D0182,R054,2025-10-19T11:59:00,2025-10-19T14:32:00,95,Completed,37.3,W20251019
T05214,V0447,D0265,R026,2025-06-09T13:01:00,2025-06-09T14:03:00,70,Completed,67.7,W20250609
T05215,V0246,D0025,R042,2025-03-07T09:27:00,2025-03-07T10:48:00,75,Completed,55.6,W20250307
T05216,V0321,D0386,R085,2025-01-17T22:52:00,2025-01-18T02:20:00,55,Completed,15.9,W20250117
T05217,V0294,D0377,R058,2025-06-16T08:42:00,2025-06-16T10:15:00,95,Cancelled,61.3,W20250616
T05218,V0355,D0076,R069,2025-03-10T20:39:00,2025-03-11T00:44:00,70,Completed,17.1,W20250310
T05219,V0365,D0042,R041,2025-05-06T21:44:00,2025-05-07T01:23:00,65,Cancelled,17.8,W20250506
T05220,V0250,D0109,R093,2025-10-25T01:49:00,2025-10-25T06:48:00,65,Completed,13.0,W20251025
T05221,V0325,D0060,R080,2025-10-07T01:50:00,2025-10-07T04:32:00,75,Completed,27.8,W20251007
T05222,V0424,D0368,R073,2025-03-15T06:40:00,2025-03-15T09:42:00,85,Cancelled,28.0,W20250315
T05223,V0153,D0667,R058,2025-08-17T23:01:00,2025-08-18T02:47:00,95,Completed,25.2,W20250817
T05224,V0038,D0673,R069,2025-05-31T17:41:00,2025-05-31T22:35:00,70,Completed,14.3,W20250531
T05225,V0268,D0609,R061,2025-04-02T14:01:00,2025-04-02T18:30:00,75,Completed,16.7,W20250402
T05226,V0080,D0324,R051,2025-06-16T22:18:00,2025-06-17T03:08:00,70,Completed,14.5,W20250616
T05227,V0015,D0519,R038,2025-04-24T08:53:00,2025-04-24T10:08:00,95,Completed,76.0,W20250424
T05228,V0163,D0025,R030,2025-05-15T03:12:00,2025-05-15T07:11:00,65,Completed,16.3,W20250515
T05229,V0436,D0593,R090,2025-04-04T10:26:00,2025-04-04T13:30:00,85,Completed,27.7,W20250404
T05230,V0126,D0448,R059,2025-06-16T01:23:00,2025-06-16T02:27:00,75,Completed,70.3,W20250616
T05231,V0385,D0417,R098,2025-12-29T16:00:00,2025-12-29T17:05:00,75,Cancelled,69.2,W20251229
T05232,V0494,D0577,R088,2025-12-02T14:48:00,2025-12-02T16:04:00,95,Cancelled,75.0,W20251202
T05233,V0120,D0153,R032,2025-06-04T20:38:00,2025-06-04T21:42:00,75,Completed,70.3,W20250604
T05234,V0186,D0644,R035,2025-11-02T19:21:00,2025-11-02T23:47:00,95,Completed,21.4,W20251102
T05235,V0444,D0294,R092,2025-04-30T13:50:00,2025-04-30T17:24:00,70,Cancelled,19.6,W20250430
T05236,V0183,D0463,R091,2025-04-15T19:58:00,2025-04-15T23:35:00,70,Completed,19.4,W20250415
T05237,V0233,D0273,R029,2025-08-18T07:51:00,2025-08-18T12:06:00,70,Cancelled,16.5,W20250818
T05238,V0159,D0364,R040,2025-03-17T05:39:00,2025-03-17T07:09:00,95,Completed,63.3,W20250317
T05239,V0064,D0584,R078,2025-06-03T08:31:00,2025-06-03T12:19:00,75,Cancelled,19.7,W20250603
T05240,V0122,D0586,R087,2025-11-29T21:18:00,2025-11-29T23:25:00,55,Completed,26.0,W20251129
T05241,V0093,D0118,R010,2025-03-01T13:36:00,2025-03-01T16:33:00,75,Cancelled,25.4,W20250301
T05242,V0422,D0299,R002,2025-03-20T23:04:00,2025-03-21T01:37:00,75,Completed,29.4,W20250320
T05243,V0337,D0462,R026,2025-08-13T00:43:00,2025-08-13T05:01:00,70,Cancelled,16.3,W20250813
T05244,V0238,D0685,R028,2025-08-09T12:26:00,2025-08-09T16:24:00,85,Completed,21.4,W20250809
T05245,V0196,D0053,R058,2025-04-30T21:15:00,2025-05-01T01:50:00,95,Cancelled,20.7,W20250430
T05246,V0314,D0316,R075,2025-02-01T00:11:00,2025-02-01T01:21:00,85,Cancelled,72.9,W20250201
T05247,V0317,D0521,R001,2025-02-13T17:49:00,2025-02-13T18:44:00,85,Cancelled,92.7,W20250213
T05248,V0271,D0257,R040,2025-04-05T22:27:00,2025-04-06T00:49:00,95,Completed,40.1,W20250405
T05249,V0009,D0355,R095,2025-08-31T15:24:00,2025-08-31T18:09:00,85,Completed,30.9,W20250831
T05250,V0489,D0383,R059,2025-05-22T00:06:00,2025-05-22T04:23:00,75,Completed,17.5,W20250522
T05251,V0211,D0259,R093,2025-10-07T14:08:00,2025-10-07T15:40:00,65,Completed,42.4,W20251007
T05252,V0024,D0365,R030,2025-10-22T07:01:00,2025-10-22T11:49:00,65,Cancelled,13.5,W20251022
T05253,V0065,D0321,R011,2025-04-05T18:17:00,2025-04-05T22:34:00,85,Completed,19.8,W20250405
T05254,V0382,D0156,R028,2025-01-31T04:43:00,2025-01-31T09:03:00,85,Completed,19.6,W20250131
T05255,V0034,D0069,R053,2025-10-06T02:06:00,2025-10-06T06:11:00,55,Cancelled,13.5,W20251006
T05256,V0146,D0493,R027,2025-01-31T16:13:00,2025-01-31T20:16:00,85,Cancelled,21.0,W20250131
T05257,V0395,D0117,R088,2025-11-29T20:30:00,2025-11-30T01:03:00,95,Completed,20.9,W20251129
T05258,V0476,D0252,R005,2025-04-07T09:38:00,2025-04-07T13:09:00,65,Completed,18.5,W20250407
T05259,V0172,D0628,R050,2025-05-30T15:22:00,2025-05-30T19:52:00,95,Completed,21.1,W20250530
T05260,V0258,D0305,R010,2025-12-22T18:33:00,2025-12-22T20:57:00,75,Completed,31.2,W20251222
T05261,V0097,D0445,R082,2025-02-19T20:16:00,2025-02-19T22:00:00,75,Completed,43.3,W20250219
T05262,V0072,D0236,R032,2025-11-27T16:04:00,2025-11-27T17:04:00,75,Completed,75.0,W20251127
T05263,V0405,D0396,R021,2025-04-04T07:41:00,2025-04-04T12:13:00,75,Completed,16.5,W20250404
T05264,V0065,D0043,R035,2025-11-28T23:39:00,2025-11-29T01:54:00,95,Completed,42.2,W20251128
T05265,V0439,D0335,R030,2025-03-18T07:30:00,2025-03-18T10:43:00,65,Completed,20.2,W20250318
T05266,V0100,D0080,R034,2025-07-17T08:57:00,2025-07-17T11:19:00,70,Completed,29.6,W20250717
T05267,V0110,D0533,R050,2025-01-14T04:40:00,2025-01-14T05:39:00,95,Completed,96.6,W20250114
T05268,V0405,D0297,R001,2025-05-02T09:15:00,2025-05-02T12:19:00,85,Completed,27.7,W20250502
T05269,V0087,D0365,R063,2025-12-28T23:44:00,2025-12-29T00:34:00,75,Completed,90.0,W20251228
T05270,V0137,D0244,R085,2025-07-26T06:44:00,2025-07-26T11:24:00,55,Completed,11.8,W20250726
T05271,V0309,D0261,R020,2025-05-09T12:58:00,2025-05-09T16:31:00,65,Completed,18.3,W20250509
T05272,V0041,D0366,R094,2025-07-13T00:15:00,2025-07-13T04:14:00,70,Completed,17.6,W20250713
T05273,V0347,D0618,R025,2025-08-10T12:25:00,2025-08-10T16:31:00,75,Completed,18.3,W20250810
T05274,V0401,D0248,R055,2025-05-21T00:33:00,2025-05-21T03:19:00,55,Cancelled,19.9,W20250521
T05275,V0202,D0079,R099,2025-02-17T08:57:00,2025-02-17T12:57:00,55,Cancelled,13.8,W20250217
T05276,V0406,D0599,R043,2025-05-14T13:02:00,2025-05-14T17:46:00,65,Cancelled,13.7,W20250514
T05277,V0457,D0400,R098,2025-08-02T02:33:00,2025-08-02T04:58:00,75,Completed,31.0,W20250802
T05278,V0002,D0180,R004,2025-06-17T15:20:00,2025-06-17T19:38:00,65,Completed,15.1,W20250617
T05279,V0416,D0490,R080,2025-12-20T13:26:00,2025-12-20T17:59:00,75,Completed,16.5,W20251220
T05280,V0199,D0284,R002,2025-12-23T00:52:00,2025-12-23T05:03:00,75,Completed,17.9,W20251223
T05281,V0366,D0037,R037,2025-02-18T19:41:00,2025-02-18T20:43:00,95,Completed,91.9,W20250218
T05282,V0053,D0560,R083,2025-09-11T23:11:00,2025-09-12T00:26:00,75,Completed,60.0,W20250911
T05283,V0099,D0670,R028,2025-04-22T05:33:00,2025-04-22T08:56:00,85,Completed,25.1,W20250422
T05284,V0200,D0001,R054,2025-10-26T00:04:00,2025-10-26T04:43:00,95,Completed,20.4,W20251026
T05285,V0247,D0627,R097,2025-03-20T13:30:00,2025-03-20T14:44:00,65,Completed,52.7,W20250320
T05286,V0433,D0374,R010,2025-07-27T07:18:00,2025-07-27T09:28:00,75,Completed,34.6,W20250727
T05287,V0376,D0399,R061,2025-04-18T18:23:00,2025-04-18T19:36:00,75,Completed,61.6,W20250418
T05288,V0472,D0089,R069,2025-07-19T12:26:00,2025-07-19T14:26:00,70,Completed,35.0,W20250719
T05289,V0215,D0057,R028,2025-02-24T00:40:00,2025-02-24T04:25:00,85,Completed,22.7,W20250224
T05290,V0301,D0650,R005,2025-07-28T13:58:00,2025-07-28T16:00:00,65,Completed,32.0,W20250728
T05291,V0025,D0648,R027,2025-06-09T19:32:00,2025-06-09T21:07:00,85,Completed,53.7,W20250609
T05292,V0367,D0617,R051,2025-07-09T22:47:00,2025-07-10T02:21:00,70,Completed,19.6,W20250709
T05293,V0477,D0073,R025,2025-08-30T18:05:00,2025-08-30T21:15:00,75,Completed,23.7,W20250830
T05294,V0216,D0599,R069,2025-08-05T00:52:00,2025-08-05T02:43:00,70,Cancelled,37.8,W20250805
T05295,V0320,D0511,R016,2025-11-12T01:32:00,2025-11-12T04:03:00,65,Completed,25.8,W20251112
T05296,V0289,D0274,R099,2025-04-06T19:30:00,2025-04-06T22:06:00,55,Completed,21.2,W20250406
T05297,V0118,D0113,R012,2025-10-17T13:05:00,2025-10-17T15:32:00,95,Completed,38.8,W20251017
T05298,V0242,D0332,R058,2025-11-13T11:25:00,2025-11-13T15:02:00,95,Completed,26.3,W20251113
T05299,V0209,D0045,R058,2025-01-02T01:43:00,2025-01-02T05:17:00,95,Completed,26.6,W20250102
T05300,V0488,D0111,R095,2025-06-26T04:35:00,2025-06-26T07:43:00,85,Cancelled,27.1,W20250626
T05301,V0257,D0463,R066,2025-11-21T21:58:00,2025-11-22T00:34:00,85,Completed,32.7,W20251121
T05302,V0049,D0126,R010,2025-05-10T03:21:00,2025-05-10T07:46:00,75,Cancelled,17.0,W20250510
T05303,V0499,D0376,R044,2025-01-26T08:28:00,2025-01-26T10:29:00,70,Completed,34.7,W20250126
T05304,V0352,D0018,R090,2025-07-07T19:00:00,2025-07-07T21:14:00,85,Completed,38.1,W20250707
T05305,V0128,D0155,R023,2025-02-08T12:16:00,2025-02-08T13:05:00,95,Cancelled,116.3,W20250208
T05306,V0352,D0629,R026,2025-10-02T03:58:00,2025-10-02T07:07:00,70,Completed,22.2,W20251002
T05307,V0276,D0038,R042,2025-12-04T19:31:00,2025-12-04T21:16:00,75,Cancelled,42.9,W20251204
T05308,V0071,D0640,R072,2025-03-15T09:38:00,2025-03-15T12:28:00,75,Completed,26.5,W20250315
T05309,V0059,D0277,R023,2025-12-23T08:05:00,2025-12-23T11:30:00,95,Cancelled,27.8,W20251223
T05310,V0347,D0015,R064,2025-11-01T12:51:00,2025-11-01T17:36:00,75,Cancelled,15.8,W20251101
T05311,V0012,D0212,R075,2025-04-26T22:26:00,2025-04-26T23:32:00,85,Completed,77.3,W20250426
T05312,V0030,D0629,R076,2025-07-27T11:59:00,2025-07-27T14:42:00,95,Completed,35.0,W20250727
T05313,V0404,D0226,R075,2025-10-08T11:48:00,2025-10-08T14:43:00,85,Completed,29.1,W20251008
T05314,V0126,D0495,R072,2025-01-05T04:00:00,2025-01-05T05:52:00,75,Completed,40.2,W20250105
T05315,V0416,D0173,R046,2025-03-04T15:07:00,2025-03-04T19:41:00,70,Cancelled,15.3,W20250304
T05316,V0047,D0645,R055,2025-01-06T01:38:00,2025-01-06T05:07:00,55,Completed,15.8,W20250106
T05317,V0428,D0612,R025,2025-03-08T21:34:00,2025-03-09T00:48:00,75,Completed,23.2,W20250308
T05318,V0192,D0180,R015,2025-09-27T08:52:00,2025-09-27T13:35:00,75,Completed,15.9,W20250927
T05319,V0392,D0428,R079,2025-11-02T23:47:00,2025-11-03T03:42:00,70,Completed,17.9,W20251102
T05320,V0254,D0259,R029,2025-04-27T18:57:00,2025-04-27T22:32:00,70,Cancelled,19.5,W20250427
T05321,V0008,D0105,R094,2025-07-23T08:31:00,2025-07-23T11:20:00,70,Cancelled,24.9,W20250723
T05322,V0034,D0313,R050,2025-07-20T06:50:00,2025-07-20T08:45:00,95,Cancelled,49.6,W20250720
T05323,V0415,D0152,R003,2025-09-11T04:14:00,2025-09-11T06:00:00,85,Completed,48.1,W20250911
T05324,V0461,D0212,R047,2025-12-18T04:16:00,2025-12-18T08:57:00,55,Cancelled,11.7,W20251218
T05325,V0110,D0683,R072,2025-12-12T07:28:00,2025-12-12T08:46:00,75,Completed,57.7,W20251212
T05326,V0089,D0377,R020,2025-02-19T04:20:00,2025-02-19T07:34:00,65,Completed,20.1,W20250219
T05327,V0120,D0036,R024,2025-08-10T14:35:00,2025-08-10T16:58:00,55,Cancelled,23.1,W20250810
T05328,V0022,D0606,R033,2025-11-24T05:26:00,2025-11-24T09:16:00,85,Completed,22.2,W20251124
T05329,V0453,D0637,R093,2025-09-27T13:23:00,2025-09-27T17:55:00,65,Completed,14.3,W20250927
T05330,V0106,D0048,R043,2025-09-05T14:13:00,2025-09-05T18:58:00,65,Completed,13.7,W20250905
T05331,V0179,D0146,R078,2025-05-22T00:27:00,2025-05-22T04:18:00,75,Completed,19.5,W20250522
T05332,V0424,D0369,R087,2025-09-13T08:42:00,2025-09-13T12:42:00,55,Completed,13.8,W20250913
T05333,V0149,D0113,R063,2025-07-20T16:24:00,2025-07-20T17:33:00,75,Completed,65.2,W20250720
T05334,V0013,D0497,R071,2025-02-20T12:06:00,2025-02-20T12:59:00,95,Cancelled,107.5,W20250220
T05335,V0382,D0041,R016,2025-05-28T16:56:00,2025-05-28T17:41:00,65,Completed,86.7,W20250528
T05336,V0402,D0145,R046,2025-06-06T00:56:00,2025-06-06T05:25:00,70,Completed,15.6,W20250606
T05337,V0267,D0195,R081,2025-04-30T00:04:00,2025-04-30T04:59:00,55,Completed,11.2,W20250430
T05338,V0098,D0293,R046,2025-12-12T02:47:00,2025-12-12T04:33:00,70,Completed,39.6,W20251212
T05339,V0041,D0671,R043,2025-08-03T04:35:00,2025-08-03T06:24:00,65,Completed,35.8,W20250803
T05340,V0457,D0439,R038,2025-04-17T07:39:00,2025-04-17T09:23:00,95,Completed,54.8,W20250417
T05341,V0411,D0046,R041,2025-08-18T08:37:00,2025-08-18T10:57:00,65,Completed,27.9,W20250818
T05342,V0058,D0608,R060,2025-10-12T19:54:00,2025-10-12T21:58:00,85,Completed,41.1,W20251012
T05343,V0372,D0250,R100,2025-11-02T13:13:00,2025-11-02T14:25:00,75,Completed,62.5,W20251102
T05344,V0097,D0667,R078,2025-05-10T07:44:00,2025-05-10T12:42:00,75,Completed,15.1,W20250510
T05345,V0155,D0387,R029,2025-11-11T20:20:00,2025-11-11T21:32:00,70,Cancelled,58.3,W20251111
T05346,V0306,D0512,R079,2025-03-30T05:43:00,2025-03-30T08:20:00,70,Completed,26.8,W20250330
T05347,V0372,D0305,R066,2025-09-14T11:14:00,2025-09-14T15:30:00,85,Cancelled,19.9,W20250914
T05348,V0136,D0301,R092,2025-10-15T12:02:00,2025-10-15T16:30:00,70,Completed,15.7,W20251015
T05349,V0275,D0497,R014,2025-12-24T17:19:00,2025-12-24T20:56:00,55,Cancelled,15.2,W20251224
T05350,V0345,D0505,R074,2025-07-25T09:06:00,2025-07-25T11:06:00,95,Completed,47.5,W20250725
T05351,V0020,D0123,R017,2025-01-14T08:34:00,2025-01-14T10:36:00,95,Completed,46.7,W20250114
T05352,V0362,D0613,R069,2025-07-19T16:16:00,2025-07-19T20:32:00,70,Completed,16.4,W20250719
T05353,V0052,D0315,R096,2025-05-14T14:19:00,2025-05-14T19:17:00,95,Completed,19.1,W20250514
T05354,V0402,D0017,R016,2025-10-19T19:28:00,2025-10-19T21:01:00,65,Completed,41.9,W20251019
T05355,V0268,D0662,R037,2025-08-22T23:44:00,2025-08-23T01:55:00,95,Completed,43.5,W20250822
T05356,V0373,D0529,R027,2025-01-09T11:15:00,2025-01-09T14:15:00,85,Completed,28.3,W20250109
T05357,V0349,D0108,R088,2025-12-19T08:08:00,2025-12-19T09:45:00,95,Completed,58.8,W20251219
T05358,V0242,D0622,R070,2025-04-13T22:40:00,2025-04-14T02:21:00,55,Completed,14.9,W20250413
T05359,V0307,D0088,R077,2025-08-15T03:38:00,2025-08-15T07:43:00,85,Completed,20.8,W20250815
T05360,V0006,D0271,R087,2025-06-18T20:34:00,2025-06-19T00:47:00,55,Completed,13.0,W20250618
T05361,V0242,D0428,R027,2025-07-15T13:21:00,2025-07-15T14:16:00,85,Completed,92.7,W20250715
T05362,V0388,D0025,R021,2025-04-21T15:42:00,2025-04-21T17:40:00,75,Completed,38.1,W20250421
T05363,V0057,D0304,R011,2025-08-19T03:56:00,2025-08-19T07:12:00,85,Completed,26.0,W20250819
T05364,V0487,D0562,R055,2025-12-25T14:05:00,2025-12-25T16:38:00,55,Completed,21.6,W20251225
T05365,V0328,D0278,R038,2025-06-22T01:40:00,2025-06-22T04:35:00,95,Cancelled,32.6,W20250622
T05366,V0317,D0004,R012,2025-04-13T13:48:00,2025-04-13T17:54:00,95,Completed,23.2,W20250413
T05367,V0322,D0548,R005,2025-03-02T18:02:00,2025-03-02T22:23:00,65,Completed,14.9,W20250302
T05368,V0339,D0250,R023,2025-03-11T10:58:00,2025-03-11T14:56:00,95,Cancelled,23.9,W20250311
T05369,V0113,D0163,R043,2025-12-20T11:49:00,2025-12-20T15:59:00,65,Completed,15.6,W20251220
T05370,V0422,D0105,R075,2025-01-12T13:18:00,2025-01-12T17:21:00,85,Cancelled,21.0,W20250112
T05371,V0489,D0655,R074,2025-10-13T16:57:00,2025-10-13T19:46:00,95,Completed,33.7,W20251013
T05372,V0189,D0186,R067,2025-02-02T00:28:00,2025-02-02T02:02:00,55,Completed,35.1,W20250202
T05373,V0358,D0199,R019,2025-02-17T21:43:00,2025-02-18T01:49:00,55,Completed,13.4,W20250217
T05374,V0489,D0016,R065,2025-07-21T09:08:00,2025-07-21T12:45:00,70,Completed,19.4,W20250721
T05375,V0377,D0527,R013,2025-05-28T18:29:00,2025-05-28T20:04:00,65,Completed,41.1,W20250528
T05376,V0046,D0236,R065,2025-06-11T09:12:00,2025-06-11T10:06:00,70,Cancelled,77.8,W20250611
T05377,V0014,D0179,R052,2025-08-21T12:31:00,2025-08-21T16:11:00,65,Completed,17.7,W20250821
T05378,V0177,D0159,R044,2025-01-30T07:13:00,2025-01-30T11:00:00,70,Completed,18.5,W20250130
T05379,V0180,D0518,R066,2025-01-14T11:01:00,2025-01-14T12:31:00,85,Cancelled,56.7,W20250114
T05380,V0004,D0095,R023,2025-01-11T03:11:00,2025-01-11T07:40:00,95,Completed,21.2,W20250111
T05381,V0427,D0388,R071,2025-03-03T00:26:00,2025-03-03T05:24:00,95,Completed,19.1,W20250303
T05382,V0149,D0385,R068,2025-01-01T03:25:00,2025-01-01T07:26:00,95,Completed,23.7,W20250101
T05383,V0057,D0372,R023,2025-09-11T23:36:00,2025-09-12T01:04:00,95,Completed,64.8,W20250911
T05384,V0086,D0069,R027,2025-02-10T06:17:00,2025-02-10T09:55:00,85,Cancelled,23.4,W20250210
T05385,V0086,D0156,R064,2025-05-26T15:29:00,2025-05-26T17:13:00,75,Cancelled,43.3,W20250526
T05386,V0500,D0180,R036,2025-03-23T11:17:00,2025-03-23T15:33:00,75,Completed,17.6,W20250323
T05387,V0407,D0450,R099,2025-07-13T19:24:00,2025-07-13T23:01:00,55,Completed,15.2,W20250713
T05388,V0245,D0492,R031,2025-02-05T18:27:00,2025-02-05T20:04:00,65,Completed,40.2,W20250205
T05389,V0209,D0489,R046,2025-03-07T04:48:00,2025-03-07T08:00:00,70,Cancelled,21.9,W20250307
T05390,V0317,D0673,R068,2025-02-07T21:57:00,2025-02-07T22:43:00,95,Cancelled,123.9,W20250207
T05391,V0359,D0473,R039,2025-09-28T23:34:00,2025-09-29T01:44:00,55,Completed,25.4,W20250928
T05392,V0293,D0549,R044,2025-12-31T19:49:00,2025-12-31T23:18:00,70,Completed,20.1,W20251231
T05393,V0308,D0375,R013,2025-01-19T11:17:00,2025-01-19T12:49:00,65,Completed,42.4,W20250119
T05394,V0227,D0435,R051,2025-04-10T02:08:00,2025-04-10T04:47:00,70,Cancelled,26.4,W20250410
T05395,V0475,D0189,R041,2025-08-25T03:37:00,2025-08-25T06:52:00,65,Completed,20.0,W20250825
T05396,V0252,D0563,R069,2025-02-08T10:43:00,2025-02-08T13:52:00,70,Cancelled,22.2,W20250208
T05397,V0129,D0370,R005,2025-06-12T09:26:00,2025-06-12T14:24:00,65,Completed,13.1,W20250612
T05398,V0137,D0599,R092,2025-06-03T19:21:00,2025-06-03T22:51:00,70,Completed,20.0,W20250603
T05399,V0370,D0131,R073,2025-11-17T14:21:00,2025-11-17T17:48:00,85,Completed,24.6,W20251117
T05400,V0151,D0434,R013,2025-02-03T18:37:00,2025-02-03T22:35:00,65,Completed,16.4,W20250203
T05401,V0234,D0480,R048,2025-05-05T12:01:00,2025-05-05T15:57:00,75,Completed,19.1,W20250505
T05402,V0091,D0694,R071,2025-11-03T12:34:00,2025-11-03T15:04:00,95,Cancelled,38.0,W20251103
T05403,V0055,D0636,R100,2025-07-16T06:20:00,2025-07-16T08:30:00,75,Completed,34.6,W20250716
T05404,V0122,D0482,R077,2025-12-27T09:16:00,2025-12-27T11:28:00,85,Cancelled,38.6,W20251227
T05405,V0233,D0171,R058,2025-08-26T00:42:00,2025-08-26T05:42:00,95,Completed,19.0,W20250826
T05406,V0210,D0406,R004,2025-03-22T08:59:00,2025-03-22T10:29:00,65,Completed,43.3,W20250322
T05407,V0041,D0695,R095,2025-11-23T10:14:00,2025-11-23T13:30:00,85,Completed,26.0,W20251123
T05408,V0305,D0696,R060,2025-10-26T13:27:00,2025-10-26T17:40:00,85,Completed,20.2,W20251026
T05409,V0181,D0204,R082,2025-08-04T18:45:00,2025-08-04T21:27:00,75,Completed,27.8,W20250804
T05410,V0441,D0654,R080,2025-02-27T05:30:00,2025-02-27T08:19:00,75,Cancelled,26.6,W20250227
T05411,V0032,D0377,R063,2025-12-10T15:08:00,2025-12-10T19:51:00,75,Cancelled,15.9,W20251210
T05412,V0499,D0700,R069,2025-12-29T12:29:00,2025-12-29T15:57:00,70,Completed,20.2,W20251229
T05413,V0145,D0342,R022,2025-01-11T04:33:00,2025-01-11T06:57:00,70,Completed,29.2,W20250111
T05414,V0228,D0073,R009,2025-01-30T11:07:00,2025-01-30T13:38:00,65,Completed,25.8,W20250130
T05415,V0019,D0104,R059,2025-05-02T14:21:00,2025-05-02T16:25:00,75,Cancelled,36.3,W20250502
T05416,V0199,D0651,R057,2025-09-07T19:37:00,2025-09-08T00:06:00,75,Completed,16.7,W20250907
T05417,V0347,D0176,R014,2025-03-08T18:16:00,2025-03-08T20:58:00,55,Completed,20.4,W20250308
T05418,V0128,D0107,R019,2025-10-25T16:43:00,2025-10-25T20:02:00,55,Cancelled,16.6,W20251025
T05419,V0439,D0681,R013,2025-08-14T06:04:00,2025-08-14T10:17:00,65,Completed,15.4,W20250814
T05420,V0042,D0644,R083,2025-04-18T22:07:00,2025-04-18T23:42:00,75,Cancelled,47.4,W20250418
T05421,V0397,D0585,R053,2025-12-31T10:27:00,2025-12-31T14:01:00,55,Completed,15.4,W20251231
T05422,V0261,D0182,R071,2025-09-13T09:49:00,2025-09-13T12:51:00,95,Completed,31.3,W20250913
T05423,V0183,D0047,R082,2025-03-27T21:55:00,2025-03-27T23:08:00,75,Completed,61.6,W20250327
T05424,V0236,D0560,R083,2025-01-08T07:12:00,2025-01-08T08:19:00,75,Cancelled,67.2,W20250108
T05425,V0422,D0654,R097,2025-12-07T12:33:00,2025-12-07T14:40:00,65,Completed,30.7,W20251207
T05426,V0087,D0149,R012,2025-06-08T21:05:00,2025-06-08T22:14:00,95,Cancelled,82.6,W20250608
T05427,V0441,D0683,R072,2025-03-23T04:20:00,2025-03-23T08:26:00,75,Completed,18.3,W20250323
T05428,V0364,D0051,R100,2025-09-07T02:14:00,2025-09-07T04:53:00,75,Completed,28.3,W20250907
T05429,V0350,D0067,R044,2025-07-25T14:44:00,2025-07-25T18:09:00,70,Completed,20.5,W20250725
T05430,V0383,D0406,R032,2025-04-02T10:28:00,2025-04-02T12:53:00,75,Completed,31.0,W20250402
T05431,V0202,D0511,R005,2025-04-24T16:12:00,2025-04-24T19:25:00,65,Cancelled,20.2,W20250424
T05432,V0303,D0604,R019,2025-01-25T10:42:00,2025-01-25T14:30:00,55,Completed,14.5,W20250125
T05433,V0166,D0547,R094,2025-03-10T04:36:00,2025-03-10T08:49:00,70,Cancelled,16.6,W20250310
T05434,V0296,D0299,R061,2025-11-01T05:49:00,2025-11-01T07:52:00,75,Cancelled,36.6,W20251101
T05435,V0061,D0269,R075,2025-02-08T07:07:00,2025-02-08T08:48:00,85,Cancelled,50.5,W20250208
T05436,V0117,D0479,R047,2025-03-13T17:36:00,2025-03-13T21:43:00,55,Completed,13.4,W20250313
T05437,V0433,D0329,R083,2025-01-14T10:24:00,2025-01-14T15:08:00,75,Completed,15.8,W20250114
T05438,V0266,D0116,R082,2025-04-13T05:10:00,2025-04-13T08:10:00,75,Completed,25.0,W20250413
T05439,V0117,D0096,R027,2025-02-11T12:38:00,2025-02-11T16:29:00,85,Completed,22.1,W20250211
T05440,V0413,D0598,R070,2025-10-30T13:47:00,2025-10-30T18:14:00,55,Completed,12.4,W20251030
T05441,V0052,D0152,R032,2025-11-09T00:55:00,2025-11-09T04:51:00,75,Completed,19.1,W20251109
T05442,V0336,D0005,R051,2025-11-27T15:20:00,2025-11-27T16:12:00,70,Completed,80.8,W20251127
T05443,V0248,D0327,R022,2025-01-03T18:48:00,2025-01-03T22:37:00,70,Cancelled,18.3,W20250103
T05444,V0416,D0035,R008,2025-01-16T23:02:00,2025-01-17T00:59:00,75,Cancelled,38.5,W20250116
T05445,V0269,D0694,R019,2025-12-18T04:07:00,2025-12-18T07:11:00,55,Completed,17.9,W20251218
T05446,V0385,D0604,R011,2025-03-29T04:07:00,2025-03-29T08:10:00,85,Cancelled,21.0,W20250329
T05447,V0222,D0411,R072,2025-11-24T20:36:00,2025-11-24T23:51:00,75,Cancelled,23.1,W20251124
T05448,V0416,D0651,R033,2025-04-01T00:52:00,2025-04-01T03:24:00,85,Completed,33.6,W20250401
T05449,V0027,D0198,R099,2025-01-06T23:54:00,2025-01-07T01:06:00,55,Completed,45.8,W20250106
T05450,V0239,D0514,R012,2025-11-17T09:32:00,2025-11-17T11:25:00,95,Cancelled,50.4,W20251117
T05451,V0150,D0428,R020,2025-03-20T21:01:00,2025-03-20T23:21:00,65,Completed,27.9,W20250320
T05452,V0068,D0529,R075,2025-11-29T10:45:00,2025-11-29T13:42:00,85,Completed,28.8,W20251129
T05453,V0309,D0628,R035,2025-12-01T08:38:00,2025-12-01T10:51:00,95,Cancelled,42.9,W20251201
T05454,V0265,D0112,R088,2025-07-03T08:25:00,2025-07-03T10:18:00,95,Completed,50.4,W20250703
T05455,V0267,D0572,R040,2025-09-04T20:30:00,2025-09-05T01:02:00,95,Completed,21.0,W20250904
T05456,V0423,D0393,R027,2025-05-11T15:20:00,2025-05-11T18:39:00,85,Completed,25.6,W20250511
T05457,V0427,D0280,R072,2025-06-04T13:01:00,2025-06-04T15:02:00,75,Completed,37.2,W20250604
T05458,V0044,D0482,R066,2025-04-18T04:59:00,2025-04-18T05:49:00,85,Completed,102.0,W20250418
T05459,V0369,D0546,R034,2025-10-04T16:04:00,2025-10-04T17:23:00,70,Completed,53.2,W20251004
T05460,V0354,D0367,R026,2025-09-02T16:36:00,2025-09-02T20:45:00,70,Completed,16.9,W20250902
T05461,V0464,D0577,R041,2025-05-09T20:34:00,2025-05-10T00:20:00,65,Completed,17.3,W20250509
T05462,V0169,D0294,R038,2025-05-20T06:31:00,2025-05-20T10:29:00,95,Completed,23.9,W20250520
T05463,V0232,D0104,R045,2025-10-11T17:49:00,2025-10-11T19:40:00,70,Completed,37.8,W20251011
T05464,V0238,D0150,R088,2025-09-06T10:15:00,2025-09-06T14:33:00,95,Cancelled,22.1,W20250906
T05465,V0397,D0311,R037,2025-08-18T21:10:00,2025-08-19T00:36:00,95,Completed,27.7,W20250818
T05466,V0324,D0342,R062,2025-08-04T05:05:00,2025-08-04T06:20:00,70,Completed,56.0,W20250804
T05467,V0140,D0286,R094,2025-04-08T12:15:00,2025-04-08T16:57:00,70,Completed,14.9,W20250408
T05468,V0383,D0304,R063,2025-07-29T23:51:00,2025-07-30T02:25:00,75,Completed,29.2,W20250729
T05469,V0449,D0662,R089,2025-09-08T04:11:00,2025-09-08T07:40:00,85,Completed,24.4,W20250908
T05470,V0304,D0111,R089,2025-05-18T18:24:00,2025-05-18T19:12:00,85,Cancelled,106.2,W20250518
T05471,V0413,D0408,R008,2025-05-25T12:37:00,2025-05-25T16:36:00,75,Cancelled,18.8,W20250525
T05472,V0497,D0495,R058,2025-04-13T22:49:00,2025-04-14T01:37:00,95,Cancelled,33.9,W20250413
T05473,V0275,D0222,R038,2025-05-11T14:19:00,2025-05-11T15:24:00,95,Completed,87.7,W20250511
T05474,V0150,D0340,R061,2025-11-29T09:21:00,2025-11-29T10:56:00,75,Cancelled,47.4,W20251129
T05475,V0105,D0276,R086,2025-02-28T14:09:00,2025-02-28T14:54:00,65,Completed,86.7,W20250228
T05476,V0494,D0170,R041,2025-11-07T16:56:00,2025-11-07T21:22:00,65,Completed,14.7,W20251107
T05477,V0417,D0120,R030,2025-03-05T09:38:00,2025-03-05T11:39:00,65,Cancelled,32.2,W20250305
T05478,V0313,D0611,R025,2025-04-29T18:09:00,2025-04-29T22:09:00,75,Completed,18.8,W20250429
T05479,V0134,D0073,R051,2025-07-25T14:15:00,2025-07-25T16:16:00,70,Completed,34.7,W20250725
T05480,V0190,D0158,R006,2025-09-30T10:49:00,2025-09-30T14:19:00,95,Completed,27.1,W20250930
T05481,V0342,D0548,R010,2025-11-18T12:15:00,2025-11-18T16:37:00,75,Completed,17.2,W20251118
T05482,V0457,D0232,R056,2025-10-28T23:55:00,2025-10-29T04:33:00,95,Cancelled,20.5,W20251028
T05483,V0032,D0063,R055,2025-05-02T17:56:00,2025-05-02T22:04:00,55,Completed,13.3,W20250502
T05484,V0366,D0384,R010,2025-08-16T11:29:00,2025-08-16T12:47:00,75,Completed,57.7,W20250816
T05485,V0475,D0009,R002,2025-11-28T08:57:00,2025-11-28T11:05:00,75,Completed,35.2,W20251128
T05486,V0062,D0548,R014,2025-10-06T06:43:00,2025-10-06T08:49:00,55,Completed,26.2,W20251006
T05487,V0444,D0485,R095,2025-12-30T03:39:00,2025-12-30T06:12:00,85,Completed,33.3,W20251230
T05488,V0304,D0294,R096,2025-10-22T18:26:00,2025-10-22T19:55:00,95,Completed,64.0,W20251022
T05489,V0086,D0405,R001,2025-12-07T12:02:00,2025-12-07T13:29:00,85,Completed,58.6,W20251207
T05490,V0215,D0267,R083,2025-02-06T07:55:00,2025-02-06T09:51:00,75,Completed,38.8,W20250206
T05491,V0364,D0026,R016,2025-07-09T21:29:00,2025-07-09T23:06:00,65,Completed,40.2,W20250709
T05492,V0143,D0179,R015,2025-12-10T00:40:00,2025-12-10T01:53:00,75,Completed,61.6,W20251210
T05493,V0123,D0531,R056,2025-12-04T04:42:00,2025-12-04T09:41:00,95,Cancelled,19.1,W20251204
T05494,V0456,D0444,R091,2025-09-16T12:30:00,2025-09-16T15:23:00,70,Cancelled,24.3,W20250916
T05495,V0445,D0653,R074,2025-11-08T19:59:00,2025-11-08T22:41:00,95,Completed,35.2,W20251108
T05496,V0236,D0281,R020,2025-09-18T02:14:00,2025-09-18T06:32:00,65,Completed,15.1,W20250918
T05497,V0096,D0361,R037,2025-01-25T06:24:00,2025-01-25T09:16:00,95,Cancelled,33.1,W20250125
T05498,V0038,D0105,R026,2025-04-26T22:57:00,2025-04-26T23:46:00,70,Cancelled,85.7,W20250426
T05499,V0378,D0600,R003,2025-02-10T20:21:00,2025-02-11T00:00:00,85,Completed,23.3,W20250210
T05500,V0334,D0038,R073,2025-07-29T07:17:00,2025-07-29T11:17:00,85,Completed,21.2,W20250729
T05501,V0022,D0668,R065,2025-07-04T20:34:00,2025-07-05T00:00:00,70,Completed,20.4,W20250704
T05502,V0064,D0396,R093,2025-10-04T19:18:00,2025-10-04T20:33:00,65,Cancelled,52.0,W20251004
T05503,V0337,D0237,R057,2025-05-26T06:02:00,2025-05-26T09:45:00,75,Cancelled,20.2,W20250526
T05504,V0204,D0370,R057,2025-10-24T15:01:00,2025-10-24T18:29:00,75,Cancelled,21.6,W20251024
T05505,V0084,D0491,R050,2025-07-30T23:53:00,2025-07-31T03:36:00,95,Completed,25.6,W20250730
T05506,V0293,D0184,R079,2025-09-10T14:47:00,2025-09-10T15:57:00,70,Completed,60.0,W20250910
T05507,V0437,D0517,R078,2025-05-10T22:14:00,2025-05-11T01:02:00,75,Completed,26.8,W20250510
T05508,V0496,D0223,R094,2025-06-26T20:46:00,2025-06-27T00:58:00,70,Completed,16.7,W20250626
T05509,V0160,D0358,R076,2025-01-28T14:54:00,2025-01-28T16:32:00,95,Cancelled,58.2,W20250128
T05510,V0361,D0121,R082,2025-11-05T13:58:00,2025-11-05T14:49:00,75,Completed,88.2,W20251105
T05511,V0143,D0504,R061,2025-04-19T00:13:00,2025-04-19T04:03:00,75,Cancelled,19.6,W20250419
T05512,V0008,D0467,R053,2025-07-02T20:43:00,2025-07-03T01:21:00,55,Completed,11.9,W20250702
T05513,V0220,D0420,R065,2025-02-28T23:41:00,2025-03-01T04:38:00,70,Completed,14.1,W20250228
T05514,V0163,D0571,R054,2025-03-16T04:29:00,2025-03-16T09:19:00,95,Completed,19.7,W20250316
T05515,V0426,D0446,R099,2025-12-10T05:06:00,2025-12-10T07:21:00,55,Completed,24.4,W20251210
T05516,V0058,D0503,R051,2025-10-06T00:47:00,2025-10-06T02:18:00,70,Cancelled,46.2,W20251006
T05517,V0058,D0420,R076,2025-08-12T21:42:00,2025-08-13T02:06:00,95,Completed,21.6,W20250812
T05518,V0374,D0062,R002,2025-10-04T19:14:00,2025-10-04T21:32:00,75,Completed,32.6,W20251004
T05519,V0417,D0288,R002,2025-08-19T16:39:00,2025-08-19T21:29:00,75,Completed,15.5,W20250819
T05520,V0300,D0333,R009,2025-09-02T20:46:00,2025-09-03T00:18:00,65,Completed,18.4,W20250902
T05521,V0417,D0073,R091,2025-05-20T06:23:00,2025-05-20T08:04:00,70,Completed,41.6,W20250520
T05522,V0405,D0644,R002,2025-08-30T15:16:00,2025-08-30T18:54:00,75,Completed,20.6,W20250830
T05523,V0043,D0344,R073,2025-05-31T04:01:00,2025-05-31T08:43:00,85,Completed,18.1,W20250531
T05524,V0213,D0124,R007,2025-01-04T05:39:00,2025-01-04T09:05:00,70,Completed,20.4,W20250104
T05525,V0499,D0289,R084,2025-07-08T08:44:00,2025-07-08T11:32:00,85,Completed,30.4,W20250708
T05526,V0048,D0397,R034,2025-06-07T05:22:00,2025-06-07T08:45:00,70,Cancelled,20.7,W20250607
T05527,V0416,D0377,R060,2025-02-08T16:55:00,2025-02-08T19:03:00,85,Cancelled,39.8,W20250208
T05528,V0093,D0008,R037,2025-10-03T21:07:00,2025-10-03T23:41:00,95,Cancelled,37.0,W20251003
T05529,V0014,D0619,R059,2025-04-16T16:55:00,2025-04-16T17:58:00,75,Completed,71.4,W20250416
T05530,V0170,D0444,R029,2025-10-08T15:55:00,2025-10-08T16:42:00,70,Completed,89.4,W20251008
T05531,V0230,D0272,R092,2025-09-09T03:11:00,2025-09-09T04:47:00,70,Cancelled,43.8,W20250909
T05532,V0334,D0465,R043,2025-04-11T04:14:00,2025-04-11T07:12:00,65,Completed,21.9,W20250411
T05533,V0002,D0506,R084,2025-11-10T07:33:00,2025-11-10T12:16:00,85,Cancelled,18.0,W20251110
T05534,V0101,D0356,R074,2025-05-25T07:40:00,2025-05-25T08:54:00,95,Cancelled,77.0,W20250525
T05535,V0147,D0532,R024,2025-11-09T16:02:00,2025-11-09T20:07:00,55,Completed,13.5,W20251109
T05536,V0152,D0588,R013,2025-11-09T09:42:00,2025-11-09T14:29:00,65,Cancelled,13.6,W20251109
T05537,V0330,D0660,R006,2025-08-24T16:35:00,2025-08-24T19:40:00,95,Completed,30.8,W20250824
T05538,V0019,D0671,R073,2025-07-23T09:39:00,2025-07-23T12:13:00,85,Completed,33.1,W20250723
T05539,V0159,D0307,R080,2025-03-10T05:50:00,2025-03-10T10:16:00,75,Completed,16.9,W20250310
T05540,V0257,D0479,R008,2025-06-07T11:03:00,2025-06-07T14:19:00,75,Completed,23.0,W20250607
T05541,V0022,D0410,R011,2025-01-11T18:17:00,2025-01-11T21:14:00,85,Completed,28.8,W20250111
T05542,V0403,D0531,R097,2025-10-21T21:47:00,2025-10-21T22:44:00,65,Completed,68.4,W20251021
T05543,V0459,D0526,R029,2025-04-06T18:02:00,2025-04-06T20:57:00,70,Completed,24.0,W20250406
T05544,V0052,D0320,R064,2025-01-24T04:32:00,2025-01-24T06:19:00,75,Completed,42.1,W20250124
T05545,V0406,D0347,R052,2025-07-13T15:50:00,2025-07-13T17:11:00,65,Completed,48.1,W20250713
T05546,V0120,D0468,R089,2025-04-14T10:20:00,2025-04-14T14:33:00,85,Completed,20.2,W20250414
T05547,V0418,D0664,R082,2025-12-02T05:37:00,2025-12-02T08:14:00,75,Completed,28.7,W20251202
T05548,V0269,D0321,R019,2025-01-21T13:36:00,2025-01-21T16:31:00,55,Cancelled,18.9,W20250121
T05549,V0211,D0685,R082,2025-04-30T09:52:00,2025-04-30T13:15:00,75,Completed,22.2,W20250430
T05550,V0211,D0644,R009,2025-01-28T06:39:00,2025-01-28T07:56:00,65,Completed,50.6,W20250128
T05551,V0189,D0529,R012,2025-03-03T01:55:00,2025-03-03T06:43:00,95,Cancelled,19.8,W20250303
T05552,V0333,D0196,R097,2025-02-08T04:28:00,2025-02-08T09:11:00,65,Completed,13.8,W20250208
T05553,V0065,D0677,R001,2025-11-03T17:07:00,2025-11-03T20:19:00,85,Completed,26.6,W20251103
T05554,V0262,D0338,R085,2025-04-24T07:40:00,2025-04-24T08:44:00,55,Cancelled,51.6,W20250424
T05555,V0174,D0040,R032,2025-07-16T10:33:00,2025-07-16T13:03:00,75,Cancelled,30.0,W20250716
T05556,V0406,D0307,R028,2025-02-16T20:20:00,2025-02-16T23:42:00,85,Completed,25.2,W20250216
T05557,V0341,D0055,R016,2025-08-28T01:27:00,2025-08-28T04:31:00,65,Completed,21.2,W20250828
T05558,V0154,D0396,R093,2025-11-12T15:39:00,2025-11-12T18:07:00,65,Cancelled,26.4,W20251112
T05559,V0089,D0211,R076,2025-08-17T12:21:00,2025-08-17T15:40:00,95,Cancelled,28.6,W20250817
T05560,V0413,D0367,R088,2025-12-15T22:30:00,2025-12-15T23:53:00,95,Completed,68.7,W20251215
T05561,V0035,D0335,R070,2025-03-10T15:03:00,2025-03-10T18:02:00,55,Completed,18.4,W20250310
T05562,V0180,D0516,R009,2025-10-13T00:47:00,2025-10-13T04:46:00,65,Completed,16.3,W20251013
T05563,V0418,D0294,R070,2025-10-11T10:47:00,2025-10-11T15:14:00,55,Completed,12.4,W20251011
T05564,V0095,D0026,R026,2025-01-08T05:23:00,2025-01-08T06:21:00,70,Completed,72.4,W20250108
T05565,V0172,D0315,R042,2025-03-07T11:41:00,2025-03-07T14:41:00,75,Completed,25.0,W20250307
T05566,V0360,D0222,R081,2025-06-17T16:32:00,2025-06-17T20:45:00,55,Completed,13.0,W20250617
T05567,V0132,D0601,R018,2025-08-13T20:25:00,2025-08-14T00:57:00,85,Completed,18.8,W20250813
T05568,V0385,D0467,R090,2025-01-17T11:48:00,2025-01-17T15:50:00,85,Cancelled,21.1,W20250117
T05569,V0136,D0652,R088,2025-05-27T23:28:00,2025-05-28T00:36:00,95,Completed,83.8,W20250527
T05570,V0418,D0130,R088,2025-03-22T22:52:00,2025-03-23T01:39:00,95,Completed,34.1,W20250322
T05571,V0144,D0008,R064,2025-12-20T06:33:00,2025-12-20T08:46:00,75,Cancelled,33.8,W20251220
T05572,V0402,D0635,R046,2025-02-20T13:39:00,2025-02-20T15:32:00,70,Completed,37.2,W20250220
T05573,V0325,D0050,R046,2025-06-21T17:20:00,2025-06-21T20:09:00,70,Cancelled,24.9,W20250621
T05574,V0237,D0255,R005,2025-01-09T08:08:00,2025-01-09T12:38:00,65,Cancelled,14.4,W20250109
T05575,V0331,D0238,R026,2025-12-12T18:57:00,2025-12-12T23:41:00,70,Completed,14.8,W20251212
T05576,V0179,D0527,R059,2025-05-05T16:45:00,2025-05-05T21:18:00,75,Completed,16.5,W20250505
T05577,V0251,D0409,R043,2025-02-20T07:37:00,2025-02-20T10:21:00,65,Completed,23.8,W20250220
T05578,V0413,D0676,R098,2025-07-19T09:59:00,2025-07-19T14:51:00,75,Cancelled,15.4,W20250719
T05579,V0260,D0187,R077,2025-11-26T02:15:00,2025-11-26T04:50:00,85,Completed,32.9,W20251126
T05580,V0072,D0371,R083,2025-06-21T08:14:00,2025-06-21T10:03:00,75,Completed,41.3,W20250621
T05581,V0098,D0181,R031,2025-09-25T22:16:00,2025-09-26T02:23:00,65,Completed,15.8,W20250925
T05582,V0068,D0158,R090,2025-01-05T13:18:00,2025-01-05T14:41:00,85,Completed,61.4,W20250105
T05583,V0244,D0112,R016,2025-05-13T20:44:00,2025-05-13T23:38:00,65,Completed,22.4,W20250513
T05584,V0420,D0114,R051,2025-11-06T07:27:00,2025-11-06T08:31:00,70,Cancelled,65.6,W20251106
T05585,V0231,D0647,R082,2025-06-22T11:53:00,2025-06-22T13:27:00,75,Completed,47.9,W20250622
T05586,V0096,D0210,R033,2025-02-22T05:40:00,2025-02-22T07:30:00,85,Completed,46.4,W20250222
T05587,V0158,D0245,R044,2025-06-25T00:50:00,2025-06-25T02:47:00,70,Completed,35.9,W20250625
T05588,V0317,D0032,R088,2025-06-09T12:26:00,2025-06-09T17:08:00,95,Completed,20.2,W20250609
T05589,V0118,D0263,R040,2025-01-13T06:55:00,2025-01-13T09:43:00,95,Completed,33.9,W20250113
T05590,V0500,D0362,R064,2025-05-20T09:34:00,2025-05-20T14:01:00,75,Completed,16.9,W20250520
T05591,V0407,D0535,R086,2025-06-27T14:31:00,2025-06-27T17:32:00,65,Completed,21.5,W20250627
T05592,V0083,D0475,R020,2025-11-02T03:18:00,2025-11-02T07:51:00,65,Completed,14.3,W20251102
T05593,V0358,D0013,R037,2025-03-05T23:29:00,2025-03-06T02:42:00,95,Completed,29.5,W20250305
T05594,V0181,D0441,R080,2025-07-09T23:34:00,2025-07-10T03:09:00,75,Completed,20.9,W20250709
T05595,V0244,D0566,R082,2025-10-24T08:02:00,2025-10-24T10:20:00,75,Completed,32.6,W20251024
T05596,V0334,D0154,R075,2025-03-15T10:18:00,2025-03-15T14:02:00,85,Cancelled,22.8,W20250315
T05597,V0356,D0357,R026,2025-08-09T16:59:00,2025-08-09T17:58:00,70,Completed,71.2,W20250809
T05598,V0248,D0203,R045,2025-09-30T03:22:00,2025-09-30T07:42:00,70,Cancelled,16.2,W20250930
T05599,V0416,D0333,R040,2025-11-27T16:47:00,2025-11-27T18:19:00,95,Completed,62.0,W20251127
T05600,V0108,D0600,R056,2025-04-12T03:38:00,2025-04-12T08:37:00,95,Completed,19.1,W20250412
T05601,V0380,D0647,R003,2025-01-03T05:00:00,2025-01-03T08:41:00,85,Completed,23.1,W20250103
T05602,V0416,D0206,R090,2025-11-18T02:14:00,2025-11-18T03:25:00,85,Cancelled,71.8,W20251118
T05603,V0291,D0207,R068,2025-02-13T10:21:00,2025-02-13T13:32:00,95,Completed,29.8,W20250213
T05604,V0295,D0693,R071,2025-08-19T03:04:00,2025-08-19T07:00:00,95,Cancelled,24.2,W20250819
T05605,V0261,D0240,R081,2025-09-02T15:41:00,2025-09-02T18:51:00,55,Completed,17.4,W20250902
T05606,V0391,D0328,R083,2025-08-06T08:50:00,2025-08-06T10:56:00,75,Completed,35.7,W20250806
T05607,V0339,D0669,R080,2025-10-11T07:45:00,2025-10-11T08:34:00,75,Completed,91.8,W20251011
T05608,V0062,D0129,R035,2025-07-10T18:37:00,2025-07-10T20:07:00,95,Completed,63.3,W20250710
T05609,V0451,D0506,R034,2025-12-29T09:08:00,2025-12-29T12:57:00,70,Completed,18.3,W20251229
T05610,V0144,D0071,R009,2025-04-21T04:38:00,2025-04-21T07:26:00,65,Cancelled,23.2,W20250421
T05611,V0011,D0014,R042,2025-05-21T20:25:00,2025-05-21T21:34:00,75,Completed,65.2,W20250521
T05612,V0017,D0480,R045,2025-08-05T15:23:00,2025-08-05T18:59:00,70,Completed,19.4,W20250805
T05613,V0172,D0672,R078,2025-03-26T15:40:00,2025-03-26T17:08:00,75,Cancelled,51.1,W20250326
T05614,V0090,D0152,R026,2025-11-04T00:16:00,2025-11-04T01:38:00,70,Completed,51.2,W20251104
T05615,V0146,D0373,R052,2025-04-24T17:30:00,2025-04-24T22:30:00,65,Completed,13.0,W20250424
T05616,V0381,D0323,R036,2025-01-07T02:33:00,2025-01-07T04:55:00,75,Cancelled,31.7,W20250107
T05617,V0172,D0689,R033,2025-02-04T09:56:00,2025-02-04T12:49:00,85,Completed,29.5,W20250204
T05618,V0170,D0609,R039,2025-05-31T01:45:00,2025-05-31T04:00:00,55,Completed,24.4,W20250531
T05619,V0051,D0460,R007,2025-07-03T14:06:00,2025-07-03T18:37:00,70,Completed,15.5,W20250703
T05620,V0197,D0164,R088,2025-10-25T05:08:00,2025-10-25T06:53:00,95,Completed,54.3,W20251025
T05621,V0126,D0112,R037,2025-09-16T21:50:00,2025-09-17T00:12:00,95,Completed,40.1,W20250916
T05622,V0366,D0460,R028,2025-09-29T15:48:00,2025-09-29T19:31:00,85,Cancelled,22.9,W20250929
T05623,V0109,D0211,R071,2025-04-28T22:19:00,2025-04-29T01:18:00,95,Cancelled,31.8,W20250428
T05624,V0358,D0494,R029,2025-04-14T22:57:00,2025-04-15T00:52:00,70,Completed,36.5,W20250414
T05625,V0316,D0016,R061,2025-01-21T11:21:00,2025-01-21T15:08:00,75,Cancelled,19.8,W20250121
T05626,V0423,D0478,R033,2025-01-31T15:33:00,2025-01-31T16:58:00,85,Completed,60.0,W20250131
T05627,V0379,D0303,R034,2025-10-24T21:18:00,2025-10-24T22:26:00,70,Cancelled,61.8,W20251024
T05628,V0193,D0601,R061,2025-06-17T03:23:00,2025-06-17T06:48:00,75,Completed,22.0,W20250617
T05629,V0492,D0230,R004,2025-12-22T03:21:00,2025-12-22T05:33:00,65,Completed,29.5,W20251222
T05630,V0142,D0699,R058,2025-04-18T04:20:00,2025-04-18T09:20:00,95,Cancelled,19.0,W20250418
T05631,V0025,D0699,R056,2025-12-15T03:54:00,2025-12-15T05:29:00,95,Completed,60.0,W20251215
T05632,V0338,D0323,R059,2025-03-27T01:14:00,2025-03-27T04:08:00,75,Cancelled,25.9,W20250327
T05633,V0443,D0294,R044,2025-11-06T22:17:00,2025-11-07T00:08:00,70,Completed,37.8,W20251106
T05634,V0043,D0364,R066,2025-05-04T23:54:00,2025-05-05T04:41:00,85,Completed,17.8,W20250504
T05635,V0017,D0080,R080,2025-02-11T12:21:00,2025-02-11T13:52:00,75,Completed,49.5,W20250211
T05636,V0496,D0205,R094,2025-10-04T17:29:00,2025-10-04T21:30:00,70,Cancelled,17.4,W20251004
T05637,V0248,D0375,R046,2025-05-12T09:40:00,2025-05-12T13:54:00,70,Completed,16.5,W20250512
T05638,V0246,D0124,R097,2025-06-01T18:33:00,2025-06-01T21:22:00,65,Cancelled,23.1,W20250601
T05639,V0365,D0078,R085,2025-03-13T18:55:00,2025-03-13T22:36:00,55,Completed,14.9,W20250313
T05640,V0133,D0554,R079,2025-09-30T22:16:00,2025-10-01T01:11:00,70,Cancelled,24.0,W20250930
T05641,V0416,D0064,R007,2025-08-16T18:50:00,2025-08-16T20:25:00,70,Completed,44.2,W20250816
T05642,V0328,D0259,R078,2025-10-26T11:13:00,2025-10-26T14:26:00,75,Cancelled,23.3,W20251026
T05643,V0114,D0365,R075,2025-05-28T15:44:00,2025-05-28T18:35:00,85,Cancelled,29.8,W20250528
T05644,V0371,D0585,R097,2025-04-14T11:01:00,2025-04-14T14:11:00,65,Completed,20.5,W20250414
T05645,V0279,D0248,R076,2025-12-31T18:08:00,2025-12-31T22:34:00,95,Cancelled,21.4,W20251231
T05646,V0019,D0318,R095,2025-04-23T20:45:00,2025-04-24T01:37:00,85,Completed,17.5,W20250423
T05647,V0434,D0539,R073,2025-11-11T09:26:00,2025-11-11T13:45:00,85,Completed,19.7,W20251111
T05648,V0319,D0018,R003,2025-10-27T12:05:00,2025-10-27T13:19:00,85,Cancelled,68.9,W20251027
T05649,V0210,D0116,R008,2025-02-26T10:51:00,2025-02-26T14:35:00,75,Cancelled,20.1,W20250226
T05650,V0312,D0609,R096,2025-09-27T11:02:00,2025-09-27T15:43:00,95,Cancelled,20.3,W20250927
T05651,V0469,D0112,R039,2025-07-10T16:06:00,2025-07-10T18:44:00,55,Completed,20.9,W20250710
T05652,V0070,D0661,R053,2025-09-06T06:36:00,2025-09-06T09:25:00,55,Completed,19.5,W20250906
T05653,V0380,D0205,R009,2025-10-20T13:27:00,2025-10-20T14:39:00,65,Completed,54.2,W20251020
T05654,V0170,D0359,R071,2025-04-18T04:28:00,2025-04-18T07:18:00,95,Completed,33.5,W20250418
T05655,V0330,D0086,R037,2025-08-19T14:25:00,2025-08-19T18:46:00,95,Completed,21.8,W20250819
T05656,V0271,D0606,R081,2025-09-06T15:46:00,2025-09-06T18:40:00,55,Completed,19.0,W20250906
T05657,V0067,D0675,R004,2025-12-19T09:40:00,2025-12-19T10:27:00,65,Completed,83.0,W20251219
T05658,V0420,D0035,R067,2025-01-27T07:28:00,2025-01-27T10:18:00,55,Completed,19.4,W20250127
T05659,V0048,D0352,R088,2025-11-29T19:48:00,2025-11-29T23:53:00,95,Completed,23.3,W20251129
T05660,V0080,D0415,R041,2025-07-14T01:04:00,2025-07-14T03:12:00,65,Completed,30.5,W20250714
T05661,V0242,D0342,R086,2025-02-05T23:11:00,2025-02-06T00:53:00,65,Completed,38.2,W20250205
T05662,V0355,D0350,R003,2025-08-27T03:51:00,2025-08-27T08:09:00,85,Cancelled,19.8,W20250827
T05663,V0082,D0323,R074,2025-10-21T00:48:00,2025-10-21T05:16:00,95,Cancelled,21.3,W20251021
T05664,V0092,D0381,R080,2025-02-07T07:06:00,2025-02-07T09:03:00,75,Cancelled,38.5,W20250207
T05665,V0471,D0259,R073,2025-11-02T09:43:00,2025-11-02T12:09:00,85,Cancelled,34.9,W20251102
T05666,V0184,D0493,R061,2025-09-01T18:29:00,2025-09-01T20:40:00,75,Completed,34.4,W20250901
T05667,V0293,D0071,R027,2025-08-04T03:55:00,2025-08-04T06:53:00,85,Completed,28.7,W20250804
T05668,V0328,D0209,R015,2025-10-14T10:20:00,2025-10-14T13:07:00,75,Cancelled,26.9,W20251014
T05669,V0363,D0128,R095,2025-02-21T22:45:00,2025-02-22T01:31:00,85,Cancelled,30.7,W20250221
T05670,V0295,D0509,R001,2025-03-26T07:14:00,2025-03-26T10:06:00,85,Cancelled,29.7,W20250326
T05671,V0073,D0200,R092,2025-02-17T07:52:00,2025-02-17T10:17:00,70,Completed,29.0,W20250217
T05672,V0044,D0659,R036,2025-06-30T10:55:00,2025-06-30T15:33:00,75,Cancelled,16.2,W20250630
T05673,V0009,D0140,R063,2025-06-27T23:06:00,2025-06-28T00:27:00,75,Completed,55.6,W20250627
T05674,V0266,D0364,R037,2025-02-13T06:16:00,2025-02-13T10:20:00,95,Completed,23.4,W20250213
T05675,V0157,D0696,R017,2025-12-13T22:53:00,2025-12-14T02:09:00,95,Cancelled,29.1,W20251213
T05676,V0148,D0674,R056,2025-11-12T14:33:00,2025-11-12T17:53:00,95,Completed,28.5,W20251112
T05677,V0238,D0269,R011,2025-08-14T19:16:00,2025-08-14T20:17:00,85,Completed,83.6,W20250814
T05678,V0238,D0539,R091,2025-08-22T17:12:00,2025-08-22T20:06:00,70,Cancelled,24.1,W20250822
T05679,V0436,D0640,R044,2025-12-27T20:36:00,2025-12-27T22:41:00,70,Completed,33.6,W20251227
T05680,V0344,D0471,R078,2025-08-20T23:17:00,2025-08-21T01:23:00,75,Completed,35.7,W20250820
T05681,V0188,D0093,R058,2025-05-21T15:51:00,2025-05-21T16:48:00,95,Cancelled,100.0,W20250521
T05682,V0100,D0674,R067,2025-07-23T11:15:00,2025-07-23T14:28:00,55,Cancelled,17.1,W20250723
T05683,V0262,D0175,R076,2025-02-25T03:58:00,2025-02-25T08:03:00,95,Completed,23.3,W20250225
T05684,V0303,D0688,R020,2025-09-23T18:22:00,2025-09-23T22:07:00,65,Completed,17.3,W20250923
T05685,V0414,D0683,R055,2025-03-12T02:16:00,2025-03-12T03:34:00,55,Cancelled,42.3,W20250312
T05686,V0134,D0025,R084,2025-09-23T14:19:00,2025-09-23T18:59:00,85,Completed,18.2,W20250923
T05687,V0215,D0464,R014,2025-06-03T08:11:00,2025-06-03T09:53:00,55,Cancelled,32.4,W20250603
T05688,V0360,D0387,R018,2025-03-21T20:07:00,2025-03-22T01:03:00,85,Completed,17.2,W20250321
T05689,V0382,D0316,R026,2025-09-09T20:19:00,2025-09-09T21:38:00,70,Completed,53.2,W20250909
T05690,V0164,D0283,R053,2025-03-23T09:40:00,2025-03-23T13:40:00,55,Completed,13.8,W20250323
T05691,V0431,D0356,R044,2025-06-07T10:05:00,2025-06-07T12:19:00,70,Cancelled,31.3,W20250607
T05692,V0226,D0187,R095,2025-04-25T08:40:00,2025-04-25T11:29:00,85,Completed,30.2,W20250425
T05693,V0218,D0428,R077,2025-02-28T02:56:00,2025-02-28T07:29:00,85,Completed,18.7,W20250228
T05694,V0325,D0590,R077,2025-05-20T15:58:00,2025-05-20T20:35:00,85,Completed,18.4,W20250520
T05695,V0414,D0059,R005,2025-08-16T16:13:00,2025-08-16T18:02:00,65,Cancelled,35.8,W20250816
T05696,V0106,D0667,R079,2025-05-08T06:50:00,2025-05-08T09:08:00,70,Completed,30.4,W20250508
T05697,V0395,D0647,R078,2025-01-14T07:15:00,2025-01-14T08:10:00,75,Cancelled,81.8,W20250114
T05698,V0452,D0027,R042,2025-05-29T04:50:00,2025-05-29T07:15:00,75,Completed,31.0,W20250529
T05699,V0006,D0586,R090,2025-04-03T00:23:00,2025-04-03T01:45:00,85,Completed,62.2,W20250403
T05700,V0171,D0407,R028,2025-03-19T01:00:00,2025-03-19T05:02:00,85,Completed,21.1,W20250319
T05701,V0090,D0507,R004,2025-07-15T00:53:00,2025-07-15T02:02:00,65,Cancelled,56.5,W20250715
T05702,V0052,D0292,R051,2025-09-30T12:11:00,2025-09-30T14:16:00,70,Completed,33.6,W20250930
T05703,V0211,D0644,R024,2025-08-21T20:45:00,2025-08-22T00:24:00,55,Completed,15.1,W20250821
T05704,V0168,D0545,R089,2025-10-06T13:57:00,2025-10-06T16:14:00,85,Cancelled,37.2,W20251006
T05705,V0425,D0596,R024,2025-07-08T11:47:00,2025-07-08T16:09:00,55,Completed,12.6,W20250708
T05706,V0490,D0534,R061,2025-02-26T19:16:00,2025-02-26T22:39:00,75,Completed,22.2,W20250226
T05707,V0469,D0118,R096,2025-07-18T20:34:00,2025-07-19T00:31:00,95,Cancelled,24.1,W20250718
T05708,V0277,D0032,R009,2025-01-19T18:44:00,2025-01-19T23:16:00,65,Cancelled,14.3,W20250119
T05709,V0023,D0076,R060,2025-10-29T19:23:00,2025-10-29T23:41:00,85,Completed,19.8,W20251029
T05710,V0158,D0147,R044,2025-02-14T05:16:00,2025-02-14T07:39:00,70,Completed,29.4,W20250214
T05711,V0267,D0183,R043,2025-09-28T19:27:00,2025-09-28T20:17:00,65,Completed,78.0,W20250928
T05712,V0339,D0480,R069,2025-02-25T17:45:00,2025-02-25T21:58:00,70,Completed,16.6,W20250225
T05713,V0263,D0676,R048,2025-08-21T16:29:00,2025-08-21T19:53:00,75,Cancelled,22.1,W20250821
T05714,V0437,D0022,R051,2025-11-13T04:31:00,2025-11-13T06:30:00,70,Completed,35.3,W20251113
T05715,V0162,D0237,R043,2025-04-28T12:50:00,2025-04-28T15:18:00,65,Completed,26.4,W20250428
T05716,V0120,D0235,R002,2025-12-04T08:14:00,2025-12-04T10:46:00,75,Completed,29.6,W20251204
T05717,V0160,D0234,R035,2025-07-04T05:55:00,2025-07-04T10:27:00,95,Completed,21.0,W20250704
T05718,V0246,D0075,R023,2025-07-21T09:45:00,2025-07-21T13:06:00,95,Cancelled,28.4,W20250721
T05719,V0475,D0342,R046,2025-06-04T21:50:00,2025-06-05T02:18:00,70,Cancelled,15.7,W20250604
T05720,V0131,D0270,R064,2025-07-06T10:55:00,2025-07-06T11:43:00,75,Completed,93.8,W20250706
T05721,V0408,D0320,R089,2025-10-14T16:28:00,2025-10-14T20:27:00,85,Completed,21.3,W20251014
T05722,V0419,D0259,R091,2025-05-13T00:24:00,2025-05-13T03:32:00,70,Cancelled,22.3,W20250513
T05723,V0476,D0104,R036,2025-03-19T10:43:00,2025-03-19T12:05:00,75,Cancelled,54.9,W20250319
T05724,V0230,D0483,R012,2025-04-13T00:50:00,2025-04-13T05:13:00,95,Completed,21.7,W20250413
T05725,V0304,D0607,R088,2025-04-01T14:41:00,2025-04-01T16:22:00,95,Cancelled,56.4,W20250401
T05726,V0147,D0155,R024,2025-04-11T06:02:00,2025-04-11T09:19:00,55,Completed,16.8,W20250411
T05727,V0093,D0133,R008,2025-01-20T18:58:00,2025-01-20T21:57:00,75,Completed,25.1,W20250120
T05728,V0407,D0095,R016,2025-01-16T20:03:00,2025-01-16T22:11:00,65,Completed,30.5,W20250116
T05729,V0189,D0253,R021,2025-03-24T00:45:00,2025-03-24T01:38:00,75,Completed,84.9,W20250324
T05730,V0359,D0127,R064,2025-10-27T11:50:00,2025-10-27T15:47:00,75,Completed,19.0,W20251027
T05731,V0361,D0109,R094,2025-12-19T12:44:00,2025-12-19T16:12:00,70,Completed,20.2,W20251219
T05732,V0014,D0146,R094,2025-02-14T02:25:00,2025-02-14T06:52:00,70,Cancelled,15.7,W20250214
T05733,V0086,D0582,R037,2025-05-12T17:53:00,2025-05-12T20:50:00,95,Completed,32.2,W20250512
T05734,V0198,D0639,R079,2025-03-05T04:00:00,2025-03-05T06:00:00,70,Cancelled,35.0,W20250305
T05735,V0126,D0293,R038,2025-06-06T14:44:00,2025-06-06T19:11:00,95,Completed,21.3,W20250606
T05736,V0330,D0195,R045,2025-09-02T02:20:00,2025-09-02T04:40:00,70,Completed,30.0,W20250902
T05737,V0143,D0378,R066,2025-04-13T14:35:00,2025-04-13T17:28:00,85,Completed,29.5,W20250413
T05738,V0459,D0543,R036,2025-03-03T15:54:00,2025-03-03T19:36:00,75,Completed,20.3,W20250303
T05739,V0123,D0146,R033,2025-01-11T07:55:00,2025-01-11T09:35:00,85,Completed,51.0,W20250111
T05740,V0367,D0098,R081,2025-06-29T04:34:00,2025-06-29T06:29:00,55,Cancelled,28.7,W20250629
T05741,V0355,D0168,R091,2025-10-01T08:36:00,2025-10-01T10:50:00,70,Completed,31.3,W20251001
T05742,V0103,D0259,R051,2025-11-11T15:30:00,2025-11-11T17:58:00,70,Cancelled,28.4,W20251111
T05743,V0101,D0521,R041,2025-03-01T09:30:00,2025-03-01T13:57:00,65,Completed,14.6,W20250301
T05744,V0335,D0082,R083,2025-09-27T11:05:00,2025-09-27T13:08:00,75,Completed,36.6,W20250927
T05745,V0290,D0375,R065,2025-01-14T18:36:00,2025-01-14T20:06:00,70,Completed,46.7,W20250114
T05746,V0439,D0451,R069,2025-02-26T01:34:00,2025-02-26T03:02:00,70,Cancelled,47.7,W20250226
T05747,V0325,D0031,R094,2025-01-21T14:37:00,2025-01-21T19:34:00,70,Completed,14.1,W20250121
T05748,V0017,D0223,R056,2025-09-05T01:59:00,2025-09-05T04:33:00,95,Completed,37.0,W20250905
T05749,V0380,D0003,R060,2025-12-08T09:22:00,2025-12-08T13:40:00,85,Completed,19.8,W20251208
T05750,V0222,D0075,R057,2025-07-18T01:02:00,2025-07-18T04:34:00,75,Completed,21.2,W20250718
T05751,V0451,D0662,R061,2025-03-02T11:50:00,2025-03-02T13:11:00,75,Completed,55.6,W20250302
T05752,V0057,D0243,R084,2025-09-12T03:14:00,2025-09-12T05:33:00,85,Completed,36.7,W20250912
T05753,V0174,D0220,R040,2025-02-08T19:26:00,2025-02-08T23:58:00,95,Cancelled,21.0,W20250208
T05754,V0229,D0656,R079,2025-04-11T20:28:00,2025-04-11T23:12:00,70,Completed,25.6,W20250411
T05755,V0014,D0614,R077,2025-05-15T15:04:00,2025-05-15T18:00:00,85,Completed,29.0,W20250515
T05756,V0378,D0442,R040,2025-02-13T18:40:00,2025-02-13T23:03:00,95,Completed,21.7,W20250213
T05757,V0217,D0006,R023,2025-10-05T16:51:00,2025-10-05T21:46:00,95,Completed,19.3,W20251005
T05758,V0243,D0480,R001,2025-04-17T17:35:00,2025-04-17T21:34:00,85,Completed,21.3,W20250417
T05759,V0311,D0284,R037,2025-06-11T14:18:00,2025-06-11T18:31:00,95,Completed,22.5,W20250611
T05760,V0493,D0161,R001,2025-07-28T01:54:00,2025-07-28T02:55:00,85,Completed,83.6,W20250728
T05761,V0105,D0031,R090,2025-07-14T04:55:00,2025-07-14T09:19:00,85,Completed,19.3,W20250714
T05762,V0282,D0482,R020,2025-03-19T19:10:00,2025-03-19T20:02:00,65,Completed,75.0,W20250319
T05763,V0477,D0136,R088,2025-04-19T07:32:00,2025-04-19T12:32:00,95,Completed,19.0,W20250419
T05764,V0253,D0444,R027,2025-12-06T01:53:00,2025-12-06T04:54:00,85,Completed,28.2,W20251206
T05765,V0058,D0472,R049,2025-11-24T23:48:00,2025-11-25T03:17:00,85,Completed,24.4,W20251124
T05766,V0392,D0085,R045,2025-05-21T23:25:00,2025-05-22T01:30:00,70,Completed,33.6,W20250521
T05767,V0250,D0346,R025,2025-06-08T08:35:00,2025-06-08T12:30:00,75,Completed,19.1,W20250608
T05768,V0399,D0396,R064,2025-03-28T12:11:00,2025-03-28T13:04:00,75,Completed,84.9,W20250328
T05769,V0314,D0422,R038,2025-08-12T05:41:00,2025-08-12T07:38:00,95,Completed,48.7,W20250812
T05770,V0340,D0522,R016,2025-06-20T14:27:00,2025-06-20T18:46:00,65,Cancelled,15.1,W20250620
T05771,V0402,D0138,R065,2025-09-23T22:30:00,2025-09-24T03:04:00,70,Completed,15.3,W20250923
T05772,V0237,D0256,R079,2025-11-24T00:56:00,2025-11-24T02:30:00,70,Cancelled,44.7,W20251124
T05773,V0417,D0593,R064,2025-03-17T07:37:00,2025-03-17T08:29:00,75,Completed,86.5,W20250317
T05774,V0021,D0338,R095,2025-09-10T13:08:00,2025-09-10T15:34:00,85,Completed,34.9,W20250910
T05775,V0318,D0328,R010,2025-07-12T12:12:00,2025-07-12T15:43:00,75,Completed,21.3,W20250712
T05776,V0345,D0275,R067,2025-12-25T15:30:00,2025-12-25T18:56:00,55,Cancelled,16.0,W20251225
T05777,V0339,D0305,R063,2025-02-07T19:24:00,2025-02-07T21:06:00,75,Cancelled,44.1,W20250207
T05778,V0433,D0588,R009,2025-08-20T00:03:00,2025-08-20T05:01:00,65,Cancelled,13.1,W20250820
T05779,V0180,D0662,R076,2025-05-11T07:02:00,2025-05-11T10:49:00,95,Cancelled,25.1,W20250511
T05780,V0070,D0693,R061,2025-09-16T21:04:00,2025-09-17T00:22:00,75,Completed,22.7,W20250916
T05781,V0205,D0214,R086,2025-10-21T19:13:00,2025-10-21T21:29:00,65,Completed,28.7,W20251021
T05782,V0111,D0335,R016,2025-08-07T16:47:00,2025-08-07T20:54:00,65,Completed,15.8,W20250807
T05783,V0264,D0495,R057,2025-06-18T17:16:00,2025-06-18T19:28:00,75,Completed,34.1,W20250618
T05784,V0223,D0300,R043,2025-04-29T17:43:00,2025-04-29T20:39:00,65,Completed,22.2,W20250429
T05785,V0103,D0445,R048,2025-10-26T08:52:00,2025-10-26T10:21:00,75,Cancelled,50.6,W20251026
T05786,V0331,D0294,R078,2025-09-07T03:41:00,2025-09-07T06:33:00,75,Completed,26.2,W20250907
T05787,V0192,D0420,R038,2025-12-09T17:36:00,2025-12-09T22:08:00,95,Completed,21.0,W20251209
T05788,V0268,D0408,R015,2025-12-17T13:21:00,2025-12-17T15:50:00,75,Completed,30.2,W20251217
T05789,V0359,D0464,R039,2025-08-21T16:10:00,2025-08-21T20:20:00,55,Completed,13.2,W20250821
T05790,V0027,D0225,R027,2025-03-14T18:02:00,2025-03-14T21:10:00,85,Completed,27.1,W20250314
T05791,V0166,D0260,R007,2025-05-07T13:22:00,2025-05-07T15:14:00,70,Cancelled,37.5,W20250507
T05792,V0126,D0203,R026,2025-05-13T15:20:00,2025-05-13T17:30:00,70,Completed,32.3,W20250513
T05793,V0234,D0655,R057,2025-01-10T20:35:00,2025-01-11T00:04:00,75,Completed,21.5,W20250110
T05794,V0420,D0480,R077,2025-01-14T02:44:00,2025-01-14T03:49:00,85,Completed,78.5,W20250114
T05795,V0122,D0284,R045,2025-11-06T07:06:00,2025-11-06T10:20:00,70,Completed,21.6,W20251106
T05796,V0347,D0567,R039,2025-12-23T11:46:00,2025-12-23T13:03:00,55,Completed,42.9,W20251223
T05797,V0287,D0516,R038,2025-12-07T12:28:00,2025-12-07T13:18:00,95,Completed,114.0,W20251207
T05798,V0308,D0197,R011,2025-03-09T02:30:00,2025-03-09T04:25:00,85,Completed,44.3,W20250309
T05799,V0152,D0254,R004,2025-08-09T17:37:00,2025-08-09T21:01:00,65,Cancelled,19.1,W20250809
T05800,V0488,D0155,R067,2025-10-21T07:35:00,2025-10-21T09:41:00,55,Completed,26.2,W20251021
T05801,V0165,D0389,R035,2025-02-19T15:25:00,2025-02-19T17:40:00,95,Cancelled,42.2,W20250219
T05802,V0476,D0378,R083,2025-04-24T09:08:00,2025-04-24T11:22:00,75,Cancelled,33.6,W20250424
T05803,V0104,D0624,R088,2025-11-19T09:15:00,2025-11-19T13:07:00,95,Completed,24.6,W20251119
T05804,V0248,D0215,R047,2025-11-07T14:44:00,2025-11-07T18:32:00,55,Completed,14.5,W20251107
T05805,V0337,D0657,R008,2025-11-14T10:22:00,2025-11-14T14:21:00,75,Completed,18.8,W20251114
T05806,V0213,D0330,R095,2025-10-11T20:33:00,2025-10-11T22:29:00,85,Cancelled,44.0,W20251011
T05807,V0109,D0216,R094,2025-05-27T18:51:00,2025-05-27T22:57:00,70,Completed,17.1,W20250527
T05808,V0140,D0184,R095,2025-09-24T16:45:00,2025-09-24T20:33:00,85,Cancelled,22.4,W20250924
T05809,V0016,D0401,R064,2025-03-02T21:18:00,2025-03-03T00:50:00,75,Cancelled,21.2,W20250302
T05810,V0432,D0581,R086,2025-07-01T17:05:00,2025-07-01T19:46:00,65,Completed,24.2,W20250701
T05811,V0312,D0653,R008,2025-10-12T04:14:00,2025-10-12T09:04:00,75,Completed,15.5,W20251012
T05812,V0333,D0083,R010,2025-10-20T12:06:00,2025-10-20T15:16:00,75,Cancelled,23.7,W20251020
T05813,V0126,D0262,R082,2025-07-17T03:23:00,2025-07-17T05:40:00,75,Completed,32.8,W20250717
T05814,V0394,D0423,R002,2025-02-03T19:50:00,2025-02-04T00:41:00,75,Cancelled,15.5,W20250203
T05815,V0099,D0336,R045,2025-06-11T07:38:00,2025-06-11T12:02:00,70,Completed,15.9,W20250611
T05816,V0022,D0355,R087,2025-04-11T05:06:00,2025-04-11T09:06:00,55,Completed,13.8,W20250411
T05817,V0117,D0414,R018,2025-04-08T17:41:00,2025-04-08T21:29:00,85,Completed,22.4,W20250408
T05818,V0008,D0683,R002,2025-05-26T23:51:00,2025-05-27T04:43:00,75,Cancelled,15.4,W20250526
T05819,V0089,D0681,R084,2025-08-22T06:15:00,2025-08-22T09:55:00,85,Completed,23.2,W20250822
T05820,V0134,D0464,R061,2025-10-14T10:13:00,2025-10-14T14:36:00,75,Completed,17.1,W20251014
T05821,V0337,D0412,R094,2025-12-12T07:08:00,2025-12-12T10:56:00,70,Completed,18.4,W20251212
T05822,V0084,D0002,R040,2025-10-06T02:39:00,2025-10-06T03:32:00,95,Completed,107.5,W20251006
T05823,V0177,D0439,R040,2025-09-10T13:40:00,2025-09-10T15:19:00,95,Completed,57.6,W20250910
T05824,V0296,D0105,R075,2025-01-09T03:26:00,2025-01-09T05:57:00,85,Cancelled,33.8,W20250109
T05825,V0121,D0590,R059,2025-11-29T21:48:00,2025-11-29T23:16:00,75,Completed,51.1,W20251129
T05826,V0183,D0028,R034,2025-12-13T18:12:00,2025-12-13T19:17:00,70,Cancelled,64.6,W20251213
T05827,V0227,D0113,R048,2025-02-04T11:45:00,2025-02-04T15:38:00,75,Cancelled,19.3,W20250204
T05828,V0097,D0322,R068,2025-06-25T10:51:00,2025-06-25T12:34:00,95,Completed,55.3,W20250625
T05829,V0421,D0366,R078,2025-12-23T11:07:00,2025-12-23T13:20:00,75,Cancelled,33.8,W20251223
T05830,V0212,D0533,R069,2025-09-02T18:42:00,2025-09-02T21:53:00,70,Completed,22.0,W20250902
T05831,V0037,D0394,R020,2025-04-25T05:24:00,2025-04-25T09:53:00,65,Cancelled,14.5,W20250425
T05832,V0284,D0564,R034,2025-05-06T21:00:00,2025-05-06T23:17:00,70,Completed,30.7,W20250506
T05833,V0488,D0558,R059,2025-12-27T08:47:00,2025-12-27T11:16:00,75,Completed,30.2,W20251227
T05834,V0395,D0067,R099,2025-08-28T22:51:00,2025-08-29T00:09:00,55,Completed,42.3,W20250828
T05835,V0311,D0380,R036,2025-09-20T11:11:00,2025-09-20T14:24:00,75,Completed,23.3,W20250920
T05836,V0066,D0042,R025,2025-04-24T19:48:00,2025-04-24T21:44:00,75,Completed,38.8,W20250424
T05837,V0397,D0346,R008,2025-08-12T09:59:00,2025-08-12T11:53:00,75,Completed,39.5,W20250812
T05838,V0022,D0164,R059,2025-10-24T13:33:00,2025-10-24T15:02:00,75,Completed,50.6,W20251024
T05839,V0275,D0607,R090,2025-05-13T09:12:00,2025-05-13T13:37:00,85,Cancelled,19.2,W20250513
T05840,V0014,D0348,R067,2025-05-22T15:36:00,2025-05-22T17:06:00,55,Completed,36.7,W20250522
T05841,V0157,D0347,R029,2025-10-09T16:35:00,2025-10-09T18:16:00,70,Completed,41.6,W20251009
T05842,V0227,D0696,R086,2025-04-18T07:46:00,2025-04-18T11:44:00,65,Completed,16.4,W20250418
T05843,V0460,D0160,R045,2025-04-04T16:52:00,2025-04-04T21:27:00,70,Completed,15.3,W20250404
T05844,V0096,D0056,R014,2025-02-02T16:01:00,2025-02-02T20:42:00,55,Cancelled,11.7,W20250202
T05845,V0148,D0584,R091,2025-06-22T02:39:00,2025-06-22T07:08:00,70,Completed,15.6,W20250622
T05846,V0420,D0388,R065,2025-08-21T12:05:00,2025-08-21T15:45:00,70,Completed,19.1,W20250821
T05847,V0034,D0612,R091,2025-04-03T03:01:00,2025-04-03T04:12:00,70,Cancelled,59.2,W20250403
T05848,V0117,D0665,R032,2025-11-16T00:12:00,2025-11-16T04:41:00,75,Completed,16.7,W20251116
T05849,V0142,D0098,R081,2025-03-03T21:54:00,2025-03-04T02:35:00,55,Completed,11.7,W20250303
T05850,V0031,D0314,R077,2025-05-31T05:17:00,2025-05-31T08:07:00,85,Cancelled,30.0,W20250531
T05851,V0487,D0109,R040,2025-02-22T21:44:00,2025-02-23T02:33:00,95,Completed,19.7,W20250222
T05852,V0451,D0009,R047,2025-07-12T15:17:00,2025-07-12T16:31:00,55,Completed,44.6,W20250712
T05853,V0120,D0434,R093,2025-07-08T18:25:00,2025-07-08T20:51:00,65,Completed,26.7,W20250708
T05854,V0432,D0453,R052,2025-10-05T20:00:00,2025-10-05T21:23:00,65,Cancelled,47.0,W20251005
T05855,V0093,D0344,R024,2025-01-26T13:27:00,2025-01-26T18:25:00,55,Cancelled,11.1,W20250126
T05856,V0369,D0640,R082,2025-06-28T17:29:00,2025-06-28T22:09:00,75,Completed,16.1,W20250628
T05857,V0452,D0204,R083,2025-03-08T05:38:00,2025-03-08T06:32:00,75,Cancelled,83.3,W20250308
T05858,V0078,D0420,R018,2025-03-16T18:14:00,2025-03-16T21:58:00,85,Completed,22.8,W20250316
T05859,V0329,D0112,R072,2025-11-24T22:55:00,2025-11-25T01:21:00,75,Completed,30.8,W20251124
T05860,V0134,D0486,R064,2025-10-20T07:35:00,2025-10-20T09:21:00,75,Cancelled,42.5,W20251020
T05861,V0404,D0212,R032,2025-01-04T22:03:00,2025-01-05T01:13:00,75,Completed,23.7,W20250104
T05862,V0287,D0266,R044,2025-12-25T10:42:00,2025-12-25T14:21:00,70,Cancelled,19.2,W20251225
T05863,V0249,D0225,R044,2025-06-17T01:01:00,2025-06-17T04:18:00,70,Completed,21.3,W20250617
T05864,V0446,D0360,R046,2025-09-11T19:22:00,2025-09-11T21:05:00,70,Completed,40.8,W20250911
T05865,V0360,D0544,R098,2025-08-05T19:25:00,2025-08-05T21:54:00,75,Completed,30.2,W20250805
T05866,V0341,D0100,R061,2025-01-19T21:46:00,2025-01-20T00:59:00,75,Completed,23.3,W20250119
T05867,V0451,D0586,R041,2025-05-11T15:27:00,2025-05-11T16:30:00,65,Completed,61.9,W20250511
T05868,V0183,D0244,R003,2025-10-31T08:16:00,2025-10-31T10:56:00,85,Cancelled,31.9,W20251031
T05869,V0275,D0203,R094,2025-08-24T23:44:00,2025-08-25T03:39:00,70,Completed,17.9,W20250824
T05870,V0196,D0514,R049,2025-03-17T03:39:00,2025-03-17T05:55:00,85,Completed,37.5,W20250317
T05871,V0097,D0261,R007,2025-03-24T03:45:00,2025-03-24T07:38:00,70,Cancelled,18.0,W20250324
T05872,V0118,D0608,R077,2025-09-20T08:15:00,2025-09-20T10:14:00,85,Completed,42.9,W20250920
T05873,V0040,D0553,R031,2025-04-22T23:29:00,2025-04-23T01:18:00,65,Completed,35.8,W20250422
T05874,V0339,D0542,R091,2025-02-20T11:39:00,2025-02-20T15:35:00,70,Cancelled,17.8,W20250220
T05875,V0449,D0227,R034,2025-09-18T05:43:00,2025-09-18T09:30:00,70,Completed,18.5,W20250918
T05876,V0395,D0517,R095,2025-12-27T10:10:00,2025-12-27T12:44:00,85,Completed,33.1,W20251227
T05877,V0490,D0511,R081,2025-08-13T17:40:00,2025-08-13T22:35:00,55,Cancelled,11.2,W20250813
T05878,V0287,D0349,R094,2025-07-22T21:25:00,2025-07-23T00:20:00,70,Cancelled,24.0,W20250722
T05879,V0444,D0419,R020,2025-06-16T19:30:00,2025-06-16T22:42:00,65,Completed,20.3,W20250616
T05880,V0478,D0222,R069,2025-11-17T20:05:00,2025-11-17T22:31:00,70,Completed,28.8,W20251117
T05881,V0454,D0565,R098,2025-02-07T20:54:00,2025-02-07T23:38:00,75,Cancelled,27.4,W20250207
T05882,V0078,D0149,R036,2025-07-17T10:47:00,2025-07-17T12:30:00,75,Cancelled,43.7,W20250717
T05883,V0248,D0267,R013,2025-04-21T13:48:00,2025-04-21T15:08:00,65,Completed,48.8,W20250421
T05884,V0313,D0445,R033,2025-08-03T13:42:00,2025-08-03T18:09:00,85,Completed,19.1,W20250803
T05885,V0007,D0540,R008,2025-12-16T04:05:00,2025-12-16T07:18:00,75,Cancelled,23.3,W20251216
T05886,V0153,D0464,R070,2025-03-24T23:50:00,2025-03-25T02:27:00,55,Completed,21.0,W20250324
T05887,V0050,D0667,R010,2025-09-28T19:08:00,2025-09-28T22:31:00,75,Cancelled,22.2,W20250928
T05888,V0122,D0190,R016,2025-12-13T13:18:00,2025-12-13T17:15:00,65,Completed,16.5,W20251213
T05889,V0317,D0542,R079,2025-06-08T22:18:00,2025-06-09T00:18:00,70,Cancelled,35.0,W20250608
T05890,V0287,D0640,R003,2025-09-17T19:35:00,2025-09-17T22:08:00,85,Cancelled,33.3,W20250917
T05891,V0122,D0595,R095,2025-01-03T09:22:00,2025-01-03T12:28:00,85,Completed,27.4,W20250103
T05892,V0183,D0693,R012,2025-05-13T16:24:00,2025-05-13T18:15:00,95,Completed,51.4,W20250513
T05893,V0043,D0273,R062,2025-03-10T00:56:00,2025-03-10T04:26:00,70,Completed,20.0,W20250310
T05894,V0092,D0204,R066,2025-02-07T20:43:00,2025-02-07T22:14:00,85,Completed,56.0,W20250207
T05895,V0028,D0568,R013,2025-09-19T14:14:00,2025-09-19T15:12:00,65,Completed,67.2,W20250919
T05896,V0104,D0691,R005,2025-06-07T23:04:00,2025-06-07T23:51:00,65,Completed,83.0,W20250607
T05897,V0266,D0580,R091,2025-04-06T04:20:00,2025-04-06T07:22:00,70,Completed,23.1,W20250406
T05898,V0056,D0258,R100,2025-12-08T09:25:00,2025-12-08T13:20:00,75,Completed,19.1,W20251208
T05899,V0166,D0607,R073,2025-06-22T07:26:00,2025-06-22T11:42:00,85,Completed,19.9,W20250622
T05900,V0161,D0213,R064,2025-03-30T13:06:00,2025-03-30T14:04:00,75,Completed,77.6,W20250330
T05901,V0376,D0191,R073,2025-03-02T08:18:00,2025-03-02T12:26:00,85,Cancelled,20.6,W20250302
T05902,V0099,D0565,R032,2025-03-13T10:07:00,2025-03-13T12:20:00,75,Completed,33.8,W20250313
T05903,V0165,D0436,R078,2025-04-06T21:49:00,2025-04-07T02:11:00,75,Completed,17.2,W20250406
T05904,V0345,D0282,R019,2025-02-28T17:25:00,2025-02-28T18:13:00,55,Completed,68.8,W20250228
T05905,V0110,D0672,R098,2025-08-25T14:34:00,2025-08-25T17:40:00,75,Completed,24.2,W20250825
T05906,V0461,D0310,R071,2025-11-14T07:02:00,2025-11-14T08:44:00,95,Completed,55.9,W20251114
T05907,V0222,D0298,R013,2025-02-05T11:00:00,2025-02-05T11:59:00,65,Completed,66.1,W20250205
T05908,V0157,D0600,R074,2025-10-31T18:36:00,2025-10-31T22:16:00,95,Completed,25.9,W20251031
T05909,V0327,D0367,R088,2025-06-05T04:28:00,2025-06-05T06:57:00,95,Completed,38.3,W20250605
T05910,V0466,D0273,R029,2025-01-19T08:57:00,2025-01-19T11:07:00,70,Cancelled,32.3,W20250119
T05911,V0017,D0674,R010,2025-11-15T20:59:00,2025-11-16T01:37:00,75,Completed,16.2,W20251115
T05912,V0116,D0682,R089,2025-10-17T16:02:00,2025-10-17T20:04:00,85,Completed,21.1,W20251017
T05913,V0238,D0550,R035,2025-08-06T20:15:00,2025-08-07T00:46:00,95,Cancelled,21.0,W20250806
T05914,V0020,D0217,R074,2025-04-12T11:18:00,2025-04-12T15:51:00,95,Completed,20.9,W20250412
T05915,V0489,D0571,R019,2025-05-28T12:15:00,2025-05-28T14:24:00,55,Completed,25.6,W20250528
T05916,V0332,D0170,R032,2025-05-07T04:35:00,2025-05-07T06:01:00,75,Cancelled,52.3,W20250507
T05917,V0257,D0569,R071,2025-04-19T08:22:00,2025-04-19T11:55:00,95,Completed,26.8,W20250419
T05918,V0165,D0549,R069,2025-08-21T07:13:00,2025-08-21T11:49:00,70,Completed,15.2,W20250821
T05919,V0143,D0527,R034,2025-03-03T09:02:00,2025-03-03T13:19:00,70,Cancelled,16.3,W20250303
T05920,V0164,D0681,R021,2025-04-17T22:47:00,2025-04-18T01:49:00,75,Completed,24.7,W20250417
T05921,V0438,D0196,R048,2025-12-19T07:56:00,2025-12-19T11:05:00,75,Completed,23.8,W20251219
T05922,V0461,D0457,R066,2025-08-18T09:17:00,2025-08-18T12:00:00,85,Cancelled,31.3,W20250818
T05923,V0353,D0077,R027,2025-03-18T10:14:00,2025-03-18T12:31:00,85,Completed,37.2,W20250318
T05924,V0472,D0613,R034,2025-09-01T01:04:00,2025-09-01T02:49:00,70,Completed,40.0,W20250901
T05925,V0282,D0089,R092,2025-06-27T08:15:00,2025-06-27T12:06:00,70,Completed,18.2,W20250627
T05926,V0434,D0314,R036,2025-10-30T15:00:00,2025-10-30T19:05:00,75,Completed,18.4,W20251030
T05927,V0115,D0102,R020,2025-12-31T13:40:00,2025-12-31T17:48:00,65,Completed,15.7,W20251231
T05928,V0069,D0367,R048,2025-02-23T10:19:00,2025-02-23T11:22:00,75,Completed,71.4,W20250223
T05929,V0476,D0255,R009,2025-10-26T10:33:00,2025-10-26T13:43:00,65,Completed,20.5,W20251026
T05930,V0158,D0164,R093,2025-12-10T09:01:00,2025-12-10T12:42:00,65,Completed,17.6,W20251210
T05931,V0126,D0215,R005,2025-07-17T07:56:00,2025-07-17T10:44:00,65,Cancelled,23.2,W20250717
T05932,V0474,D0324,R028,2025-11-12T21:03:00,2025-11-12T23:49:00,85,Completed,30.7,W20251112
T05933,V0345,D0017,R046,2025-08-20T01:18:00,2025-08-20T05:55:00,70,Completed,15.2,W20250820
T05934,V0197,D0362,R058,2025-07-31T18:04:00,2025-07-31T21:42:00,95,Completed,26.1,W20250731
T05935,V0457,D0406,R068,2025-06-13T21:50:00,2025-06-14T02:06:00,95,Completed,22.3,W20250613
T05936,V0025,D0531,R088,2025-09-15T01:27:00,2025-09-15T02:33:00,95,Completed,86.4,W20250915
T05937,V0323,D0207,R089,2025-05-27T17:13:00,2025-05-27T18:22:00,85,Completed,73.9,W20250527
T05938,V0418,D0534,R090,2025-06-06T15:33:00,2025-06-06T19:01:00,85,Completed,24.5,W20250606
T05939,V0106,D0497,R097,2025-09-01T18:59:00,2025-09-01T23:11:00,65,Completed,15.5,W20250901
T05940,V0144,D0547,R071,2025-09-22T06:01:00,2025-09-22T08:38:00,95,Completed,36.3,W20250922
T05941,V0141,D0595,R022,2025-04-03T23:34:00,2025-04-04T03:03:00,70,Cancelled,20.1,W20250403
T05942,V0214,D0411,R019,2025-04-07T12:51:00,2025-04-07T13:50:00,55,Completed,55.9,W20250407
T05943,V0034,D0063,R098,2025-05-05T08:58:00,2025-05-05T13:38:00,75,Cancelled,16.1,W20250505
T05944,V0174,D0065,R073,2025-07-31T01:39:00,2025-07-31T02:46:00,85,Completed,76.1,W20250731
T05945,V0397,D0142,R089,2025-12-27T12:07:00,2025-12-27T14:58:00,85,Completed,29.8,W20251227
T05946,V0346,D0651,R075,2025-11-08T17:04:00,2025-11-08T20:30:00,85,Cancelled,24.8,W20251108
T05947,V0096,D0635,R003,2025-09-19T21:00:00,2025-09-20T00:33:00,85,Completed,23.9,W20250919
T05948,V0399,D0410,R015,2025-01-20T09:31:00,2025-01-20T12:40:00,75,Cancelled,23.8,W20250120
T05949,V0195,D0282,R004,2025-09-28T12:26:00,2025-09-28T16:43:00,65,Completed,15.2,W20250928
T05950,V0490,D0343,R003,2025-06-24T08:03:00,2025-06-24T11:05:00,85,Completed,28.0,W20250624
T05951,V0059,D0456,R025,2025-06-13T06:30:00,2025-06-13T11:13:00,75,Completed,15.9,W20250613
T05952,V0209,D0458,R042,2025-02-11T07:17:00,2025-02-11T11:43:00,75,Completed,16.9,W20250211
T05953,V0016,D0617,R039,2025-06-08T12:59:00,2025-06-08T16:23:00,55,Completed,16.2,W20250608
T05954,V0190,D0324,R004,2025-01-15T06:07:00,2025-01-15T07:35:00,65,Cancelled,44.3,W20250115
T05955,V0084,D0334,R087,2025-04-29T03:41:00,2025-04-29T06:01:00,55,Cancelled,23.6,W20250429
T05956,V0071,D0408,R019,2025-07-24T22:48:00,2025-07-24T23:57:00,55,Completed,47.8,W20250724
T05957,V0070,D0360,R033,2025-10-13T06:19:00,2025-10-13T11:09:00,85,Completed,17.6,W20251013
T05958,V0352,D0587,R038,2025-02-21T22:10:00,2025-02-22T02:35:00,95,Cancelled,21.5,W20250221
T05959,V0269,D0619,R045,2025-05-22T22:12:00,2025-05-23T01:54:00,70,Completed,18.9,W20250522
T05960,V0171,D0001,R027,2025-03-15T16:59:00,2025-03-15T21:03:00,85,Cancelled,20.9,W20250315
T05961,V0471,D0249,R058,2025-01-17T10:53:00,2025-01-17T15:45:00,95,Completed,19.5,W20250117
T05962,V0479,D0414,R099,2025-03-01T13:12:00,2025-03-01T15:41:00,55,Cancelled,22.1,W20250301
T05963,V0059,D0458,R047,2025-06-19T10:36:00,2025-06-19T14:01:00,55,Completed,16.1,W20250619
T05964,V0434,D0195,R032,2025-12-19T12:54:00,2025-12-19T16:17:00,75,Completed,22.2,W20251219
T05965,V0253,D0177,R096,2025-01-02T04:41:00,2025-01-02T07:47:00,95,Completed,30.6,W20250102
T05966,V0112,D0656,R022,2025-01-10T12:02:00,2025-01-10T12:52:00,70,Completed,84.0,W20250110
T05967,V0155,D0352,R052,2025-01-16T07:14:00,2025-01-16T11:11:00,65,Completed,16.5,W20250116
T05968,V0425,D0677,R016,2025-01-18T18:42:00,2025-01-18T19:29:00,65,Completed,83.0,W20250118
T05969,V0379,D0572,R045,2025-11-12T09:56:00,2025-11-12T13:28:00,70,Completed,19.8,W20251112
T05970,V0039,D0565,R061,2025-06-26T06:28:00,2025-06-26T08:14:00,75,Completed,42.5,W20250626
T05971,V0500,D0083,R007,2025-01-06T11:41:00,2025-01-06T16:17:00,70,Cancelled,15.2,W20250106
T05972,V0395,D0542,R003,2025-11-17T08:06:00,2025-11-17T09:26:00,85,Cancelled,63.8,W20251117
T05973,V0357,D0333,R019,2025-01-21T01:50:00,2025-01-21T06:47:00,55,Completed,11.1,W20250121
T05974,V0158,D0283,R018,2025-09-10T03:03:00,2025-09-10T07:03:00,85,Completed,21.2,W20250910
T05975,V0283,D0341,R030,2025-08-01T03:01:00,2025-08-01T04:55:00,65,Cancelled,34.2,W20250801
T05976,V0192,D0169,R013,2025-04-08T04:37:00,2025-04-08T07:12:00,65,Completed,25.2,W20250408
T05977,V0307,D0027,R013,2025-02-19T17:22:00,2025-02-19T18:42:00,65,Completed,48.8,W20250219
T05978,V0437,D0560,R080,2025-12-28T12:48:00,2025-12-28T14:53:00,75,Completed,36.0,W20251228
T05979,V0190,D0324,R099,2025-11-04T09:38:00,2025-11-04T12:56:00,55,Completed,16.7,W20251104
T05980,V0448,D0465,R056,2025-09-17T18:48:00,2025-09-17T20:46:00,95,Cancelled,48.3,W20250917
T05981,V0138,D0558,R092,2025-12-21T00:58:00,2025-12-21T02:51:00,70,Cancelled,37.2,W20251221
T05982,V0132,D0699,R032,2025-03-26T21:38:00,2025-03-26T22:33:00,75,Completed,81.8,W20250326
T05983,V0191,D0509,R054,2025-08-05T02:54:00,2025-08-05T05:12:00,95,Cancelled,41.3,W20250805
T05984,V0193,D0023,R007,2025-03-28T17:00:00,2025-03-28T18:51:00,70,Completed,37.8,W20250328
T05985,V0171,D0379,R091,2025-10-20T15:37:00,2025-10-20T17:45:00,70,Completed,32.8,W20251020
T05986,V0259,D0442,R023,2025-03-10T03:38:00,2025-03-10T05:41:00,95,Completed,46.3,W20250310
T05987,V0175,D0152,R011,2025-05-30T13:54:00,2025-05-30T18:17:00,85,Completed,19.4,W20250530
T05988,V0215,D0696,R094,2025-03-30T12:44:00,2025-03-30T14:52:00,70,Cancelled,32.8,W20250330
T05989,V0231,D0671,R064,2025-04-15T22:24:00,2025-04-16T01:00:00,75,Completed,28.8,W20250415
T05990,V0139,D0045,R026,2025-04-19T12:49:00,2025-04-19T14:17:00,70,Completed,47.7,W20250419
T05991,V0302,D0277,R030,2025-12-02T22:16:00,2025-12-03T01:17:00,65,Completed,21.5,W20251202
T05992,V0353,D0577,R056,2025-12-18T08:56:00,2025-12-18T12:06:00,95,Cancelled,30.0,W20251218
T05993,V0062,D0157,R039,2025-12-11T10:22:00,2025-12-11T12:50:00,55,Cancelled,22.3,W20251211
T05994,V0267,D0493,R018,2025-01-25T18:25:00,2025-01-25T20:59:00,85,Completed,33.1,W20250125
T05995,V0229,D0570,R032,2025-07-29T14:59:00,2025-07-29T16:01:00,75,Cancelled,72.6,W20250729
T05996,V0089,D0044,R034,2025-05-28T15:52:00,2025-05-28T19:14:00,70,Completed,20.8,W20250528
T05997,V0009,D0672,R035,2025-10-12T19:36:00,2025-10-12T20:49:00,95,Completed,78.1,W20251012
T05998,V0128,D0203,R085,2025-12-13T15:50:00,2025-12-13T18:52:00,55,Cancelled,18.1,W20251213
T05999,V0396,D0513,R032,2025-07-20T16:28:00,2025-07-20T17:45:00,75,Completed,58.4,W20250720
T06000,V0170,D0088,R026,2025-06-09T06:14:00,2025-06-09T10:16:00,70,Completed,17.4,W20250609
T06001,V0481,D0090,R001,2025-09-17T11:11:00,2025-09-17T16:05:00,85,Completed,17.3,W20250917
T06002,V0145,D0475,R086,2025-03-08T07:19:00,2025-03-08T10:57:00,65,Completed,17.9,W20250308
T06003,V0226,D0502,R035,2025-01-09T07:17:00,2025-01-09T10:14:00,95,Cancelled,32.2,W20250109
T06004,V0341,D0511,R073,2025-08-24T06:47:00,2025-08-24T09:34:00,85,Cancelled,30.5,W20250824
T06005,V0239,D0593,R058,2025-12-07T17:40:00,2025-12-07T21:16:00,95,Completed,26.4,W20251207
T06006,V0049,D0473,R058,2025-10-30T09:49:00,2025-10-30T11:18:00,95,Cancelled,64.0,W20251030
T06007,V0401,D0660,R014,2025-12-20T05:19:00,2025-12-20T06:12:00,55,Completed,62.3,W20251220
T06008,V0313,D0017,R083,2025-08-14T07:15:00,2025-08-14T11:45:00,75,Completed,16.7,W20250814
T06009,V0334,D0491,R064,2025-04-04T19:31:00,2025-04-04T23:48:00,75,Completed,17.5,W20250404
T06010,V0301,D0697,R043,2025-11-16T23:50:00,2025-11-17T03:09:00,65,Completed,19.6,W20251116
T06011,V0049,D0064,R051,2025-01-12T18:31:00,2025-01-12T21:28:00,70,Completed,23.7,W20250112
T06012,V0279,D0239,R095,2025-05-19T07:57:00,2025-05-19T10:10:00,85,Completed,38.3,W20250519
T06013,V0347,D0375,R073,2025-08-25T20:36:00,2025-08-25T21:29:00,85,Completed,96.2,W20250825
T06014,V0263,D0081,R010,2025-02-02T07:44:00,2025-02-02T09:54:00,75,Completed,34.6,W20250202
T06015,V0144,D0617,R093,2025-01-04T03:10:00,2025-01-04T05:22:00,65,Completed,29.5,W20250104
T06016,V0053,D0624,R088,2025-10-14T13:59:00,2025-10-14T18:32:00,95,Completed,20.9,W20251014
T06017,V0204,D0528,R011,2025-06-17T21:34:00,2025-06-18T02:04:00,85,Cancelled,18.9,W20250617
T06018,V0431,D0011,R048,2025-08-03T18:22:00,2025-08-03T22:34:00,75,Completed,17.9,W20250803
T06019,V0159,D0292,R029,2025-01-13T05:07:00,2025-01-13T10:00:00,70,Cancelled,14.3,W20250113
T06020,V0349,D0635,R066,2025-01-01T01:11:00,2025-01-01T02:08:00,85,Completed,89.5,W20250101
T06021,V0369,D0029,R096,2025-12-09T04:25:00,2025-12-09T07:42:00,95,Completed,28.9,W20251209
T06022,V0098,D0298,R078,2025-03-22T19:02:00,2025-03-22T21:47:00,75,Completed,27.3,W20250322
T06023,V0112,D0113,R036,2025-02-23T19:39:00,2025-02-23T20:56:00,75,Completed,58.4,W20250223
T06024,V0193,D0125,R006,2025-01-09T00:14:00,2025-01-09T01:53:00,95,Completed,57.6,W20250109
T06025,V0442,D0239,R033,2025-03-25T01:37:00,2025-03-25T05:04:00,85,Completed,24.6,W20250325
T06026,V0020,D0697,R093,2025-05-24T22:30:00,2025-05-25T01:41:00,65,Completed,20.4,W20250524
T06027,V0257,D0289,R007,2025-12-22T16:49:00,2025-12-22T21:38:00,70,Completed,14.5,W20251222
T06028,V0025,D0333,R050,2025-06-30T12:35:00,2025-06-30T14:01:00,95,Cancelled,66.3,W20250630
T06029,V0481,D0080,R056,2025-10-21T09:56:00,2025-10-21T10:42:00,95,Completed,123.9,W20251021
T06030,V0491,D0579,R062,2025-07-26T07:49:00,2025-07-26T10:15:00,70,Cancelled,28.8,W20250726
T06031,V0071,D0645,R078,2025-11-26T12:58:00,2025-11-26T14:50:00,75,Completed,40.2,W20251126
T06032,V0480,D0300,R087,2025-10-31T02:50:00,2025-10-31T07:40:00,55,Cancelled,11.4,W20251031
T06033,V0273,D0637,R020,2025-09-15T16:01:00,2025-09-15T19:51:00,65,Completed,17.0,W20250915
T06034,V0005,D0636,R086,2025-08-29T14:19:00,2025-08-29T19:18:00,65,Completed,13.0,W20250829
T06035,V0154,D0526,R027,2025-05-26T10:23:00,2025-05-26T13:09:00,85,Completed,30.7,W20250526
T06036,V0083,D0181,R096,2025-11-03T04:38:00,2025-11-03T06:12:00,95,Completed,60.6,W20251103
T06037,V0368,D0453,R008,2025-06-27T15:37:00,2025-06-27T16:41:00,75,Completed,70.3,W20250627
T06038,V0248,D0574,R065,2025-02-19T05:40:00,2025-02-19T07:10:00,70,Completed,46.7,W20250219
T06039,V0152,D0619,R078,2025-06-24T07:18:00,2025-06-24T09:38:00,75,Cancelled,32.1,W20250624
T06040,V0313,D0393,R087,2025-12-31T18:01:00,2025-12-31T22:09:00,55,Completed,13.3,W20251231
T06041,V0012,D0357,R020,2025-05-19T03:18:00,2025-05-19T06:24:00,65,Cancelled,21.0,W20250519
T06042,V0117,D0063,R019,2025-08-09T20:56:00,2025-08-09T23:15:00,55,Completed,23.7,W20250809
T06043,V0156,D0046,R100,2025-07-02T13:59:00,2025-07-02T18:20:00,75,Completed,17.2,W20250702
T06044,V0209,D0057,R097,2025-10-23T06:47:00,2025-10-23T08:26:00,65,Completed,39.4,W20251023
T06045,V0397,D0037,R033,2025-09-02T05:52:00,2025-09-02T10:02:00,85,Cancelled,20.4,W20250902
T06046,V0089,D0343,R036,2025-10-31T05:22:00,2025-10-31T09:33:00,75,Completed,17.9,W20251031
T06047,V0109,D0259,R027,2025-04-18T11:16:00,2025-04-18T12:50:00,85,Completed,54.3,W20250418
T06048,V0279,D0191,R042,2025-09-03T14:31:00,2025-09-03T18:06:00,75,Cancelled,20.9,W20250903
T06049,V0154,D0400,R066,2025-04-13T13:52:00,2025-04-13T16:50:00,85,Cancelled,28.7,W20250413
T06050,V0345,D0510,R012,2025-02-27T23:53:00,2025-02-28T01:37:00,95,Completed,54.8,W20250227
T06051,V0318,D0444,R088,2025-02-13T04:37:00,2025-02-13T06:52:00,95,Completed,42.2,W20250213
T06052,V0207,D0565,R053,2025-10-26T13:51:00,2025-10-26T17:17:00,55,Completed,16.0,W20251026
T06053,V0109,D0591,R018,2025-10-28T08:10:00,2025-10-28T10:44:00,85,Completed,33.1,W20251028
T06054,V0070,D0462,R039,2025-04-05T15:06:00,2025-04-05T15:54:00,55,Completed,68.8,W20250405
T06055,V0269,D0015,R030,2025-07-23T11:00:00,2025-07-23T13:34:00,65,Completed,25.3,W20250723
T06056,V0451,D0691,R028,2025-09-09T21:14:00,2025-09-10T00:14:00,85,Completed,28.3,W20250909
T06057,V0152,D0488,R050,2025-06-11T23:49:00,2025-06-12T01:36:00,95,Cancelled,53.3,W20250611
T06058,V0310,D0106,R066,2025-10-30T15:23:00,2025-10-30T16:38:00,85,Completed,68.0,W20251030
T06059,V0346,D0563,R053,2025-01-01T15:08:00,2025-01-01T18:49:00,55,Completed,14.9,W20250101
T06060,V0252,D0476,R009,2025-02-26T23:58:00,2025-02-27T01:04:00,65,Completed,59.1,W20250226
T06061,V0480,D0309,R008,2025-03-17T23:06:00,2025-03-18T03:08:00,75,Completed,18.6,W20250317
T06062,V0395,D0190,R052,2025-04-22T14:08:00,2025-04-22T16:22:00,65,Completed,29.1,W20250422
T06063,V0276,D0314,R050,2025-10-26T11:31:00,2025-10-26T14:34:00,95,Completed,31.1,W20251026
T06064,V0430,D0280,R008,2025-07-29T03:59:00,2025-07-29T05:30:00,75,Completed,49.5,W20250729
T06065,V0071,D0259,R022,2025-11-27T13:14:00,2025-11-27T15:17:00,70,Cancelled,34.1,W20251127
T06066,V0451,D0425,R005,2025-05-10T17:03:00,2025-05-10T20:14:00,65,Completed,20.4,W20250510
T06067,V0454,D0353,R028,2025-01-10T21:47:00,2025-01-11T02:24:00,85,Completed,18.4,W20250110
T06068,V0476,D0066,R080,2025-10-21T18:17:00,2025-10-21T20:48:00,75,Completed,29.8,W20251021
T06069,V0042,D0651,R004,2025-11-23T17:54:00,2025-11-23T22:20:00,65,Cancelled,14.7,W20251123
T06070,V0005,D0557,R004,2025-02-13T23:34:00,2025-02-14T01:56:00,65,Cancelled,27.5,W20250213
T06071,V0083,D0230,R066,2025-01-08T18:20:00,2025-01-08T19:49:00,85,Completed,57.3,W20250108
T06072,V0230,D0051,R057,2025-11-10T12:23:00,2025-11-10T16:17:00,75,Completed,19.2,W20251110
T06073,V0130,D0298,R086,2025-02-25T13:59:00,2025-02-25T18:23:00,65,Completed,14.8,W20250225
T06074,V0275,D0202,R010,2025-07-31T07:35:00,2025-07-31T09:56:00,75,Completed,31.9,W20250731
T06075,V0486,D0201,R060,2025-01-15T20:04:00,2025-01-15T23:09:00,85,Completed,27.6,W20250115
T06076,V0453,D0310,R097,2025-09-08T15:03:00,2025-09-08T16:46:00,65,Cancelled,37.9,W20250908
T06077,V0246,D0341,R099,2025-02-15T18:37:00,2025-02-15T20:15:00,55,Cancelled,33.7,W20250215
T06078,V0129,D0162,R003,2025-09-09T23:26:00,2025-09-10T01:31:00,85,Completed,40.8,W20250909
T06079,V0370,D0449,R088,2025-07-12T13:51:00,2025-07-12T15:25:00,95,Cancelled,60.6,W20250712
T06080,V0253,D0038,R011,2025-12-10T08:15:00,2025-12-10T09:30:00,85,Completed,68.0,W20251210
T06081,V0354,D0668,R030,2025-02-04T13:24:00,2025-02-04T15:10:00,65,Completed,36.8,W20250204
T06082,V0082,D0339,R061,2025-03-22T02:14:00,2025-03-22T06:26:00,75,Cancelled,17.9,W20250322
T06083,V0498,D0649,R080,2025-09-21T11:45:00,2025-09-21T16:25:00,75,Completed,16.1,W20250921
T06084,V0404,D0658,R007,2025-11-20T14:17:00,2025-11-20T16:12:00,70,Completed,36.5,W20251120
T06085,V0500,D0008,R026,2025-03-12T16:20:00,2025-03-12T19:58:00,70,Completed,19.3,W20250312
T06086,V0257,D0363,R066,2025-11-18T17:49:00,2025-11-18T22:35:00,85,Cancelled,17.8,W20251118
T06087,V0121,D0231,R028,2025-09-11T09:14:00,2025-09-11T10:59:00,85,Completed,48.6,W20250911
T06088,V0435,D0182,R100,2025-01-17T18:38:00,2025-01-17T20:55:00,75,Completed,32.8,W20250117
T06089,V0185,D0032,R037,2025-12-07T10:28:00,2025-12-07T13:16:00,95,Completed,33.9,W20251207
T06090,V0260,D0382,R071,2025-12-14T03:25:00,2025-12-14T04:33:00,95,Cancelled,83.8,W20251214
T06091,V0303,D0591,R074,2025-08-08T06:45:00,2025-08-08T07:36:00,95,Completed,111.8,W20250808
T06092,V0079,D0497,R077,2025-06-17T11:47:00,2025-06-17T14:52:00,85,Cancelled,27.6,W20250617
T06093,V0062,D0199,R034,2025-03-05T00:44:00,2025-03-05T05:43:00,70,Cancelled,14.0,W20250305
T06094,V0331,D0136,R003,2025-01-21T17:34:00,2025-01-21T21:33:00,85,Completed,21.3,W20250121
T06095,V0123,D0421,R007,2025-01-03T13:45:00,2025-01-03T16:26:00,70,Completed,26.1,W20250103
T06096,V0277,D0596,R011,2025-09-30T00:18:00,2025-09-30T05:18:00,85,Completed,17.0,W20250930
T06097,V0368,D0674,R047,2025-07-31T09:52:00,2025-07-31T10:57:00,55,Completed,50.8,W20250731
T06098,V0005,D0085,R100,2025-02-07T10:45:00,2025-02-07T13:39:00,75,Cancelled,25.9,W20250207
T06099,V0298,D0068,R022,2025-03-12T05:11:00,2025-03-12T08:28:00,70,Completed,21.3,W20250312
T06100,V0165,D0045,R046,2025-05-14T04:41:00,2025-05-14T05:59:00,70,Completed,53.8,W20250514
T06101,V0023,D0061,R035,2025-01-07T23:46:00,2025-01-08T01:21:00,95,Cancelled,60.0,W20250107
T06102,V0387,D0252,R093,2025-06-11T00:06:00,2025-06-11T01:29:00,65,Cancelled,47.0,W20250611
T06103,V0446,D0621,R006,2025-09-06T20:47:00,2025-09-06T23:59:00,95,Cancelled,29.7,W20250906
T06104,V0279,D0144,R079,2025-10-07T12:44:00,2025-10-07T16:02:00,70,Completed,21.2,W20251007
T06105,V0343,D0211,R005,2025-05-18T01:46:00,2025-05-18T06:39:00,65,Completed,13.3,W20250518
T06106,V0280,D0111,R060,2025-02-17T21:18:00,2025-02-18T01:41:00,85,Cancelled,19.4,W20250217
T06107,V0309,D0300,R037,2025-02-21T05:42:00,2025-02-21T06:29:00,95,Completed,121.3,W20250221
T06108,V0031,D0514,R010,2025-05-17T05:11:00,2025-05-17T09:02:00,75,Completed,19.5,W20250517
T06109,V0030,D0681,R046,2025-08-03T18:26:00,2025-08-03T19:14:00,70,Completed,87.5,W20250803
T06110,V0372,D0230,R017,2025-01-06T22:52:00,2025-01-07T02:20:00,95,Completed,27.4,W20250106
T06111,V0268,D0454,R061,2025-06-14T01:36:00,2025-06-14T06:17:00,75,Completed,16.0,W20250614
T06112,V0099,D0582,R035,2025-04-17T15:46:00,2025-04-17T16:58:00,95,Completed,79.2,W20250417
T06113,V0372,D0085,R075,2025-08-31T22:02:00,2025-08-31T23:02:00,85,Completed,85.0,W20250831
T06114,V0155,D0347,R023,2025-05-14T01:46:00,2025-05-14T06:27:00,95,Cancelled,20.3,W20250514
T06115,V0422,D0436,R016,2025-08-08T04:11:00,2025-08-08T06:02:00,65,Cancelled,35.1,W20250808
T06116,V0032,D0245,R078,2025-10-29T16:58:00,2025-10-29T19:46:00,75,Cancelled,26.8,W20251029
T06117,V0031,D0698,R075,2025-02-18T04:04:00,2025-02-18T05:32:00,85,Completed,58.0,W20250218
T06118,V0313,D0044,R036,2025-02-18T03:01:00,2025-02-18T04:13:00,75,Completed,62.5,W20250218
T06119,V0321,D0458,R055,2025-12-02T21:24:00,2025-12-03T00:48:00,55,Completed,16.2,W20251202
T06120,V0134,D0697,R092,2025-06-08T18:50:00,2025-06-08T21:17:00,70,Completed,28.6,W20250608
T06121,V0436,D0649,R058,2025-07-07T10:12:00,2025-07-07T12:10:00,95,Cancelled,48.3,W20250707
T06122,V0034,D0075,R028,2025-11-28T04:08:00,2025-11-28T06:56:00,85,Completed,30.4,W20251128
T06123,V0247,D0379,R004,2025-12-08T01:43:00,2025-12-08T04:21:00,65,Cancelled,24.7,W20251208
T06124,V0319,D0374,R036,2025-01-13T18:15:00,2025-01-13T21:29:00,75,Completed,23.2,W20250113
T06125,V0360,D0506,R032,2025-07-24T03:33:00,2025-07-24T04:47:00,75,Cancelled,60.8,W20250724
T06126,V0047,D0282,R096,2025-07-18T01:08:00,2025-07-18T04:26:00,95,Cancelled,28.8,W20250718
T06127,V0108,D0669,R080,2025-07-01T11:08:00,2025-07-01T13:31:00,75,Completed,31.5,W20250701
T06128,V0275,D0242,R089,2025-01-11T04:41:00,2025-01-11T06:19:00,85,Cancelled,52.0,W20250111
T06129,V0374,D0509,R026,2025-12-21T23:18:00,2025-12-22T03:03:00,70,Cancelled,18.7,W20251221
T06130,V0393,D0388,R008,2025-12-19T16:55:00,2025-12-19T19:51:00,75,Completed,25.6,W20251219
T06131,V0161,D0476,R040,2025-12-21T22:48:00,2025-12-21T23:53:00,95,Completed,87.7,W20251221
T06132,V0057,D0249,R020,2025-05-01T12:50:00,2025-05-01T13:55:00,65,Completed,60.0,W20250501
T06133,V0484,D0576,R038,2025-12-08T06:11:00,2025-12-08T07:28:00,95,Completed,74.0,W20251208
T06134,V0292,D0068,R002,2025-10-22T20:55:00,2025-10-22T22:36:00,75,Completed,44.6,W20251022
T06135,V0061,D0382,R074,2025-07-21T10:23:00,2025-07-21T13:22:00,95,Completed,31.8,W20250721
T06136,V0084,D0644,R028,2025-03-28T06:26:00,2025-03-28T07:28:00,85,Completed,82.3,W20250328
T06137,V0360,D0169,R013,2025-05-03T05:22:00,2025-05-03T10:01:00,65,Completed,14.0,W20250503
T06138,V0042,D0556,R014,2025-03-26T05:42:00,2025-03-26T09:16:00,55,Completed,15.4,W20250326
T06139,V0100,D0431,R050,2025-04-07T22:34:00,2025-04-07T23:35:00,95,Completed,93.4,W20250407
T06140,V0484,D0028,R075,2025-03-20T18:21:00,2025-03-20T23:04:00,85,Completed,18.0,W20250320
T06141,V0385,D0081,R081,2025-04-09T00:07:00,2025-04-09T01:57:00,55,Completed,30.0,W20250409
T06142,V0270,D0259,R067,2025-12-15T19:32:00,2025-12-15T22:28:00,55,Completed,18.8,W20251215
T06143,V0348,D0045,R032,2025-01-19T20:19:00,2025-01-19T21:47:00,75,Cancelled,51.1,W20250119
T06144,V0095,D0553,R051,2025-09-14T04:45:00,2025-09-14T08:03:00,70,Cancelled,21.2,W20250914
T06145,V0099,D0652,R043,2025-04-13T07:23:00,2025-04-13T09:11:00,65,Completed,36.1,W20250413
T06146,V0223,D0587,R082,2025-08-18T23:06:00,2025-08-19T00:31:00,75,Completed,52.9,W20250818
T06147,V0322,D0671,R069,2025-09-21T19:32:00,2025-09-22T00:18:00,70,Completed,14.7,W20250921
T06148,V0040,D0337,R051,2025-10-17T19:56:00,2025-10-17T21:55:00,70,Completed,35.3,W20251017
T06149,V0047,D0458,R094,2025-03-08T00:26:00,2025-03-08T02:47:00,70,Completed,29.8,W20250308
T06150,V0001,D0064,R004,2025-05-08T16:02:00,2025-05-08T17:24:00,65,Cancelled,47.6,W20250508
T06151,V0344,D0679,R090,2025-04-25T11:07:00,2025-04-25T15:20:00,85,Completed,20.2,W20250425
T06152,V0090,D0467,R085,2025-05-14T18:54:00,2025-05-14T22:40:00,55,Completed,14.6,W20250514
T06153,V0409,D0141,R095,2025-01-20T22:27:00,2025-01-21T02:16:00,85,Completed,22.3,W20250120
T06154,V0461,D0593,R064,2025-05-01T08:01:00,2025-05-01T11:06:00,75,Completed,24.3,W20250501
T06155,V0241,D0314,R022,2025-12-08T04:41:00,2025-12-08T08:28:00,70,Cancelled,18.5,W20251208
T06156,V0340,D0526,R005,2025-09-09T09:25:00,2025-09-09T11:18:00,65,Completed,34.5,W20250909
T06157,V0374,D0144,R070,2025-01-17T03:51:00,2025-01-17T08:00:00,55,Completed,13.3,W20250117
T06158,V0418,D0221,R078,2025-07-08T11:59:00,2025-07-08T13:22:00,75,Completed,54.2,W20250708
T06159,V0422,D0359,R028,2025-03-29T08:03:00,2025-03-29T11:41:00,85,Cancelled,23.4,W20250329
T06160,V0479,D0359,R019,2025-09-30T12:35:00,2025-09-30T17:29:00,55,Cancelled,11.2,W20250930
T06161,V0394,D0465,R022,2025-09-14T13:51:00,2025-09-14T16:10:00,70,Completed,30.2,W20250914
T06162,V0250,D0498,R056,2025-12-10T13:23:00,2025-12-10T16:23:00,95,Cancelled,31.7,W20251210
T06163,V0303,D0474,R060,2025-04-07T17:29:00,2025-04-07T21:40:00,85,Cancelled,20.3,W20250407
T06164,V0484,D0388,R089,2025-07-15T11:31:00,2025-07-15T16:26:00,85,Completed,17.3,W20250715
T06165,V0189,D0238,R098,2025-03-09T06:45:00,2025-03-09T10:37:00,75,Completed,19.4,W20250309
T06166,V0112,D0460,R027,2025-07-01T02:39:00,2025-07-01T04:23:00,85,Completed,49.0,W20250701
T06167,V0254,D0145,R052,2025-11-08T11:04:00,2025-11-08T13:51:00,65,Cancelled,23.4,W20251108
T06168,V0220,D0155,R031,2025-12-27T00:14:00,2025-12-27T01:12:00,65,Cancelled,67.2,W20251227
T06169,V0309,D0597,R063,2025-11-30T17:10:00,2025-11-30T21:47:00,75,Completed,16.2,W20251130
T06170,V0033,D0554,R034,2025-05-02T23:17:00,2025-05-03T01:13:00,70,Completed,36.2,W20250502
T06171,V0218,D0129,R040,2025-02-09T02:38:00,2025-02-09T06:42:00,95,Completed,23.4,W20250209
T06172,V0086,D0567,R075,2025-05-21T19:10:00,2025-05-21T21:46:00,85,Cancelled,32.7,W20250521
T06173,V0313,D0398,R032,2025-06-04T04:34:00,2025-06-04T08:14:00,75,Completed,20.5,W20250604
T06174,V0098,D0467,R001,2025-07-06T07:45:00,2025-07-06T12:31:00,85,Cancelled,17.8,W20250706
T06175,V0261,D0093,R032,2025-09-20T15:40:00,2025-09-20T20:38:00,75,Completed,15.1,W20250920
T06176,V0132,D0384,R088,2025-06-08T23:04:00,2025-06-09T02:17:00,95,Completed,29.5,W20250608
T06177,V0285,D0150,R019,2025-03-24T11:53:00,2025-03-24T16:45:00,55,Completed,11.3,W20250324
T06178,V0112,D0467,R056,2025-01-14T16:00:00,2025-01-14T20:41:00,95,Completed,20.3,W20250114
T06179,V0406,D0246,R077,2025-06-23T00:59:00,2025-06-23T02:51:00,85,Completed,45.5,W20250623
T06180,V0067,D0046,R052,2025-07-09T18:59:00,2025-07-09T22:58:00,65,Cancelled,16.3,W20250709
T06181,V0093,D0552,R060,2025-05-28T20:17:00,2025-05-28T22:42:00,85,Completed,35.2,W20250528
T06182,V0077,D0412,R051,2025-06-29T09:49:00,2025-06-29T11:40:00,70,Completed,37.8,W20250629
T06183,V0298,D0126,R038,2025-04-04T18:34:00,2025-04-04T21:34:00,95,Completed,31.7,W20250404
T06184,V0423,D0363,R076,2025-07-11T03:18:00,2025-07-11T06:18:00,95,Cancelled,31.7,W20250711
T06185,V0143,D0161,R033,2025-10-08T00:03:00,2025-10-08T02:25:00,85,Completed,35.9,W20251008
T06186,V0466,D0610,R026,2025-02-24T18:11:00,2025-02-24T19:17:00,70,Completed,63.6,W20250224
T06187,V0365,D0514,R009,2025-07-02T00:27:00,2025-07-02T01:23:00,65,Completed,69.6,W20250702
T06188,V0200,D0146,R005,2025-05-12T09:58:00,2025-05-12T12:49:00,65,Completed,22.8,W20250512
T06189,V0244,D0633,R095,2025-03-04T03:02:00,2025-03-04T04:13:00,85,Completed,71.8,W20250304
T06190,V0037,D0247,R006,2025-11-12T02:51:00,2025-11-12T07:24:00,95,Cancelled,20.9,W20251112
T06191,V0464,D0293,R044,2025-02-10T11:10:00,2025-02-10T15:36:00,70,Completed,15.8,W20250210
T06192,V0249,D0569,R034,2025-06-25T17:17:00,2025-06-25T20:22:00,70,Cancelled,22.7,W20250625
T06193,V0413,D0637,R085,2025-09-18T08:06:00,2025-09-18T11:41:00,55,Completed,15.3,W20250918
T06194,V0155,D0201,R070,2025-04-01T09:06:00,2025-04-01T13:09:00,55,Cancelled,13.6,W20250401
T06195,V0254,D0212,R025,2025-09-08T18:49:00,2025-09-08T23:04:00,75,Cancelled,17.6,W20250908
T06196,V0046,D0429,R046,2025-01-04T20:41:00,2025-01-04T21:58:00,70,Completed,54.5,W20250104
T06197,V0488,D0654,R100,2025-06-28T22:06:00,2025-06-29T02:26:00,75,Cancelled,17.3,W20250628
T06198,V0136,D0237,R086,2025-06-09T10:29:00,2025-06-09T11:40:00,65,Completed,54.9,W20250609
T06199,V0353,D0060,R087,2025-02-17T02:52:00,2025-02-17T05:51:00,55,Completed,18.4,W20250217
T06200,V0379,D0562,R079,2025-10-16T14:40:00,2025-10-16T16:38:00,70,Completed,35.6,W20251016
T06201,V0381,D0428,R057,2025-09-09T02:29:00,2025-09-09T06:45:00,75,Completed,17.6,W20250909
T06202,V0489,D0355,R082,2025-05-07T00:22:00,2025-05-07T03:07:00,75,Cancelled,27.3,W20250507
T06203,V0415,D0418,R032,2025-04-04T01:57:00,2025-04-04T03:52:00,75,Completed,39.1,W20250404
T06204,V0108,D0631,R089,2025-04-12T18:32:00,2025-04-12T21:24:00,85,Completed,29.7,W20250412
T06205,V0081,D0406,R014,2025-05-05T07:48:00,2025-05-05T12:06:00,55,Completed,12.8,W20250505
T06206,V0046,D0326,R075,2025-06-09T05:12:00,2025-06-09T07:09:00,85,Cancelled,43.6,W20250609
T06207,V0208,D0331,R027,2025-05-12T22:34:00,2025-05-13T00:01:00,85,Cancelled,58.6,W20250512
T06208,V0089,D0341,R060,2025-08-08T04:19:00,2025-08-08T08:43:00,85,Completed,19.3,W20250808
T06209,V0352,D0693,R009,2025-10-28T04:10:00,2025-10-28T06:08:00,65,Completed,33.1,W20251028
T06210,V0124,D0690,R040,2025-04-04T12:46:00,2025-04-04T15:39:00,95,Completed,32.9,W20250404
T06211,V0117,D0541,R055,2025-11-09T03:44:00,2025-11-09T05:29:00,55,Cancelled,31.4,W20251109
T06212,V0274,D0307,R021,2025-05-16T09:39:00,2025-05-16T11:10:00,75,Completed,49.5,W20250516
T06213,V0143,D0196,R050,2025-06-15T23:06:00,2025-06-16T02:17:00,95,Completed,29.8,W20250615
T06214,V0159,D0308,R083,2025-08-06T06:46:00,2025-08-06T08:58:00,75,Cancelled,34.1,W20250806
T06215,V0052,D0152,R001,2025-01-18T04:59:00,2025-01-18T07:10:00,85,Cancelled,38.9,W20250118
T06216,V0182,D0022,R029,2025-06-18T18:23:00,2025-06-18T20:59:00,70,Completed,26.9,W20250618
T06217,V0423,D0089,R086,2025-10-21T23:07:00,2025-10-22T03:50:00,65,Completed,13.8,W20251021
T06218,V0498,D0178,R029,2025-04-26T16:27:00,2025-04-26T20:05:00,70,Cancelled,19.3,W20250426
T06219,V0129,D0502,R039,2025-08-27T13:38:00,2025-08-27T15:37:00,55,Cancelled,27.7,W20250827
T06220,V0474,D0097,R084,2025-10-15T20:49:00,2025-10-15T21:58:00,85,Completed,73.9,W20251015
T06221,V0493,D0086,R023,2025-12-24T17:57:00,2025-12-24T19:07:00,95,Cancelled,81.4,W20251224
T06222,V0412,D0489,R043,2025-09-20T12:35:00,2025-09-20T15:20:00,65,Completed,23.6,W20250920
T06223,V0236,D0133,R021,2025-01-08T06:39:00,2025-01-08T11:13:00,75,Completed,16.4,W20250108
T06224,V0168,D0335,R085,2025-07-16T16:24:00,2025-07-16T17:56:00,55,Cancelled,35.9,W20250716
T06225,V0263,D0422,R023,2025-10-28T10:58:00,2025-10-28T15:38:00,95,Completed,20.4,W20251028
T06226,V0401,D0653,R047,2025-10-29T08:13:00,2025-10-29T12:06:00,55,Completed,14.2,W20251029
T06227,V0346,D0327,R029,2025-06-29T22:42:00,2025-06-30T01:31:00,70,Completed,24.9,W20250629
T06228,V0113,D0347,R019,2025-01-05T15:00:00,2025-01-05T16:11:00,55,Completed,46.5,W20250105
T06229,V0160,D0143,R061,2025-11-22T02:57:00,2025-11-22T07:42:00,75,Completed,15.8,W20251122
T06230,V0193,D0482,R064,2025-12-27T15:49:00,2025-12-27T18:43:00,75,Cancelled,25.9,W20251227
T06231,V0423,D0359,R045,2025-10-15T10:23:00,2025-10-15T13:23:00,70,Completed,23.3,W20251015
T06232,V0399,D0022,R098,2025-05-17T04:51:00,2025-05-17T07:57:00,75,Completed,24.2,W20250517
T06233,V0198,D0405,R027,2025-06-16T01:25:00,2025-06-16T04:01:00,85,Cancelled,32.7,W20250616
T06234,V0296,D0483,R037,2025-06-24T08:40:00,2025-06-24T13:20:00,95,Completed,20.4,W20250624
T06235,V0366,D0486,R037,2025-10-29T04:59:00,2025-10-29T09:49:00,95,Completed,19.7,W20251029
T06236,V0246,D0008,R008,2025-04-05T18:07:00,2025-04-05T19:06:00,75,Completed,76.3,W20250405
T06237,V0009,D0632,R018,2025-12-13T00:52:00,2025-12-13T03:28:00,85,Completed,32.7,W20251213
T06238,V0469,D0351,R028,2025-06-05T02:22:00,2025-06-05T06:38:00,85,Completed,19.9,W20250605
T06239,V0275,D0350,R096,2025-02-05T17:35:00,2025-02-05T20:48:00,95,Completed,29.5,W20250205
T06240,V0436,D0254,R072,2025-01-28T05:31:00,2025-01-28T08:45:00,75,Completed,23.2,W20250128
T06241,V0140,D0351,R062,2025-06-14T03:53:00,2025-06-14T06:40:00,70,Cancelled,25.1,W20250614
T06242,V0410,D0486,R060,2025-04-03T15:41:00,2025-04-03T16:39:00,85,Cancelled,87.9,W20250403
T06243,V0313,D0600,R060,2025-05-26T13:50:00,2025-05-26T17:57:00,85,Completed,20.6,W20250526
T06244,V0067,D0011,R037,2025-06-08T15:45:00,2025-06-08T16:53:00,95,Completed,83.8,W20250608
T06245,V0012,D0428,R095,2025-06-01T13:20:00,2025-06-01T15:27:00,85,Completed,40.2,W20250601
T06246,V0315,D0525,R066,2025-09-25T15:55:00,2025-09-25T17:21:00,85,Completed,59.3,W20250925
T06247,V0259,D0198,R059,2025-11-05T04:43:00,2025-11-05T08:33:00,75,Completed,19.6,W20251105
T06248,V0322,D0077,R096,2025-12-23T16:00:00,2025-12-23T17:08:00,95,Completed,83.8,W20251223
T06249,V0059,D0406,R047,2025-04-24T23:23:00,2025-04-25T02:50:00,55,Cancelled,15.9,W20250424
T06250,V0246,D0015,R009,2025-07-11T19:42:00,2025-07-11T22:10:00,65,Completed,26.4,W20250711
T06251,V0027,D0477,R066,2025-06-11T19:49:00,2025-06-12T00:13:00,85,Completed,19.3,W20250611
T06252,V0150,D0611,R066,2025-07-12T12:17:00,2025-07-12T15:07:00,85,Completed,30.0,W20250712
T06253,V0349,D0380,R097,2025-09-25T22:22:00,2025-09-26T00:52:00,65,Cancelled,26.0,W20250925
T06254,V0390,D0637,R057,2025-02-23T10:00:00,2025-02-23T14:08:00,75,Cancelled,18.1,W20250223
T06255,V0347,D0368,R074,2025-04-26T22:50:00,2025-04-27T03:38:00,95,Cancelled,19.8,W20250426
T06256,V0473,D0009,R022,2025-12-01T17:19:00,2025-12-01T19:58:00,70,Completed,26.4,W20251201
T06257,V0308,D0658,R045,2025-03-18T05:12:00,2025-03-18T07:49:00,70,Completed,26.8,W20250318
T06258,V0397,D0592,R005,2025-10-16T05:04:00,2025-10-16T08:34:00,65,Completed,18.6,W20251016
T06259,V0454,D0466,R072,2025-05-29T00:50:00,2025-05-29T05:09:00,75,Completed,17.4,W20250529
T06260,V0357,D0377,R013,2025-08-12T13:33:00,2025-08-12T16:52:00,65,Cancelled,19.6,W20250812
T06261,V0063,D0459,R059,2025-02-11T22:35:00,2025-02-12T01:23:00,75,Completed,26.8,W20250211
T06262,V0066,D0162,R024,2025-07-13T01:06:00,2025-07-13T02:19:00,55,Completed,45.2,W20250713
T06263,V0217,D0576,R002,2025-02-01T23:12:00,2025-02-02T02:13:00,75,Completed,24.9,W20250201
T06264,V0179,D0050,R084,2025-02-19T03:05:00,2025-02-19T07:37:00,85,Completed,18.8,W20250219
T06265,V0057,D0270,R050,2025-07-26T17:07:00,2025-07-26T22:04:00,95,Completed,19.2,W20250726
T06266,V0273,D0515,R100,2025-01-06T18:36:00,2025-01-06T21:10:00,75,Completed,29.2,W20250106
T06267,V0348,D0537,R085,2025-09-29T18:05:00,2025-09-29T20:41:00,55,Completed,21.2,W20250929
T06268,V0435,D0321,R008,2025-06-17T01:02:00,2025-06-17T02:57:00,75,Completed,39.1,W20250617
T06269,V0468,D0600,R045,2025-03-11T14:42:00,2025-03-11T16:51:00,70,Completed,32.6,W20250311
T06270,V0342,D0187,R055,2025-08-06T15:50:00,2025-08-06T17:28:00,55,Cancelled,33.7,W20250806
T06271,V0227,D0299,R076,2025-10-10T10:17:00,2025-10-10T13:39:00,95,Completed,28.2,W20251010
T06272,V0199,D0191,R091,2025-12-19T20:03:00,2025-12-20T00:09:00,70,Cancelled,17.1,W20251219
T06273,V0498,D0282,R035,2025-03-19T06:08:00,2025-03-19T11:05:00,95,Completed,19.2,W20250319
T06274,V0074,D0104,R036,2025-05-01T23:08:00,2025-05-02T03:57:00,75,Completed,15.6,W20250501
T06275,V0150,D0297,R092,2025-08-26T20:09:00,2025-08-26T21:52:00,70,Cancelled,40.8,W20250826
T06276,V0456,D0496,R031,2025-07-02T04:29:00,2025-07-02T08:48:00,65,Completed,15.1,W20250702
T06277,V0455,D0355,R026,2025-03-14T08:55:00,2025-03-14T10:57:00,70,Completed,34.4,W20250314
T06278,V0465,D0519,R053,2025-02-04T12:34:00,2025-02-04T14:00:00,55,Cancelled,38.4,W20250204
T06279,V0388,D0358,R042,2025-04-05T13:25:00,2025-04-05T16:36:00,75,Completed,23.6,W20250405
T06280,V0041,D0678,R038,2025-05-11T14:42:00,2025-05-11T16:28:00,95,Cancelled,53.8,W20250511
T06281,V0317,D0171,R017,2025-05-06T03:41:00,2025-05-06T08:10:00,95,Completed,21.2,W20250506
T06282,V0255,D0237,R021,2025-08-06T10:55:00,2025-08-06T13:36:00,75,Completed,28.0,W20250806
T06283,V0048,D0055,R069,2025-07-29T22:53:00,2025-07-30T02:06:00,70,Completed,21.8,W20250729
T06284,V0371,D0398,R052,2025-05-18T15:59:00,2025-05-18T17:45:00,65,Completed,36.8,W20250518
T06285,V0371,D0076,R098,2025-11-16T10:34:00,2025-11-16T12:33:00,75,Cancelled,37.8,W20251116
T06286,V0134,D0608,R047,2025-01-12T06:39:00,2025-01-12T10:14:00,55,Completed,15.3,W20250112
T06287,V0469,D0451,R087,2025-08-01T14:21:00,2025-08-01T15:50:00,55,Completed,37.1,W20250801
T06288,V0195,D0691,R071,2025-09-04T09:42:00,2025-09-04T12:17:00,95,Completed,36.8,W20250904
T06289,V0148,D0053,R073,2025-01-08T16:14:00,2025-01-08T19:21:00,85,Cancelled,27.3,W20250108
T06290,V0051,D0337,R096,2025-04-01T20:25:00,2025-04-01T21:47:00,95,Completed,69.5,W20250401
T06291,V0225,D0486,R052,2025-07-19T11:39:00,2025-07-19T12:58:00,65,Completed,49.4,W20250719
T06292,V0219,D0366,R016,2025-12-12T06:02:00,2025-12-12T08:14:00,65,Completed,29.5,W20251212
T06293,V0334,D0108,R050,2025-09-16T18:22:00,2025-09-16T21:30:00,95,Cancelled,30.3,W20250916
T06294,V0303,D0674,R032,2025-11-24T03:35:00,2025-11-24T07:14:00,75,Completed,20.5,W20251124
T06295,V0400,D0207,R097,2025-10-24T15:29:00,2025-10-24T18:17:00,65,Cancelled,23.2,W20251024
T06296,V0301,D0539,R085,2025-09-22T05:35:00,2025-09-22T09:59:00,55,Completed,12.5,W20250922
T06297,V0128,D0462,R060,2025-03-31T19:02:00,2025-03-31T21:07:00,85,Completed,40.8,W20250331
T06298,V0011,D0603,R016,2025-10-12T13:59:00,2025-10-12T17:59:00,65,Completed,16.2,W20251012
T06299,V0270,D0666,R050,2025-08-24T20:25:00,2025-08-24T22:18:00,95,Completed,50.4,W20250824
T06300,V0331,D0424,R087,2025-06-16T01:30:00,2025-06-16T02:53:00,55,Completed,39.8,W20250616
T06301,V0411,D0504,R017,2025-07-28T14:51:00,2025-07-28T18:41:00,95,Completed,24.8,W20250728
T06302,V0236,D0139,R084,2025-09-05T17:10:00,2025-09-05T18:20:00,85,Cancelled,72.9,W20250905
T06303,V0202,D0409,R095,2025-02-08T03:14:00,2025-02-08T05:31:00,85,Cancelled,37.2,W20250208
T06304,V0095,D0034,R043,2025-10-07T15:43:00,2025-10-07T18:50:00,65,Completed,20.9,W20251007
T06305,V0322,D0229,R071,2025-11-23T15:51:00,2025-11-23T17:38:00,95,Completed,53.3,W20251123
T06306,V0053,D0125,R047,2025-05-15T10:22:00,2025-05-15T15:10:00,55,Completed,11.5,W20250515
T06307,V0125,D0199,R028,2025-06-23T22:43:00,2025-06-24T02:29:00,85,Completed,22.6,W20250623
T06308,V0080,D0527,R044,2025-12-31T13:32:00,2025-12-31T14:41:00,70,Cancelled,60.9,W20251231
T06309,V0419,D0096,R007,2025-01-07T23:15:00,2025-01-08T01:00:00,70,Completed,40.0,W20250107
T06310,V0246,D0162,R085,2025-06-18T22:02:00,2025-06-19T02:10:00,55,Completed,13.3,W20250618
T06311,V0463,D0105,R032,2025-05-16T20:10:00,2025-05-17T00:59:00,75,Cancelled,15.6,W20250516
T06312,V0027,D0639,R020,2025-05-18T04:36:00,2025-05-18T08:23:00,65,Completed,17.2,W20250518
T06313,V0203,D0640,R090,2025-01-29T12:04:00,2025-01-29T15:25:00,85,Cancelled,25.4,W20250129
T06314,V0372,D0596,R043,2025-03-29T08:24:00,2025-03-29T09:27:00,65,Completed,61.9,W20250329
T06315,V0414,D0378,R088,2025-01-10T12:37:00,2025-01-10T16:12:00,95,Completed,26.5,W20250110
T06316,V0146,D0662,R022,2025-09-09T23:28:00,2025-09-10T04:20:00,70,Completed,14.4,W20250909
T06317,V0401,D0433,R017,2025-01-08T05:47:00,2025-01-08T10:16:00,95,Completed,21.2,W20250108
T06318,V0452,D0294,R004,2025-02-02T23:57:00,2025-02-03T04:10:00,65,Completed,15.4,W20250202
T06319,V0012,D0306,R039,2025-01-31T10:31:00,2025-01-31T14:22:00,55,Completed,14.3,W20250131
T06320,V0114,D0517,R014,2025-08-23T08:00:00,2025-08-23T10:43:00,55,Completed,20.2,W20250823
T06321,V0445,D0519,R021,2025-05-31T16:18:00,2025-05-31T17:11:00,75,Completed,84.9,W20250531
T06322,V0259,D0012,R092,2025-08-16T19:56:00,2025-08-17T00:38:00,70,Completed,14.9,W20250816
T06323,V0400,D0229,R041,2025-02-27T19:16:00,2025-02-28T00:12:00,65,Cancelled,13.2,W20250227
T06324,V0312,D0474,R053,2025-10-07T20:41:00,2025-10-08T01:21:00,55,Completed,11.8,W20251007
T06325,V0324,D0484,R065,2025-07-28T10:28:00,2025-07-28T13:18:00,70,Completed,24.7,W20250728
T06326,V0182,D0092,R019,2025-03-18T23:26:00,2025-03-19T03:02:00,55,Completed,15.3,W20250318
T06327,V0298,D0043,R059,2025-08-21T06:15:00,2025-08-21T09:55:00,75,Completed,20.5,W20250821
T06328,V0062,D0470,R090,2025-10-05T21:48:00,2025-10-06T01:33:00,85,Completed,22.7,W20251005
T06329,V0440,D0394,R012,2025-02-11T00:59:00,2025-02-11T05:01:00,95,Completed,23.6,W20250211
T06330,V0452,D0281,R008,2025-06-14T23:51:00,2025-06-15T01:20:00,75,Completed,50.6,W20250614
T06331,V0072,D0040,R085,2025-06-30T18:07:00,2025-06-30T19:02:00,55,Completed,60.0,W20250630
T06332,V0046,D0393,R095,2025-06-29T16:39:00,2025-06-29T20:42:00,85,Cancelled,21.0,W20250629
T06333,V0071,D0173,R046,2025-09-16T05:47:00,2025-09-16T07:51:00,70,Completed,33.9,W20250916
T06334,V0330,D0503,R056,2025-09-09T04:23:00,2025-09-09T08:51:00,95,Completed,21.3,W20250909
T06335,V0280,D0479,R091,2025-05-21T05:38:00,2025-05-21T09:42:00,70,Cancelled,17.2,W20250521
T06336,V0013,D0436,R099,2025-07-13T15:03:00,2025-07-13T15:53:00,55,Completed,66.0,W20250713
T06337,V0432,D0427,R037,2025-01-18T02:35:00,2025-01-18T04:55:00,95,Completed,40.7,W20250118
T06338,V0393,D0579,R065,2025-06-30T16:21:00,2025-06-30T18:25:00,70,Cancelled,33.9,W20250630
T06339,V0482,D0105,R086,2025-10-10T09:44:00,2025-10-10T11:07:00,65,Completed,47.0,W20251010
T06340,V0437,D0380,R016,2025-06-19T04:29:00,2025-06-19T07:25:00,65,Completed,22.2,W20250619
T06341,V0172,D0044,R087,2025-02-16T19:50:00,2025-02-17T00:36:00,55,Completed,11.5,W20250216
T06342,V0083,D0650,R006,2025-08-14T22:34:00,2025-08-15T00:26:00,95,Cancelled,50.9,W20250814
T06343,V0073,D0230,R008,2025-07-09T09:41:00,2025-07-09T12:36:00,75,Completed,25.7,W20250709
T06344,V0325,D0658,R091,2025-10-08T10:53:00,2025-10-08T12:20:00,70,Cancelled,48.3,W20251008
T06345,V0340,D0405,R038,2025-04-06T18:54:00,2025-04-06T20:02:00,95,Completed,83.8,W20250406
T06346,V0004,D0539,R083,2025-11-05T09:58:00,2025-11-05T11:25:00,75,Completed,51.7,W20251105
T06347,V0088,D0301,R020,2025-01-18T02:47:00,2025-01-18T05:46:00,65,Completed,21.8,W20250118
T06348,V0355,D0386,R062,2025-05-15T23:49:00,2025-05-16T00:47:00,70,Completed,72.4,W20250515
T06349,V0078,D0084,R099,2025-07-12T12:10:00,2025-07-12T15:48:00,55,Completed,15.1,W20250712
T06350,V0223,D0065,R089,2025-03-04T13:40:00,2025-03-04T18:11:00,85,Cancelled,18.8,W20250304
T06351,V0249,D0329,R044,2025-04-13T03:27:00,2025-04-13T05:43:00,70,Completed,30.9,W20250413
T06352,V0097,D0601,R095,2025-11-04T06:55:00,2025-11-04T09:42:00,85,Cancelled,30.5,W20251104
T06353,V0342,D0245,R084,2025-07-13T07:16:00,2025-07-13T10:41:00,85,Completed,24.9,W20250713
T06354,V0083,D0136,R043,2025-10-14T09:28:00,2025-10-14T13:00:00,65,Completed,18.4,W20251014
T06355,V0444,D0556,R095,2025-05-18T07:19:00,2025-05-18T10:06:00,85,Completed,30.5,W20250518
T06356,V0216,D0046,R082,2025-03-28T19:37:00,2025-03-28T23:25:00,75,Completed,19.7,W20250328
T06357,V0070,D0461,R064,2025-07-16T11:38:00,2025-07-16T15:12:00,75,Completed,21.0,W20250716
T06358,V0483,D0623,R037,2025-07-08T14:03:00,2025-07-08T17:33:00,95,Cancelled,27.1,W20250708
T06359,V0299,D0198,R033,2025-09-27T05:36:00,2025-09-27T08:44:00,85,Cancelled,27.1,W20250927
T06360,V0111,D0085,R004,2025-01-20T19:22:00,2025-01-20T21:15:00,65,Cancelled,34.5,W20250120
T06361,V0098,D0009,R090,2025-07-02T07:21:00,2025-07-02T10:51:00,85,Completed,24.3,W20250702
T06362,V0246,D0383,R010,2025-05-25T18:22:00,2025-05-25T23:05:00,75,Cancelled,15.9,W20250525
T06363,V0051,D0292,R097,2025-04-17T16:24:00,2025-04-17T21:24:00,65,Cancelled,13.0,W20250417
T06364,V0411,D0291,R100,2025-07-18T22:56:00,2025-07-19T03:47:00,75,Completed,15.5,W20250718
T06365,V0245,D0269,R086,2025-05-25T20:16:00,2025-05-25T23:48:00,65,Cancelled,18.4,W20250525
T06366,V0478,D0253,R023,2025-03-27T12:24:00,2025-03-27T13:12:00,95,Completed,118.8,W20250327
T06367,V0431,D0139,R009,2025-05-23T08:09:00,2025-05-23T10:27:00,65,Completed,28.3,W20250523
T06368,V0388,D0187,R017,2025-08-05T13:26:00,2025-08-05T14:39:00,95,Completed,78.1,W20250805
T06369,V0495,D0248,R071,2025-09-01T05:40:00,2025-09-01T07:24:00,95,Cancelled,54.8,W20250901
T06370,V0202,D0079,R072,2025-07-17T02:55:00,2025-07-17T07:34:00,75,Completed,16.1,W20250717
T06371,V0491,D0518,R008,2025-08-05T23:58:00,2025-08-06T03:48:00,75,Completed,19.6,W20250805
T06372,V0011,D0130,R078,2025-08-13T23:16:00,2025-08-14T02:06:00,75,Completed,26.5,W20250813
T06373,V0389,D0674,R070,2025-04-04T18:03:00,2025-04-04T20:35:00,55,Cancelled,21.7,W20250404
T06374,V0310,D0612,R025,2025-10-21T07:08:00,2025-10-21T10:50:00,75,Completed,20.3,W20251021
T06375,V0321,D0424,R050,2025-03-18T13:52:00,2025-03-18T15:12:00,95,Cancelled,71.2,W20250318
T06376,V0252,D0245,R004,2025-06-27T10:37:00,2025-06-27T11:33:00,65,Completed,69.6,W20250627
T06377,V0455,D0493,R093,2025-02-19T04:29:00,2025-02-19T06:48:00,65,Completed,28.1,W20250219
T06378,V0217,D0487,R094,2025-04-03T07:24:00,2025-04-03T09:24:00,70,Cancelled,35.0,W20250403
T06379,V0095,D0693,R084,2025-07-18T02:26:00,2025-07-18T03:48:00,85,Completed,62.2,W20250718
T06380,V0131,D0458,R082,2025-04-22T03:30:00,2025-04-22T05:49:00,75,Completed,32.4,W20250422
T06381,V0384,D0065,R077,2025-10-08T22:10:00,2025-10-09T00:06:00,85,Cancelled,44.0,W20251008
T06382,V0189,D0593,R035,2025-05-19T15:55:00,2025-05-19T18:35:00,95,Completed,35.6,W20250519
T06383,V0195,D0254,R001,2025-12-29T04:46:00,2025-12-29T07:36:00,85,Completed,30.0,W20251229
T06384,V0085,D0555,R092,2025-07-12T10:47:00,2025-07-12T11:33:00,70,Completed,91.3,W20250712
T06385,V0468,D0425,R030,2025-04-15T04:50:00,2025-04-15T05:41:00,65,Completed,76.5,W20250415
T06386,V0449,D0360,R081,2025-08-04T19:33:00,2025-08-04T22:53:00,55,Completed,16.5,W20250804
T06387,V0420,D0695,R057,2025-05-21T06:36:00,2025-05-21T08:43:00,75,Cancelled,35.4,W20250521
T06388,V0171,D0519,R041,2025-01-05T13:41:00,2025-01-05T15:37:00,65,Completed,33.6,W20250105
T06389,V0001,D0168,R079,2025-08-26T09:29:00,2025-08-26T10:21:00,70,Completed,80.8,W20250826
T06390,V0409,D0130,R045,2025-10-15T21:05:00,2025-10-15T23:32:00,70,Completed,28.6,W20251015
T06391,V0362,D0327,R062,2025-07-19T19:03:00,2025-07-19T23:49:00,70,Completed,14.7,W20250719
T06392,V0161,D0544,R057,2025-07-10T22:40:00,2025-07-11T03:17:00,75,Completed,16.2,W20250710
T06393,V0168,D0171,R033,2025-11-01T21:13:00,2025-11-02T00:31:00,85,Completed,25.8,W20251101
T06394,V0235,D0184,R048,2025-01-27T11:11:00,2025-01-27T14:06:00,75,Completed,25.7,W20250127
T06395,V0094,D0558,R015,2025-10-04T23:25:00,2025-10-05T01:16:00,75,Cancelled,40.5,W20251004
T06396,V0040,D0063,R001,2025-07-31T02:50:00,2025-07-31T04:03:00,85,Completed,69.9,W20250731
T06397,V0048,D0070,R037,2025-11-18T17:03:00,2025-11-18T21:29:00,95,Completed,21.4,W20251118
T06398,V0204,D0240,R017,2025-06-24T09:58:00,2025-06-24T14:57:00,95,Completed,19.1,W20250624
T06399,V0095,D0346,R046,2025-08-28T11:02:00,2025-08-28T12:35:00,70,Completed,45.2,W20250828
T06400,V0494,D0410,R002,2025-06-18T02:45:00,2025-06-18T07:29:00,75,Completed,15.8,W20250618
T06401,V0425,D0651,R083,2025-08-14T00:04:00,2025-08-14T01:20:00,75,Completed,59.2,W20250814
T06402,V0400,D0283,R062,2025-05-18T09:45:00,2025-05-18T12:36:00,70,Cancelled,24.6,W20250518
T06403,V0467,D0093,R058,2025-07-26T16:19:00,2025-07-26T18:51:00,95,Completed,37.5,W20250726
T06404,V0285,D0554,R078,2025-11-15T08:44:00,2025-11-15T13:24:00,75,Completed,16.1,W20251115
T06405,V0114,D0144,R045,2025-07-27T21:03:00,2025-07-27T23:28:00,70,Completed,29.0,W20250727
T06406,V0046,D0399,R009,2025-10-28T09:54:00,2025-10-28T14:33:00,65,Completed,14.0,W20251028
T06407,V0157,D0694,R049,2025-11-28T10:13:00,2025-11-28T14:43:00,85,Cancelled,18.9,W20251128
T06408,V0415,D0112,R065,2025-05-27T05:45:00,2025-05-27T06:51:00,70,Completed,63.6,W20250527
T06409,V0382,D0216,R063,2025-05-09T18:50:00,2025-05-09T21:45:00,75,Cancelled,25.7,W20250509
T06410,V0235,D0483,R026,2025-12-18T20:56:00,2025-12-18T22:19:00,70,Completed,50.6,W20251218
T06411,V0457,D0218,R059,2025-03-19T18:44:00,2025-03-19T23:03:00,75,Completed,17.4,W20250319
T06412,V0418,D0230,R028,2025-02-09T07:47:00,2025-02-09T12:19:00,85,Cancelled,18.8,W20250209
T06413,V0407,D0629,R082,2025-09-16T23:26:00,2025-09-17T01:22:00,75,Completed,38.8,W20250916
T06414,V0328,D0231,R081,2025-02-21T14:45:00,2025-02-21T17:09:00,55,Cancelled,22.9,W20250221
T06415,V0487,D0668,R007,2025-08-19T18:12:00,2025-08-19T22:11:00,70,Cancelled,17.6,W20250819
T06416,V0371,D0188,R013,2025-06-16T06:33:00,2025-06-16T08:07:00,65,Completed,41.5,W20250616
T06417,V0136,D0651,R023,2025-07-02T06:42:00,2025-07-02T09:58:00,95,Completed,29.1,W20250702
T06418,V0229,D0324,R065,2025-01-28T13:41:00,2025-01-28T15:15:00,70,Completed,44.7,W20250128
T06419,V0304,D0470,R088,2025-10-10T22:26:00,2025-10-11T02:43:00,95,Completed,22.2,W20251010
T06420,V0273,D0519,R029,2025-02-14T06:42:00,2025-02-14T09:44:00,70,Completed,23.1,W20250214
T06421,V0353,D0613,R063,2025-05-28T12:59:00,2025-05-28T14:58:00,75,Cancelled,37.8,W20250528
T06422,V0010,D0369,R001,2025-05-24T07:06:00,2025-05-24T08:03:00,85,Completed,89.5,W20250524
T06423,V0432,D0552,R080,2025-11-22T14:54:00,2025-11-22T16:08:00,75,Completed,60.8,W20251122
T06424,V0073,D0671,R011,2025-12-12T03:21:00,2025-12-12T05:18:00,85,Completed,43.6,W20251212
T06425,V0135,D0452,R069,2025-08-22T20:54:00,2025-08-22T23:13:00,70,Completed,30.2,W20250822
T06426,V0291,D0443,R037,2025-01-17T17:05:00,2025-01-17T19:31:00,95,Cancelled,39.0,W20250117
T06427,V0322,D0426,R050,2025-04-18T03:16:00,2025-04-18T05:29:00,95,Cancelled,42.9,W20250418
T06428,V0199,D0092,R096,2025-10-20T02:11:00,2025-10-20T06:37:00,95,Completed,21.4,W20251020
T06429,V0066,D0608,R065,2025-02-09T07:22:00,2025-02-09T10:00:00,70,Completed,26.6,W20250209
T06430,V0113,D0205,R097,2025-10-11T03:26:00,2025-10-11T04:51:00,65,Completed,45.9,W20251011
T06431,V0195,D0123,R012,2025-02-13T13:02:00,2025-02-13T17:31:00,95,Cancelled,21.2,W20250213
T06432,V0358,D0114,R094,2025-11-03T03:10:00,2025-11-03T04:33:00,70,Completed,50.6,W20251103
T06433,V0283,D0568,R042,2025-02-25T00:04:00,2025-02-25T00:55:00,75,Completed,88.2,W20250225
T06434,V0202,D0530,R002,2025-06-05T08:11:00,2025-06-05T11:29:00,75,Completed,22.7,W20250605
T06435,V0225,D0131,R066,2025-10-15T08:19:00,2025-10-15T10:19:00,85,Completed,42.5,W20251015
T06436,V0136,D0648,R013,2025-07-01T02:10:00,2025-07-01T06:55:00,65,Completed,13.7,W20250701
T06437,V0072,D0600,R024,2025-05-28T02:59:00,2025-05-28T07:24:00,55,Cancelled,12.5,W20250528
T06438,V0354,D0561,R082,2025-06-21T07:52:00,2025-06-21T10:08:00,75,Completed,33.1,W20250621
T06439,V0242,D0540,R009,2025-01-08T08:05:00,2025-01-08T09:28:00,65,Cancelled,47.0,W20250108
T06440,V0460,D0676,R073,2025-12-02T18:02:00,2025-12-02T22:49:00,85,Cancelled,17.8,W20251202
T06441,V0244,D0436,R049,2025-04-19T18:03:00,2025-04-19T20:19:00,85,Cancelled,37.5,W20250419
T06442,V0405,D0529,R008,2025-08-01T11:08:00,2025-08-01T13:53:00,75,Completed,27.3,W20250801
T06443,V0364,D0158,R085,2025-02-18T12:59:00,2025-02-18T16:04:00,55,Cancelled,17.8,W20250218
T06444,V0164,D0611,R071,2025-02-05T10:04:00,2025-02-05T13:15:00,95,Completed,29.8,W20250205
T06445,V0114,D0634,R091,2025-09-12T04:58:00,2025-09-12T08:53:00,70,Completed,17.9,W20250912
T06446,V0379,D0113,R010,2025-06-22T07:02:00,2025-06-22T08:55:00,75,Completed,39.8,W20250622
T06447,V0232,D0061,R023,2025-04-17T04:09:00,2025-04-17T07:27:00,95,Cancelled,28.8,W20250417
T06448,V0411,D0174,R057,2025-04-03T07:36:00,2025-04-03T09:30:00,75,Completed,39.5,W20250403
T06449,V0446,D0578,R010,2025-10-07T05:29:00,2025-10-07T09:54:00,75,Completed,17.0,W20251007
T06450,V0129,D0681,R097,2025-02-01T16:49:00,2025-02-01T21:20:00,65,Completed,14.4,W20250201
T06451,V0178,D0541,R068,2025-11-16T11:12:00,2025-11-16T15:47:00,95,Completed,20.7,W20251116
T06452,V0431,D0658,R001,2025-11-20T00:18:00,2025-11-20T01:48:00,85,Completed,56.7,W20251120
T06453,V0177,D0292,R005,2025-01-25T23:22:00,2025-01-26T00:39:00,65,Completed,50.6,W20250125
T06454,V0196,D0229,R100,2025-11-05T03:20:00,2025-11-05T06:45:00,75,Completed,22.0,W20251105
T06455,V0243,D0449,R001,2025-03-05T20:03:00,2025-03-06T00:55:00,85,Completed,17.5,W20250305
T06456,V0094,D0233,R098,2025-08-16T20:05:00,2025-08-17T00:10:00,75,Cancelled,18.4,W20250816
T06457,V0193,D0075,R007,2025-03-21T22:03:00,2025-03-22T01:12:00,70,Completed,22.2,W20250321
T06458,V0157,D0476,R008,2025-04-19T21:51:00,2025-04-20T02:03:00,75,Completed,17.9,W20250419
T06459,V0387,D0435,R030,2025-10-14T14:02:00,2025-10-14T15:12:00,65,Completed,55.7,W20251014
T06460,V0058,D0177,R069,2025-10-10T15:59:00,2025-10-10T18:29:00,70,Cancelled,28.0,W20251010
T06461,V0466,D0543,R023,2025-11-25T09:30:00,2025-11-25T13:50:00,95,Completed,21.9,W20251125
T06462,V0035,D0050,R020,2025-07-19T11:39:00,2025-07-19T15:58:00,65,Completed,15.1,W20250719
T06463,V0133,D0132,R021,2025-08-19T04:56:00,2025-08-19T05:52:00,75,Completed,80.4,W20250819
T06464,V0334,D0374,R007,2025-10-29T12:22:00,2025-10-29T16:54:00,70,Completed,15.4,W20251029
T06465,V0126,D0041,R048,2025-05-07T03:18:00,2025-05-07T07:20:00,75,Completed,18.6,W20250507
T06466,V0451,D0572,R062,2025-07-17T21:25:00,2025-07-18T00:09:00,70,Completed,25.6,W20250717
T06467,V0458,D0138,R030,2025-03-19T18:14:00,2025-03-19T21:03:00,65,Cancelled,23.1,W20250319
T06468,V0248,D0586,R033,2025-02-28T04:24:00,2025-02-28T07:14:00,85,Completed,30.0,W20250228
T06469,V0455,D0453,R015,2025-05-23T13:30:00,2025-05-23T16:09:00,75,Completed,28.3,W20250523
T06470,V0042,D0385,R019,2025-01-18T00:33:00,2025-01-18T01:57:00,55,Completed,39.3,W20250118
T06471,V0171,D0102,R011,2025-02-06T06:15:00,2025-02-06T08:25:00,85,Completed,39.2,W20250206
T06472,V0043,D0027,R070,2025-07-04T03:58:00,2025-07-04T08:16:00,55,Completed,12.8,W20250704
T06473,V0096,D0305,R083,2025-12-21T11:26:00,2025-12-21T16:12:00,75,Completed,15.7,W20251221
T06474,V0068,D0299,R009,2025-08-20T22:13:00,2025-08-21T03:04:00,65,Cancelled,13.4,W20250820
T06475,V0336,D0356,R070,2025-03-18T20:41:00,2025-03-18T22:14:00,55,Completed,35.5,W20250318
T06476,V0126,D0370,R030,2025-08-27T19:04:00,2025-08-27T23:50:00,65,Completed,13.6,W20250827
T06477,V0375,D0652,R031,2025-10-13T09:18:00,2025-10-13T12:53:00,65,Completed,18.1,W20251013
T06478,V0173,D0394,R020,2025-01-20T09:33:00,2025-01-20T12:37:00,65,Completed,21.2,W20250120
T06479,V0028,D0601,R046,2025-05-02T08:03:00,2025-05-02T11:19:00,70,Cancelled,21.4,W20250502
T06480,V0066,D0328,R077,2025-02-05T09:30:00,2025-02-05T11:38:00,85,Cancelled,39.8,W20250205
T06481,V0273,D0256,R036,2025-01-11T12:49:00,2025-01-11T17:11:00,75,Completed,17.2,W20250111
T06482,V0306,D0039,R059,2025-07-30T23:58:00,2025-07-31T02:06:00,75,Cancelled,35.2,W20250730
T06483,V0115,D0021,R017,2025-12-22T23:15:00,2025-12-23T01:24:00,95,Completed,44.2,W20251222
T06484,V0200,D0567,R083,2025-11-15T02:34:00,2025-11-15T07:01:00,75,Cancelled,16.9,W20251115
T06485,V0488,D0586,R010,2025-11-14T08:04:00,2025-11-14T12:51:00,75,Completed,15.7,W20251114
T06486,V0081,D0043,R045,2025-01-26T08:44:00,2025-01-26T11:31:00,70,Completed,25.1,W20250126
T06487,V0282,D0163,R093,2025-12-03T21:13:00,2025-12-04T00:24:00,65,Completed,20.4,W20251203
T06488,V0408,D0535,R006,2025-11-20T11:53:00,2025-11-20T12:52:00,95,Cancelled,96.6,W20251120
T06489,V0493,D0461,R089,2025-10-05T03:04:00,2025-10-05T05:39:00,85,Completed,32.9,W20251005
T06490,V0484,D0046,R092,2025-08-01T21:03:00,2025-08-02T00:01:00,70,Cancelled,23.6,W20250801
T06491,V0288,D0425,R008,2025-02-08T03:36:00,2025-02-08T04:43:00,75,Cancelled,67.2,W20250208
T06492,V0495,D0116,R016,2025-06-09T19:56:00,2025-06-09T22:06:00,65,Completed,30.0,W20250609
T06493,V0205,D0201,R100,2025-03-04T00:50:00,2025-03-04T02:58:00,75,Completed,35.2,W20250304
T06494,V0064,D0540,R010,2025-05-01T10:19:00,2025-05-01T13:18:00,75,Completed,25.1,W20250501
T06495,V0406,D0644,R004,2025-07-18T07:35:00,2025-07-18T10:45:00,65,Completed,20.5,W20250718
T06496,V0384,D0127,R093,2025-02-16T13:17:00,2025-02-16T14:39:00,65,Completed,47.6,W20250216
T06497,V0067,D0206,R043,2025-01-20T03:29:00,2025-01-20T05:48:00,65,Cancelled,28.1,W20250120
T06498,V0304,D0390,R023,2025-12-04T13:30:00,2025-12-04T17:57:00,95,Completed,21.3,W20251204
T06499,V0165,D0050,R084,2025-06-04T07:26:00,2025-06-04T09:56:00,85,Completed,34.0,W20250604
T06500,V0307,D0332,R067,2025-11-16T18:13:00,2025-11-16T22:08:00,55,Completed,14.0,W20251116
T06501,V0049,D0177,R072,2025-08-14T08:18:00,2025-08-14T09:09:00,75,Completed,88.2,W20250814
T06502,V0394,D0549,R006,2025-12-02T16:26:00,2025-12-02T21:16:00,95,Cancelled,19.7,W20251202
T06503,V0173,D0301,R002,2025-10-20T17:46:00,2025-10-20T18:33:00,75,Cancelled,95.7,W20251020
T06504,V0478,D0331,R038,2025-07-03T15:14:00,2025-07-03T20:09:00,95,Completed,19.3,W20250703
T06505,V0109,D0314,R040,2025-05-12T04:27:00,2025-05-12T06:36:00,95,Completed,44.2,W20250512
T06506,V0120,D0492,R081,2025-11-15T02:28:00,2025-11-15T03:36:00,55,Completed,48.5,W20251115
T06507,V0191,D0187,R085,2025-03-15T14:57:00,2025-03-15T15:43:00,55,Completed,71.7,W20250315
T06508,V0270,D0299,R100,2025-12-07T07:40:00,2025-12-07T10:55:00,75,Completed,23.1,W20251207
T06509,V0341,D0616,R052,2025-02-19T08:39:00,2025-02-19T09:26:00,65,Completed,83.0,W20250219
T06510,V0052,D0217,R025,2025-03-02T23:03:00,2025-03-03T02:14:00,75,Cancelled,23.6,W20250302
T06511,V0355,D0077,R032,2025-05-05T04:43:00,2025-05-05T05:49:00,75,Completed,68.2,W20250505
T06512,V0460,D0569,R099,2025-01-27T14:15:00,2025-01-27T17:03:00,55,Cancelled,19.6,W20250127
T06513,V0048,D0103,R091,2025-01-21T16:58:00,2025-01-21T21:30:00,70,Completed,15.4,W20250121
T06514,V0491,D0422,R006,2025-05-30T06:21:00,2025-05-30T08:13:00,95,Completed,50.9,W20250530
T06515,V0241,D0051,R010,2025-01-24T17:29:00,2025-01-24T19:02:00,75,Completed,48.4,W20250124
T06516,V0332,D0162,R095,2025-05-14T14:33:00,2025-05-14T18:22:00,85,Cancelled,22.3,W20250514
T06517,V0132,D0686,R052,2025-08-31T13:01:00,2025-08-31T14:03:00,65,Completed,62.9,W20250831
T06518,V0319,D0061,R078,2025-06-08T21:55:00,2025-06-08T23:40:00,75,Cancelled,42.9,W20250608
T06519,V0099,D0221,R084,2025-07-05T21:11:00,2025-07-06T00:04:00,85,Cancelled,29.5,W20250705
T06520,V0073,D0427,R049,2025-04-15T01:25:00,2025-04-15T03:03:00,85,Completed,52.0,W20250415
T06521,V0249,D0042,R092,2025-08-03T18:09:00,2025-08-03T19:17:00,70,Completed,61.8,W20250803
T06522,V0391,D0525,R078,2025-03-23T08:38:00,2025-03-23T12:23:00,75,Completed,20.0,W20250323
T06523,V0114,D0416,R010,2025-08-10T00:38:00,2025-08-10T03:31:00,75,Completed,26.0,W20250810
T06524,V0490,D0201,R076,2025-07-25T21:16:00,2025-07-26T00:39:00,95,Cancelled,28.1,W20250725
T06525,V0437,D0341,R085,2025-03-03T16:29:00,2025-03-03T19:37:00,55,Completed,17.6,W20250303
T06526,V0006,D0367,R006,2025-11-16T09:23:00,2025-11-16T13:04:00,95,Completed,25.8,W20251116
T06527,V0157,D0479,R093,2025-07-11T21:57:00,2025-07-12T02:32:00,65,Completed,14.2,W20250711
T06528,V0068,D0390,R086,2025-03-13T00:59:00,2025-03-13T02:25:00,65,Completed,45.3,W20250313
T06529,V0203,D0154,R078,2025-09-26T21:58:00,2025-09-26T23:43:00,75,Completed,42.9,W20250926
T06530,V0105,D0535,R097,2025-05-18T05:48:00,2025-05-18T09:12:00,65,Completed,19.1,W20250518
T06531,V0205,D0113,R086,2025-08-18T04:50:00,2025-08-18T07:00:00,65,Completed,30.0,W20250818
T06532,V0140,D0293,R033,2025-03-27T19:17:00,2025-03-27T23:15:00,85,Completed,21.4,W20250327
T06533,V0300,D0206,R007,2025-06-16T13:15:00,2025-06-16T17:09:00,70,Completed,17.9,W20250616
T06534,V0315,D0699,R081,2025-06-03T05:44:00,2025-06-03T08:40:00,55,Completed,18.8,W20250603
T06535,V0275,D0204,R021,2025-12-28T02:42:00,2025-12-28T03:29:00,75,Cancelled,95.7,W20251228
T06536,V0300,D0431,R090,2025-12-26T08:51:00,2025-12-26T09:40:00,85,Cancelled,104.1,W20251226
T06537,V0162,D0180,R033,2025-05-16T17:08:00,2025-05-16T20:09:00,85,Completed,28.2,W20250516
T06538,V0326,D0046,R086,2025-04-06T17:30:00,2025-04-06T18:16:00,65,Cancelled,84.8,W20250406
T06539,V0033,D0140,R072,2025-02-16T08:16:00,2025-02-16T13:01:00,75,Completed,15.8,W20250216
T06540,V0303,D0208,R079,2025-03-13T06:21:00,2025-03-13T09:48:00,70,Completed,20.3,W20250313
T06541,V0457,D0052,R066,2025-09-25T02:40:00,2025-09-25T06:37:00,85,Completed,21.5,W20250925
T06542,V0407,D0481,R060,2025-04-10T15:26:00,2025-04-10T19:21:00,85,Completed,21.7,W20250410
T06543,V0079,D0174,R089,2025-04-25T15:00:00,2025-04-25T16:55:00,85,Completed,44.3,W20250425
T06544,V0368,D0085,R047,2025-12-10T08:55:00,2025-12-10T10:12:00,55,Completed,42.9,W20251210
T06545,V0337,D0512,R025,2025-10-30T06:45:00,2025-10-30T11:08:00,75,Completed,17.1,W20251030
T06546,V0238,D0610,R055,2025-06-16T06:00:00,2025-06-16T06:53:00,55,Completed,62.3,W20250616
T06547,V0076,D0656,R086,2025-01-23T12:31:00,2025-01-23T15:23:00,65,Completed,22.7,W20250123
T06548,V0242,D0487,R099,2025-03-05T08:37:00,2025-03-05T13:27:00,55,Cancelled,11.4,W20250305
T06549,V0136,D0514,R087,2025-04-18T17:26:00,2025-04-18T20:20:00,55,Completed,19.0,W20250418
T06550,V0091,D0633,R068,2025-04-11T13:12:00,2025-04-11T16:28:00,95,Completed,29.1,W20250411
T06551,V0103,D0394,R053,2025-06-06T20:11:00,2025-06-06T23:46:00,55,Cancelled,15.3,W20250606
T06552,V0495,D0489,R028,2025-01-24T17:20:00,2025-01-24T22:01:00,85,Cancelled,18.1,W20250124
T06553,V0225,D0674,R094,2025-10-10T20:02:00,2025-10-10T23:00:00,70,Completed,23.6,W20251010
T06554,V0013,D0435,R088,2025-02-05T21:44:00,2025-02-06T00:23:00,95,Cancelled,35.8,W20250205
T06555,V0290,D0318,R046,2025-11-09T04:36:00,2025-11-09T08:15:00,70,Completed,19.2,W20251109
T06556,V0373,D0616,R044,2025-08-01T12:26:00,2025-08-01T17:24:00,70,Completed,14.1,W20250801
T06557,V0404,D0338,R004,2025-06-09T03:35:00,2025-06-09T08:14:00,65,Completed,14.0,W20250609
T06558,V0021,D0261,R078,2025-01-18T14:43:00,2025-01-18T16:09:00,75,Completed,52.3,W20250118
T06559,V0056,D0308,R055,2025-04-24T14:21:00,2025-04-24T15:31:00,55,Completed,47.1,W20250424
T06560,V0030,D0386,R073,2025-10-25T21:12:00,2025-10-25T23:54:00,85,Cancelled,31.5,W20251025
T06561,V0269,D0481,R020,2025-07-31T09:01:00,2025-07-31T12:01:00,65,Cancelled,21.7,W20250731
T06562,V0185,D0472,R037,2025-11-03T03:47:00,2025-11-03T05:48:00,95,Cancelled,47.1,W20251103
T06563,V0341,D0457,R047,2025-01-28T00:20:00,2025-01-28T05:04:00,55,Completed,11.6,W20250128
T06564,V0014,D0341,R089,2025-01-29T22:03:00,2025-01-29T23:29:00,85,Completed,59.3,W20250129
T06565,V0011,D0620,R095,2025-01-29T17:30:00,2025-01-29T21:07:00,85,Completed,23.5,W20250129
T06566,V0103,D0564,R061,2025-08-17T10:41:00,2025-08-17T11:44:00,75,Completed,71.4,W20250817
T06567,V0129,D0483,R009,2025-09-09T04:18:00,2025-09-09T05:11:00,65,Completed,73.6,W20250909
T06568,V0470,D0558,R058,2025-03-15T23:28:00,2025-03-16T00:32:00,95,Cancelled,89.1,W20250315
T06569,V0126,D0645,R066,2025-06-02T05:05:00,2025-06-02T08:12:00,85,Cancelled,27.3,W20250602
T06570,V0025,D0467,R077,2025-09-15T01:14:00,2025-09-15T02:06:00,85,Completed,98.1,W20250915
T06571,V0003,D0695,R055,2025-10-30T22:27:00,2025-10-31T02:59:00,55,Completed,12.1,W20251030
T06572,V0457,D0659,R007,2025-01-31T11:15:00,2025-01-31T14:57:00,70,Completed,18.9,W20250131
T06573,V0342,D0231,R053,2025-05-22T00:36:00,2025-05-22T03:39:00,55,Completed,18.0,W20250522
T06574,V0192,D0589,R025,2025-07-27T15:47:00,2025-07-27T20:04:00,75,Completed,17.5,W20250727
T06575,V0108,D0580,R053,2025-10-10T23:12:00,2025-10-11T00:07:00,55,Completed,60.0,W20251010
T06576,V0179,D0671,R075,2025-03-08T21:09:00,2025-03-09T01:49:00,85,Completed,18.2,W20250308
T06577,V0385,D0253,R080,2025-06-03T16:17:00,2025-06-03T18:01:00,75,Completed,43.3,W20250603
T06578,V0420,D0422,R052,2025-07-25T13:21:00,2025-07-25T14:38:00,65,Completed,50.6,W20250725
T06579,V0125,D0297,R072,2025-02-10T07:48:00,2025-02-10T12:30:00,75,Completed,16.0,W20250210
T06580,V0479,D0155,R039,2025-07-25T15:27:00,2025-07-25T19:33:00,55,Completed,13.4,W20250725
T06581,V0180,D0145,R057,2025-01-02T03:01:00,2025-01-02T07:52:00,75,Cancelled,15.5,W20250102
T06582,V0411,D0148,R034,2025-06-23T20:34:00,2025-06-24T01:32:00,70,Completed,14.1,W20250623
T06583,V0169,D0658,R084,2025-04-21T12:44:00,2025-04-21T15:34:00,85,Completed,30.0,W20250421
T06584,V0319,D0442,R038,2025-11-13T03:32:00,2025-11-13T05:23:00,95,Completed,51.4,W20251113
T06585,V0336,D0365,R044,2025-01-16T23:31:00,2025-01-17T02:35:00,70,Completed,22.8,W20250116
T06586,V0234,D0471,R079,2025-06-18T18:12:00,2025-06-18T20:47:00,70,Completed,27.1,W20250618
T06587,V0441,D0313,R005,2025-01-08T23:25:00,2025-01-09T03:26:00,65,Cancelled,16.2,W20250108
T06588,V0257,D0157,R030,2025-07-16T05:36:00,2025-07-16T06:48:00,65,Completed,54.2,W20250716
T06589,V0081,D0206,R054,2025-12-23T12:40:00,2025-12-23T16:29:00,95,Completed,24.9,W20251223
T06590,V0374,D0149,R056,2025-01-07T04:18:00,2025-01-07T05:11:00,95,Completed,107.5,W20250107
T06591,V0388,D0022,R009,2025-04-13T19:25:00,2025-04-13T20:32:00,65,Completed,58.2,W20250413
T06592,V0153,D0016,R088,2025-02-07T14:07:00,2025-02-07T16:06:00,95,Completed,47.9,W20250207
T06593,V0245,D0620,R009,2025-12-01T12:59:00,2025-12-01T15:48:00,65,Completed,23.1,W20251201
T06594,V0121,D0400,R040,2025-04-24T15:17:00,2025-04-24T18:35:00,95,Completed,28.8,W20250424
T06595,V0368,D0036,R047,2025-06-15T03:57:00,2025-06-15T06:16:00,55,Completed,23.7,W20250615
T06596,V0015,D0311,R017,2025-06-26T16:20:00,2025-06-26T18:42:00,95,Completed,40.1,W20250626
T06597,V0140,D0292,R008,2025-06-16T11:59:00,2025-06-16T16:13:00,75,Completed,17.7,W20250616
T06598,V0194,D0192,R096,2025-03-15T03:04:00,2025-03-15T05:54:00,95,Completed,33.5,W20250315
T06599,V0098,D0336,R013,2025-12-31T19:07:00,2025-12-31T22:12:00,65,Completed,21.1,W20251231
T06600,V0449,D0570,R066,2025-08-22T20:24:00,2025-08-23T00:02:00,85,Completed,23.4,W20250822
T06601,V0485,D0696,R059,2025-07-27T13:13:00,2025-07-27T14:51:00,75,Cancelled,45.9,W20250727
T06602,V0247,D0150,R047,2025-05-25T19:20:00,2025-05-25T21:45:00,55,Completed,22.8,W20250525
T06603,V0041,D0107,R016,2025-11-21T14:36:00,2025-11-21T16:37:00,65,Completed,32.2,W20251121
T06604,V0349,D0573,R099,2025-03-19T06:26:00,2025-03-19T07:37:00,55,Completed,46.5,W20250319
T06605,V0174,D0042,R093,2025-09-08T01:32:00,2025-09-08T05:12:00,65,Completed,17.7,W20250908
T06606,V0155,D0228,R005,2025-08-31T00:03:00,2025-08-31T04:48:00,65,Cancelled,13.7,W20250831
T06607,V0222,D0232,R034,2025-07-10T11:13:00,2025-07-10T14:27:00,70,Cancelled,21.6,W20250710
T06608,V0144,D0354,R048,2025-10-08T10:33:00,2025-10-08T12:06:00,75,Completed,48.4,W20251008
T06609,V0106,D0683,R081,2025-10-18T15:07:00,2025-10-18T19:09:00,55,Completed,13.6,W20251018
T06610,V0140,D0535,R040,2025-07-04T09:52:00,2025-07-04T11:01:00,95,Completed,82.6,W20250704
T06611,V0449,D0134,R018,2025-11-03T11:07:00,2025-11-03T15:49:00,85,Cancelled,18.1,W20251103
T06612,V0054,D0368,R077,2025-12-07T22:58:00,2025-12-08T03:11:00,85,Completed,20.2,W20251207
T06613,V0470,D0537,R051,2025-07-03T11:58:00,2025-07-03T14:33:00,70,Cancelled,27.1,W20250703
T06614,V0047,D0163,R056,2025-11-22T06:58:00,2025-11-22T08:39:00,95,Completed,56.4,W20251122
T06615,V0482,D0310,R020,2025-12-20T17:29:00,2025-12-20T18:17:00,65,Completed,81.2,W20251220
T06616,V0499,D0403,R005,2025-03-21T00:42:00,2025-03-21T02:40:00,65,Cancelled,33.1,W20250321
T06617,V0097,D0622,R001,2025-01-05T03:32:00,2025-01-05T07:16:00,85,Completed,22.8,W20250105
T06618,V0092,D0290,R077,2025-10-12T17:55:00,2025-10-12T21:29:00,85,Cancelled,23.8,W20251012
T06619,V0242,D0192,R017,2025-07-26T05:44:00,2025-07-26T08:11:00,95,Completed,38.8,W20250726
T06620,V0084,D0217,R008,2025-07-05T01:10:00,2025-07-05T04:07:00,75,Completed,25.4,W20250705
T06621,V0450,D0026,R003,2025-03-21T02:12:00,2025-03-21T05:57:00,85,Cancelled,22.7,W20250321
T06622,V0320,D0361,R098,2025-06-18T02:30:00,2025-06-18T06:51:00,75,Completed,17.2,W20250618
T06623,V0443,D0484,R090,2025-09-30T06:00:00,2025-09-30T08:05:00,85,Completed,40.8,W20250930
T06624,V0423,D0635,R007,2025-12-30T16:24:00,2025-12-30T19:24:00,70,Completed,23.3,W20251230
T06625,V0035,D0441,R051,2025-07-31T00:20:00,2025-07-31T02:15:00,70,Completed,36.5,W20250731
T06626,V0147,D0182,R022,2025-07-12T20:59:00,2025-07-13T00:54:00,70,Completed,17.9,W20250712
T06627,V0037,D0445,R084,2025-03-18T18:00:00,2025-03-18T19:13:00,85,Completed,69.9,W20250318
T06628,V0116,D0074,R028,2025-12-22T18:50:00,2025-12-22T21:19:00,85,Completed,34.2,W20251222
T06629,V0422,D0357,R082,2025-12-20T19:51:00,2025-12-20T23:25:00,75,Completed,21.0,W20251220
T06630,V0422,D0197,R004,2025-06-16T18:05:00,2025-06-16T18:56:00,65,Completed,76.5,W20250616
T06631,V0433,D0545,R047,2025-05-01T09:28:00,2025-05-01T13:20:00,55,Completed,14.2,W20250501
T06632,V0227,D0207,R062,2025-05-25T09:23:00,2025-05-25T10:21:00,70,Cancelled,72.4,W20250525
T06633,V0306,D0509,R073,2025-04-06T03:37:00,2025-04-06T07:08:00,85,Completed,24.2,W20250406
T06634,V0286,D0639,R002,2025-09-29T08:06:00,2025-09-29T10:38:00,75,Completed,29.6,W20250929
T06635,V0044,D0500,R060,2025-07-22T00:52:00,2025-07-22T03:31:00,85,Cancelled,32.1,W20250722
T06636,V0199,D0428,R023,2025-04-02T17:09:00,2025-04-02T18:33:00,95,Cancelled,67.9,W20250402
T06637,V0260,D0124,R069,2025-01-15T08:36:00,2025-01-15T13:21:00,70,Completed,14.7,W20250115
T06638,V0381,D0084,R060,2025-01-30T10:24:00,2025-01-30T14:58:00,85,Completed,18.6,W20250130
T06639,V0120,D0205,R070,2025-05-17T19:33:00,2025-05-17T22:10:00,55,Completed,21.0,W20250517
T06640,V0101,D0315,R091,2025-08-19T14:07:00,2025-08-19T18:18:00,70,Completed,16.7,W20250819
T06641,V0288,D0078,R093,2025-03-26T23:22:00,2025-03-27T02:51:00,65,Cancelled,18.7,W20250326
T06642,V0345,D0615,R043,2025-03-19T04:57:00,2025-03-19T09:37:00,65,Cancelled,13.9,W20250319
T06643,V0422,D0539,R029,2025-09-15T16:34:00,2025-09-15T21:32:00,70,Completed,14.1,W20250915
T06644,V0274,D0375,R048,2025-08-28T06:01:00,2025-08-28T08:22:00,75,Cancelled,31.9,W20250828
T06645,V0395,D0233,R062,2025-07-28T22:20:00,2025-07-29T02:55:00,70,Cancelled,15.3,W20250728
T06646,V0274,D0022,R034,2025-03-27T10:22:00,2025-03-27T11:26:00,70,Completed,65.6,W20250327
T06647,V0432,D0360,R046,2025-06-23T16:20:00,2025-06-23T20:01:00,70,Completed,19.0,W20250623
T06648,V0235,D0138,R065,2025-04-04T01:03:00,2025-04-04T03:25:00,70,Completed,29.6,W20250404
T06649,V0274,D0442,R051,2025-02-28T20:49:00,2025-03-01T01:20:00,70,Completed,15.5,W20250228
T06650,V0042,D0177,R033,2025-03-06T07:32:00,2025-03-06T12:10:00,85,Completed,18.3,W20250306
T06651,V0055,D0529,R046,2025-01-04T12:16:00,2025-01-04T13:46:00,70,Cancelled,46.7,W20250104
T06652,V0366,D0035,R096,2025-09-11T17:30:00,2025-09-11T18:32:00,95,Completed,91.9,W20250911
T06653,V0320,D0527,R023,2025-03-25T11:03:00,2025-03-25T14:26:00,95,Cancelled,28.1,W20250325
T06654,V0078,D0064,R001,2025-04-05T19:31:00,2025-04-05T21:38:00,85,Completed,40.2,W20250405
T06655,V0368,D0171,R088,2025-09-12T07:29:00,2025-09-12T08:23:00,95,Completed,105.6,W20250912
T06656,V0314,D0238,R011,2025-09-12T16:16:00,2025-09-12T18:29:00,85,Completed,38.3,W20250912
T06657,V0460,D0416,R006,2025-12-11T07:37:00,2025-12-11T11:49:00,95,Cancelled,22.6,W20251211
T06658,V0154,D0367,R100,2025-01-12T05:34:00,2025-01-12T08:12:00,75,Completed,28.5,W20250112
T06659,V0133,D0303,R098,2025-06-19T14:21:00,2025-06-19T18:21:00,75,Completed,18.8,W20250619
T06660,V0258,D0350,R079,2025-10-31T23:45:00,2025-11-01T01:13:00,70,Completed,47.7,W20251031
T06661,V0078,D0296,R031,2025-02-01T06:51:00,2025-02-01T07:52:00,65,Completed,63.9,W20250201
T06662,V0318,D0479,R004,2025-08-26T07:03:00,2025-08-26T10:33:00,65,Completed,18.6,W20250826
T06663,V0383,D0070,R073,2025-06-06T04:00:00,2025-06-06T05:42:00,85,Completed,50.0,W20250606
T06664,V0375,D0516,R003,2025-10-20T12:29:00,2025-10-20T16:34:00,85,Completed,20.8,W20251020
T06665,V0490,D0174,R035,2025-12-04T07:01:00,2025-12-04T10:27:00,95,Completed,27.7,W20251204
T06666,V0162,D0040,R078,2025-10-22T04:42:00,2025-10-22T06:19:00,75,Completed,46.4,W20251022
T06667,V0397,D0307,R081,2025-10-06T12:55:00,2025-10-06T16:57:00,55,Completed,13.6,W20251006
T06668,V0271,D0198,R010,2025-08-31T00:54:00,2025-08-31T04:05:00,75,Completed,23.6,W20250831
T06669,V0142,D0028,R091,2025-03-05T10:24:00,2025-03-05T13:42:00,70,Completed,21.2,W20250305
T06670,V0486,D0099,R040,2025-07-06T17:06:00,2025-07-06T18:13:00,95,Completed,85.1,W20250706
T06671,V0063,D0537,R044,2025-10-24T05:28:00,2025-10-24T07:36:00,70,Cancelled,32.8,W20251024
T06672,V0441,D0292,R086,2025-06-08T10:20:00,2025-06-08T14:16:00,65,Completed,16.5,W20250608
T06673,V0158,D0699,R015,2025-07-05T02:28:00,2025-07-05T05:20:00,75,Cancelled,26.2,W20250705
T06674,V0073,D0659,R100,2025-11-06T09:49:00,2025-11-06T13:22:00,75,Completed,21.1,W20251106
T06675,V0030,D0610,R040,2025-07-03T11:55:00,2025-07-03T12:55:00,95,Completed,95.0,W20250703
T06676,V0426,D0272,R030,2025-07-10T12:50:00,2025-07-10T16:45:00,65,Cancelled,16.6,W20250710
T06677,V0293,D0394,R062,2025-03-02T13:09:00,2025-03-02T17:06:00,70,Completed,17.7,W20250302
T06678,V0363,D0533,R063,2025-08-29T11:08:00,2025-08-29T11:54:00,75,Completed,97.8,W20250829
T06679,V0068,D0210,R012,2025-01-16T10:33:00,2025-01-16T12:26:00,95,Completed,50.4,W20250116
T06680,V0003,D0460,R096,2025-04-08T18:42:00,2025-04-08T20:29:00,95,Completed,53.3,W20250408
T06681,V0496,D0560,R029,2025-01-08T01:38:00,2025-01-08T03:23:00,70,Completed,40.0,W20250108
T06682,V0436,D0395,R071,2025-10-25T18:31:00,2025-10-25T20:29:00,95,Cancelled,48.3,W20251025
T06683,V0249,D0656,R033,2025-09-09T21:56:00,2025-09-10T01:48:00,85,Completed,22.0,W20250909
T06684,V0135,D0417,R063,2025-02-05T04:18:00,2025-02-05T05:48:00,75,Cancelled,50.0,W20250205
T06685,V0423,D0019,R049,2025-05-23T19:13:00,2025-05-23T22:06:00,85,Completed,29.5,W20250523
T06686,V0016,D0350,R061,2025-10-17T07:50:00,2025-10-17T09:26:00,75,Cancelled,46.9,W20251017
T06687,V0131,D0505,R060,2025-09-01T21:27:00,2025-09-02T01:05:00,85,Completed,23.4,W20250901
T06688,V0030,D0201,R035,2025-09-30T21:02:00,2025-09-30T22:18:00,95,Cancelled,75.0,W20250930
T06689,V0021,D0326,R085,2025-11-29T08:35:00,2025-11-29T10:22:00,55,Completed,30.8,W20251129
T06690,V0019,D0404,R015,2025-01-16T07:59:00,2025-01-16T11:19:00,75,Cancelled,22.5,W20250116
T06691,V0396,D0484,R008,2025-10-19T21:35:00,2025-10-20T00:37:00,75,Cancelled,24.7,W20251019
T06692,V0154,D0469,R039,2025-01-15T00:18:00,2025-01-15T04:46:00,55,Completed,12.3,W20250115
T06693,V0093,D0168,R039,2025-11-12T06:49:00,2025-11-12T08:17:00,55,Completed,37.5,W20251112
T06694,V0141,D0484,R064,2025-12-27T11:36:00,2025-12-27T14:33:00,75,Completed,25.4,W20251227
T06695,V0374,D0450,R008,2025-06-15T16:40:00,2025-06-15T18:51:00,75,Completed,34.4,W20250615
T06696,V0305,D0610,R076,2025-06-21T04:58:00,2025-06-21T06:17:00,95,Completed,72.2,W20250621
T06697,V0334,D0163,R071,2025-07-24T15:42:00,2025-07-24T19:21:00,95,Completed,26.0,W20250724
T06698,V0463,D0668,R067,2025-06-04T03:27:00,2025-06-04T07:00:00,55,Completed,15.5,W20250604
T06699,V0275,D0241,R075,2025-02-02T18:09:00,2025-02-02T21:17:00,85,Completed,27.1,W20250202
T06700,V0085,D0581,R028,2025-10-14T01:32:00,2025-10-14T02:25:00,85,Completed,96.2,W20251014
T06701,V0226,D0122,R063,2025-08-15T21:47:00,2025-08-16T01:47:00,75,Cancelled,18.8,W20250815
T06702,V0123,D0682,R061,2025-05-19T01:42:00,2025-05-19T05:53:00,75,Completed,17.9,W20250519
T06703,V0184,D0216,R094,2025-04-11T23:38:00,2025-04-12T04:15:00,70,Completed,15.2,W20250411
T06704,V0064,D0099,R064,2025-06-29T13:25:00,2025-06-29T18:19:00,75,Completed,15.3,W20250629
T06705,V0074,D0268,R039,2025-11-10T07:34:00,2025-11-10T08:30:00,55,Completed,58.9,W20251110
T06706,V0408,D0490,R065,2025-08-15T13:13:00,2025-08-15T18:06:00,70,Completed,14.3,W20250815
T06707,V0265,D0136,R017,2025-04-18T09:18:00,2025-04-18T10:39:00,95,Completed,70.4,W20250418
T06708,V0130,D0537,R001,2025-10-21T21:35:00,2025-10-21T22:50:00,85,Completed,68.0,W20251021
T06709,V0122,D0533,R056,2025-02-10T16:43:00,2025-02-10T19:56:00,95,Completed,29.5,W20250210
T06710,V0396,D0371,R005,2025-11-03T11:38:00,2025-11-03T13:04:00,65,Completed,45.3,W20251103
T06711,V0270,D0149,R017,2025-06-11T22:57:00,2025-06-12T03:17:00,95,Completed,21.9,W20250611
T06712,V0415,D0057,R019,2025-03-20T16:33:00,2025-03-20T18:57:00,55,Cancelled,22.9,W20250320
T06713,V0348,D0452,R057,2025-10-27T02:25:00,2025-10-27T05:51:00,75,Cancelled,21.8,W20251027
T06714,V0475,D0138,R058,2025-11-21T13:24:00,2025-11-21T18:02:00,95,Completed,20.5,W20251121
T06715,V0125,D0636,R020,2025-07-13T19:53:00,2025-07-14T00:01:00,65,Completed,15.7,W20250713
T06716,V0409,D0247,R049,2025-06-09T10:20:00,2025-06-09T12:49:00,85,Completed,34.2,W20250609
T06717,V0484,D0168,R013,2025-08-07T09:37:00,2025-08-07T13:40:00,65,Completed,16.0,W20250807
T06718,V0415,D0112,R058,2025-05-16T05:25:00,2025-05-16T08:02:00,95,Completed,36.3,W20250516
T06719,V0075,D0066,R050,2025-11-22T00:33:00,2025-11-22T03:16:00,95,Completed,35.0,W20251122
T06720,V0009,D0485,R093,2025-05-09T02:23:00,2025-05-09T06:26:00,65,Completed,16.0,W20250509
T06721,V0061,D0436,R044,2025-03-03T02:52:00,2025-03-03T05:20:00,70,Completed,28.4,W20250303
T06722,V0053,D0467,R043,2025-09-16T13:32:00,2025-09-16T15:01:00,65,Cancelled,43.8,W20250916
T06723,V0453,D0121,R058,2025-12-17T20:19:00,2025-12-17T22:40:00,95,Completed,40.4,W20251217
T06724,V0335,D0535,R088,2025-09-03T14:23:00,2025-09-03T18:38:00,95,Completed,22.4,W20250903
T06725,V0025,D0370,R022,2025-11-16T19:59:00,2025-11-16T22:20:00,70,Completed,29.8,W20251116
T06726,V0025,D0180,R025,2025-12-09T14:13:00,2025-12-09T15:47:00,75,Cancelled,47.9,W20251209
T06727,V0286,D0410,R062,2025-10-26T02:50:00,2025-10-26T07:19:00,70,Completed,15.6,W20251026
T06728,V0253,D0462,R064,2025-11-14T02:36:00,2025-11-14T06:12:00,75,Completed,20.8,W20251114
T06729,V0037,D0190,R073,2025-02-07T02:51:00,2025-02-07T06:19:00,85,Completed,24.5,W20250207
T06730,V0441,D0663,R017,2025-02-28T23:18:00,2025-03-01T00:58:00,95,Cancelled,57.0,W20250228
T06731,V0378,D0005,R090,2025-12-31T13:23:00,2025-12-31T17:42:00,85,Completed,19.7,W20251231
T06732,V0063,D0147,R052,2025-01-09T14:12:00,2025-01-09T19:05:00,65,Completed,13.3,W20250109
T06733,V0254,D0217,R060,2025-04-04T21:07:00,2025-04-05T00:43:00,85,Cancelled,23.6,W20250404
T06734,V0363,D0069,R028,2025-03-20T00:29:00,2025-03-20T03:42:00,85,Completed,26.4,W20250320
T06735,V0126,D0597,R083,2025-10-27T11:48:00,2025-10-27T13:40:00,75,Cancelled,40.2,W20251027
T06736,V0277,D0063,R067,2025-12-28T05:46:00,2025-12-28T08:54:00,55,Completed,17.6,W20251228
T06737,V0318,D0385,R047,2025-01-03T20:34:00,2025-01-03T23:52:00,55,Cancelled,16.7,W20250103
T06738,V0146,D0082,R026,2025-12-06T15:26:00,2025-12-06T17:12:00,70,Completed,39.6,W20251206
T06739,V0011,D0467,R045,2025-11-17T10:04:00,2025-11-17T14:28:00,70,Completed,15.9,W20251117
T06740,V0495,D0515,R058,2025-05-05T02:45:00,2025-05-05T06:38:00,95,Cancelled,24.5,W20250505
T06741,V0314,D0183,R094,2025-08-10T11:12:00,2025-08-10T15:07:00,70,Completed,17.9,W20250810
T06742,V0099,D0281,R014,2025-08-13T13:00:00,2025-08-13T14:35:00,55,Completed,34.7,W20250813
T06743,V0378,D0443,R042,2025-01-27T08:22:00,2025-01-27T12:46:00,75,Completed,17.0,W20250127
T06744,V0309,D0081,R029,2025-12-22T20:45:00,2025-12-23T00:50:00,70,Completed,17.1,W20251222
T06745,V0090,D0056,R021,2025-11-14T15:46:00,2025-11-14T19:23:00,75,Completed,20.7,W20251114
T06746,V0030,D0229,R006,2025-03-26T07:44:00,2025-03-26T11:47:00,95,Completed,23.5,W20250326
T06747,V0185,D0254,R081,2025-10-21T08:02:00,2025-10-21T11:57:00,55,Completed,14.0,W20251021
T06748,V0440,D0420,R067,2025-05-07T13:43:00,2025-05-07T15:56:00,55,Completed,24.8,W20250507
T06749,V0284,D0446,R062,2025-04-29T06:01:00,2025-04-29T07:58:00,70,Completed,35.9,W20250429
T06750,V0158,D0654,R079,2025-01-13T18:06:00,2025-01-13T22:38:00,70,Completed,15.4,W20250113
T06751,V0149,D0284,R024,2025-03-05T19:06:00,2025-03-05T23:22:00,55,Completed,12.9,W20250305
T06752,V0343,D0059,R026,2025-05-11T15:15:00,2025-05-11T19:01:00,70,Completed,18.6,W20250511
T06753,V0150,D0015,R011,2025-09-12T15:26:00,2025-09-12T19:18:00,85,Completed,22.0,W20250912
T06754,V0203,D0179,R094,2025-02-08T22:08:00,2025-02-08T23:22:00,70,Completed,56.8,W20250208
T06755,V0061,D0255,R025,2025-01-06T13:44:00,2025-01-06T18:27:00,75,Completed,15.9,W20250106
T06756,V0404,D0114,R034,2025-08-15T23:22:00,2025-08-16T01:28:00,70,Completed,33.3,W20250815
T06757,V0346,D0352,R034,2025-12-29T12:20:00,2025-12-29T16:34:00,70,Completed,16.5,W20251229
T06758,V0209,D0242,R082,2025-02-15T13:20:00,2025-02-15T16:16:00,75,Cancelled,25.6,W20250215
T06759,V0103,D0371,R036,2025-02-12T07:09:00,2025-02-12T11:28:00,75,Completed,17.4,W20250212
T06760,V0307,D0229,R041,2025-05-07T19:15:00,2025-05-07T20:27:00,65,Completed,54.2,W20250507
T06761,V0404,D0632,R081,2025-10-09T13:06:00,2025-10-09T15:04:00,55,Cancelled,28.0,W20251009
T06762,V0470,D0698,R045,2025-09-20T06:35:00,2025-09-20T10:18:00,70,Completed,18.8,W20250920
T06763,V0329,D0380,R066,2025-05-16T22:50:00,2025-05-16T23:44:00,85,Completed,94.4,W20250516
T06764,V0432,D0011,R090,2025-10-01T13:15:00,2025-10-01T16:59:00,85,Completed,22.8,W20251001
T06765,V0325,D0001,R017,2025-12-04T01:33:00,2025-12-04T05:22:00,95,Cancelled,24.9,W20251204
T06766,V0385,D0394,R001,2025-08-30T13:48:00,2025-08-30T16:59:00,85,Completed,26.7,W20250830
T06767,V0349,D0481,R082,2025-05-24T18:29:00,2025-05-24T22:48:00,75,Completed,17.4,W20250524
T06768,V0495,D0495,R076,2025-06-09T01:13:00,2025-06-09T04:47:00,95,Cancelled,26.6,W20250609
T06769,V0085,D0335,R049,2025-05-30T20:09:00,2025-05-30T23:22:00,85,Completed,26.4,W20250530
T06770,V0006,D0209,R081,2025-10-06T11:53:00,2025-10-06T16:17:00,55,Completed,12.5,W20251006
T06771,V0479,D0670,R047,2025-06-01T01:55:00,2025-06-01T04:40:00,55,Completed,20.0,W20250601
T06772,V0318,D0212,R064,2025-08-07T01:51:00,2025-08-07T06:24:00,75,Completed,16.5,W20250807
T06773,V0068,D0529,R030,2025-11-17T06:32:00,2025-11-17T09:35:00,65,Completed,21.3,W20251117
T06774,V0223,D0602,R071,2025-04-26T08:14:00,2025-04-26T09:49:00,95,Completed,60.0,W20250426
T06775,V0183,D0370,R055,2025-11-11T16:41:00,2025-11-11T18:41:00,55,Completed,27.5,W20251111
T06776,V0191,D0311,R029,2025-06-26T13:02:00,2025-06-26T14:49:00,70,Cancelled,39.3,W20250626
T06777,V0058,D0196,R062,2025-07-23T03:59:00,2025-07-23T08:50:00,70,Completed,14.4,W20250723
T06778,V0025,D0496,R037,2025-03-10T20:22:00,2025-03-10T23:16:00,95,Completed,32.8,W20250310
T06779,V0161,D0119,R100,2025-10-07T15:36:00,2025-10-07T20:31:00,75,Completed,15.3,W20251007
T06780,V0285,D0360,R052,2025-02-04T13:48:00,2025-02-04T17:14:00,65,Completed,18.9,W20250204
T06781,V0500,D0197,R062,2025-03-21T10:29:00,2025-03-21T12:33:00,70,Cancelled,33.9,W20250321
T06782,V0091,D0604,R086,2025-01-22T15:18:00,2025-01-22T18:31:00,65,Cancelled,20.2,W20250122
T06783,V0046,D0395,R049,2025-05-22T19:16:00,2025-05-22T20:46:00,85,Completed,56.7,W20250522
T06784,V0474,D0145,R074,2025-03-02T02:13:00,2025-03-02T04:26:00,95,Completed,42.9,W20250302
T06785,V0109,D0073,R014,2025-06-12T07:59:00,2025-06-12T10:13:00,55,Completed,24.6,W20250612
T06786,V0436,D0280,R074,2025-09-02T09:07:00,2025-09-02T11:43:00,95,Cancelled,36.5,W20250902
T06787,V0278,D0087,R087,2025-04-30T20:59:00,2025-04-30T23:25:00,55,Completed,22.6,W20250430
T06788,V0181,D0519,R052,2025-03-19T09:36:00,2025-03-19T14:29:00,65,Cancelled,13.3,W20250319
T06789,V0243,D0532,R029,2025-06-28T03:09:00,2025-06-28T05:37:00,70,Completed,28.4,W20250628
T06790,V0316,D0434,R068,2025-09-17T17:48:00,2025-09-17T21:46:00,95,Cancelled,23.9,W20250917
T06791,V0344,D0227,R064,2025-04-18T03:34:00,2025-04-18T05:25:00,75,Completed,40.5,W20250418
T06792,V0183,D0285,R025,2025-03-24T17:19:00,2025-03-24T18:48:00,75,Cancelled,50.6,W20250324
T06793,V0013,D0300,R077,2025-07-17T06:43:00,2025-07-17T09:33:00,85,Completed,30.0,W20250717
T06794,V0289,D0042,R091,2025-08-07T10:20:00,2025-08-07T14:40:00,70,Completed,16.2,W20250807
T06795,V0125,D0132,R091,2025-08-07T05:12:00,2025-08-07T09:07:00,70,Completed,17.9,W20250807
T06796,V0022,D0402,R017,2025-04-06T08:23:00,2025-04-06T09:55:00,95,Completed,62.0,W20250406
T06797,V0273,D0379,R056,2025-12-19T22:30:00,2025-12-20T00:15:00,95,Completed,54.3,W20251219
T06798,V0424,D0474,R081,2025-12-14T08:48:00,2025-12-14T13:19:00,55,Completed,12.2,W20251214
T06799,V0257,D0132,R047,2025-05-05T13:53:00,2025-05-05T18:40:00,55,Cancelled,11.5,W20250505
T06800,V0102,D0165,R014,2025-04-12T19:33:00,2025-04-12T20:40:00,55,Completed,49.3,W20250412
T06801,V0101,D0033,R100,2025-08-27T22:11:00,2025-08-28T01:19:00,75,Completed,23.9,W20250827
T06802,V0127,D0602,R004,2025-07-17T01:33:00,2025-07-17T02:24:00,65,Cancelled,76.5,W20250717
T06803,V0158,D0089,R057,2025-10-13T09:45:00,2025-10-13T10:59:00,75,Completed,60.8,W20251013
T06804,V0093,D0625,R051,2025-11-18T02:52:00,2025-11-18T05:11:00,70,Completed,30.2,W20251118
T06805,V0210,D0214,R075,2025-09-02T08:00:00,2025-09-02T11:50:00,85,Cancelled,22.2,W20250902
T06806,V0443,D0524,R032,2025-02-19T00:04:00,2025-02-19T01:25:00,75,Cancelled,55.6,W20250219
T06807,V0125,D0018,R045,2025-09-02T03:08:00,2025-09-02T08:08:00,70,Completed,14.0,W20250902
T06808,V0337,D0287,R021,2025-06-23T09:53:00,2025-06-23T10:43:00,75,Completed,90.0,W20250623
T06809,V0094,D0548,R010,2025-10-30T17:21:00,2025-10-30T21:26:00,75,Completed,18.4,W20251030
T06810,V0362,D0249,R076,2025-07-04T09:43:00,2025-07-04T13:06:00,95,Completed,28.1,W20250704
T06811,V0184,D0670,R015,2025-09-22T04:07:00,2025-09-22T07:23:00,75,Cancelled,23.0,W20250922
T06812,V0454,D0466,R012,2025-12-25T10:51:00,2025-12-25T12:57:00,95,Completed,45.2,W20251225
T06813,V0157,D0121,R055,2025-04-06T18:04:00,2025-04-06T19:14:00,55,Completed,47.1,W20250406
T06814,V0041,D0170,R006,2025-01-18T04:57:00,2025-01-18T07:44:00,95,Completed,34.1,W20250118
T06815,V0039,D0457,R048,2025-08-13T09:13:00,2025-08-13T10:27:00,75,Cancelled,60.8,W20250813
T06816,V0392,D0456,R092,2025-12-25T15:46:00,2025-12-25T17:07:00,70,Completed,51.9,W20251225
T06817,V0217,D0658,R028,2025-10-24T04:23:00,2025-10-24T08:59:00,85,Completed,18.5,W20251024
T06818,V0026,D0557,R088,2025-03-09T02:47:00,2025-03-09T04:45:00,95,Completed,48.3,W20250309
T06819,V0040,D0573,R063,2025-04-12T18:02:00,2025-04-12T22:33:00,75,Cancelled,16.6,W20250412
T06820,V0438,D0641,R080,2025-08-12T00:06:00,2025-08-12T02:31:00,75,Cancelled,31.0,W20250812
T06821,V0275,D0590,R094,2025-01-29T22:47:00,2025-01-30T03:32:00,70,Completed,14.7,W20250129
T06822,V0460,D0477,R033,2025-11-20T12:52:00,2025-11-20T17:12:00,85,Cancelled,19.6,W20251120
T06823,V0393,D0580,R099,2025-09-14T02:46:00,2025-09-14T05:42:00,55,Completed,18.8,W20250914
T06824,V0094,D0292,R072,2025-02-16T01:30:00,2025-02-16T06:04:00,75,Cancelled,16.4,W20250216
T06825,V0256,D0633,R069,2025-09-26T23:19:00,2025-09-27T02:39:00,70,Completed,21.0,W20250926
T06826,V0450,D0518,R037,2025-02-11T21:40:00,2025-02-12T01:09:00,95,Completed,27.3,W20250211
T06827,V0385,D0369,R099,2025-03-06T11:27:00,2025-03-06T13:33:00,55,Completed,26.2,W20250306
T06828,V0431,D0265,R074,2025-03-25T05:54:00,2025-03-25T09:19:00,95,Completed,27.8,W20250325
T06829,V0092,D0052,R049,2025-02-18T12:43:00,2025-02-18T17:24:00,85,Completed,18.1,W20250218
T06830,V0173,D0075,R034,2025-08-30T17:32:00,2025-08-30T20:21:00,70,Completed,24.9,W20250830
T06831,V0492,D0144,R013,2025-08-19T20:20:00,2025-08-20T01:10:00,65,Cancelled,13.4,W20250819
T06832,V0115,D0098,R061,2025-09-10T11:14:00,2025-09-10T13:16:00,75,Cancelled,36.9,W20250910
T06833,V0274,D0374,R035,2025-10-16T18:57:00,2025-10-16T20:25:00,95,Cancelled,64.8,W20251016
T06834,V0388,D0623,R037,2025-11-25T06:49:00,2025-11-25T09:51:00,95,Completed,31.3,W20251125
T06835,V0238,D0423,R019,2025-03-23T15:44:00,2025-03-23T19:35:00,55,Completed,14.3,W20250323
T06836,V0186,D0261,R078,2025-06-12T12:18:00,2025-06-12T14:40:00,75,Cancelled,31.7,W20250612
T06837,V0155,D0660,R092,2025-04-29T21:37:00,2025-04-30T02:06:00,70,Cancelled,15.6,W20250429
T06838,V0328,D0307,R014,2025-09-14T04:55:00,2025-09-14T07:02:00,55,Completed,26.0,W20250914
T06839,V0166,D0404,R089,2025-05-26T17:28:00,2025-05-26T19:53:00,85,Completed,35.2,W20250526
T06840,V0081,D0132,R022,2025-04-14T22:28:00,2025-04-15T02:55:00,70,Completed,15.7,W20250414
T06841,V0113,D0309,R001,2025-11-23T00:53:00,2025-11-23T02:45:00,85,Completed,45.5,W20251123
T06842,V0465,D0631,R042,2025-05-26T18:32:00,2025-05-26T21:41:00,75,Completed,23.8,W20250526
T06843,V0448,D0033,R045,2025-03-19T22:23:00,2025-03-20T02:31:00,70,Cancelled,16.9,W20250319
T06844,V0077,D0349,R020,2025-08-29T20:01:00,2025-08-29T21:58:00,65,Cancelled,33.3,W20250829
T06845,V0090,D0333,R080,2025-03-10T00:52:00,2025-03-10T05:03:00,75,Cancelled,17.9,W20250310
T06846,V0300,D0186,R022,2025-08-09T21:00:00,2025-08-09T21:50:00,70,Cancelled,84.0,W20250809
T06847,V0427,D0522,R089,2025-06-13T23:22:00,2025-06-14T03:28:00,85,Completed,20.7,W20250613
T06848,V0133,D0492,R024,2025-09-12T16:39:00,2025-09-12T20:34:00,55,Completed,14.0,W20250912
T06849,V0170,D0695,R057,2025-06-24T23:25:00,2025-06-25T02:52:00,75,Completed,21.7,W20250624
T06850,V0253,D0303,R055,2025-11-19T21:56:00,2025-11-20T01:12:00,55,Cancelled,16.8,W20251119
T06851,V0209,D0303,R098,2025-10-09T04:03:00,2025-10-09T08:40:00,75,Completed,16.2,W20251009
T06852,V0304,D0644,R075,2025-09-24T14:32:00,2025-09-24T17:20:00,85,Completed,30.4,W20250924
T06853,V0473,D0347,R075,2025-04-30T21:08:00,2025-05-01T00:05:00,85,Completed,28.8,W20250430
T06854,V0345,D0072,R042,2025-05-13T13:18:00,2025-05-13T17:11:00,75,Completed,19.3,W20250513
T06855,V0467,D0284,R062,2025-06-03T00:56:00,2025-06-03T01:50:00,70,Completed,77.8,W20250603
T06856,V0313,D0289,R071,2025-06-29T20:42:00,2025-06-30T00:48:00,95,Cancelled,23.2,W20250629
T06857,V0465,D0340,R008,2025-06-19T01:34:00,2025-06-19T04:12:00,75,Cancelled,28.5,W20250619
T06858,V0093,D0310,R036,2025-02-11T18:20:00,2025-02-11T21:50:00,75,Completed,21.4,W20250211
T06859,V0496,D0655,R013,2025-03-23T00:00:00,2025-03-23T02:39:00,65,Completed,24.5,W20250323
T06860,V0177,D0134,R059,2025-07-27T20:05:00,2025-07-27T22:16:00,75,Cancelled,34.4,W20250727
T06861,V0442,D0012,R091,2025-07-27T19:47:00,2025-07-27T22:40:00,70,Cancelled,24.3,W20250727
T06862,V0346,D0370,R093,2025-12-13T21:41:00,2025-12-14T01:51:00,65,Completed,15.6,W20251213
T06863,V0209,D0115,R080,2025-04-21T05:31:00,2025-04-21T06:48:00,75,Cancelled,58.4,W20250421
T06864,V0134,D0252,R085,2025-09-25T03:40:00,2025-09-25T05:18:00,55,Completed,33.7,W20250925
T06865,V0437,D0653,R017,2025-08-20T15:26:00,2025-08-20T19:34:00,95,Completed,23.0,W20250820
T06866,V0072,D0050,R049,2025-01-26T16:01:00,2025-01-26T17:27:00,85,Completed,59.3,W20250126
T06867,V0344,D0170,R086,2025-06-12T08:46:00,2025-06-12T13:21:00,65,Completed,14.2,W20250612
T06868,V0430,D0484,R097,2025-09-19T11:46:00,2025-09-19T12:48:00,65,Cancelled,62.9,W20250919
T06869,V0201,D0092,R091,2025-08-20T08:57:00,2025-08-20T10:10:00,70,Cancelled,57.5,W20250820
T06870,V0257,D0553,R092,2025-02-06T22:27:00,2025-02-07T02:44:00,70,Cancelled,16.3,W20250206
T06871,V0468,D0441,R052,2025-09-02T12:33:00,2025-09-02T17:17:00,65,Completed,13.7,W20250902
T06872,V0157,D0506,R080,2025-02-04T09:33:00,2025-02-04T13:13:00,75,Completed,20.5,W20250204
T06873,V0449,D0156,R099,2025-02-27T20:27:00,2025-02-27T22:49:00,55,Cancelled,23.2,W20250227
T06874,V0050,D0114,R050,2025-02-09T00:38:00,2025-02-09T05:25:00,95,Completed,19.9,W20250209
T06875,V0483,D0425,R037,2025-11-23T02:19:00,2025-11-23T07:09:00,95,Cancelled,19.7,W20251123
T06876,V0464,D0005,R081,2025-07-13T14:39:00,2025-07-13T18:38:00,55,Cancelled,13.8,W20250713
T06877,V0349,D0272,R020,2025-05-20T18:59:00,2025-05-20T21:52:00,65,Completed,22.5,W20250520
T06878,V0062,D0655,R070,2025-01-19T05:16:00,2025-01-19T06:54:00,55,Completed,33.7,W20250119
T06879,V0036,D0615,R028,2025-02-28T02:14:00,2025-02-28T05:18:00,85,Completed,27.7,W20250228
T06880,V0212,D0501,R073,2025-04-24T06:08:00,2025-04-24T08:51:00,85,Completed,31.3,W20250424
T06881,V0170,D0669,R034,2025-09-14T13:49:00,2025-09-14T16:17:00,70,Cancelled,28.4,W20250914
T06882,V0204,D0306,R071,2025-10-26T16:11:00,2025-10-26T20:33:00,95,Completed,21.8,W20251026
T06883,V0194,D0025,R067,2025-01-05T03:59:00,2025-01-05T05:27:00,55,Completed,37.5,W20250105
T06884,V0074,D0324,R058,2025-09-05T19:17:00,2025-09-05T20:10:00,95,Completed,107.5,W20250905
T06885,V0420,D0421,R078,2025-11-05T21:00:00,2025-11-05T21:51:00,75,Completed,88.2,W20251105
T06886,V0077,D0472,R076,2025-10-04T21:30:00,2025-10-05T02:01:00,95,Completed,21.0,W20251004
T06887,V0011,D0490,R069,2025-01-11T07:42:00,2025-01-11T12:06:00,70,Completed,15.9,W20250111
T06888,V0143,D0047,R045,2025-10-31T04:06:00,2025-10-31T06:31:00,70,Completed,29.0,W20251031
T06889,V0177,D0689,R084,2025-12-11T17:20:00,2025-12-11T18:25:00,85,Completed,78.5,W20251211
T06890,V0069,D0141,R018,2025-04-05T00:33:00,2025-04-05T02:35:00,85,Completed,41.8,W20250405
T06891,V0159,D0642,R056,2025-08-31T21:41:00,2025-09-01T02:25:00,95,Completed,20.1,W20250831
T06892,V0107,D0144,R034,2025-02-18T01:33:00,2025-02-18T02:34:00,70,Cancelled,68.9,W20250218
T06893,V0351,D0440,R060,2025-04-02T02:31:00,2025-04-02T03:19:00,85,Completed,106.2,W20250402
T06894,V0079,D0260,R042,2025-02-25T01:46:00,2025-02-25T04:52:00,75,Completed,24.2,W20250225
T06895,V0265,D0370,R035,2025-01-28T11:00:00,2025-01-28T12:05:00,95,Completed,87.7,W20250128
T06896,V0441,D0178,R042,2025-04-27T11:33:00,2025-04-27T14:36:00,75,Completed,24.6,W20250427
T06897,V0134,D0578,R090,2025-02-26T06:02:00,2025-02-26T08:05:00,85,Cancelled,41.5,W20250226
T06898,V0203,D0341,R099,2025-12-31T07:54:00,2025-12-31T10:21:00,55,Cancelled,22.4,W20251231
T06899,V0483,D0037,R097,2025-02-16T09:10:00,2025-02-16T12:23:00,65,Completed,20.2,W20250216
T06900,V0422,D0141,R040,2025-09-26T07:44:00,2025-09-26T11:35:00,95,Cancelled,24.7,W20250926
T06901,V0047,D0527,R014,2025-06-30T03:01:00,2025-06-30T05:49:00,55,Completed,19.6,W20250630
T06902,V0324,D0623,R081,2025-10-10T15:58:00,2025-10-10T17:56:00,55,Completed,28.0,W20251010
T06903,V0443,D0346,R010,2025-01-13T18:03:00,2025-01-13T23:00:00,75,Completed,15.2,W20250113
T06904,V0230,D0327,R030,2025-05-12T09:02:00,2025-05-12T13:50:00,65,Completed,13.5,W20250512
T06905,V0224,D0620,R079,2025-09-08T16:25:00,2025-09-08T19:17:00,70,Completed,24.4,W20250908
T06906,V0358,D0136,R020,2025-12-13T04:29:00,2025-12-13T09:16:00,65,Completed,13.6,W20251213
T06907,V0283,D0494,R037,2025-04-01T03:50:00,2025-04-01T05:20:00,95,Completed,63.3,W20250401
T06908,V0321,D0111,R011,2025-06-09T22:06:00,2025-06-10T00:58:00,85,Cancelled,29.7,W20250609
T06909,V0201,D0646,R077,2025-12-04T17:26:00,2025-12-04T18:29:00,85,Completed,81.0,W20251204
T06910,V0213,D0290,R012,2025-06-05T11:49:00,2025-06-05T15:03:00,95,Completed,29.4,W20250605
T06911,V0241,D0081,R074,2025-05-17T07:06:00,2025-05-17T11:13:00,95,Completed,23.1,W20250517
T06912,V0201,D0320,R016,2025-09-26T05:08:00,2025-09-26T06:23:00,65,Completed,52.0,W20250926
T06913,V0066,D0031,R052,2025-04-28T00:45:00,2025-04-28T02:27:00,65,Completed,38.2,W20250428
T06914,V0347,D0077,R086,2025-08-29T11:53:00,2025-08-29T15:05:00,65,Completed,20.3,W20250829
T06915,V0317,D0024,R097,2025-10-13T11:38:00,2025-10-13T13:32:00,65,Completed,34.2,W20251013
T06916,V0468,D0371,R020,2025-09-26T02:33:00,2025-09-26T06:19:00,65,Completed,17.3,W20250926
T06917,V0465,D0084,R042,2025-07-05T02:22:00,2025-07-05T05:07:00,75,Completed,27.3,W20250705
T06918,V0383,D0404,R069,2025-07-21T02:42:00,2025-07-21T04:03:00,70,Completed,51.9,W20250721
T06919,V0417,D0545,R047,2025-07-14T09:55:00,2025-07-14T14:50:00,55,Completed,11.2,W20250714
T06920,V0465,D0476,R019,2025-04-11T17:48:00,2025-04-11T20:59:00,55,Completed,17.3,W20250411
T06921,V0144,D0133,R033,2025-11-19T23:35:00,2025-11-20T04:04:00,85,Completed,19.0,W20251119
T06922,V0052,D0527,R061,2025-10-20T21:51:00,2025-10-21T02:45:00,75,Completed,15.3,W20251020
T06923,V0118,D0537,R026,2025-07-20T00:47:00,2025-07-20T03:22:00,70,Completed,27.1,W20250720
T06924,V0118,D0427,R012,2025-04-29T23:48:00,2025-04-30T01:05:00,95,Cancelled,74.0,W20250429
T06925,V0370,D0185,R071,2025-12-17T03:46:00,2025-12-17T06:35:00,95,Completed,33.7,W20251217
T06926,V0368,D0257,R053,2025-04-07T00:24:00,2025-04-07T01:39:00,55,Completed,44.0,W20250407
T06927,V0419,D0315,R089,2025-11-30T00:01:00,2025-11-30T01:23:00,85,Completed,62.2,W20251130
T06928,V0472,D0347,R093,2025-02-07T20:25:00,2025-02-08T00:15:00,65,Completed,17.0,W20250207
T06929,V0414,D0237,R053,2025-07-20T05:08:00,2025-07-20T07:30:00,55,Cancelled,23.2,W20250720
T06930,V0371,D0504,R040,2025-04-06T13:02:00,2025-04-06T15:16:00,95,Completed,42.5,W20250406
T06931,V0486,D0106,R092,2025-05-29T11:37:00,2025-05-29T13:00:00,70,Completed,50.6,W20250529
T06932,V0500,D0299,R044,2025-12-22T14:13:00,2025-12-22T17:50:00,70,Completed,19.4,W20251222
T06933,V0233,D0200,R034,2025-01-18T16:12:00,2025-01-18T20:35:00,70,Completed,16.0,W20250118
T06934,V0418,D0538,R066,2025-09-26T09:51:00,2025-09-26T12:13:00,85,Completed,35.9,W20250926
T06935,V0216,D0635,R100,2025-10-25T20:24:00,2025-10-26T00:05:00,75,Completed,20.4,W20251025
T06936,V0448,D0053,R018,2025-12-05T08:32:00,2025-12-05T09:29:00,85,Completed,89.5,W20251205
T06937,V0166,D0569,R027,2025-09-04T07:20:00,2025-09-04T08:07:00,85,Completed,108.5,W20250904
T06938,V0046,D0683,R019,2025-05-24T10:15:00,2025-05-24T11:07:00,55,Completed,63.5,W20250524
T06939,V0017,D0154,R082,2025-05-30T20:48:00,2025-05-30T23:08:00,75,Completed,32.1,W20250530
T06940,V0059,D0551,R071,2025-03-20T07:37:00,2025-03-20T11:50:00,95,Completed,22.5,W20250320
T06941,V0211,D0594,R020,2025-09-07T02:30:00,2025-09-07T06:18:00,65,Completed,17.1,W20250907
T06942,V0219,D0067,R048,2025-07-24T11:47:00,2025-07-24T16:19:00,75,Cancelled,16.5,W20250724
T06943,V0378,D0464,R008,2025-03-11T17:55:00,2025-03-11T19:09:00,75,Completed,60.8,W20250311
T06944,V0091,D0164,R020,2025-06-13T22:05:00,2025-06-14T01:28:00,65,Cancelled,19.2,W20250613
T06945,V0494,D0122,R069,2025-06-21T00:43:00,2025-06-21T03:44:00,70,Completed,23.2,W20250621
T06946,V0042,D0593,R007,2025-02-07T03:12:00,2025-02-07T06:12:00,70,Completed,23.3,W20250207
T06947,V0264,D0175,R073,2025-05-07T04:54:00,2025-05-07T08:21:00,85,Cancelled,24.6,W20250507
T06948,V0244,D0117,R015,2025-11-30T05:20:00,2025-11-30T08:17:00,75,Completed,25.4,W20251130
T06949,V0411,D0545,R096,2025-06-26T14:23:00,2025-06-26T16:37:00,95,Completed,42.5,W20250626
T06950,V0475,D0127,R063,2025-03-14T12:59:00,2025-03-14T15:20:00,75,Completed,31.9,W20250314
T06951,V0423,D0416,R006,2025-03-04T13:11:00,2025-03-04T16:21:00,95,Completed,30.0,W20250304
T06952,V0021,D0601,R032,2025-04-01T14:17:00,2025-04-01T18:44:00,75,Completed,16.9,W20250401
T06953,V0400,D0142,R090,2025-03-09T17:29:00,2025-03-09T20:34:00,85,Completed,27.6,W20250309
T06954,V0070,D0697,R014,2025-04-22T04:21:00,2025-04-22T09:21:00,55,Completed,11.0,W20250422
T06955,V0415,D0512,R029,2025-07-18T16:59:00,2025-07-18T21:31:00,70,Cancelled,15.4,W20250718
T06956,V0352,D0614,R060,2025-06-25T12:38:00,2025-06-25T14:57:00,85,Completed,36.7,W20250625
T06957,V0491,D0665,R097,2025-09-17T07:17:00,2025-09-17T08:19:00,65,Completed,62.9,W20250917
T06958,V0372,D0326,R003,2025-04-07T07:05:00,2025-04-07T08:44:00,85,Completed,51.5,W20250407
T06959,V0329,D0611,R100,2025-03-21T15:27:00,2025-03-21T19:23:00,75,Cancelled,19.1,W20250321
T06960,V0297,D0408,R065,2025-08-16T00:13:00,2025-08-16T01:05:00,70,Completed,80.8,W20250816
T06961,V0378,D0568,R090,2025-11-02T11:27:00,2025-11-02T14:22:00,85,Cancelled,29.1,W20251102
T06962,V0493,D0364,R047,2025-07-31T22:00:00,2025-08-01T02:35:00,55,Completed,12.0,W20250731
T06963,V0342,D0228,R086,2025-02-11T19:54:00,2025-02-11T22:40:00,65,Completed,23.5,W20250211
T06964,V0463,D0394,R068,2025-10-14T04:37:00,2025-10-14T09:27:00,95,Completed,19.7,W20251014
T06965,V0358,D0221,R027,2025-09-20T08:53:00,2025-09-20T12:34:00,85,Completed,23.1,W20250920
T06966,V0488,D0502,R003,2025-02-05T22:19:00,2025-02-06T01:35:00,85,Cancelled,26.0,W20250205
T06967,V0499,D0388,R012,2025-06-30T16:16:00,2025-06-30T19:47:00,95,Completed,27.0,W20250630
T06968,V0162,D0358,R096,2025-02-04T04:57:00,2025-02-04T06:56:00,95,Cancelled,47.9,W20250204
T06969,V0319,D0411,R030,2025-08-18T03:29:00,2025-08-18T07:40:00,65,Cancelled,15.5,W20250818
T06970,V0282,D0070,R056,2025-02-21T20:17:00,2025-02-22T00:48:00,95,Cancelled,21.0,W20250221
T06971,V0251,D0017,R065,2025-02-24T18:22:00,2025-02-24T22:23:00,70,Completed,17.4,W20250224
T06972,V0282,D0215,R081,2025-02-04T05:14:00,2025-02-04T07:07:00,55,Completed,29.2,W20250204
T06973,V0376,D0627,R100,2025-10-27T19:01:00,2025-10-27T22:37:00,75,Cancelled,20.8,W20251027
T06974,V0341,D0148,R086,2025-10-07T17:26:00,2025-10-07T22:04:00,65,Completed,14.0,W20251007
T06975,V0318,D0376,R069,2025-09-20T20:10:00,2025-09-20T22:19:00,70,Cancelled,32.6,W20250920
T06976,V0264,D0696,R041,2025-04-04T07:23:00,2025-04-04T11:13:00,65,Cancelled,17.0,W20250404
T06977,V0138,D0196,R089,2025-05-09T18:29:00,2025-05-09T19:31:00,85,Completed,82.3,W20250509
T06978,V0431,D0046,R071,2025-12-17T22:13:00,2025-12-18T02:04:00,95,Completed,24.7,W20251217
T06979,V0129,D0527,R094,2025-10-17T21:58:00,2025-10-18T00:00:00,70,Cancelled,34.4,W20251017
T06980,V0042,D0141,R031,2025-03-01T17:51:00,2025-03-01T18:39:00,65,Completed,81.2,W20250301
T06981,V0423,D0144,R031,2025-02-04T13:50:00,2025-02-04T17:18:00,65,Completed,18.8,W20250204
T06982,V0066,D0434,R074,2025-01-14T12:22:00,2025-01-14T15:29:00,95,Completed,30.5,W20250114
T06983,V0366,D0659,R094,2025-10-23T10:35:00,2025-10-23T12:26:00,70,Completed,37.8,W20251023
T06984,V0117,D0331,R026,2025-03-15T23:27:00,2025-03-16T02:46:00,70,Completed,21.1,W20250315
T06985,V0247,D0216,R056,2025-08-10T15:19:00,2025-08-10T16:09:00,95,Completed,114.0,W20250810
T06986,V0379,D0115,R082,2025-02-17T19:05:00,2025-02-17T23:21:00,75,Completed,17.6,W20250217
T06987,V0054,D0435,R012,2025-10-25T20:56:00,2025-10-25T22:20:00,95,Completed,67.9,W20251025
T06988,V0151,D0412,R076,2025-09-10T10:00:00,2025-09-10T13:29:00,95,Completed,27.3,W20250910
T06989,V0276,D0020,R053,2025-04-26T13:53:00,2025-04-26T18:53:00,55,Completed,11.0,W20250426
T06990,V0384,D0197,R045,2025-05-08T00:13:00,2025-05-08T04:25:00,70,Completed,16.7,W20250508
T06991,V0155,D0109,R014,2025-07-13T09:25:00,2025-07-13T12:48:00,55,Completed,16.3,W20250713
T06992,V0311,D0222,R099,2025-11-30T03:48:00,2025-11-30T08:48:00,55,Completed,11.0,W20251130
T06993,V0480,D0051,R078,2025-11-10T15:51:00,2025-11-10T20:22:00,75,Completed,16.6,W20251110
T06994,V0489,D0504,R043,2025-09-09T02:55:00,2025-09-09T06:44:00,65,Completed,17.0,W20250909
T06995,V0334,D0654,R085,2025-04-10T23:52:00,2025-04-11T02:24:00,55,Completed,21.7,W20250410
T06996,V0253,D0169,R017,2025-11-19T11:23:00,2025-11-19T12:36:00,95,Completed,78.1,W20251119
T06997,V0185,D0164,R054,2025-04-30T18:09:00,2025-04-30T19:54:00,95,Completed,54.3,W20250430
T06998,V0194,D0576,R083,2025-01-20T22:04:00,2025-01-21T02:39:00,75,Completed,16.4,W20250120
T06999,V0385,D0007,R002,2025-12-11T04:45:00,2025-12-11T06:15:00,75,Completed,50.0,W20251211
T07000,V0465,D0318,R098,2025-09-05T12:32:00,2025-09-05T13:52:00,75,Completed,56.2,W20250905
T07001,V0030,D0129,R098,2025-09-07T01:35:00,2025-09-07T03:24:00,75,Completed,41.3,W20250907
T07002,V0125,D0433,R025,2025-03-02T02:28:00,2025-03-02T03:32:00,75,Completed,70.3,W20250302
T07003,V0068,D0584,R088,2025-06-04T02:16:00,2025-06-04T05:20:00,95,Cancelled,31.0,W20250604
T07004,V0384,D0507,R022,2025-07-02T20:32:00,2025-07-02T22:10:00,70,Completed,42.9,W20250702
T07005,V0289,D0053,R063,2025-12-04T21:02:00,2025-12-05T00:30:00,75,Completed,21.6,W20251204
T07006,V0457,D0009,R089,2025-12-25T10:44:00,2025-12-25T15:21:00,85,Completed,18.4,W20251225
T07007,V0076,D0139,R031,2025-12-17T13:32:00,2025-12-17T16:58:00,65,Completed,18.9,W20251217
T07008,V0191,D0494,R018,2025-08-07T18:42:00,2025-08-07T19:46:00,85,Completed,79.7,W20250807
T07009,V0123,D0592,R093,2025-06-26T06:12:00,2025-06-26T10:49:00,65,Cancelled,14.1,W20250626
T07010,V0041,D0378,R054,2025-08-18T07:56:00,2025-08-18T09:05:00,95,Cancelled,82.6,W20250818
T07011,V0268,D0624,R040,2025-02-04T14:15:00,2025-02-04T15:28:00,95,Completed,78.1,W20250204
T07012,V0447,D0014,R076,2025-07-08T06:17:00,2025-07-08T09:07:00,95,Cancelled,33.5,W20250708
T07013,V0254,D0090,R052,2025-01-10T20:05:00,2025-01-10T21:30:00,65,Completed,45.9,W20250110
T07014,V0177,D0541,R069,2025-07-09T14:07:00,2025-07-09T17:58:00,70,Completed,18.2,W20250709
T07015,V0152,D0622,R001,2025-12-06T21:27:00,2025-12-07T01:55:00,85,Cancelled,19.0,W20251206
T07016,V0208,D0231,R042,2025-12-26T21:01:00,2025-12-27T01:39:00,75,Cancelled,16.2,W20251226
T07017,V0097,D0304,R033,2025-07-31T08:38:00,2025-07-31T12:52:00,85,Completed,20.1,W20250731
T07018,V0024,D0484,R016,2025-12-06T05:52:00,2025-12-06T10:08:00,65,Completed,15.2,W20251206
T07019,V0168,D0541,R088,2025-12-25T20:29:00,2025-12-25T21:25:00,95,Cancelled,101.8,W20251225
T07020,V0199,D0466,R024,2025-06-30T04:16:00,2025-06-30T09:12:00,55,Completed,11.1,W20250630
T07021,V0361,D0403,R071,2025-05-18T18:01:00,2025-05-18T22:55:00,95,Completed,19.4,W20250518
T07022,V0180,D0626,R046,2025-08-18T15:23:00,2025-08-18T19:46:00,70,Cancelled,16.0,W20250818
T07023,V0313,D0208,R037,2025-06-03T21:29:00,2025-06-04T02:17:00,95,Completed,19.8,W20250603
T07024,V0083,D0107,R041,2025-08-08T19:54:00,2025-08-08T22:35:00,65,Cancelled,24.2,W20250808
T07025,V0070,D0123,R012,2025-07-15T00:03:00,2025-07-15T02:57:00,95,Completed,32.8,W20250715
T07026,V0461,D0162,R038,2025-06-28T14:34:00,2025-06-28T15:58:00,95,Completed,67.9,W20250628
T07027,V0489,D0127,R040,2025-08-21T17:18:00,2025-08-21T21:16:00,95,Completed,23.9,W20250821
T07028,V0292,D0659,R010,2025-03-07T13:44:00,2025-03-07T18:41:00,75,Completed,15.2,W20250307
T07029,V0321,D0092,R059,2025-08-01T22:46:00,2025-08-01T23:42:00,75,Completed,80.4,W20250801
T07030,V0402,D0108,R094,2025-04-01T15:58:00,2025-04-01T18:12:00,70,Completed,31.3,W20250401
T07031,V0196,D0438,R034,2025-02-28T08:43:00,2025-02-28T10:27:00,70,Completed,40.4,W20250228
T07032,V0403,D0235,R030,2025-06-13T21:58:00,2025-06-13T23:24:00,65,Cancelled,45.3,W20250613
T07033,V0497,D0153,R046,2025-06-15T02:15:00,2025-06-15T06:36:00,70,Cancelled,16.1,W20250615
T07034,V0122,D0198,R009,2025-08-13T02:10:00,2025-08-13T04:01:00,65,Completed,35.1,W20250813
T07035,V0134,D0509,R066,2025-05-09T05:50:00,2025-05-09T08:55:00,85,Completed,27.6,W20250509
T07036,V0283,D0504,R002,2025-08-30T13:08:00,2025-08-30T17:46:00,75,Cancelled,16.2,W20250830
T07037,V0036,D0175,R069,2025-11-20T03:08:00,2025-11-20T05:28:00,70,Completed,30.0,W20251120
T07038,V0192,D0671,R009,2025-01-14T12:18:00,2025-01-14T16:26:00,65,Completed,15.7,W20250114
T07039,V0093,D0389,R011,2025-02-27T08:08:00,2025-02-27T09:06:00,85,Cancelled,87.9,W20250227
T07040,V0412,D0448,R088,2025-09-14T03:42:00,2025-09-14T07:04:00,95,Cancelled,28.2,W20250914
T07041,V0277,D0450,R003,2025-04-09T19:13:00,2025-04-09T21:05:00,85,Completed,45.5,W20250409
T07042,V0189,D0156,R005,2025-09-11T18:27:00,2025-09-11T23:25:00,65,Completed,13.1,W20250911
T07043,V0361,D0632,R096,2025-12-19T19:21:00,2025-12-19T23:45:00,95,Completed,21.6,W20251219
T07044,V0437,D0443,R098,2025-12-12T04:35:00,2025-12-12T06:52:00,75,Cancelled,32.8,W20251212
T07045,V0385,D0507,R039,2025-08-28T12:04:00,2025-08-28T14:41:00,55,Completed,21.0,W20250828
T07046,V0246,D0047,R096,2025-10-21T15:47:00,2025-10-21T18:54:00,95,Completed,30.5,W20251021
T07047,V0415,D0245,R077,2025-06-26T01:31:00,2025-06-26T03:02:00,85,Cancelled,56.0,W20250626
T07048,V0098,D0615,R076,2025-01-18T02:13:00,2025-01-18T03:52:00,95,Completed,57.6,W20250118
T07049,V0430,D0052,R088,2025-12-06T15:51:00,2025-12-06T19:02:00,95,Completed,29.8,W20251206
T07050,V0059,D0439,R050,2025-03-24T21:42:00,2025-03-24T23:45:00,95,Completed,46.3,W20250324
T07051,V0240,D0657,R032,2025-11-17T21:30:00,2025-11-18T01:38:00,75,Completed,18.1,W20251117
T07052,V0327,D0376,R071,2025-10-13T02:57:00,2025-10-13T05:50:00,95,Completed,32.9,W20251013
T07053,V0356,D0407,R075,2025-10-13T04:10:00,2025-10-13T05:38:00,85,Completed,58.0,W20251013
T07054,V0179,D0634,R066,2025-08-10T18:54:00,2025-08-10T21:03:00,85,Completed,39.5,W20250810
T07055,V0421,D0489,R032,2025-02-04T06:25:00,2025-02-04T07:28:00,75,Completed,71.4,W20250204
T07056,V0081,D0633,R052,2025-01-16T10:58:00,2025-01-16T12:38:00,65,Cancelled,39.0,W20250116
T07057,V0313,D0041,R100,2025-11-01T03:04:00,2025-11-01T04:56:00,75,Completed,40.2,W20251101
T07058,V0196,D0363,R018,2025-03-04T00:48:00,2025-03-04T04:57:00,85,Completed,20.5,W20250304
T07059,V0200,D0191,R014,2025-11-24T05:39:00,2025-11-24T07:56:00,55,Completed,24.1,W20251124
T07060,V0036,D0113,R059,2025-10-15T16:44:00,2025-10-15T17:34:00,75,Cancelled,90.0,W20251015
T07061,V0251,D0273,R074,2025-10-04T05:17:00,2025-10-04T08:42:00,95,Cancelled,27.8,W20251004
T07062,V0019,D0560,R083,2025-08-10T08:58:00,2025-08-10T11:30:00,75,Completed,29.6,W20250810
T07063,V0486,D0045,R025,2025-02-08T11:36:00,2025-02-08T12:29:00,75,Cancelled,84.9,W20250208
T07064,V0037,D0628,R065,2025-07-26T23:25:00,2025-07-27T00:45:00,70,Completed,52.5,W20250726
T07065,V0027,D0344,R098,2025-01-27T03:22:00,2025-01-27T07:51:00,75,Cancelled,16.7,W20250127
T07066,V0105,D0412,R064,2025-06-14T07:27:00,2025-06-14T08:45:00,75,Cancelled,57.7,W20250614
T07067,V0482,D0568,R090,2025-03-12T08:11:00,2025-03-12T09:36:00,85,Completed,60.0,W20250312
T07068,V0412,D0066,R074,2025-05-22T22:00:00,2025-05-23T02:20:00,95,Completed,21.9,W20250522
T07069,V0251,D0114,R034,2025-10-31T16:31:00,2025-10-31T21:05:00,70,Completed,15.3,W20251031
T07070,V0171,D0126,R031,2025-07-17T05:52:00,2025-07-17T06:41:00,65,Completed,79.6,W20250717
T07071,V0068,D0158,R093,2025-01-27T09:52:00,2025-01-27T14:51:00,65,Cancelled,13.0,W20250127
T07072,V0081,D0203,R053,2025-12-20T08:00:00,2025-12-20T11:26:00,55,Completed,16.0,W20251220
T07073,V0266,D0257,R069,2025-09-30T23:12:00,2025-10-01T00:32:00,70,Completed,52.5,W20250930
T07074,V0050,D0651,R039,2025-07-15T06:45:00,2025-07-15T09:36:00,55,Cancelled,19.3,W20250715
T07075,V0217,D0381,R050,2025-07-26T07:33:00,2025-07-26T11:50:00,95,Completed,22.2,W20250726
T07076,V0237,D0021,R035,2025-02-18T19:36:00,2025-02-18T22:56:00,95,Completed,28.5,W20250218
T07077,V0330,D0228,R068,2025-02-09T15:01:00,2025-02-09T19:51:00,95,Completed,19.7,W20250209
T07078,V0341,D0529,R074,2025-11-14T12:27:00,2025-11-14T14:40:00,95,Cancelled,42.9,W20251114
T07079,V0468,D0584,R084,2025-01-29T14:44:00,2025-01-29T18:58:00,85,Completed,20.1,W20250129
T07080,V0050,D0082,R007,2025-11-05T18:42:00,2025-11-05T21:16:00,70,Completed,27.3,W20251105
T07081,V0219,D0354,R076,2025-05-06T10:17:00,2025-05-06T13:44:00,95,Completed,27.5,W20250506
T07082,V0113,D0057,R007,2025-06-08T02:02:00,2025-06-08T05:16:00,70,Completed,21.6,W20250608
T07083,V0299,D0116,R014,2025-09-10T21:46:00,2025-09-11T01:27:00,55,Completed,14.9,W20250910
T07084,V0316,D0066,R025,2025-03-04T18:18:00,2025-03-04T20:17:00,75,Completed,37.8,W20250304
T07085,V0358,D0220,R066,2025-07-09T01:27:00,2025-07-09T05:49:00,85,Completed,19.5,W20250709
T07086,V0418,D0137,R087,2025-03-12T02:53:00,2025-03-12T03:41:00,55,Completed,68.8,W20250312
T07087,V0461,D0086,R082,2025-07-04T20:33:00,2025-07-04T22:27:00,75,Completed,39.5,W20250704
T07088,V0449,D0291,R075,2025-09-13T16:07:00,2025-09-13T18:09:00,85,Completed,41.8,W20250913
T07089,V0193,D0222,R079,2025-02-01T16:38:00,2025-02-01T18:31:00,70,Completed,37.2,W20250201
T07090,V0149,D0014,R055,2025-06-13T16:02:00,2025-06-13T17:06:00,55,Cancelled,51.6,W20250613
T07091,V0153,D0191,R056,2025-10-11T23:28:00,2025-10-12T01:16:00,95,Completed,52.8,W20251011
T07092,V0125,D0503,R056,2025-10-29T09:09:00,2025-10-29T12:47:00,95,Completed,26.1,W20251029
T07093,V0224,D0345,R080,2025-03-08T03:14:00,2025-03-08T04:08:00,75,Completed,83.3,W20250308
T07094,V0110,D0183,R043,2025-05-23T00:49:00,2025-05-23T01:45:00,65,Completed,69.6,W20250523
T07095,V0200,D0533,R084,2025-04-21T12:54:00,2025-04-21T16:21:00,85,Completed,24.6,W20250421
T07096,V0166,D0114,R081,2025-10-10T21:37:00,2025-10-10T23:24:00,55,Completed,30.8,W20251010
T07097,V0458,D0590,R002,2025-10-31T14:57:00,2025-10-31T16:24:00,75,Completed,51.7,W20251031
T07098,V0148,D0075,R062,2025-05-25T05:39:00,2025-05-25T08:55:00,70,Completed,21.4,W20250525
T07099,V0173,D0500,R065,2025-10-09T07:41:00,2025-10-09T12:15:00,70,Completed,15.3,W20251009
T07100,V0464,D0589,R039,2025-02-23T18:19:00,2025-02-23T19:19:00,55,Completed,55.0,W20250223
T07101,V0191,D0335,R015,2025-04-05T09:46:00,2025-04-05T12:34:00,75,Completed,26.8,W20250405
T07102,V0142,D0326,R042,2025-05-25T09:24:00,2025-05-25T12:23:00,75,Completed,25.1,W20250525
T07103,V0432,D0549,R003,2025-01-30T02:36:00,2025-01-30T03:54:00,85,Completed,65.4,W20250130
T07104,V0267,D0038,R057,2025-04-15T20:43:00,2025-04-15T23:24:00,75,Completed,28.0,W20250415
T07105,V0046,D0159,R096,2025-05-06T15:18:00,2025-05-06T19:55:00,95,Completed,20.6,W20250506
T07106,V0499,D0108,R023,2025-05-05T07:12:00,2025-05-05T10:17:00,95,Completed,30.8,W20250505
T07107,V0325,D0441,R066,2025-10-01T14:30:00,2025-10-01T19:23:00,85,Cancelled,17.4,W20251001
T07108,V0481,D0127,R001,2025-11-14T23:45:00,2025-11-15T01:33:00,85,Cancelled,47.2,W20251114
T07109,V0318,D0238,R015,2025-04-22T21:56:00,2025-04-22T23:25:00,75,Completed,50.6,W20250422
T07110,V0152,D0159,R079,2025-03-29T04:01:00,2025-03-29T04:48:00,70,Cancelled,89.4,W20250329
T07111,V0086,D0203,R009,2025-08-27T23:18:00,2025-08-28T02:37:00,65,Completed,19.6,W20250827
T07112,V0037,D0134,R056,2025-10-10T12:54:00,2025-10-10T17:20:00,95,Completed,21.4,W20251010
T07113,V0386,D0548,R065,2025-05-25T09:51:00,2025-05-25T12:47:00,70,Completed,23.9,W20250525
T07114,V0195,D0588,R025,2025-03-27T08:42:00,2025-03-27T10:19:00,75,Completed,46.4,W20250327
T07115,V0370,D0253,R055,2025-10-06T12:40:00,2025-10-06T15:13:00,55,Completed,21.6,W20251006
T07116,V0179,D0153,R040,2025-03-18T08:31:00,2025-03-18T10:49:00,95,Completed,41.3,W20250318
T07117,V0327,D0559,R094,2025-09-20T17:16:00,2025-09-20T18:05:00,70,Completed,85.7,W20250920
T07118,V0167,D0496,R061,2025-05-12T18:11:00,2025-05-12T21:22:00,75,Completed,23.6,W20250512
T07119,V0150,D0543,R031,2025-06-24T16:30:00,2025-06-24T21:14:00,65,Completed,13.7,W20250624
T07120,V0340,D0106,R075,2025-07-05T09:14:00,2025-07-05T13:43:00,85,Completed,19.0,W20250705
T07121,V0047,D0010,R076,2025-10-01T12:49:00,2025-10-01T17:45:00,95,Completed,19.3,W20251001
T07122,V0417,D0047,R082,2025-08-05T17:09:00,2025-08-05T18:05:00,75,Completed,80.4,W20250805
T07123,V0093,D0224,R002,2025-03-07T17:40:00,2025-03-07T20:56:00,75,Cancelled,23.0,W20250307
T07124,V0202,D0201,R074,2025-12-18T12:47:00,2025-12-18T17:23:00,95,Completed,20.7,W20251218
T07125,V0189,D0420,R093,2025-11-03T14:10:00,2025-11-03T18:54:00,65,Completed,13.7,W20251103
T07126,V0267,D0156,R038,2025-11-02T23:51:00,2025-11-03T01:20:00,95,Completed,64.0,W20251102
T07127,V0221,D0386,R057,2025-09-12T22:43:00,2025-09-13T00:14:00,75,Completed,49.5,W20250912
T07128,V0352,D0610,R054,2025-02-01T03:14:00,2025-02-01T05:22:00,95,Completed,44.5,W20250201
T07129,V0318,D0544,R062,2025-02-12T00:19:00,2025-02-12T04:41:00,70,Completed,16.0,W20250212
T07130,V0209,D0074,R033,2025-12-18T11:36:00,2025-12-18T15:07:00,85,Completed,24.2,W20251218
T07131,V0008,D0038,R004,2025-04-28T12:43:00,2025-04-28T14:54:00,65,Cancelled,29.8,W20250428
T07132,V0442,D0295,R026,2025-05-20T04:17:00,2025-05-20T08:21:00,70,Completed,17.2,W20250520
T07133,V0256,D0103,R050,2025-03-22T01:17:00,2025-03-22T03:01:00,95,Cancelled,54.8,W20250322
T07134,V0073,D0206,R077,2025-11-06T06:23:00,2025-11-06T08:35:00,85,Completed,38.6,W20251106
T07135,V0241,D0191,R007,2025-01-19T02:46:00,2025-01-19T05:24:00,70,Completed,26.6,W20250119
T07136,V0321,D0512,R014,2025-09-07T08:28:00,2025-09-07T12:19:00,55,Completed,14.3,W20250907
T07137,V0334,D0346,R044,2025-07-04T02:08:00,2025-07-04T06:17:00,70,Completed,16.9,W20250704
T07138,V0442,D0212,R066,2025-02-11T04:57:00,2025-02-11T09:46:00,85,Completed,17.6,W20250211
T07139,V0299,D0009,R085,2025-09-13T21:53:00,2025-09-14T02:34:00,55,Cancelled,11.7,W20250913
T07140,V0176,D0620,R056,2025-03-23T20:16:00,2025-03-23T23:10:00,95,Completed,32.8,W20250323
T07141,V0358,D0655,R071,2025-05-29T08:16:00,2025-05-29T10:35:00,95,Completed,41.0,W20250529
T07142,V0122,D0133,R086,2025-10-17T08:04:00,2025-10-17T09:12:00,65,Completed,57.4,W20251017
T07143,V0261,D0556,R002,2025-02-26T19:04:00,2025-02-26T19:58:00,75,Completed,83.3,W20250226
T07144,V0183,D0552,R025,2025-12-15T00:50:00,2025-12-15T03:47:00,75,Completed,25.4,W20251215
T07145,V0217,D0128,R085,2025-07-10T08:59:00,2025-07-10T13:11:00,55,Cancelled,13.1,W20250710
T07146,V0010,D0158,R086,2025-04-26T18:31:00,2025-04-26T19:38:00,65,Cancelled,58.2,W20250426
T07147,V0449,D0626,R080,2025-04-28T04:36:00,2025-04-28T06:08:00,75,Completed,48.9,W20250428
T07148,V0297,D0136,R082,2025-01-16T08:19:00,2025-01-16T13:13:00,75,Completed,15.3,W20250116
T07149,V0032,D0463,R004,2025-05-06T06:54:00,2025-05-06T10:42:00,65,Completed,17.1,W20250506
T07150,V0226,D0083,R048,2025-03-18T18:21:00,2025-03-18T21:32:00,75,Completed,23.6,W20250318
T07151,V0154,D0223,R020,2025-05-19T10:26:00,2025-05-19T13:37:00,65,Cancelled,20.4,W20250519
T07152,V0354,D0371,R081,2025-11-04T15:50:00,2025-11-04T18:04:00,55,Completed,24.6,W20251104
T07153,V0236,D0094,R070,2025-06-03T19:06:00,2025-06-03T19:59:00,55,Completed,62.3,W20250603
T07154,V0226,D0512,R086,2025-03-20T22:54:00,2025-03-21T02:37:00,65,Completed,17.5,W20250320
T07155,V0357,D0303,R082,2025-07-24T19:21:00,2025-07-24T22:46:00,75,Completed,22.0,W20250724
T07156,V0002,D0327,R088,2025-07-21T01:32:00,2025-07-21T05:24:00,95,Cancelled,24.6,W20250721
T07157,V0450,D0288,R081,2025-09-08T00:31:00,2025-09-08T03:46:00,55,Completed,16.9,W20250908
T07158,V0027,D0228,R092,2025-04-01T09:31:00,2025-04-01T12:54:00,70,Completed,20.7,W20250401
T07159,V0288,D0173,R067,2025-11-11T09:20:00,2025-11-11T11:28:00,55,Completed,25.8,W20251111
T07160,V0289,D0163,R003,2025-02-07T16:56:00,2025-02-07T19:42:00,85,Completed,30.7,W20250207
T07161,V0073,D0161,R075,2025-01-29T13:21:00,2025-01-29T14:21:00,85,Completed,85.0,W20250129
T07162,V0157,D0396,R041,2025-02-27T19:23:00,2025-02-27T22:51:00,65,Completed,18.8,W20250227
T07163,V0266,D0537,R011,2025-08-21T15:58:00,2025-08-21T17:36:00,85,Completed,52.0,W20250821
T07164,V0137,D0095,R080,2025-07-28T21:10:00,2025-07-29T00:38:00,75,Cancelled,21.6,W20250728
T07165,V0297,D0402,R067,2025-02-02T08:28:00,2025-02-02T10:02:00,55,Completed,35.1,W20250202
T07166,V0424,D0238,R082,2025-10-29T03:35:00,2025-10-29T07:44:00,75,Completed,18.1,W20251029
T07167,V0318,D0352,R008,2025-09-03T23:54:00,2025-09-04T02:45:00,75,Completed,26.3,W20250903
T07168,V0172,D0367,R024,2025-08-13T00:39:00,2025-08-13T05:03:00,55,Completed,12.5,W20250813
T07169,V0027,D0517,R034,2025-05-07T18:50:00,2025-05-07T22:12:00,70,Cancelled,20.8,W20250507
T07170,V0456,D0469,R049,2025-10-03T15:46:00,2025-10-03T20:26:00,85,Completed,18.2,W20251003
T07171,V0500,D0095,R035,2025-06-26T00:51:00,2025-06-26T02:01:00,95,Completed,81.4,W20250626
T07172,V0094,D0351,R033,2025-11-12T07:51:00,2025-11-12T09:56:00,85,Completed,40.8,W20251112
T07173,V0477,D0016,R017,2025-04-11T03:27:00,2025-04-11T08:10:00,95,Completed,20.1,W20250411
T07174,V0049,D0144,R042,2025-07-12T05:25:00,2025-07-12T08:42:00,75,Completed,22.8,W20250712
T07175,V0234,D0572,R058,2025-03-31T08:25:00,2025-03-31T09:43:00,95,Completed,73.1,W20250331
T07176,V0379,D0306,R005,2025-12-28T07:57:00,2025-12-28T10:19:00,65,Completed,27.5,W20251228
T07177,V0495,D0461,R026,2025-04-25T05:04:00,2025-04-25T05:49:00,70,Completed,93.3,W20250425
T07178,V0005,D0372,R036,2025-09-25T17:16:00,2025-09-25T22:07:00,75,Completed,15.5,W20250925
T07179,V0100,D0137,R091,2025-08-05T02:02:00,2025-08-05T04:53:00,70,Cancelled,24.6,W20250805
T07180,V0253,D0097,R068,2025-03-08T01:39:00,2025-03-08T06:03:00,95,Completed,21.6,W20250308
T07181,V0437,D0289,R100,2025-12-30T03:12:00,2025-12-30T05:47:00,75,Completed,29.0,W20251230
T07182,V0242,D0470,R098,2025-05-23T17:44:00,2025-05-23T20:45:00,75,Completed,24.9,W20250523
T07183,V0240,D0201,R051,2025-07-19T18:09:00,2025-07-19T20:19:00,70,Completed,32.3,W20250719
T07184,V0275,D0226,R055,2025-06-21T22:01:00,2025-06-22T02:35:00,55,Completed,12.0,W20250621
T07185,V0105,D0632,R040,2025-07-30T11:00:00,2025-07-30T14:49:00,95,Completed,24.9,W20250730
T07186,V0207,D0476,R042,2025-06-12T14:22:00,2025-06-12T15:36:00,75,Completed,60.8,W20250612
T07187,V0447,D0378,R045,2025-02-02T20:37:00,2025-02-02T23:06:00,70,Cancelled,28.2,W20250202
T07188,V0359,D0484,R028,2025-02-12T06:41:00,2025-02-12T09:48:00,85,Completed,27.3,W20250212
T07189,V0174,D0094,R043,2025-02-21T10:35:00,2025-02-21T15:04:00,65,Completed,14.5,W20250221
T07190,V0479,D0430,R075,2025-05-18T18:07:00,2025-05-18T20:48:00,85,Completed,31.7,W20250518
T07191,V0102,D0340,R016,2025-06-07T14:11:00,2025-06-07T19:05:00,65,Cancelled,13.3,W20250607
T07192,V0189,D0234,R061,2025-08-03T10:09:00,2025-08-03T14:16:00,75,Cancelled,18.2,W20250803
T07193,V0272,D0113,R044,2025-12-15T08:41:00,2025-12-15T11:41:00,70,Cancelled,23.3,W20251215
T07194,V0400,D0507,R037,2025-08-05T17:07:00,2025-08-05T18:20:00,95,Completed,78.1,W20250805
T07195,V0043,D0376,R039,2025-07-17T13:32:00,2025-07-17T16:07:00,55,Cancelled,21.3,W20250717
T07196,V0324,D0667,R082,2025-09-30T00:17:00,2025-09-30T04:55:00,75,Completed,16.2,W20250930
T07197,V0234,D0694,R010,2025-02-08T02:50:00,2025-02-08T07:31:00,75,Completed,16.0,W20250208
T07198,V0070,D0029,R061,2025-02-02T18:09:00,2025-02-02T22:51:00,75,Completed,16.0,W20250202
T07199,V0229,D0223,R066,2025-04-06T06:34:00,2025-04-06T11:06:00,85,Completed,18.8,W20250406
T07200,V0325,D0501,R098,2025-03-10T15:32:00,2025-03-10T19:47:00,75,Completed,17.6,W20250310
T07201,V0371,D0533,R074,2025-07-12T17:20:00,2025-07-12T19:24:00,95,Completed,46.0,W20250712
T07202,V0361,D0113,R049,2025-10-21T17:44:00,2025-10-21T21:14:00,85,Cancelled,24.3,W20251021
T07203,V0468,D0350,R021,2025-05-12T19:34:00,2025-05-12T21:26:00,75,Completed,40.2,W20250512
T07204,V0019,D0563,R073,2025-10-14T16:31:00,2025-10-14T17:30:00,85,Cancelled,86.4,W20251014
T07205,V0370,D0195,R037,2025-11-14T09:13:00,2025-11-14T14:12:00,95,Completed,19.1,W20251114
T07206,V0451,D0387,R013,2025-04-25T11:25:00,2025-04-25T15:38:00,65,Cancelled,15.4,W20250425
T07207,V0136,D0176,R050,2025-09-28T05:58:00,2025-09-28T07:05:00,95,Completed,85.1,W20250928
T07208,V0307,D0121,R018,2025-12-17T00:10:00,2025-12-17T01:06:00,85,Completed,91.1,W20251217
T07209,V0084,D0634,R055,2025-07-15T16:12:00,2025-07-15T17:25:00,55,Completed,45.2,W20250715
T07210,V0153,D0279,R050,2025-07-02T11:17:00,2025-07-02T13:16:00,95,Completed,47.9,W20250702
T07211,V0211,D0687,R029,2025-03-15T19:26:00,2025-03-15T23:07:00,70,Cancelled,19.0,W20250315
T07212,V0034,D0464,R051,2025-01-31T17:58:00,2025-01-31T21:39:00,70,Completed,19.0,W20250131
T07213,V0301,D0070,R074,2025-02-10T13:32:00,2025-02-10T18:07:00,95,Completed,20.7,W20250210
T07214,V0102,D0316,R010,2025-07-10T03:59:00,2025-07-10T05:47:00,75,Completed,41.7,W20250710
T07215,V0049,D0057,R078,2025-03-26T01:04:00,2025-03-26T02:24:00,75,Cancelled,56.2,W20250326
T07216,V0453,D0436,R030,2025-02-13T05:52:00,2025-02-13T10:36:00,65,Cancelled,13.7,W20250213
T07217,V0483,D0293,R017,2025-04-27T15:03:00,2025-04-27T17:42:00,95,Cancelled,35.8,W20250427
T07218,V0109,D0076,R077,2025-05-06T01:15:00,2025-05-06T05:22:00,85,Completed,20.6,W20250506
T07219,V0452,D0508,R091,2025-04-23T09:21:00,2025-04-23T11:41:00,70,Completed,30.0,W20250423
T07220,V0046,D0353,R013,2025-06-11T14:12:00,2025-06-11T16:09:00,65,Completed,33.3,W20250611
T07221,V0498,D0255,R067,2025-03-24T19:14:00,2025-03-24T22:55:00,55,Completed,14.9,W20250324
T07222,V0061,D0635,R096,2025-01-06T11:56:00,2025-01-06T14:32:00,95,Completed,36.5,W20250106
T07223,V0073,D0688,R011,2025-10-01T20:12:00,2025-10-01T22:29:00,85,Completed,37.2,W20251001
T07224,V0245,D0636,R053,2025-06-02T04:01:00,2025-06-02T08:39:00,55,Completed,11.9,W20250602
T07225,V0180,D0283,R088,2025-03-04T19:50:00,2025-03-04T22:50:00,95,Completed,31.7,W20250304
T07226,V0240,D0372,R051,2025-09-14T18:59:00,2025-09-14T22:57:00,70,Completed,17.6,W20250914
T07227,V0293,D0461,R005,2025-06-09T08:22:00,2025-06-09T11:12:00,65,Completed,22.9,W20250609
T07228,V0071,D0224,R026,2025-07-15T23:26:00,2025-07-16T00:32:00,70,Completed,63.6,W20250715
T07229,V0457,D0320,R054,2025-04-02T18:07:00,2025-04-02T20:56:00,95,Completed,33.7,W20250402
T07230,V0335,D0372,R040,2025-07-30T02:22:00,2025-07-30T05:02:00,95,Completed,35.6,W20250730
T07231,V0198,D0365,R087,2025-02-27T04:08:00,2025-02-27T07:24:00,55,Completed,16.8,W20250227
T07232,V0121,D0656,R050,2025-10-06T10:00:00,2025-10-06T10:48:00,95,Cancelled,118.8,W20251006
T07233,V0199,D0391,R092,2025-08-30T04:55:00,2025-08-30T07:17:00,70,Completed,29.6,W20250830
T07234,V0494,D0633,R022,2025-12-15T01:37:00,2025-12-15T04:34:00,70,Completed,23.7,W20251215
T07235,V0006,D0074,R093,2025-11-08T22:46:00,2025-11-09T00:46:00,65,Completed,32.5,W20251108
T07236,V0380,D0258,R095,2025-09-07T08:57:00,2025-09-07T11:05:00,85,Completed,39.8,W20250907
T07237,V0275,D0068,R041,2025-06-25T11:35:00,2025-06-25T14:41:00,65,Completed,21.0,W20250625
T07238,V0207,D0257,R012,2025-01-06T04:59:00,2025-01-06T05:52:00,95,Completed,107.5,W20250106
T07239,V0432,D0169,R033,2025-07-09T03:14:00,2025-07-09T07:53:00,85,Cancelled,18.3,W20250709
T07240,V0477,D0483,R084,2025-04-07T09:07:00,2025-04-07T12:14:00,85,Cancelled,27.3,W20250407
T07241,V0286,D0568,R029,2025-07-07T03:51:00,2025-07-07T06:33:00,70,Completed,25.9,W20250707
T07242,V0350,D0199,R071,2025-04-22T09:02:00,2025-04-22T12:16:00,95,Completed,29.4,W20250422
T07243,V0499,D0639,R050,2025-04-03T03:18:00,2025-04-03T07:31:00,95,Completed,22.5,W20250403
T07244,V0252,D0523,R028,2025-12-20T13:19:00,2025-12-20T16:11:00,85,Completed,29.7,W20251220
T07245,V0275,D0498,R035,2025-03-05T21:48:00,2025-03-06T01:29:00,95,Completed,25.8,W20250305
T07246,V0181,D0285,R047,2025-06-26T04:40:00,2025-06-26T07:59:00,55,Completed,16.6,W20250626
T07247,V0228,D0343,R040,2025-06-27T19:36:00,2025-06-28T00:10:00,95,Completed,20.8,W20250627
T07248,V0118,D0062,R060,2025-08-12T03:33:00,2025-08-12T07:34:00,85,Completed,21.2,W20250812
T07249,V0082,D0159,R008,2025-01-08T01:40:00,2025-01-08T03:47:00,75,Completed,35.4,W20250108
T07250,V0084,D0097,R044,2025-03-12T11:54:00,2025-03-12T16:04:00,70,Completed,16.8,W20250312
T07251,V0029,D0659,R041,2025-04-23T00:39:00,2025-04-23T02:05:00,65,Completed,45.3,W20250423
T07252,V0487,D0107,R039,2025-01-20T10:14:00,2025-01-20T14:35:00,55,Cancelled,12.6,W20250120
T07253,V0104,D0219,R093,2025-07-05T06:36:00,2025-07-05T11:34:00,65,Cancelled,13.1,W20250705
T07254,V0444,D0551,R055,2025-07-21T18:14:00,2025-07-21T20:08:00,55,Completed,28.9,W20250721
T07255,V0101,D0122,R049,2025-12-12T18:50:00,2025-12-12T19:57:00,85,Completed,76.1,W20251212
T07256,V0417,D0119,R049,2025-04-18T13:04:00,2025-04-18T15:49:00,85,Completed,30.9,W20250418
T07257,V0316,D0526,R058,2025-03-02T15:13:00,2025-03-02T16:25:00,95,Cancelled,79.2,W20250302
T07258,V0081,D0537,R081,2025-12-11T04:09:00,2025-12-11T07:14:00,55,Completed,17.8,W20251211
T07259,V0462,D0419,R011,2025-08-21T23:16:00,2025-08-22T00:34:00,85,Completed,65.4,W20250821
T07260,V0411,D0649,R061,2025-09-29T17:45:00,2025-09-29T19:45:00,75,Completed,37.5,W20250929
T07261,V0421,D0258,R089,2025-07-14T15:59:00,2025-07-14T17:58:00,85,Completed,42.9,W20250714
T07262,V0080,D0372,R080,2025-03-07T15:08:00,2025-03-07T20:05:00,75,Completed,15.2,W20250307
T07263,V0004,D0068,R059,2025-08-04T22:00:00,2025-08-05T01:46:00,75,Completed,19.9,W20250804
T07264,V0352,D0353,R032,2025-07-11T16:07:00,2025-07-11T20:45:00,75,Completed,16.2,W20250711
T07265,V0493,D0467,R007,2025-03-17T19:21:00,2025-03-17T21:14:00,70,Completed,37.2,W20250317
T07266,V0175,D0355,R056,2025-06-03T20:19:00,2025-06-04T00:28:00,95,Completed,22.9,W20250603
T07267,V0386,D0397,R034,2025-09-27T09:42:00,2025-09-27T11:06:00,70,Completed,50.0,W20250927
T07268,V0152,D0518,R031,2025-09-27T18:35:00,2025-09-27T19:48:00,65,Completed,53.4,W20250927
T07269,V0200,D0242,R039,2025-11-21T09:48:00,2025-11-21T11:35:00,55,Cancelled,30.8,W20251121
T07270,V0304,D0385,R084,2025-03-10T11:52:00,2025-03-10T14:18:00,85,Completed,34.9,W20250310
T07271,V0368,D0577,R069,2025-04-08T23:19:00,2025-04-09T01:12:00,70,Completed,37.2,W20250408
T07272,V0287,D0300,R082,2025-03-16T19:08:00,2025-03-16T23:59:00,75,Completed,15.5,W20250316
T07273,V0281,D0078,R081,2025-09-26T14:20:00,2025-09-26T18:28:00,55,Completed,13.3,W20250926
T07274,V0299,D0104,R030,2025-09-10T03:03:00,2025-09-10T07:13:00,65,Completed,15.6,W20250910
T07275,V0070,D0589,R003,2025-09-01T16:25:00,2025-09-01T20:04:00,85,Completed,23.3,W20250901
T07276,V0434,D0124,R095,2025-12-12T18:32:00,2025-12-12T21:08:00,85,Completed,32.7,W20251212
T07277,V0335,D0172,R091,2025-12-02T04:37:00,2025-12-02T05:26:00,70,Cancelled,85.7,W20251202
T07278,V0039,D0667,R038,2025-10-01T15:14:00,2025-10-01T19:15:00,95,Completed,23.7,W20251001
T07279,V0132,D0514,R017,2025-09-24T08:23:00,2025-09-24T12:02:00,95,Completed,26.0,W20250924
T07280,V0105,D0590,R084,2025-10-24T14:28:00,2025-10-24T17:35:00,85,Cancelled,27.3,W20251024
T07281,V0238,D0657,R044,2025-08-20T06:31:00,2025-08-20T09:04:00,70,Completed,27.5,W20250820
T07282,V0293,D0585,R045,2025-09-27T23:56:00,2025-09-28T02:00:00,70,Completed,33.9,W20250927
T07283,V0356,D0075,R060,2025-01-22T02:10:00,2025-01-22T03:45:00,85,Completed,53.7,W20250122
T07284,V0385,D0248,R027,2025-11-23T18:32:00,2025-11-23T21:05:00,85,Completed,33.3,W20251123
T07285,V0015,D0197,R028,2025-03-31T16:01:00,2025-03-31T18:57:00,85,Completed,29.0,W20250331
T07286,V0412,D0338,R004,2025-07-29T00:14:00,2025-07-29T01:57:00,65,Cancelled,37.9,W20250729
T07287,V0005,D0370,R089,2025-01-24T19:49:00,2025-01-24T21:14:00,85,Completed,60.0,W20250124
T07288,V0082,D0580,R018,2025-05-04T16:06:00,2025-05-04T17:18:00,85,Cancelled,70.8,W20250504
T07289,V0042,D0605,R057,2025-01-04T05:52:00,2025-01-04T07:26:00,75,Completed,47.9,W20250104
T07290,V0338,D0299,R064,2025-03-09T13:48:00,2025-03-09T15:37:00,75,Completed,41.3,W20250309
T07291,V0182,D0443,R013,2025-08-05T01:10:00,2025-08-05T04:48:00,65,Completed,17.9,W20250805
T07292,V0059,D0687,R097,2025-06-27T15:48:00,2025-06-27T19:04:00,65,Completed,19.9,W20250627
T07293,V0083,D0135,R014,2025-05-15T09:22:00,2025-05-15T11:49:00,55,Completed,22.4,W20250515
T07294,V0244,D0673,R099,2025-06-13T02:18:00,2025-06-13T06:13:00,55,Completed,14.0,W20250613
T07295,V0391,D0205,R049,2025-01-23T18:59:00,2025-01-23T21:45:00,85,Completed,30.7,W20250123
T07296,V0247,D0530,R015,2025-07-28T02:04:00,2025-07-28T03:17:00,75,Completed,61.6,W20250728
T07297,V0385,D0200,R076,2025-09-06T00:34:00,2025-09-06T02:42:00,95,Completed,44.5,W20250906
T07298,V0367,D0579,R100,2025-11-01T04:25:00,2025-11-01T06:06:00,75,Cancelled,44.6,W20251101
T07299,V0259,D0538,R035,2025-06-13T02:20:00,2025-06-13T05:13:00,95,Cancelled,32.9,W20250613
T07300,V0456,D0327,R026,2025-04-10T20:16:00,2025-04-11T01:02:00,70,Completed,14.7,W20250410
T07301,V0325,D0186,R051,2025-07-11T16:11:00,2025-07-11T20:22:00,70,Cancelled,16.7,W20250711
T07302,V0351,D0607,R028,2025-01-20T06:52:00,2025-01-20T08:30:00,85,Completed,52.0,W20250120
T07303,V0007,D0347,R086,2025-06-16T01:34:00,2025-06-16T05:39:00,65,Completed,15.9,W20250616
T07304,V0421,D0405,R010,2025-01-18T04:18:00,2025-01-18T08:54:00,75,Completed,16.3,W20250118
T07305,V0318,D0171,R072,2025-09-06T23:10:00,2025-09-07T03:32:00,75,Completed,17.2,W20250906
T07306,V0180,D0697,R071,2025-05-11T23:58:00,2025-05-12T01:23:00,95,Completed,67.1,W20250511
T07307,V0341,D0116,R086,2025-07-14T02:24:00,2025-07-14T06:33:00,65,Completed,15.7,W20250714
T07308,V0041,D0498,R038,2025-11-03T23:21:00,2025-11-04T03:44:00,95,Completed,21.7,W20251103
T07309,V0261,D0144,R084,2025-08-21T21:05:00,2025-08-22T01:19:00,85,Cancelled,20.1,W20250821
T07310,V0127,D0067,R082,2025-04-09T06:41:00,2025-04-09T08:18:00,75,Completed,46.4,W20250409
T07311,V0395,D0436,R055,2025-09-02T09:03:00,2025-09-02T12:19:00,55,Completed,16.8,W20250902
T07312,V0076,D0376,R090,2025-03-17T02:48:00,2025-03-17T06:22:00,85,Completed,23.8,W20250317
T07313,V0121,D0549,R021,2025-01-29T20:16:00,2025-01-30T00:31:00,75,Completed,17.6,W20250129
T07314,V0255,D0352,R048,2025-08-07T16:26:00,2025-08-07T17:12:00,75,Completed,97.8,W20250807
T07315,V0470,D0611,R055,2025-04-16T14:07:00,2025-04-16T17:38:00,55,Completed,15.6,W20250416
T07316,V0119,D0406,R061,2025-02-27T10:13:00,2025-02-27T13:35:00,75,Completed,22.3,W20250227
T07317,V0433,D0478,R045,2025-02-14T06:55:00,2025-02-14T08:02:00,70,Completed,62.7,W20250214
T07318,V0060,D0346,R053,2025-07-14T05:02:00,2025-07-14T09:18:00,55,Completed,12.9,W20250714
T07319,V0364,D0657,R061,2025-08-06T09:05:00,2025-08-06T12:15:00,75,Completed,23.7,W20250806
T07320,V0260,D0615,R003,2025-11-30T09:29:00,2025-11-30T12:23:00,85,Completed,29.3,W20251130
T07321,V0006,D0623,R055,2025-02-28T04:57:00,2025-02-28T07:49:00,55,Completed,19.2,W20250228
T07322,V0152,D0498,R041,2025-10-03T15:17:00,2025-10-03T18:57:00,65,Completed,17.7,W20251003
T07323,V0366,D0197,R062,2025-06-09T03:46:00,2025-06-09T06:18:00,70,Completed,27.6,W20250609
T07324,V0125,D0683,R095,2025-10-26T00:02:00,2025-10-26T02:14:00,85,Cancelled,38.6,W20251026
T07325,V0029,D0128,R073,2025-02-12T00:51:00,2025-02-12T01:39:00,85,Completed,106.2,W20250212
T07326,V0169,D0307,R092,2025-12-23T05:55:00,2025-12-23T09:28:00,70,Completed,19.7,W20251223
T07327,V0171,D0399,R070,2025-11-14T09:34:00,2025-11-14T13:54:00,55,Completed,12.7,W20251114
T07328,V0094,D0575,R028,2025-06-28T04:32:00,2025-06-28T06:31:00,85,Completed,42.9,W20250628
T07329,V0334,D0038,R087,2025-09-26T18:27:00,2025-09-26T23:09:00,55,Cancelled,11.7,W20250926
T07330,V0263,D0044,R097,2025-01-18T14:49:00,2025-01-18T17:20:00,65,Completed,25.8,W20250118
T07331,V0168,D0580,R095,2025-02-07T23:19:00,2025-02-08T02:14:00,85,Completed,29.1,W20250207
T07332,V0127,D0554,R034,2025-07-07T00:25:00,2025-07-07T02:40:00,70,Completed,31.1,W20250707
T07333,V0120,D0532,R068,2025-08-14T06:22:00,2025-08-14T09:03:00,95,Completed,35.4,W20250814
T07334,V0305,D0099,R014,2025-07-21T19:44:00,2025-07-22T00:06:00,55,Completed,12.6,W20250721
T07335,V0492,D0681,R074,2025-10-11T18:10:00,2025-10-11T21:56:00,95,Completed,25.2,W20251011
T07336,V0342,D0175,R081,2025-09-23T08:10:00,2025-09-23T10:46:00,55,Cancelled,21.2,W20250923
T07337,V0301,D0373,R029,2025-06-16T12:40:00,2025-06-16T16:28:00,70,Cancelled,18.4,W20250616
T07338,V0418,D0328,R073,2025-06-14T23:24:00,2025-06-15T00:28:00,85,Cancelled,79.7,W20250614
T07339,V0258,D0237,R004,2025-02-13T21:39:00,2025-02-14T01:58:00,65,Completed,15.1,W20250213
T07340,V0004,D0344,R070,2025-04-16T05:36:00,2025-04-16T08:49:00,55,Completed,17.1,W20250416
T07341,V0325,D0128,R028,2025-05-06T11:40:00,2025-05-06T15:45:00,85,Cancelled,20.8,W20250506
T07342,V0373,D0143,R009,2025-02-25T18:31:00,2025-02-25T22:46:00,65,Completed,15.3,W20250225
T07343,V0474,D0254,R041,2025-04-05T09:23:00,2025-04-05T12:26:00,65,Completed,21.3,W20250405
T07344,V0411,D0217,R038,2025-08-06T00:24:00,2025-08-06T04:48:00,95,Completed,21.6,W20250806
T07345,V0210,D0032,R047,2025-04-21T03:54:00,2025-04-21T05:18:00,55,Completed,39.3,W20250421
T07346,V0437,D0481,R038,2025-10-19T20:15:00,2025-10-19T22:38:00,95,Completed,39.9,W20251019
T07347,V0328,D0383,R031,2025-12-07T12:24:00,2025-12-07T15:26:00,65,Completed,21.4,W20251207
T07348,V0468,D0454,R087,2025-04-12T00:23:00,2025-04-12T03:18:00,55,Completed,18.9,W20250412
T07349,V0454,D0111,R023,2025-09-16T12:54:00,2025-09-16T17:00:00,95,Completed,23.2,W20250916
T07350,V0231,D0098,R021,2025-07-05T05:20:00,2025-07-05T09:41:00,75,Completed,17.2,W20250705
T07351,V0497,D0046,R064,2025-01-27T08:50:00,2025-01-27T13:49:00,75,Cancelled,15.1,W20250127
T07352,V0269,D0273,R071,2025-09-15T02:00:00,2025-09-15T02:55:00,95,Completed,103.6,W20250915
T07353,V0204,D0235,R035,2025-05-21T06:32:00,2025-05-21T08:30:00,95,Cancelled,48.3,W20250521
T07354,V0414,D0233,R060,2025-06-02T00:56:00,2025-06-02T01:50:00,85,Cancelled,94.4,W20250602
T07355,V0102,D0203,R058,2025-02-26T00:47:00,2025-02-26T03:36:00,95,Cancelled,33.7,W20250226
T07356,V0448,D0482,R021,2025-08-23T02:17:00,2025-08-23T06:52:00,75,Completed,16.4,W20250823
T07357,V0265,D0569,R056,2025-07-11T05:59:00,2025-07-11T09:05:00,95,Completed,30.6,W20250711
T07358,V0346,D0347,R011,2025-09-01T23:37:00,2025-09-02T02:11:00,85,Completed,33.1,W20250901
T07359,V0072,D0489,R059,2025-03-18T04:23:00,2025-03-18T05:50:00,75,Completed,51.7,W20250318
T07360,V0492,D0307,R026,2025-05-08T12:25:00,2025-05-08T15:37:00,70,Completed,21.9,W20250508
T07361,V0309,D0188,R054,2025-06-07T01:35:00,2025-06-07T02:48:00,95,Cancelled,78.1,W20250607
T07362,V0178,D0454,R047,2025-03-15T17:39:00,2025-03-15T21:48:00,55,Completed,13.3,W20250315
T07363,V0228,D0622,R076,2025-12-07T12:56:00,2025-12-07T16:17:00,95,Cancelled,28.4,W20251207
T07364,V0168,D0642,R030,2025-08-24T21:29:00,2025-08-24T22:32:00,65,Completed,61.9,W20250824
T07365,V0446,D0391,R024,2025-10-30T03:07:00,2025-10-30T07:23:00,55,Completed,12.9,W20251030
T07366,V0414,D0674,R057,2025-02-24T11:41:00,2025-02-24T15:56:00,75,Completed,17.6,W20250224
T07367,V0024,D0299,R092,2025-04-24T06:32:00,2025-04-24T09:58:00,70,Cancelled,20.4,W20250424
T07368,V0069,D0146,R088,2025-05-28T14:35:00,2025-05-28T16:35:00,95,Completed,47.5,W20250528
T07369,V0088,D0310,R051,2025-06-20T21:58:00,2025-06-21T00:29:00,70,Completed,27.8,W20250620
T07370,V0038,D0004,R054,2025-12-06T21:27:00,2025-12-07T00:56:00,95,Completed,27.3,W20251206
T07371,V0359,D0399,R035,2025-03-21T00:32:00,2025-03-21T03:01:00,95,Completed,38.3,W20250321
T07372,V0080,D0426,R063,2025-10-20T22:27:00,2025-10-20T23:43:00,75,Completed,59.2,W20251020
T07373,V0421,D0629,R026,2025-05-11T03:09:00,2025-05-11T04:45:00,70,Cancelled,43.8,W20250511
T07374,V0385,D0589,R062,2025-06-16T02:00:00,2025-06-16T02:55:00,70,Completed,76.4,W20250616
T07375,V0303,D0363,R015,2025-09-10T01:15:00,2025-09-10T05:22:00,75,Completed,18.2,W20250910
T07376,V0443,D0391,R061,2025-10-03T01:41:00,2025-10-03T05:59:00,75,Cancelled,17.4,W20251003
T07377,V0006,D0040,R009,2025-12-17T18:59:00,2025-12-17T22:21:00,65,Completed,19.3,W20251217
T07378,V0413,D0304,R021,2025-01-08T04:13:00,2025-01-08T08:08:00,75,Cancelled,19.1,W20250108
T07379,V0026,D0163,R070,2025-01-25T04:52:00,2025-01-25T08:11:00,55,Completed,16.6,W20250125
T07380,V0149,D0352,R037,2025-05-16T02:24:00,2025-05-16T06:10:00,95,Completed,25.2,W20250516
T07381,V0447,D0003,R085,2025-03-26T03:45:00,2025-03-26T05:52:00,55,Completed,26.0,W20250326
T07382,V0349,D0644,R063,2025-10-08T15:02:00,2025-10-08T18:36:00,75,Completed,21.0,W20251008
T07383,V0446,D0608,R079,2025-07-23T03:06:00,2025-07-23T06:57:00,70,Completed,18.2,W20250723
T07384,V0068,D0637,R092,2025-09-19T13:36:00,2025-09-19T15:08:00,70,Cancelled,45.7,W20250919
T07385,V0491,D0021,R059,2025-11-21T06:45:00,2025-11-21T10:16:00,75,Cancelled,21.3,W20251121
T07386,V0235,D0391,R050,2025-12-13T06:37:00,2025-12-13T09:59:00,95,Cancelled,28.2,W20251213
T07387,V0159,D0527,R028,2025-12-23T06:14:00,2025-12-23T09:09:00,85,Completed,29.1,W20251223
T07388,V0328,D0168,R014,2025-05-07T10:47:00,2025-05-07T13:28:00,55,Completed,20.5,W20250507
T07389,V0008,D0010,R084,2025-09-27T01:35:00,2025-09-27T04:34:00,85,Completed,28.5,W20250927
T07390,V0359,D0172,R098,2025-08-23T18:40:00,2025-08-23T23:18:00,75,Completed,16.2,W20250823
T07391,V0320,D0395,R075,2025-07-21T23:04:00,2025-07-22T03:46:00,85,Completed,18.1,W20250721
T07392,V0298,D0017,R053,2025-01-27T21:07:00,2025-01-28T00:27:00,55,Cancelled,16.5,W20250127
T07393,V0168,D0338,R047,2025-08-11T20:02:00,2025-08-11T22:01:00,55,Completed,27.7,W20250811
T07394,V0454,D0262,R009,2025-11-25T14:34:00,2025-11-25T15:33:00,65,Completed,66.1,W20251125
T07395,V0378,D0529,R011,2025-05-01T10:48:00,2025-05-01T13:36:00,85,Completed,30.4,W20250501
T07396,V0081,D0564,R091,2025-05-23T19:46:00,2025-05-23T22:33:00,70,Completed,25.1,W20250523
T07397,V0242,D0257,R052,2025-08-09T04:29:00,2025-08-09T07:47:00,65,Completed,19.7,W20250809
T07398,V0307,D0279,R056,2025-03-12T04:57:00,2025-03-12T09:57:00,95,Completed,19.0,W20250312
T07399,V0462,D0147,R073,2025-07-21T11:58:00,2025-07-21T16:38:00,85,Cancelled,18.2,W20250721
T07400,V0045,D0326,R077,2025-10-22T07:26:00,2025-10-22T09:03:00,85,Cancelled,52.6,W20251022
T07401,V0129,D0309,R046,2025-05-06T17:28:00,2025-05-06T20:19:00,70,Completed,24.6,W20250506
T07402,V0010,D0546,R014,2025-09-09T17:25:00,2025-09-09T20:53:00,55,Completed,15.9,W20250909
T07403,V0135,D0371,R068,2025-07-13T16:37:00,2025-07-13T21:33:00,95,Completed,19.3,W20250713
T07404,V0480,D0075,R075,2025-04-27T19:48:00,2025-04-28T00:06:00,85,Cancelled,19.8,W20250427
T07405,V0191,D0561,R055,2025-11-14T02:14:00,2025-11-14T05:04:00,55,Completed,19.4,W20251114
T07406,V0049,D0614,R021,2025-12-21T18:01:00,2025-12-21T22:45:00,75,Completed,15.8,W20251221
T07407,V0188,D0626,R066,2025-03-14T16:24:00,2025-03-14T20:21:00,85,Completed,21.5,W20250314
T07408,V0045,D0338,R051,2025-03-12T21:40:00,2025-03-13T02:03:00,70,Completed,16.0,W20250312
T07409,V0262,D0666,R100,2025-12-11T04:34:00,2025-12-11T06:52:00,75,Cancelled,32.6,W20251211
T07410,V0226,D0593,R084,2025-12-29T19:57:00,2025-12-29T21:22:00,85,Completed,60.0,W20251229
T07411,V0380,D0580,R034,2025-01-12T19:43:00,2025-01-12T22:36:00,70,Completed,24.3,W20250112
T07412,V0238,D0244,R005,2025-01-19T07:23:00,2025-01-19T10:36:00,65,Completed,20.2,W20250119
T07413,V0098,D0337,R095,2025-12-30T03:14:00,2025-12-30T07:32:00,85,Completed,19.8,W20251230
T07414,V0312,D0291,R042,2025-04-19T19:38:00,2025-04-19T23:55:00,75,Cancelled,17.5,W20250419
T07415,V0359,D0034,R034,2025-11-20T06:14:00,2025-11-20T11:06:00,70,Completed,14.4,W20251120
T07416,V0276,D0029,R018,2025-12-07T06:30:00,2025-12-07T07:24:00,85,Completed,94.4,W20251207
T07417,V0210,D0456,R015,2025-12-09T23:09:00,2025-12-10T00:48:00,75,Completed,45.5,W20251209
T07418,V0047,D0380,R033,2025-10-06T12:39:00,2025-10-06T14:52:00,85,Completed,38.3,W20251006
T07419,V0034,D0399,R022,2025-03-27T17:32:00,2025-03-27T19:24:00,70,Completed,37.5,W20250327
T07420,V0492,D0576,R038,2025-05-29T09:29:00,2025-05-29T11:24:00,95,Completed,49.6,W20250529
T07421,V0107,D0277,R035,2025-12-30T23:26:00,2025-12-31T02:16:00,95,Completed,33.5,W20251230
T07422,V0209,D0352,R050,2025-08-28T13:59:00,2025-08-28T18:05:00,95,Completed,23.2,W20250828
T07423,V0280,D0467,R024,2025-05-09T10:25:00,2025-05-09T11:51:00,55,Completed,38.4,W20250509
T07424,V0324,D0330,R088,2025-11-23T23:59:00,2025-11-24T04:41:00,95,Completed,20.2,W20251123
T07425,V0258,D0150,R088,2025-09-19T19:17:00,2025-09-19T23:41:00,95,Cancelled,21.6,W20250919
T07426,V0126,D0444,R069,2025-05-01T22:34:00,2025-05-02T00:10:00,70,Completed,43.8,W20250501
T07427,V0264,D0466,R047,2025-06-07T18:01:00,2025-06-07T22:35:00,55,Completed,12.0,W20250607
T07428,V0278,D0475,R012,2025-10-08T20:42:00,2025-10-09T00:09:00,95,Cancelled,27.5,W20251008
T07429,V0113,D0657,R070,2025-05-17T16:30:00,2025-05-17T19:59:00,55,Completed,15.8,W20250517
T07430,V0492,D0110,R065,2025-06-09T20:51:00,2025-06-09T22:46:00,70,Completed,36.5,W20250609
T07431,V0036,D0326,R037,2025-12-29T15:34:00,2025-12-29T19:13:00,95,Completed,26.0,W20251229
T07432,V0283,D0700,R016,2025-04-24T09:21:00,2025-04-24T10:52:00,65,Completed,42.9,W20250424
T07433,V0265,D0320,R096,2025-03-31T03:58:00,2025-03-31T06:55:00,95,Completed,32.2,W20250331
T07434,V0175,D0299,R100,2025-12-24T17:25:00,2025-12-24T21:34:00,75,Completed,18.1,W20251224
T07435,V0340,D0001,R077,2025-12-28T19:05:00,2025-12-28T22:33:00,85,Completed,24.5,W20251228
T07436,V0270,D0327,R059,2025-10-21T18:42:00,2025-10-21T20:22:00,75,Completed,45.0,W20251021
T07437,V0205,D0613,R031,2025-12-12T21:15:00,2025-12-12T22:07:00,65,Cancelled,75.0,W20251212
T07438,V0138,D0211,R087,2025-06-04T02:02:00,2025-06-04T06:06:00,55,Completed,13.5,W20250604
T07439,V0462,D0562,R039,2025-11-20T18:33:00,2025-11-20T21:57:00,55,Completed,16.2,W20251120
T07440,V0323,D0165,R097,2025-07-28T21:06:00,2025-07-28T22:30:00,65,Cancelled,46.4,W20250728
T07441,V0029,D0575,R025,2025-09-11T09:32:00,2025-09-11T11:41:00,75,Completed,34.9,W20250911
T07442,V0316,D0609,R083,2025-06-05T07:45:00,2025-06-05T10:31:00,75,Completed,27.1,W20250605
T07443,V0305,D0222,R018,2025-07-15T19:21:00,2025-07-16T00:15:00,85,Completed,17.3,W20250715
T07444,V0432,D0439,R016,2025-01-25T21:26:00,2025-01-26T02:09:00,65,Completed,13.8,W20250125
T07445,V0427,D0059,R030,2025-08-04T00:44:00,2025-08-04T04:42:00,65,Cancelled,16.4,W20250804
T07446,V0116,D0124,R094,2025-11-17T01:41:00,2025-11-17T06:35:00,70,Completed,14.3,W20251117
T07447,V0253,D0024,R040,2025-04-03T15:26:00,2025-04-03T19:15:00,95,Completed,24.9,W20250403
T07448,V0265,D0141,R090,2025-10-18T21:32:00,2025-10-19T02:24:00,85,Completed,17.5,W20251018
T07449,V0222,D0142,R011,2025-05-27T05:45:00,2025-05-27T10:09:00,85,Cancelled,19.3,W20250527
T07450,V0039,D0266,R041,2025-04-12T09:59:00,2025-04-12T13:46:00,65,Completed,17.2,W20250412
T07451,V0304,D0344,R004,2025-06-02T05:16:00,2025-06-02T10:05:00,65,Completed,13.5,W20250602
T07452,V0085,D0011,R004,2025-12-15T13:00:00,2025-12-15T17:31:00,65,Cancelled,14.4,W20251215
T07453,V0109,D0346,R084,2025-09-18T00:37:00,2025-09-18T03:30:00,85,Cancelled,29.5,W20250918
T07454,V0375,D0480,R040,2025-07-22T13:47:00,2025-07-22T15:18:00,95,Completed,62.6,W20250722
T07455,V0267,D0265,R074,2025-10-25T01:31:00,2025-10-25T02:32:00,95,Completed,93.4,W20251025
T07456,V0204,D0625,R014,2025-09-14T13:39:00,2025-09-14T15:39:00,55,Completed,27.5,W20250914
T07457,V0068,D0267,R062,2025-06-12T11:46:00,2025-06-12T14:41:00,70,Cancelled,24.0,W20250612
T07458,V0430,D0030,R071,2025-11-18T00:40:00,2025-11-18T04:09:00,95,Completed,27.3,W20251118
T07459,V0477,D0113,R081,2025-11-23T16:22:00,2025-11-23T18:22:00,55,Completed,27.5,W20251123
T07460,V0029,D0669,R072,2025-10-05T10:39:00,2025-10-05T12:42:00,75,Cancelled,36.6,W20251005
T07461,V0296,D0566,R069,2025-01-19T20:10:00,2025-01-19T21:21:00,70,Completed,59.2,W20250119
T07462,V0257,D0328,R065,2025-08-08T08:48:00,2025-08-08T13:33:00,70,Cancelled,14.7,W20250808
T07463,V0001,D0127,R058,2025-02-02T21:53:00,2025-02-02T23:07:00,95,Cancelled,77.0,W20250202
T07464,V0188,D0695,R015,2025-09-12T18:06:00,2025-09-12T22:07:00,75,Completed,18.7,W20250912
T07465,V0486,D0492,R056,2025-10-25T17:12:00,2025-10-25T21:53:00,95,Completed,20.3,W20251025
T07466,V0443,D0437,R072,2025-02-16T16:39:00,2025-02-16T18:38:00,75,Completed,37.8,W20250216
T07467,V0039,D0307,R097,2025-02-20T10:37:00,2025-02-20T13:29:00,65,Completed,22.7,W20250220
T07468,V0197,D0442,R087,2025-07-08T01:43:00,2025-07-08T05:50:00,55,Completed,13.4,W20250708
T07469,V0171,D0063,R066,2025-03-29T09:45:00,2025-03-29T12:54:00,85,Completed,27.0,W20250329
T07470,V0124,D0571,R096,2025-08-02T17:42:00,2025-08-02T20:42:00,95,Completed,31.7,W20250802
T07471,V0085,D0098,R053,2025-07-17T22:29:00,2025-07-18T02:17:00,55,Completed,14.5,W20250717
T07472,V0443,D0535,R090,2025-09-05T09:13:00,2025-09-05T12:10:00,85,Cancelled,28.8,W20250905
T07473,V0489,D0390,R074,2025-12-08T16:39:00,2025-12-08T19:01:00,95,Completed,40.1,W20251208
T07474,V0194,D0372,R051,2025-05-02T12:06:00,2025-05-02T13:46:00,70,Completed,42.0,W20250502
T07475,V0113,D0110,R080,2025-10-22T23:48:00,2025-10-23T03:24:00,75,Completed,20.8,W20251022
T07476,V0317,D0035,R063,2025-01-29T07:22:00,2025-01-29T09:03:00,75,Cancelled,44.6,W20250129
T07477,V0245,D0082,R088,2025-09-02T06:39:00,2025-09-02T10:57:00,95,Completed,22.1,W20250902
T07478,V0243,D0564,R026,2025-06-17T20:51:00,2025-06-17T23:01:00,70,Completed,32.3,W20250617
T07479,V0472,D0444,R052,2025-05-09T03:33:00,2025-05-09T04:42:00,65,Completed,56.5,W20250509
T07480,V0253,D0262,R078,2025-06-17T14:03:00,2025-06-17T18:32:00,75,Completed,16.7,W20250617
T07481,V0425,D0326,R020,2025-01-31T11:40:00,2025-01-31T14:01:00,65,Cancelled,27.7,W20250131
T07482,V0112,D0692,R002,2025-07-21T00:42:00,2025-07-21T02:16:00,75,Completed,47.9,W20250721
T07483,V0038,D0174,R076,2025-09-16T14:35:00,2025-09-16T18:16:00,95,Cancelled,25.8,W20250916
T07484,V0437,D0173,R029,2025-09-12T22:20:00,2025-09-12T23:11:00,70,Completed,82.4,W20250912
T07485,V0470,D0664,R016,2025-11-05T22:33:00,2025-11-06T01:24:00,65,Cancelled,22.8,W20251105
T07486,V0366,D0577,R072,2025-07-08T20:58:00,2025-07-08T23:48:00,75,Completed,26.5,W20250708
T07487,V0286,D0657,R002,2025-06-22T04:36:00,2025-06-22T08:07:00,75,Completed,21.3,W20250622
T07488,V0406,D0457,R062,2025-03-05T02:14:00,2025-03-05T04:24:00,70,Completed,32.3,W20250305
T07489,V0459,D0408,R026,2025-09-07T12:54:00,2025-09-07T17:45:00,70,Cancelled,14.4,W20250907
T07490,V0443,D0190,R093,2025-09-09T18:25:00,2025-09-09T23:03:00,65,Cancelled,14.0,W20250909
T07491,V0068,D0499,R065,2025-04-26T22:01:00,2025-04-27T00:19:00,70,Cancelled,30.4,W20250426
T07492,V0484,D0055,R073,2025-02-03T11:02:00,2025-02-03T12:22:00,85,Completed,63.8,W20250203
T07493,V0390,D0048,R046,2025-01-08T07:03:00,2025-01-08T08:24:00,70,Cancelled,51.9,W20250108
T07494,V0262,D0665,R020,2025-11-23T23:03:00,2025-11-24T01:12:00,65,Completed,30.2,W20251123
T07495,V0126,D0077,R076,2025-04-24T15:43:00,2025-04-24T17:19:00,95,Cancelled,59.4,W20250424
T07496,V0443,D0430,R004,2025-01-26T11:16:00,2025-01-26T13:25:00,65,Completed,30.2,W20250126
T07497,V0063,D0220,R012,2025-06-14T21:06:00,2025-06-14T22:59:00,95,Cancelled,50.4,W20250614
T07498,V0088,D0237,R091,2025-11-24T01:43:00,2025-11-24T05:38:00,70,Cancelled,17.9,W20251124
T07499,V0476,D0323,R017,2025-05-07T01:39:00,2025-05-07T02:40:00,95,Completed,93.4,W20250507
T07500,V0124,D0136,R022,2025-12-31T08:43:00,2025-12-31T09:36:00,70,Completed,79.2,W20251231
T07501,V0185,D0131,R021,2025-04-26T18:41:00,2025-04-26T19:54:00,75,Cancelled,61.6,W20250426
T07502,V0183,D0632,R081,2025-01-20T14:03:00,2025-01-20T16:00:00,55,Completed,28.2,W20250120
T07503,V0069,D0103,R055,2025-01-10T12:52:00,2025-01-10T14:39:00,55,Completed,30.8,W20250110
T07504,V0370,D0261,R013,2025-08-29T14:04:00,2025-08-29T17:25:00,65,Cancelled,19.4,W20250829
T07505,V0434,D0399,R001,2025-01-26T07:23:00,2025-01-26T11:29:00,85,Completed,20.7,W20250126
T07506,V0293,D0118,R021,2025-01-20T10:16:00,2025-01-20T12:04:00,75,Cancelled,41.7,W20250120
T07507,V0083,D0549,R053,2025-04-25T00:46:00,2025-04-25T01:41:00,55,Completed,60.0,W20250425
T07508,V0252,D0041,R098,2025-01-20T14:25:00,2025-01-20T18:31:00,75,Completed,18.3,W20250120
T07509,V0448,D0537,R024,2025-12-29T15:57:00,2025-12-29T19:30:00,55,Completed,15.5,W20251229
T07510,V0347,D0698,R062,2025-12-09T21:17:00,2025-12-10T00:43:00,70,Completed,20.4,W20251209
T07511,V0396,D0642,R017,2025-09-23T17:14:00,2025-09-23T18:24:00,95,Completed,81.4,W20250923
T07512,V0193,D0400,R028,2025-10-16T23:02:00,2025-10-17T00:18:00,85,Completed,67.1,W20251016
T07513,V0364,D0426,R015,2025-09-15T19:37:00,2025-09-15T21:35:00,75,Completed,38.1,W20250915
T07514,V0440,D0022,R009,2025-09-06T17:27:00,2025-09-06T22:01:00,65,Completed,14.2,W20250906
T07515,V0367,D0183,R015,2025-12-27T23:29:00,2025-12-28T02:24:00,75,Cancelled,25.7,W20251227
T07516,V0198,D0030,R058,2025-08-17T21:11:00,2025-08-18T01:53:00,95,Completed,20.2,W20250817
T07517,V0199,D0527,R072,2025-04-09T21:08:00,2025-04-10T00:12:00,75,Completed,24.5,W20250409
T07518,V0484,D0286,R094,2025-11-05T23:21:00,2025-11-06T04:04:00,70,Completed,14.8,W20251105
T07519,V0255,D0219,R035,2025-04-08T12:02:00,2025-04-08T14:28:00,95,Cancelled,39.0,W20250408
T07520,V0447,D0101,R075,2025-09-05T08:54:00,2025-09-05T11:40:00,85,Completed,30.7,W20250905
T07521,V0395,D0603,R024,2025-04-12T05:46:00,2025-04-12T07:59:00,55,Completed,24.8,W20250412
T07522,V0409,D0146,R090,2025-04-25T04:19:00,2025-04-25T07:44:00,85,Completed,24.9,W20250425
T07523,V0431,D0324,R046,2025-01-13T16:25:00,2025-01-13T18:42:00,70,Completed,30.7,W20250113
T07524,V0263,D0427,R041,2025-07-12T17:56:00,2025-07-12T18:43:00,65,Completed,83.0,W20250712
T07525,V0003,D0275,R002,2025-06-05T01:12:00,2025-06-05T04:24:00,75,Completed,23.4,W20250605
T07526,V0407,D0073,R088,2025-10-07T23:36:00,2025-10-08T00:33:00,95,Completed,100.0,W20251007
T07527,V0169,D0326,R059,2025-02-12T09:36:00,2025-02-12T13:08:00,75,Completed,21.2,W20250212
T07528,V0020,D0639,R048,2025-10-28T13:04:00,2025-10-28T16:16:00,75,Completed,23.4,W20251028
T07529,V0477,D0523,R062,2025-07-28T11:20:00,2025-07-28T15:03:00,70,Completed,18.8,W20250728
T07530,V0099,D0550,R058,2025-04-08T19:31:00,2025-04-08T22:16:00,95,Completed,34.5,W20250408
T07531,V0227,D0603,R045,2025-11-18T04:51:00,2025-11-18T07:27:00,70,Completed,26.9,W20251118
T07532,V0119,D0290,R005,2025-05-28T21:03:00,2025-05-28T23:20:00,65,Completed,28.5,W20250528
T07533,V0132,D0268,R012,2025-07-16T10:54:00,2025-07-16T13:15:00,95,Cancelled,40.4,W20250716
T07534,V0395,D0249,R038,2025-10-10T12:53:00,2025-10-10T16:09:00,95,Cancelled,29.1,W20251010
T07535,V0141,D0514,R024,2025-03-16T21:18:00,2025-03-17T01:23:00,55,Completed,13.5,W20250316
T07536,V0016,D0088,R012,2025-10-26T07:22:00,2025-10-26T10:01:00,95,Cancelled,35.8,W20251026
T07537,V0288,D0061,R008,2025-01-07T18:34:00,2025-01-07T22:15:00,75,Completed,20.4,W20250107
T07538,V0298,D0233,R087,2025-03-11T08:48:00,2025-03-11T10:56:00,55,Completed,25.8,W20250311
T07539,V0261,D0052,R017,2025-09-03T20:26:00,2025-09-04T00:46:00,95,Completed,21.9,W20250903
T07540,V0133,D0468,R092,2025-10-04T05:32:00,2025-10-04T10:17:00,70,Completed,14.7,W20251004
T07541,V0170,D0519,R084,2025-08-26T20:17:00,2025-08-26T22:35:00,85,Completed,37.0,W20250826
T07542,V0258,D0352,R043,2025-06-09T16:10:00,2025-06-09T18:36:00,65,Cancelled,26.7,W20250609
T07543,V0420,D0313,R013,2025-11-23T13:27:00,2025-11-23T15:36:00,65,Completed,30.2,W20251123
T07544,V0164,D0240,R035,2025-04-15T08:18:00,2025-04-15T12:00:00,95,Cancelled,25.7,W20250415
T07545,V0311,D0132,R100,2025-11-13T03:12:00,2025-11-13T07:28:00,75,Completed,17.6,W20251113
T07546,V0477,D0202,R007,2025-10-09T15:55:00,2025-10-09T18:11:00,70,Completed,30.9,W20251009
T07547,V0484,D0649,R053,2025-03-17T15:52:00,2025-03-17T17:46:00,55,Completed,28.9,W20250317
T07548,V0357,D0396,R016,2025-12-27T20:36:00,2025-12-28T01:33:00,65,Cancelled,13.1,W20251227
T07549,V0477,D0262,R040,2025-02-18T06:17:00,2025-02-18T08:16:00,95,Completed,47.9,W20250218
T07550,V0426,D0646,R097,2025-03-24T20:33:00,2025-03-25T01:17:00,65,Completed,13.7,W20250324
T07551,V0352,D0514,R008,2025-10-22T01:00:00,2025-10-22T03:52:00,75,Completed,26.2,W20251022
T07552,V0411,D0249,R057,2025-02-13T23:55:00,2025-02-14T01:15:00,75,Completed,56.2,W20250213
T07553,V0378,D0544,R075,2025-04-09T19:59:00,2025-04-09T22:51:00,85,Completed,29.7,W20250409
T07554,V0471,D0099,R068,2025-01-14T05:23:00,2025-01-14T06:10:00,95,Completed,121.3,W20250114
T07555,V0455,D0318,R083,2025-05-06T12:18:00,2025-05-06T13:31:00,75,Completed,61.6,W20250506
T07556,V0084,D0394,R053,2025-04-13T19:39:00,2025-04-13T22:14:00,55,Cancelled,21.3,W20250413
T07557,V0274,D0012,R070,2025-01-14T04:33:00,2025-01-14T05:32:00,55,Completed,55.9,W20250114
T07558,V0333,D0376,R029,2025-01-25T19:54:00,2025-01-25T23:11:00,70,Completed,21.3,W20250125
T07559,V0459,D0662,R052,2025-07-27T09:07:00,2025-07-27T13:19:00,65,Completed,15.5,W20250727
T07560,V0266,D0072,R038,2025-12-27T09:20:00,2025-12-27T12:57:00,95,Cancelled,26.3,W20251227
T07561,V0032,D0341,R093,2025-06-11T02:50:00,2025-06-11T06:51:00,65,Completed,16.2,W20250611
T07562,V0233,D0300,R080,2025-03-19T08:20:00,2025-03-19T12:13:00,75,Completed,19.3,W20250319
T07563,V0073,D0624,R093,2025-03-06T23:15:00,2025-03-07T00:02:00,65,Completed,83.0,W20250306
T07564,V0498,D0426,R069,2025-07-12T21:28:00,2025-07-13T00:45:00,70,Completed,21.3,W20250712
T07565,V0219,D0177,R021,2025-05-05T15:07:00,2025-05-05T20:02:00,75,Completed,15.3,W20250505
T07566,V0249,D0683,R087,2025-04-22T02:19:00,2025-04-22T06:11:00,55,Completed,14.2,W20250422
T07567,V0275,D0660,R068,2025-11-09T17:19:00,2025-11-09T21:45:00,95,Completed,21.4,W20251109
T07568,V0476,D0383,R092,2025-11-05T05:34:00,2025-11-05T09:04:00,70,Completed,20.0,W20251105
T07569,V0426,D0631,R010,2025-09-16T05:30:00,2025-09-16T09:04:00,75,Cancelled,21.0,W20250916
T07570,V0169,D0380,R032,2025-07-17T06:19:00,2025-07-17T08:53:00,75,Completed,29.2,W20250717
T07571,V0187,D0625,R041,2025-07-02T13:49:00,2025-07-02T14:59:00,65,Completed,55.7,W20250702
T07572,V0187,D0265,R041,2025-01-13T20:00:00,2025-01-13T23:25:00,65,Cancelled,19.0,W20250113
T07573,V0444,D0223,R032,2025-01-19T20:51:00,2025-01-20T00:57:00,75,Completed,18.3,W20250119
T07574,V0083,D0236,R042,2025-10-21T18:38:00,2025-10-21T21:29:00,75,Cancelled,26.3,W20251021
T07575,V0099,D0056,R063,2025-04-05T00:20:00,2025-04-05T05:16:00,75,Completed,15.2,W20250405
T07576,V0303,D0049,R089,2025-06-24T17:39:00,2025-06-24T21:48:00,85,Completed,20.5,W20250624
T07577,V0079,D0596,R093,2025-11-04T01:17:00,2025-11-04T03:41:00,65,Completed,27.1,W20251104
T07578,V0491,D0344,R086,2025-12-21T01:18:00,2025-12-21T02:49:00,65,Completed,42.9,W20251221
T07579,V0466,D0155,R064,2025-08-08T16:13:00,2025-08-08T17:26:00,75,Cancelled,61.6,W20250808
T07580,V0165,D0033,R100,2025-07-07T00:48:00,2025-07-07T03:14:00,75,Cancelled,30.8,W20250707
T07581,V0220,D0554,R033,2025-01-09T07:38:00,2025-01-09T12:33:00,85,Cancelled,17.3,W20250109
T07582,V0404,D0597,R071,2025-04-01T16:21:00,2025-04-01T20:52:00,95,Completed,21.0,W20250401
T07583,V0280,D0017,R064,2025-05-28T18:05:00,2025-05-28T21:44:00,75,Completed,20.5,W20250528
T07584,V0411,D0428,R003,2025-06-29T01:24:00,2025-06-29T02:16:00,85,Completed,98.1,W20250629
T07585,V0038,D0513,R030,2025-01-27T16:22:00,2025-01-27T19:27:00,65,Completed,21.1,W20250127
T07586,V0076,D0326,R093,2025-12-30T23:38:00,2025-12-31T01:24:00,65,Completed,36.8,W20251230
T07587,V0117,D0563,R054,2025-12-19T21:40:00,2025-12-20T00:49:00,95,Completed,30.2,W20251219
T07588,V0055,D0098,R094,2025-11-06T02:57:00,2025-11-06T05:49:00,70,Completed,24.4,W20251106
T07589,V0036,D0664,R049,2025-02-25T00:25:00,2025-02-25T02:06:00,85,Completed,50.5,W20250225
T07590,V0033,D0210,R013,2025-11-26T02:14:00,2025-11-26T04:23:00,65,Cancelled,30.2,W20251126
T07591,V0082,D0524,R005,2025-01-10T03:06:00,2025-01-10T04:13:00,65,Completed,58.2,W20250110
T07592,V0406,D0029,R017,2025-11-01T15:44:00,2025-11-01T16:39:00,95,Completed,103.6,W20251101
T07593,V0018,D0205,R058,2025-11-04T16:10:00,2025-11-04T20:06:00,95,Completed,24.2,W20251104
T07594,V0438,D0190,R077,2025-06-13T21:32:00,2025-06-14T02:02:00,85,Completed,18.9,W20250613
T07595,V0250,D0149,R097,2025-12-27T19:05:00,2025-12-27T20:39:00,65,Completed,41.5,W20251227
T07596,V0332,D0571,R045,2025-07-15T09:24:00,2025-07-15T14:03:00,70,Cancelled,15.1,W20250715
T07597,V0440,D0595,R035,2025-10-21T04:50:00,2025-10-21T09:14:00,95,Completed,21.6,W20251021
T07598,V0156,D0499,R029,2025-12-26T22:55:00,2025-12-27T00:31:00,70,Completed,43.8,W20251226
T07599,V0441,D0272,R018,2025-02-15T22:08:00,2025-02-16T02:40:00,85,Completed,18.8,W20250215
T07600,V0234,D0428,R060,2025-07-02T06:39:00,2025-07-02T08:29:00,85,Cancelled,46.4,W20250702
T07601,V0356,D0596,R073,2025-12-19T06:35:00,2025-12-19T07:47:00,85,Cancelled,70.8,W20251219
T07602,V0373,D0688,R016,2025-10-22T04:13:00,2025-10-22T06:54:00,65,Completed,24.2,W20251022
T07603,V0198,D0186,R090,2025-04-23T15:34:00,2025-04-23T18:23:00,85,Completed,30.2,W20250423
T07604,V0177,D0680,R006,2025-04-23T10:20:00,2025-04-23T12:45:00,95,Cancelled,39.3,W20250423
T07605,V0044,D0650,R096,2025-11-18T23:11:00,2025-11-19T03:09:00,95,Cancelled,23.9,W20251118
T07606,V0287,D0450,R049,2025-12-08T15:32:00,2025-12-08T18:13:00,85,Completed,31.7,W20251208
T07607,V0343,D0550,R049,2025-08-28T03:13:00,2025-08-28T05:42:00,85,Completed,34.2,W20250828
T07608,V0293,D0025,R015,2025-06-06T13:58:00,2025-06-06T18:28:00,75,Completed,16.7,W20250606
T07609,V0315,D0605,R061,2025-10-02T19:07:00,2025-10-02T22:23:00,75,Completed,23.0,W20251002
T07610,V0255,D0017,R049,2025-08-17T18:28:00,2025-08-17T23:11:00,85,Completed,18.0,W20250817
T07611,V0015,D0337,R020,2025-02-10T11:10:00,2025-02-10T12:16:00,65,Cancelled,59.1,W20250210
T07612,V0065,D0373,R048,2025-09-26T17:40:00,2025-09-26T20:00:00,75,Cancelled,32.1,W20250926
T07613,V0361,D0494,R010,2025-12-14T23:52:00,2025-12-15T03:34:00,75,Completed,20.3,W20251214
T07614,V0443,D0672,R016,2025-12-22T04:57:00,2025-12-22T08:39:00,65,Completed,17.6,W20251222
T07615,V0097,D0653,R073,2025-01-24T12:15:00,2025-01-24T15:38:00,85,Cancelled,25.1,W20250124
T07616,V0425,D0479,R092,2025-07-20T07:11:00,2025-07-20T08:26:00,70,Completed,56.0,W20250720
T07617,V0251,D0151,R004,2025-03-28T09:59:00,2025-03-28T11:52:00,65,Completed,34.5,W20250328
T07618,V0398,D0547,R031,2025-12-29T19:15:00,2025-12-29T21:02:00,65,Completed,36.4,W20251229
T07619,V0152,D0373,R043,2025-07-23T06:48:00,2025-07-23T09:27:00,65,Completed,24.5,W20250723
T07620,V0198,D0480,R032,2025-08-17T01:14:00,2025-08-17T04:34:00,75,Completed,22.5,W20250817
T07621,V0393,D0037,R092,2025-08-22T10:46:00,2025-08-22T14:33:00,70,Cancelled,18.5,W20250822
T07622,V0412,D0384,R069,2025-09-18T17:50:00,2025-09-18T20:53:00,70,Completed,23.0,W20250918
T07623,V0417,D0015,R065,2025-11-14T04:06:00,2025-11-14T08:43:00,70,Completed,15.2,W20251114
T07624,V0401,D0426,R053,2025-08-21T04:42:00,2025-08-21T08:17:00,55,Completed,15.3,W20250821
T07625,V0183,D0685,R068,2025-06-08T21:24:00,2025-06-09T01:30:00,95,Completed,23.2,W20250608
T07626,V0423,D0678,R048,2025-09-06T13:51:00,2025-09-06T18:10:00,75,Completed,17.4,W20250906
T07627,V0016,D0208,R085,2025-03-01T07:48:00,2025-03-01T10:55:00,55,Completed,17.6,W20250301
T07628,V0280,D0495,R041,2025-11-03T22:22:00,2025-11-04T00:20:00,65,Completed,33.1,W20251103
T07629,V0367,D0614,R077,2025-08-26T23:52:00,2025-08-27T00:52:00,85,Completed,85.0,W20250826
T07630,V0259,D0013,R099,2025-03-04T19:42:00,2025-03-05T00:26:00,55,Completed,11.6,W20250304
T07631,V0333,D0346,R048,2025-03-01T18:09:00,2025-03-01T22:38:00,75,Cancelled,16.7,W20250301
T07632,V0228,D0586,R051,2025-04-04T16:45:00,2025-04-04T20:17:00,70,Cancelled,19.8,W20250404
T07633,V0028,D0138,R001,2025-09-20T15:41:00,2025-09-20T16:46:00,85,Completed,78.5,W20250920
T07634,V0024,D0571,R088,2025-04-12T11:22:00,2025-04-12T13:41:00,95,Completed,41.0,W20250412
T07635,V0308,D0579,R004,2025-02-24T20:00:00,2025-02-25T00:34:00,65,Completed,14.2,W20250224
T07636,V0486,D0535,R094,2025-08-03T19:31:00,2025-08-03T20:24:00,70,Cancelled,79.2,W20250803
T07637,V0337,D0199,R075,2025-07-29T06:10:00,2025-07-29T07:17:00,85,Completed,76.1,W20250729
T07638,V0412,D0095,R090,2025-04-07T00:22:00,2025-04-07T01:38:00,85,Completed,67.1,W20250407
T07639,V0101,D0083,R098,2025-10-22T19:03:00,2025-10-22T22:32:00,75,Completed,21.5,W20251022
T07640,V0264,D0358,R070,2025-04-14T17:27:00,2025-04-14T20:30:00,55,Cancelled,18.0,W20250414
T07641,V0429,D0694,R006,2025-06-01T08:16:00,2025-06-01T09:30:00,95,Completed,77.0,W20250601
T07642,V0168,D0277,R014,2025-09-24T16:28:00,2025-09-24T21:00:00,55,Completed,12.1,W20250924
T07643,V0417,D0028,R036,2025-07-22T14:43:00,2025-07-22T17:23:00,75,Completed,28.1,W20250722
T07644,V0263,D0361,R025,2025-07-24T04:49:00,2025-07-24T07:44:00,75,Completed,25.7,W20250724
T07645,V0419,D0005,R094,2025-02-19T07:37:00,2025-02-19T09:43:00,70,Completed,33.3,W20250219
T07646,V0121,D0527,R096,2025-10-01T18:11:00,2025-10-01T22:04:00,95,Completed,24.5,W20251001
T07647,V0247,D0145,R087,2025-08-31T09:45:00,2025-08-31T11:53:00,55,Completed,25.8,W20250831
T07648,V0113,D0667,R060,2025-07-19T12:31:00,2025-07-19T13:53:00,85,Cancelled,62.2,W20250719
T07649,V0054,D0085,R023,2025-04-14T00:28:00,2025-04-14T05:09:00,95,Completed,20.3,W20250414
T07650,V0478,D0145,R011,2025-04-07T00:56:00,2025-04-07T05:09:00,85,Cancelled,20.2,W20250407
T07651,V0476,D0082,R049,2025-02-19T11:20:00,2025-02-19T15:33:00,85,Completed,20.2,W20250219
T07652,V0387,D0147,R066,2025-05-10T09:23:00,2025-05-10T11:24:00,85,Completed,42.1,W20250510
T07653,V0443,D0562,R086,2025-03-31T19:12:00,2025-03-31T23:21:00,65,Completed,15.7,W20250331
T07654,V0219,D0648,R008,2025-12-02T03:45:00,2025-12-02T06:02:00,75,Completed,32.8,W20251202
T07655,V0153,D0591,R087,2025-07-11T16:40:00,2025-07-11T18:57:00,55,Completed,24.1,W20250711
T07656,V0411,D0679,R062,2025-09-06T09:56:00,2025-09-06T10:53:00,70,Cancelled,73.7,W20250906
T07657,V0341,D0573,R024,2025-08-24T06:51:00,2025-08-24T08:35:00,55,Completed,31.7,W20250824
T07658,V0380,D0694,R082,2025-03-30T17:32:00,2025-03-30T19:15:00,75,Completed,43.7,W20250330
T07659,V0179,D0217,R039,2025-11-03T11:06:00,2025-11-03T13:17:00,55,Completed,25.2,W20251103
T07660,V0492,D0566,R080,2025-06-20T12:37:00,2025-06-20T17:34:00,75,Completed,15.2,W20250620
T07661,V0436,D0224,R048,2025-07-27T12:54:00,2025-07-27T17:46:00,75,Cancelled,15.4,W20250727
T07662,V0159,D0419,R067,2025-09-06T02:54:00,2025-09-06T07:26:00,55,Completed,12.1,W20250906
T07663,V0126,D0092,R091,2025-08-30T05:43:00,2025-08-30T09:35:00,70,Completed,18.1,W20250830
T07664,V0137,D0282,R027,2025-08-04T03:18:00,2025-08-04T05:50:00,85,Completed,33.6,W20250804
T07665,V0168,D0038,R064,2025-02-23T05:22:00,2025-02-23T07:44:00,75,Completed,31.7,W20250223
T07666,V0177,D0336,R075,2025-02-22T23:17:00,2025-02-23T01:21:00,85,Completed,41.1,W20250222
T07667,V0096,D0539,R046,2025-04-16T07:45:00,2025-04-16T12:44:00,70,Completed,14.0,W20250416
T07668,V0249,D0200,R019,2025-12-16T18:00:00,2025-12-16T21:25:00,55,Cancelled,16.1,W20251216
T07669,V0215,D0153,R067,2025-07-06T13:26:00,2025-07-06T14:36:00,55,Completed,47.1,W20250706
T07670,V0186,D0002,R094,2025-03-02T23:37:00,2025-03-03T04:28:00,70,Completed,14.4,W20250302
T07671,V0414,D0305,R041,2025-06-05T17:33:00,2025-06-05T19:33:00,65,Completed,32.5,W20250605
T07672,V0287,D0240,R013,2025-10-03T06:04:00,2025-10-03T07:11:00,65,Cancelled,58.2,W20251003
T07673,V0030,D0432,R012,2025-02-07T04:28:00,2025-02-07T08:46:00,95,Completed,22.1,W20250207
T07674,V0309,D0565,R073,2025-02-18T04:23:00,2025-02-18T05:22:00,85,Completed,86.4,W20250218
T07675,V0353,D0359,R089,2025-03-17T08:37:00,2025-03-17T11:55:00,85,Completed,25.8,W20250317
T07676,V0047,D0106,R008,2025-05-01T10:14:00,2025-05-01T12:51:00,75,Completed,28.7,W20250501
T07677,V0314,D0527,R061,2025-04-26T05:45:00,2025-04-26T10:03:00,75,Completed,17.4,W20250426
T07678,V0024,D0416,R071,2025-06-01T00:56:00,2025-06-01T03:54:00,95,Cancelled,32.0,W20250601
T07679,V0418,D0490,R095,2025-07-30T13:12:00,2025-07-30T17:35:00,85,Completed,19.4,W20250730
T07680,V0245,D0412,R071,2025-01-08T08:39:00,2025-01-08T12:03:00,95,Completed,27.9,W20250108
T07681,V0064,D0483,R069,2025-12-31T00:46:00,2025-12-31T03:18:00,70,Completed,27.6,W20251231
T07682,V0492,D0249,R039,2025-02-07T13:03:00,2025-02-07T14:38:00,55,Completed,34.7,W20250207
T07683,V0188,D0313,R009,2025-05-24T15:37:00,2025-05-24T17:02:00,65,Completed,45.9,W20250524
T07684,V0341,D0026,R083,2025-11-09T01:53:00,2025-11-09T04:08:00,75,Completed,33.3,W20251109
T07685,V0302,D0119,R085,2025-12-23T12:00:00,2025-12-23T16:55:00,55,Completed,11.2,W20251223
T07686,V0256,D0652,R067,2025-09-08T08:09:00,2025-09-08T10:19:00,55,Completed,25.4,W20250908
T07687,V0309,D0556,R073,2025-04-12T01:23:00,2025-04-12T02:28:00,85,Completed,78.5,W20250412
T07688,V0147,D0315,R100,2025-10-24T03:20:00,2025-10-24T06:32:00,75,Completed,23.4,W20251024
T07689,V0052,D0482,R095,2025-02-15T23:15:00,2025-02-16T03:15:00,85,Cancelled,21.2,W20250215
T07690,V0057,D0547,R100,2025-10-26T22:33:00,2025-10-27T00:22:00,75,Completed,41.3,W20251026
T07691,V0438,D0029,R076,2025-04-14T18:53:00,2025-04-14T23:33:00,95,Completed,20.4,W20250414
T07692,V0045,D0455,R061,2025-11-26T11:37:00,2025-11-26T15:11:00,75,Completed,21.0,W20251126
T07693,V0213,D0305,R004,2025-02-12T16:36:00,2025-02-12T17:47:00,65,Completed,54.9,W20250212
T07694,V0061,D0569,R047,2025-09-21T09:48:00,2025-09-21T11:41:00,55,Completed,29.2,W20250921
T07695,V0463,D0306,R022,2025-04-04T17:23:00,2025-04-04T21:23:00,70,Completed,17.5,W20250404
T07696,V0013,D0148,R001,2025-08-17T16:33:00,2025-08-17T18:22:00,85,Completed,46.8,W20250817
T07697,V0396,D0192,R008,2025-10-04T22:57:00,2025-10-04T23:49:00,75,Cancelled,86.5,W20251004
T07698,V0227,D0303,R055,2025-04-11T06:13:00,2025-04-11T09:30:00,55,Cancelled,16.8,W20250411
T07699,V0034,D0618,R005,2025-05-04T09:30:00,2025-05-04T12:38:00,65,Completed,20.7,W20250504
T07700,V0172,D0154,R001,2025-05-28T10:22:00,2025-05-28T13:40:00,85,Cancelled,25.8,W20250528
T07701,V0416,D0603,R060,2025-11-18T10:57:00,2025-11-18T12:09:00,85,Cancelled,70.8,W20251118
T07702,V0270,D0123,R015,2025-12-06T15:10:00,2025-12-06T18:33:00,75,Completed,22.2,W20251206
T07703,V0304,D0641,R034,2025-04-06T03:47:00,2025-04-06T06:22:00,70,Completed,27.1,W20250406
T07704,V0280,D0381,R078,2025-05-02T20:29:00,2025-05-02T22:47:00,75,Cancelled,32.6,W20250502
T07705,V0334,D0197,R013,2025-12-11T15:55:00,2025-12-11T20:15:00,65,Completed,15.0,W20251211
T07706,V0493,D0252,R058,2025-11-25T18:12:00,2025-11-25T22:06:00,95,Completed,24.4,W20251125
T07707,V0464,D0583,R099,2025-04-04T21:31:00,2025-04-04T22:42:00,55,Cancelled,46.5,W20250404
T07708,V0107,D0268,R005,2025-11-19T08:35:00,2025-11-19T13:23:00,65,Completed,13.5,W20251119
T07709,V0281,D0302,R026,2025-05-24T00:08:00,2025-05-24T02:30:00,70,Completed,29.6,W20250524
T07710,V0393,D0101,R039,2025-10-31T16:43:00,2025-10-31T21:09:00,55,Completed,12.4,W20251031
T07711,V0387,D0484,R082,2025-12-19T23:37:00,2025-12-20T01:43:00,75,Completed,35.7,W20251219
T07712,V0460,D0328,R019,2025-06-01T04:08:00,2025-06-01T05:13:00,55,Completed,50.8,W20250601
T07713,V0378,D0642,R074,2025-10-31T11:40:00,2025-10-31T12:42:00,95,Completed,91.9,W20251031
T07714,V0387,D0545,R026,2025-03-17T22:19:00,2025-03-18T00:23:00,70,Cancelled,33.9,W20250317
T07715,V0080,D0258,R012,2025-10-05T13:18:00,2025-10-05T16:48:00,95,Completed,27.1,W20251005
T07716,V0283,D0498,R073,2025-01-19T15:19:00,2025-01-19T20:19:00,85,Completed,17.0,W20250119
T07717,V0495,D0484,R041,2025-07-14T15:50:00,2025-07-14T16:43:00,65,Completed,73.6,W20250714
T07718,V0318,D0318,R047,2025-08-25T10:23:00,2025-08-25T12:14:00,55,Completed,29.7,W20250825
T07719,V0297,D0001,R090,2025-07-09T00:59:00,2025-07-09T03:54:00,85,Completed,29.1,W20250709
T07720,V0252,D0616,R024,2025-02-02T12:03:00,2025-02-02T13:35:00,55,Completed,35.9,W20250202
T07721,V0106,D0631,R094,2025-02-02T09:16:00,2025-02-02T10:05:00,70,Completed,85.7,W20250202
T07722,V0240,D0372,R080,2025-02-23T20:10:00,2025-02-23T20:56:00,75,Completed,97.8,W20250223
T07723,V0277,D0596,R090,2025-06-16T11:02:00,2025-06-16T11:52:00,85,Completed,102.0,W20250616
T07724,V0053,D0217,R013,2025-07-29T22:41:00,2025-07-29T23:53:00,65,Completed,54.2,W20250729
T07725,V0104,D0085,R009,2025-03-05T22:22:00,2025-03-05T23:55:00,65,Cancelled,41.9,W20250305
T07726,V0363,D0480,R012,2025-07-13T17:22:00,2025-07-13T18:37:00,95,Completed,76.0,W20250713
T07727,V0124,D0155,R010,2025-05-10T11:28:00,2025-05-10T12:43:00,75,Completed,60.0,W20250510
T07728,V0470,D0514,R071,2025-08-07T13:27:00,2025-08-07T16:01:00,95,Completed,37.0,W20250807
T07729,V0173,D0277,R061,2025-07-18T22:59:00,2025-07-19T02:05:00,75,Completed,24.2,W20250718
T07730,V0256,D0557,R044,2025-11-13T00:03:00,2025-11-13T03:27:00,70,Completed,20.6,W20251113
T07731,V0135,D0461,R030,2025-03-06T01:53:00,2025-03-06T04:34:00,65,Cancelled,24.2,W20250306
T07732,V0421,D0377,R051,2025-09-17T22:15:00,2025-09-18T01:37:00,70,Completed,20.8,W20250917
T07733,V0179,D0035,R030,2025-08-03T15:08:00,2025-08-03T18:31:00,65,Completed,19.2,W20250803
T07734,V0424,D0343,R085,2025-07-01T07:02:00,2025-07-01T09:22:00,55,Completed,23.6,W20250701
T07735,V0262,D0480,R035,2025-07-31T20:16:00,2025-07-31T22:48:00,95,Cancelled,37.5,W20250731
T07736,V0452,D0419,R084,2025-09-07T08:21:00,2025-09-07T12:21:00,85,Cancelled,21.2,W20250907
T07737,V0292,D0309,R062,2025-10-12T14:40:00,2025-10-12T15:54:00,70,Completed,56.8,W20251012
T07738,V0222,D0682,R028,2025-11-16T10:16:00,2025-11-16T14:08:00,85,Completed,22.0,W20251116
T07739,V0110,D0631,R059,2025-03-08T19:51:00,2025-03-09T00:38:00,75,Completed,15.7,W20250308
T07740,V0092,D0426,R019,2025-01-25T16:05:00,2025-01-25T19:22:00,55,Completed,16.8,W20250125
T07741,V0271,D0355,R074,2025-11-12T13:49:00,2025-11-12T18:31:00,95,Cancelled,20.2,W20251112
T07742,V0352,D0146,R061,2025-04-12T09:58:00,2025-04-12T12:43:00,75,Cancelled,27.3,W20250412
T07743,V0469,D0648,R010,2025-12-20T07:59:00,2025-12-20T11:29:00,75,Completed,21.4,W20251220
T07744,V0414,D0118,R028,2025-01-07T14:36:00,2025-01-07T19:34:00,85,Cancelled,17.1,W20250107
T07745,V0446,D0515,R064,2025-05-30T15:08:00,2025-05-30T16:45:00,75,Completed,46.4,W20250530
T07746,V0071,D0013,R080,2025-04-07T03:52:00,2025-04-07T07:14:00,75,Completed,22.3,W20250407
T07747,V0372,D0364,R056,2025-10-28T00:27:00,2025-10-28T02:16:00,95,Completed,52.3,W20251028
T07748,V0496,D0228,R056,2025-02-22T18:13:00,2025-02-22T19:47:00,95,Completed,60.6,W20250222
T07749,V0407,D0687,R022,2025-03-26T22:23:00,2025-03-27T01:35:00,70,Completed,21.9,W20250326
T07750,V0075,D0465,R057,2025-05-02T16:13:00,2025-05-02T18:31:00,75,Completed,32.6,W20250502
T07751,V0144,D0234,R055,2025-05-07T23:27:00,2025-05-08T02:25:00,55,Completed,18.5,W20250507
T07752,V0288,D0166,R022,2025-03-18T02:11:00,2025-03-18T04:31:00,70,Completed,30.0,W20250318
T07753,V0078,D0033,R023,2025-12-23T20:02:00,2025-12-23T23:28:00,95,Completed,27.7,W20251223
T07754,V0111,D0094,R025,2025-01-11T12:37:00,2025-01-11T16:06:00,75,Completed,21.5,W20250111
T07755,V0072,D0077,R081,2025-11-26T01:30:00,2025-11-26T03:24:00,55,Cancelled,28.9,W20251126
T07756,V0446,D0301,R072,2025-08-10T03:31:00,2025-08-10T05:06:00,75,Completed,47.4,W20250810
T07757,V0099,D0670,R012,2025-11-16T17:01:00,2025-11-16T20:36:00,95,Cancelled,26.5,W20251116
T07758,V0141,D0089,R083,2025-08-22T23:10:00,2025-08-23T01:15:00,75,Completed,36.0,W20250822
T07759,V0177,D0639,R055,2025-09-23T02:08:00,2025-09-23T05:57:00,55,Cancelled,14.4,W20250923
T07760,V0365,D0301,R011,2025-12-18T02:21:00,2025-12-18T06:25:00,85,Completed,20.9,W20251218
T07761,V0380,D0078,R041,2025-12-13T06:51:00,2025-12-13T10:22:00,65,Completed,18.5,W20251213
T07762,V0384,D0535,R072,2025-08-01T22:24:00,2025-08-02T02:40:00,75,Completed,17.6,W20250801
T07763,V0055,D0629,R100,2025-05-04T11:55:00,2025-05-04T16:04:00,75,Completed,18.1,W20250504
T07764,V0150,D0483,R045,2025-10-11T10:27:00,2025-10-11T14:25:00,70,Cancelled,17.6,W20251011
T07765,V0013,D0552,R083,2025-03-13T14:01:00,2025-03-13T18:55:00,75,Completed,15.3,W20250313
T07766,V0031,D0084,R040,2025-01-04T06:03:00,2025-01-04T07:40:00,95,Completed,58.8,W20250104
T07767,V0205,D0425,R073,2025-08-04T13:40:00,2025-08-04T16:10:00,85,Completed,34.0,W20250804
T07768,V0058,D0530,R076,2025-01-10T15:09:00,2025-01-10T16:32:00,95,Cancelled,68.7,W20250110
T07769,V0072,D0402,R037,2025-12-30T07:34:00,2025-12-30T12:33:00,95,Completed,19.1,W20251230
T07770,V0308,D0670,R010,2025-10-03T21:04:00,2025-10-04T01:47:00,75,Completed,15.9,W20251003
T07771,V0346,D0584,R008,2025-11-07T06:20:00,2025-11-07T07:26:00,75,Completed,68.2,W20251107
T07772,V0252,D0511,R089,2025-02-28T05:00:00,2025-02-28T10:00:00,85,Completed,17.0,W20250228
T07773,V0233,D0484,R040,2025-11-07T20:57:00,2025-11-07T23:14:00,95,Cancelled,41.6,W20251107
T07774,V0334,D0640,R089,2025-02-08T18:42:00,2025-02-08T19:32:00,85,Completed,102.0,W20250208
T07775,V0223,D0165,R004,2025-08-19T07:17:00,2025-08-19T10:33:00,65,Completed,19.9,W20250819
T07776,V0276,D0211,R092,2025-08-13T14:48:00,2025-08-13T17:07:00,70,Cancelled,30.2,W20250813
T07777,V0043,D0207,R041,2025-05-25T22:00:00,2025-05-25T22:55:00,65,Completed,70.9,W20250525
T07778,V0309,D0682,R081,2025-10-28T02:36:00,2025-10-28T03:39:00,55,Completed,52.4,W20251028
T07779,V0281,D0418,R030,2025-04-27T13:24:00,2025-04-27T14:49:00,65,Completed,45.9,W20250427
T07780,V0208,D0145,R005,2025-11-30T13:35:00,2025-11-30T17:49:00,65,Completed,15.4,W20251130
T07781,V0030,D0619,R028,2025-10-10T07:34:00,2025-10-10T08:32:00,85,Cancelled,87.9,W20251010
T07782,V0466,D0207,R016,2025-09-28T19:25:00,2025-09-28T21:19:00,65,Completed,34.2,W20250928
T07783,V0273,D0147,R027,2025-03-19T10:31:00,2025-03-19T13:36:00,85,Completed,27.6,W20250319
T07784,V0200,D0614,R052,2025-08-15T11:59:00,2025-08-15T13:10:00,65,Cancelled,54.9,W20250815
T07785,V0322,D0247,R055,2025-04-23T11:38:00,2025-04-23T12:40:00,55,Completed,53.2,W20250423
T07786,V0464,D0673,R047,2025-06-28T20:58:00,2025-06-28T22:09:00,55,Completed,46.5,W20250628
T07787,V0174,D0330,R034,2025-03-11T00:56:00,2025-03-11T04:52:00,70,Completed,17.8,W20250311
T07788,V0057,D0366,R036,2025-10-29T17:11:00,2025-10-29T18:25:00,75,Cancelled,60.8,W20251029
T07789,V0042,D0582,R036,2025-01-13T11:17:00,2025-01-13T15:09:00,75,Cancelled,19.4,W20250113
T07790,V0232,D0552,R014,2025-09-04T16:38:00,2025-09-04T21:14:00,55,Completed,12.0,W20250904
T07791,V0414,D0394,R092,2025-08-23T07:18:00,2025-08-23T08:35:00,70,Cancelled,54.5,W20250823
T07792,V0060,D0120,R075,2025-12-17T14:54:00,2025-12-17T18:46:00,85,Completed,22.0,W20251217
T07793,V0336,D0422,R088,2025-08-10T22:49:00,2025-08-11T02:36:00,95,Completed,25.1,W20250810
T07794,V0373,D0266,R018,2025-02-28T08:56:00,2025-02-28T10:56:00,85,Completed,42.5,W20250228
T07795,V0247,D0139,R042,2025-07-25T07:48:00,2025-07-25T09:48:00,75,Cancelled,37.5,W20250725
T07796,V0081,D0065,R049,2025-03-23T15:16:00,2025-03-23T17:45:00,85,Completed,34.2,W20250323
T07797,V0399,D0316,R072,2025-03-04T21:55:00,2025-03-05T01:22:00,75,Cancelled,21.7,W20250304
T07798,V0275,D0122,R055,2025-11-28T15:58:00,2025-11-28T17:31:00,55,Completed,35.5,W20251128
T07799,V0427,D0043,R059,2025-10-13T06:31:00,2025-10-13T09:04:00,75,Completed,29.4,W20251013
T07800,V0468,D0183,R056,2025-01-12T19:52:00,2025-01-12T21:41:00,95,Completed,52.3,W20250112
T07801,V0381,D0419,R029,2025-12-30T18:41:00,2025-12-30T21:34:00,70,Completed,24.3,W20251230
T07802,V0144,D0449,R058,2025-08-14T07:26:00,2025-08-14T11:12:00,95,Completed,25.2,W20250814
T07803,V0233,D0680,R065,2025-12-13T19:05:00,2025-12-13T21:48:00,70,Completed,25.8,W20251213
T07804,V0180,D0488,R062,2025-07-29T17:24:00,2025-07-29T20:40:00,70,Completed,21.4,W20250729
T07805,V0371,D0648,R078,2025-04-11T08:12:00,2025-04-11T10:50:00,75,Completed,28.5,W20250411
T07806,V0064,D0459,R039,2025-10-17T15:12:00,2025-10-17T18:33:00,55,Cancelled,16.4,W20251017
T07807,V0244,D0680,R056,2025-05-24T04:52:00,2025-05-24T05:52:00,95,Completed,95.0,W20250524
T07808,V0039,D0435,R009,2025-02-06T03:58:00,2025-02-06T06:31:00,65,Completed,25.5,W20250206
T07809,V0240,D0047,R064,2025-01-04T20:13:00,2025-01-04T23:46:00,75,Completed,21.1,W20250104
T07810,V0211,D0101,R090,2025-09-24T18:14:00,2025-09-24T19:27:00,85,Completed,69.9,W20250924
T07811,V0357,D0182,R059,2025-12-28T15:52:00,2025-12-28T19:33:00,75,Completed,20.4,W20251228
T07812,V0010,D0667,R056,2025-03-08T21:29:00,2025-03-09T02:11:00,95,Cancelled,20.2,W20250308
T07813,V0366,D0699,R087,2025-02-18T15:04:00,2025-02-18T19:26:00,55,Completed,12.6,W20250218
T07814,V0482,D0334,R062,2025-03-12T13:33:00,2025-03-12T16:58:00,70,Completed,20.5,W20250312
T07815,V0205,D0647,R009,2025-05-16T04:30:00,2025-05-16T09:05:00,65,Completed,14.2,W20250516
T07816,V0442,D0129,R061,2025-03-31T21:35:00,2025-04-01T00:55:00,75,Cancelled,22.5,W20250331
T07817,V0180,D0666,R063,2025-08-19T18:02:00,2025-08-19T20:14:00,75,Cancelled,34.1,W20250819
T07818,V0295,D0421,R093,2025-09-13T12:50:00,2025-09-13T15:46:00,65,Cancelled,22.2,W20250913
T07819,V0469,D0539,R080,2025-04-07T13:01:00,2025-04-07T15:54:00,75,Cancelled,26.0,W20250407
T07820,V0475,D0614,R044,2025-05-13T12:32:00,2025-05-13T16:27:00,70,Completed,17.9,W20250513
T07821,V0170,D0085,R037,2025-02-05T00:48:00,2025-02-05T04:25:00,95,Completed,26.3,W20250205
T07822,V0220,D0071,R077,2025-08-11T00:18:00,2025-08-11T01:04:00,85,Completed,110.9,W20250811
T07823,V0471,D0679,R063,2025-03-03T14:46:00,2025-03-03T18:08:00,75,Completed,22.3,W20250303
T07824,V0161,D0398,R041,2025-12-14T13:42:00,2025-12-14T15:22:00,65,Cancelled,39.0,W20251214
T07825,V0150,D0208,R057,2025-08-14T22:22:00,2025-08-15T02:17:00,75,Completed,19.1,W20250814
T07826,V0358,D0059,R020,2025-08-20T00:22:00,2025-08-20T04:52:00,65,Cancelled,14.4,W20250820
T07827,V0378,D0084,R071,2025-06-22T16:47:00,2025-06-22T20:32:00,95,Completed,25.3,W20250622
T07828,V0257,D0032,R019,2025-04-18T23:40:00,2025-04-19T01:25:00,55,Completed,31.4,W20250418
T07829,V0360,D0352,R010,2025-10-08T06:49:00,2025-10-08T11:18:00,75,Completed,16.7,W20251008
T07830,V0472,D0426,R014,2025-10-19T03:31:00,2025-10-19T06:44:00,55,Completed,17.1,W20251019
T07831,V0041,D0623,R007,2025-04-15T03:31:00,2025-04-15T07:31:00,70,Cancelled,17.5,W20250415
T07832,V0095,D0176,R059,2025-12-08T06:16:00,2025-12-08T07:27:00,75,Cancelled,63.4,W20251208
T07833,V0246,D0204,R099,2025-01-12T19:49:00,2025-01-12T23:51:00,55,Completed,13.6,W20250112
T07834,V0495,D0265,R091,2025-07-20T03:22:00,2025-07-20T06:33:00,70,Completed,22.0,W20250720
T07835,V0156,D0256,R054,2025-10-12T19:37:00,2025-10-12T20:50:00,95,Completed,78.1,W20251012
T07836,V0208,D0472,R084,2025-11-18T20:36:00,2025-11-18T23:59:00,85,Completed,25.1,W20251118
T07837,V0144,D0326,R059,2025-12-24T20:42:00,2025-12-25T00:48:00,75,Completed,18.3,W20251224
T07838,V0376,D0397,R015,2025-12-20T16:07:00,2025-12-20T19:24:00,75,Completed,22.8,W20251220
T07839,V0244,D0337,R100,2025-05-16T23:51:00,2025-05-17T03:23:00,75,Completed,21.2,W20250516
T07840,V0413,D0636,R018,2025-09-20T02:58:00,2025-09-20T06:15:00,85,Cancelled,25.9,W20250920
T07841,V0008,D0142,R046,2025-03-18T18:26:00,2025-03-18T22:37:00,70,Completed,16.7,W20250318
T07842,V0479,D0542,R012,2025-11-16T07:27:00,2025-11-16T10:52:00,95,Completed,27.8,W20251116
T07843,V0044,D0382,R041,2025-07-03T23:59:00,2025-07-04T04:12:00,65,Completed,15.4,W20250703
T07844,V0380,D0067,R048,2025-03-17T08:52:00,2025-03-17T13:45:00,75,Completed,15.4,W20250317
T07845,V0465,D0221,R041,2025-02-05T00:38:00,2025-02-05T04:56:00,65,Cancelled,15.1,W20250205
T07846,V0005,D0187,R028,2025-08-15T13:31:00,2025-08-15T16:16:00,85,Completed,30.9,W20250815
T07847,V0282,D0195,R077,2025-10-05T21:11:00,2025-10-05T23:08:00,85,Completed,43.6,W20251005
T07848,V0217,D0564,R027,2025-01-13T06:48:00,2025-01-13T11:09:00,85,Completed,19.5,W20250113
T07849,V0465,D0399,R095,2025-10-08T21:49:00,2025-10-09T00:39:00,85,Cancelled,30.0,W20251008
T07850,V0307,D0532,R024,2025-10-10T09:21:00,2025-10-10T11:03:00,55,Completed,32.4,W20251010
T07851,V0200,D0016,R095,2025-09-25T17:27:00,2025-09-25T21:14:00,85,Completed,22.5,W20250925
T07852,V0287,D0087,R012,2025-02-15T02:04:00,2025-02-15T03:58:00,95,Cancelled,50.0,W20250215
T07853,V0088,D0589,R085,2025-07-09T07:30:00,2025-07-09T08:50:00,55,Cancelled,41.2,W20250709
T07854,V0456,D0493,R030,2025-08-02T00:01:00,2025-08-02T00:57:00,65,Completed,69.6,W20250802
T07855,V0262,D0067,R081,2025-04-02T07:36:00,2025-04-02T09:22:00,55,Completed,31.1,W20250402
T07856,V0239,D0288,R004,2025-08-30T10:33:00,2025-08-30T15:10:00,65,Completed,14.1,W20250830
T07857,V0472,D0659,R091,2025-01-27T16:57:00,2025-01-27T19:03:00,70,Completed,33.3,W20250127
T07858,V0380,D0691,R074,2025-06-13T15:35:00,2025-06-13T16:30:00,95,Cancelled,103.6,W20250613
T07859,V0451,D0426,R098,2025-08-10T21:23:00,2025-08-11T00:31:00,75,Completed,23.9,W20250810
T07860,V0241,D0103,R074,2025-04-22T16:17:00,2025-04-22T19:19:00,95,Completed,31.3,W20250422
T07861,V0351,D0419,R057,2025-07-05T03:43:00,2025-07-05T07:26:00,75,Cancelled,20.2,W20250705
T07862,V0096,D0606,R049,2025-01-26T04:58:00,2025-01-26T09:09:00,85,Completed,20.3,W20250126
T07863,V0254,D0288,R090,2025-04-15T12:52:00,2025-04-15T13:42:00,85,Cancelled,102.0,W20250415
T07864,V0471,D0469,R059,2025-03-04T21:13:00,2025-03-04T22:11:00,75,Completed,77.6,W20250304
T07865,V0423,D0174,R077,2025-01-22T23:51:00,2025-01-23T02:12:00,85,Cancelled,36.2,W20250122
T07866,V0042,D0418,R081,2025-06-10T09:49:00,2025-06-10T13:24:00,55,Completed,15.3,W20250610
T07867,V0085,D0698,R046,2025-08-06T09:10:00,2025-08-06T13:18:00,70,Cancelled,16.9,W20250806
T07868,V0449,D0072,R072,2025-02-21T00:32:00,2025-02-21T02:32:00,75,Completed,37.5,W20250221
T07869,V0196,D0622,R042,2025-03-18T14:27:00,2025-03-18T15:42:00,75,Completed,60.0,W20250318
T07870,V0371,D0105,R006,2025-01-25T20:50:00,2025-01-25T23:13:00,95,Completed,39.9,W20250125
T07871,V0315,D0318,R028,2025-08-04T05:34:00,2025-08-04T09:36:00,85,Completed,21.1,W20250804
T07872,V0358,D0330,R039,2025-12-09T15:56:00,2025-12-09T20:31:00,55,Completed,12.0,W20251209
T07873,V0420,D0616,R090,2025-05-25T18:39:00,2025-05-25T21:31:00,85,Completed,29.7,W20250525
T07874,V0382,D0325,R021,2025-03-13T23:56:00,2025-03-14T01:17:00,75,Completed,55.6,W20250313
T07875,V0146,D0512,R029,2025-09-27T01:30:00,2025-09-27T02:57:00,70,Completed,48.3,W20250927
T07876,V0343,D0420,R003,2025-05-26T08:59:00,2025-05-26T11:41:00,85,Completed,31.5,W20250526
T07877,V0394,D0170,R099,2025-07-08T11:35:00,2025-07-08T13:41:00,55,Cancelled,26.2,W20250708
T07878,V0028,D0468,R052,2025-07-03T22:49:00,2025-07-04T00:19:00,65,Cancelled,43.3,W20250703
T07879,V0313,D0259,R080,2025-09-01T04:50:00,2025-09-01T09:00:00,75,Cancelled,18.0,W20250901
T07880,V0235,D0227,R091,2025-07-30T15:05:00,2025-07-30T19:43:00,70,Completed,15.1,W20250730
T07881,V0444,D0625,R036,2025-11-03T08:50:00,2025-11-03T12:04:00,75,Completed,23.2,W20251103
T07882,V0005,D0506,R094,2025-10-05T22:40:00,2025-10-06T00:04:00,70,Completed,50.0,W20251005
T07883,V0481,D0330,R031,2025-06-30T23:05:00,2025-07-01T02:13:00,65,Cancelled,20.7,W20250630
T07884,V0362,D0037,R036,2025-01-25T00:30:00,2025-01-25T04:30:00,75,Completed,18.8,W20250125
T07885,V0315,D0694,R015,2025-05-09T05:02:00,2025-05-09T08:11:00,75,Cancelled,23.8,W20250509
T07886,V0304,D0609,R036,2025-07-22T00:32:00,2025-07-22T03:58:00,75,Completed,21.8,W20250722
T07887,V0316,D0536,R005,2025-01-19T21:17:00,2025-01-20T01:15:00,65,Completed,16.4,W20250119
T07888,V0328,D0378,R066,2025-10-26T05:33:00,2025-10-26T07:02:00,85,Completed,57.3,W20251026
T07889,V0031,D0464,R014,2025-12-04T10:55:00,2025-12-04T12:19:00,55,Completed,39.3,W20251204
T07890,V0355,D0012,R098,2025-12-30T13:03:00,2025-12-30T16:37:00,75,Cancelled,21.0,W20251230
T07891,V0138,D0692,R052,2025-05-11T09:57:00,2025-05-11T10:51:00,65,Cancelled,72.2,W20250511
T07892,V0336,D0293,R032,2025-11-08T11:48:00,2025-11-08T16:36:00,75,Cancelled,15.6,W20251108
T07893,V0368,D0402,R042,2025-01-27T05:11:00,2025-01-27T07:27:00,75,Completed,33.1,W20250127
T07894,V0481,D0523,R012,2025-09-09T04:21:00,2025-09-09T08:32:00,95,Completed,22.7,W20250909
T07895,V0425,D0225,R080,2025-03-16T22:04:00,2025-03-17T00:49:00,75,Cancelled,27.3,W20250316
T07896,V0093,D0360,R050,2025-12-01T17:06:00,2025-12-01T20:02:00,95,Completed,32.4,W20251201
T07897,V0007,D0608,R015,2025-07-29T21:06:00,2025-07-29T23:29:00,75,Cancelled,31.5,W20250729
T07898,V0321,D0424,R049,2025-11-15T05:29:00,2025-11-15T09:53:00,85,Completed,19.3,W20251115
T07899,V0054,D0330,R074,2025-02-09T20:34:00,2025-02-09T21:55:00,95,Completed,70.4,W20250209
T07900,V0069,D0397,R097,2025-11-28T08:10:00,2025-11-28T08:58:00,65,Completed,81.2,W20251128
T07901,V0410,D0198,R050,2025-12-18T20:34:00,2025-12-18T23:14:00,95,Completed,35.6,W20251218
T07902,V0448,D0573,R015,2025-12-09T23:56:00,2025-12-10T04:23:00,75,Cancelled,16.9,W20251209
T07903,V0391,D0421,R016,2025-07-17T20:41:00,2025-07-17T23:36:00,65,Completed,22.3,W20250717
T07904,V0364,D0260,R022,2025-01-13T19:40:00,2025-01-13T21:37:00,70,Completed,35.9,W20250113
T07905,V0010,D0222,R086,2025-12-08T16:02:00,2025-12-08T17:10:00,65,Completed,57.4,W20251208
T07906,V0012,D0474,R048,2025-01-27T19:24:00,2025-01-28T00:06:00,75,Completed,16.0,W20250127
T07907,V0233,D0349,R059,2025-03-28T11:42:00,2025-03-28T15:12:00,75,Completed,21.4,W20250328
T07908,V0476,D0094,R057,2025-08-09T23:10:00,2025-08-10T00:39:00,75,Completed,50.6,W20250809
T07909,V0280,D0077,R042,2025-03-27T16:02:00,2025-03-27T19:07:00,75,Completed,24.3,W20250327
T07910,V0203,D0243,R004,2025-03-24T12:41:00,2025-03-24T16:17:00,65,Completed,18.1,W20250324
T07911,V0046,D0169,R011,2025-06-12T23:11:00,2025-06-13T03:11:00,85,Completed,21.2,W20250612
T07912,V0113,D0437,R023,2025-01-29T21:31:00,2025-01-29T23:52:00,95,Cancelled,40.4,W20250129
T07913,V0387,D0036,R035,2025-05-24T22:58:00,2025-05-25T02:29:00,95,Cancelled,27.0,W20250524
T07914,V0403,D0105,R070,2025-02-13T12:58:00,2025-02-13T16:24:00,55,Completed,16.0,W20250213
T07915,V0449,D0527,R036,2025-06-09T12:54:00,2025-06-09T16:20:00,75,Completed,21.8,W20250609
T07916,V0294,D0017,R097,2025-05-11T19:17:00,2025-05-11T20:50:00,65,Completed,41.9,W20250511
T07917,V0001,D0008,R085,2025-10-07T13:20:00,2025-10-07T15:19:00,55,Completed,27.7,W20251007
T07918,V0119,D0550,R054,2025-03-02T16:40:00,2025-03-02T18:08:00,95,Completed,64.8,W20250302
T07919,V0278,D0679,R042,2025-09-07T11:39:00,2025-09-07T12:58:00,75,Completed,57.0,W20250907
T07920,V0363,D0234,R072,2025-03-28T10:15:00,2025-03-28T12:56:00,75,Completed,28.0,W20250328
T07921,V0113,D0541,R080,2025-01-29T22:13:00,2025-01-30T01:05:00,75,Completed,26.2,W20250129
T07922,V0402,D0354,R015,2025-09-21T14:46:00,2025-09-21T19:46:00,75,Completed,15.0,W20250921
T07923,V0498,D0310,R042,2025-10-04T08:05:00,2025-10-04T13:01:00,75,Completed,15.2,W20251004
T07924,V0115,D0401,R097,2025-07-25T16:39:00,2025-07-25T20:35:00,65,Completed,16.5,W20250725
T07925,V0233,D0635,R061,2025-12-24T11:44:00,2025-12-24T14:13:00,75,Completed,30.2,W20251224
T07926,V0408,D0634,R031,2025-10-28T12:18:00,2025-10-28T15:14:00,65,Cancelled,22.2,W20251028
T07927,V0070,D0615,R018,2025-01-26T22:22:00,2025-01-27T02:29:00,85,Completed,20.6,W20250126
T07928,V0480,D0132,R024,2025-05-06T11:10:00,2025-05-06T14:04:00,55,Completed,19.0,W20250506
T07929,V0185,D0295,R085,2025-12-15T05:24:00,2025-12-15T07:15:00,55,Completed,29.7,W20251215
T07930,V0397,D0287,R051,2025-04-11T01:05:00,2025-04-11T05:30:00,70,Completed,15.8,W20250411
T07931,V0484,D0018,R038,2025-08-20T06:34:00,2025-08-20T11:22:00,95,Completed,19.8,W20250820
T07932,V0454,D0277,R048,2025-08-17T10:21:00,2025-08-17T14:47:00,75,Completed,16.9,W20250817
T07933,V0368,D0533,R087,2025-06-21T20:17:00,2025-06-21T21:23:00,55,Completed,50.0,W20250621
T07934,V0121,D0316,R011,2025-03-18T09:44:00,2025-03-18T12:59:00,85,Completed,26.2,W20250318
T07935,V0377,D0064,R085,2025-06-21T05:45:00,2025-06-21T09:33:00,55,Completed,14.5,W20250621
T07936,V0022,D0390,R090,2025-08-31T09:06:00,2025-08-31T11:20:00,85,Cancelled,38.1,W20250831
T07937,V0200,D0288,R005,2025-04-30T01:03:00,2025-04-30T02:37:00,65,Cancelled,41.5,W20250430
T07938,V0108,D0261,R083,2025-05-24T08:40:00,2025-05-24T11:22:00,75,Completed,27.8,W20250524
T07939,V0043,D0126,R031,2025-06-19T07:33:00,2025-06-19T09:22:00,65,Completed,35.8,W20250619
T07940,V0199,D0536,R047,2025-05-05T09:58:00,2025-05-05T12:25:00,55,Cancelled,22.4,W20250505
T07941,V0002,D0440,R100,2025-11-30T21:19:00,2025-12-01T00:50:00,75,Completed,21.3,W20251130
T07942,V0458,D0051,R020,2025-03-01T12:18:00,2025-03-01T13:23:00,65,Completed,60.0,W20250301
T07943,V0142,D0274,R039,2025-09-16T14:43:00,2025-09-16T19:28:00,55,Completed,11.6,W20250916
T07944,V0247,D0079,R003,2025-06-27T17:36:00,2025-06-27T21:25:00,85,Completed,22.3,W20250627
T07945,V0210,D0645,R007,2025-12-21T00:31:00,2025-12-21T04:36:00,70,Completed,17.1,W20251221
T07946,V0215,D0043,R066,2025-09-04T00:58:00,2025-09-04T05:19:00,85,Completed,19.5,W20250904
T07947,V0172,D0061,R055,2025-08-22T19:29:00,2025-08-22T21:12:00,55,Completed,32.0,W20250822
T07948,V0370,D0148,R048,2025-06-13T21:47:00,2025-06-14T00:46:00,75,Cancelled,25.1,W20250613
T07949,V0393,D0688,R069,2025-06-30T03:39:00,2025-06-30T08:18:00,70,Completed,15.1,W20250630
T07950,V0429,D0432,R095,2025-03-02T23:42:00,2025-03-03T04:37:00,85,Cancelled,17.3,W20250302
T07951,V0247,D0134,R063,2025-06-05T07:22:00,2025-06-05T11:52:00,75,Cancelled,16.7,W20250605
T07952,V0123,D0209,R074,2025-06-09T17:02:00,2025-06-09T21:14:00,95,Completed,22.6,W20250609
T07953,V0194,D0204,R022,2025-01-14T15:17:00,2025-01-14T19:01:00,70,Completed,18.8,W20250114
T07954,V0266,D0663,R047,2025-09-14T23:20:00,2025-09-15T02:21:00,55,Completed,18.2,W20250914
T07955,V0476,D0307,R055,2025-07-31T02:11:00,2025-07-31T04:55:00,55,Completed,20.1,W20250731
T07956,V0289,D0486,R078,2025-11-28T16:48:00,2025-11-28T20:13:00,75,Completed,22.0,W20251128
T07957,V0352,D0031,R018,2025-08-26T20:27:00,2025-08-27T00:11:00,85,Cancelled,22.8,W20250826
T07958,V0431,D0461,R022,2025-05-17T13:05:00,2025-05-17T16:21:00,70,Cancelled,21.4,W20250517
T07959,V0428,D0666,R098,2025-10-04T08:28:00,2025-10-04T12:00:00,75,Completed,21.2,W20251004
T07960,V0387,D0364,R086,2025-03-22T13:20:00,2025-03-22T15:19:00,65,Completed,32.8,W20250322
T07961,V0307,D0048,R022,2025-10-21T07:21:00,2025-10-21T09:27:00,70,Completed,33.3,W20251021
T07962,V0100,D0085,R068,2025-01-19T09:53:00,2025-01-19T11:42:00,95,Completed,52.3,W20250119
T07963,V0392,D0557,R086,2025-10-20T16:58:00,2025-10-20T21:49:00,65,Completed,13.4,W20251020
T07964,V0024,D0244,R040,2025-02-04T11:45:00,2025-02-04T15:02:00,95,Completed,28.9,W20250204
T07965,V0272,D0592,R017,2025-01-13T13:00:00,2025-01-13T14:37:00,95,Completed,58.8,W20250113
T07966,V0416,D0510,R072,2025-01-26T11:03:00,2025-01-26T14:45:00,75,Completed,20.3,W20250126
T07967,V0358,D0148,R044,2025-04-01T12:08:00,2025-04-01T14:09:00,70,Completed,34.7,W20250401
T07968,V0384,D0022,R043,2025-04-09T23:30:00,2025-04-10T02:09:00,65,Completed,24.5,W20250409
T07969,V0281,D0200,R030,2025-06-02T19:14:00,2025-06-02T23:11:00,65,Completed,16.5,W20250602
T07970,V0348,D0636,R083,2025-03-20T10:50:00,2025-03-20T12:39:00,75,Completed,41.3,W20250320
T07971,V0274,D0205,R081,2025-02-13T14:52:00,2025-02-13T17:53:00,55,Completed,18.2,W20250213
T07972,V0220,D0307,R007,2025-12-08T22:43:00,2025-12-09T01:46:00,70,Completed,23.0,W20251208
T07973,V0271,D0200,R094,2025-03-22T06:47:00,2025-03-22T08:35:00,70,Completed,38.9,W20250322
T07974,V0219,D0129,R066,2025-12-26T10:37:00,2025-12-26T13:42:00,85,Completed,27.6,W20251226
T07975,V0032,D0406,R096,2025-07-23T21:03:00,2025-07-24T01:57:00,95,Completed,19.4,W20250723
T07976,V0475,D0045,R038,2025-09-08T17:50:00,2025-09-08T22:31:00,95,Cancelled,20.3,W20250908
T07977,V0155,D0668,R032,2025-09-23T09:42:00,2025-09-23T14:32:00,75,Cancelled,15.5,W20250923
T07978,V0006,D0104,R015,2025-02-09T09:19:00,2025-02-09T12:40:00,75,Completed,22.4,W20250209
T07979,V0457,D0467,R067,2025-07-07T02:17:00,2025-07-07T05:13:00,55,Cancelled,18.8,W20250707
T07980,V0120,D0593,R049,2025-11-28T06:27:00,2025-11-28T09:31:00,85,Completed,27.7,W20251128
T07981,V0031,D0190,R054,2025-03-19T22:53:00,2025-03-19T23:59:00,95,Cancelled,86.4,W20250319
T07982,V0033,D0185,R091,2025-12-19T03:07:00,2025-12-19T06:29:00,70,Cancelled,20.8,W20251219
T07983,V0104,D0451,R085,2025-07-02T04:50:00,2025-07-02T07:34:00,55,Completed,20.1,W20250702
T07984,V0431,D0697,R051,2025-01-01T04:24:00,2025-01-01T07:47:00,70,Completed,20.7,W20250101
T07985,V0326,D0617,R011,2025-02-28T08:21:00,2025-02-28T09:40:00,85,Cancelled,64.6,W20250228
T07986,V0209,D0658,R070,2025-09-09T20:59:00,2025-09-10T01:18:00,55,Completed,12.7,W20250909
T07987,V0420,D0417,R095,2025-12-21T09:29:00,2025-12-21T11:37:00,85,Completed,39.8,W20251221
T07988,V0338,D0264,R052,2025-05-09T13:10:00,2025-05-09T14:13:00,65,Completed,61.9,W20250509
T07989,V0411,D0470,R030,2025-08-06T11:04:00,2025-08-06T12:08:00,65,Completed,60.9,W20250806
T07990,V0112,D0113,R088,2025-03-14T23:54:00,2025-03-15T04:00:00,95,Completed,23.2,W20250314
T07991,V0384,D0697,R021,2025-07-09T19:53:00,2025-07-09T23:50:00,75,Cancelled,19.0,W20250709
T07992,V0141,D0309,R093,2025-07-10T19:23:00,2025-07-10T23:44:00,65,Cancelled,14.9,W20250710
T07993,V0218,D0332,R073,2025-10-01T19:38:00,2025-10-01T23:28:00,85,Completed,22.2,W20251001
T07994,V0170,D0164,R071,2025-08-18T18:49:00,2025-08-18T21:15:00,95,Completed,39.0,W20250818
T07995,V0091,D0419,R089,2025-01-16T20:01:00,2025-01-16T23:46:00,85,Completed,22.7,W20250116
T07996,V0466,D0316,R003,2025-11-25T23:07:00,2025-11-26T02:47:00,85,Completed,23.2,W20251125
T07997,V0168,D0483,R006,2025-10-10T15:59:00,2025-10-10T17:51:00,95,Completed,50.9,W20251010
T07998,V0236,D0046,R039,2025-02-15T12:49:00,2025-02-15T15:46:00,55,Completed,18.6,W20250215
T07999,V0087,D0242,R054,2025-11-22T08:43:00,2025-11-22T10:57:00,95,Completed,42.5,W20251122
T08000,V0300,D0340,R038,2025-05-13T16:55:00,2025-05-13T21:31:00,95,Completed,20.7,W20250513
T08001,V0396,D0126,R050,2025-02-26T06:47:00,2025-02-26T08:14:00,95,Cancelled,65.5,W20250226
T08002,V0183,D0583,R080,2025-08-25T18:19:00,2025-08-25T21:33:00,75,Cancelled,23.2,W20250825
T08003,V0218,D0338,R021,2025-09-24T15:54:00,2025-09-24T20:54:00,75,Completed,15.0,W20250924
T08004,V0312,D0613,R045,2025-03-01T01:10:00,2025-03-01T03:14:00,70,Completed,33.9,W20250301
T08005,V0176,D0688,R051,2025-06-29T15:47:00,2025-06-29T16:58:00,70,Completed,59.2,W20250629
T08006,V0408,D0692,R088,2025-10-18T23:43:00,2025-10-19T03:20:00,95,Cancelled,26.3,W20251018
T08007,V0052,D0182,R036,2025-11-02T07:16:00,2025-11-02T08:54:00,75,Completed,45.9,W20251102
T08008,V0319,D0064,R060,2025-05-18T20:28:00,2025-05-18T23:42:00,85,Completed,26.3,W20250518
T08009,V0252,D0079,R008,2025-06-08T15:53:00,2025-06-08T20:00:00,75,Cancelled,18.2,W20250608
T08010,V0331,D0431,R093,2025-06-07T12:08:00,2025-06-07T12:54:00,65,Cancelled,84.8,W20250607
T08011,V0185,D0070,R055,2025-09-04T01:23:00,2025-09-04T05:32:00,55,Completed,13.3,W20250904
T08012,V0161,D0692,R048,2025-12-02T06:47:00,2025-12-02T08:35:00,75,Completed,41.7,W20251202
T08013,V0004,D0557,R032,2025-07-31T23:16:00,2025-08-01T03:46:00,75,Completed,16.7,W20250731
T08014,V0330,D0353,R095,2025-10-07T07:36:00,2025-10-07T08:51:00,85,Completed,68.0,W20251007
T08015,V0056,D0583,R064,2025-07-10T11:45:00,2025-07-10T14:58:00,75,Cancelled,23.3,W20250710
T08016,V0392,D0513,R081,2025-09-30T11:35:00,2025-09-30T14:55:00,55,Completed,16.5,W20250930
T08017,V0337,D0450,R039,2025-03-23T03:07:00,2025-03-23T06:39:00,55,Completed,15.6,W20250323
T08018,V0185,D0443,R072,2025-12-29T17:02:00,2025-12-29T21:38:00,75,Cancelled,16.3,W20251229
T08019,V0166,D0581,R038,2025-03-15T09:03:00,2025-03-15T11:03:00,95,Completed,47.5,W20250315
T08020,V0391,D0321,R096,2025-10-16T20:28:00,2025-10-16T23:00:00,95,Cancelled,37.5,W20251016
T08021,V0309,D0354,R074,2025-08-17T11:21:00,2025-08-17T12:23:00,95,Cancelled,91.9,W20250817
T08022,V0307,D0472,R069,2025-08-26T08:34:00,2025-08-26T12:02:00,70,Completed,20.2,W20250826
T08023,V0486,D0673,R087,2025-01-23T08:49:00,2025-01-23T10:11:00,55,Completed,40.2,W20250123
T08024,V0440,D0059,R019,2025-04-26T22:10:00,2025-04-27T02:00:00,55,Completed,14.3,W20250426
T08025,V0029,D0143,R052,2025-05-12T06:49:00,2025-05-12T08:44:00,65,Completed,33.9,W20250512
T08026,V0313,D0329,R100,2025-07-28T20:07:00,2025-07-28T23:43:00,75,Completed,20.8,W20250728
T08027,V0064,D0285,R012,2025-06-13T04:19:00,2025-06-13T09:18:00,95,Completed,19.1,W20250613
T08028,V0148,D0436,R083,2025-01-10T06:19:00,2025-01-10T08:39:00,75,Completed,32.1,W20250110
T08029,V0319,D0306,R077,2025-02-06T02:47:00,2025-02-06T06:19:00,85,Completed,24.1,W20250206
T08030,V0473,D0605,R005,2025-08-10T09:24:00,2025-08-10T12:12:00,65,Completed,23.2,W20250810
T08031,V0259,D0388,R096,2025-08-03T03:14:00,2025-08-03T07:41:00,95,Cancelled,21.3,W20250803
T08032,V0432,D0116,R083,2025-05-09T00:05:00,2025-05-09T04:26:00,75,Completed,17.2,W20250509
T08033,V0213,D0584,R015,2025-07-04T18:02:00,2025-07-04T22:54:00,75,Completed,15.4,W20250704
T08034,V0362,D0454,R093,2025-06-17T15:40:00,2025-06-17T18:38:00,65,Cancelled,21.9,W20250617
T08035,V0415,D0200,R028,2025-07-25T17:07:00,2025-07-25T18:18:00,85,Completed,71.8,W20250725
T08036,V0258,D0044,R029,2025-10-07T00:16:00,2025-10-07T01:58:00,70,Cancelled,41.2,W20251007
T08037,V0161,D0628,R051,2025-11-19T01:30:00,2025-11-19T04:40:00,70,Completed,22.1,W20251119
T08038,V0312,D0257,R067,2025-07-02T22:24:00,2025-07-03T03:08:00,55,Completed,11.6,W20250702
T08039,V0114,D0503,R038,2025-08-30T01:56:00,2025-08-30T04:16:00,95,Completed,40.7,W20250830
T08040,V0416,D0390,R095,2025-03-01T17:25:00,2025-03-01T19:54:00,85,Completed,34.2,W20250301
T08041,V0406,D0563,R033,2025-06-17T12:44:00,2025-06-17T14:31:00,85,Completed,47.7,W20250617
T08042,V0353,D0209,R024,2025-04-15T04:57:00,2025-04-15T08:39:00,55,Cancelled,14.9,W20250415
T08043,V0240,D0490,R039,2025-06-01T10:58:00,2025-06-01T14:20:00,55,Cancelled,16.3,W20250601
T08044,V0367,D0452,R043,2025-04-16T07:18:00,2025-04-16T11:36:00,65,Cancelled,15.1,W20250416
T08045,V0231,D0090,R054,2025-04-17T16:22:00,2025-04-17T17:17:00,95,Cancelled,103.6,W20250417
T08046,V0493,D0651,R041,2025-07-12T06:35:00,2025-07-12T09:27:00,65,Completed,22.7,W20250712
T08047,V0159,D0353,R020,2025-07-17T02:13:00,2025-07-17T05:25:00,65,Completed,20.3,W20250717
T08048,V0351,D0298,R082,2025-07-07T12:47:00,2025-07-07T13:45:00,75,Completed,77.6,W20250707
T08049,V0420,D0342,R076,2025-09-25T17:00:00,2025-09-25T20:58:00,95,Completed,23.9,W20250925
T08050,V0349,D0469,R027,2025-08-22T06:49:00,2025-08-22T10:41:00,85,Completed,22.0,W20250822
T08051,V0240,D0405,R031,2025-05-25T15:26:00,2025-05-25T19:21:00,65,Completed,16.6,W20250525
T08052,V0020,D0243,R100,2025-09-03T13:09:00,2025-09-03T16:04:00,75,Completed,25.7,W20250903
T08053,V0200,D0183,R077,2025-08-04T00:51:00,2025-08-04T04:39:00,85,Completed,22.4,W20250804
T08054,V0360,D0547,R008,2025-11-22T21:43:00,2025-11-22T23:02:00,75,Cancelled,57.0,W20251122
T08055,V0447,D0316,R026,2025-12-22T03:58:00,2025-12-22T07:03:00,70,Completed,22.7,W20251222
T08056,V0390,D0100,R003,2025-09-20T23:13:00,2025-09-21T02:29:00,85,Completed,26.0,W20250920
T08057,V0106,D0686,R030,2025-12-04T04:48:00,2025-12-04T05:57:00,65,Completed,56.5,W20251204
T08058,V0484,D0144,R065,2025-02-28T15:28:00,2025-02-28T17:38:00,70,Completed,32.3,W20250228
T08059,V0166,D0060,R070,2025-12-01T02:56:00,2025-12-01T04:40:00,55,Cancelled,31.7,W20251201
T08060,V0396,D0254,R091,2025-09-21T15:51:00,2025-09-21T18:50:00,70,Completed,23.5,W20250921
T08061,V0249,D0471,R021,2025-06-14T23:14:00,2025-06-15T03:34:00,75,Cancelled,17.3,W20250614
T08062,V0424,D0125,R013,2025-11-18T19:20:00,2025-11-18T23:59:00,65,Completed,14.0,W20251118
T08063,V0295,D0268,R071,2025-06-18T23:42:00,2025-06-19T02:50:00,95,Cancelled,30.3,W20250618
T08064,V0074,D0524,R018,2025-02-25T02:39:00,2025-02-25T06:53:00,85,Completed,20.1,W20250225
T08065,V0196,D0590,R092,2025-06-14T20:13:00,2025-06-15T00:03:00,70,Completed,18.3,W20250614
T08066,V0253,D0498,R055,2025-08-26T21:23:00,2025-08-27T01:35:00,55,Completed,13.1,W20250826
T08067,V0158,D0619,R002,2025-10-31T20:44:00,2025-11-01T01:38:00,75,Cancelled,15.3,W20251031
T08068,V0061,D0410,R066,2025-07-24T15:26:00,2025-07-24T19:57:00,85,Completed,18.8,W20250724
T08069,V0320,D0026,R064,2025-06-19T22:22:00,2025-06-20T01:42:00,75,Completed,22.5,W20250619
T08070,V0136,D0387,R040,2025-12-11T22:41:00,2025-12-11T23:26:00,95,Cancelled,126.7,W20251211
T08071,V0068,D0464,R046,2025-04-13T04:52:00,2025-04-13T08:26:00,70,Completed,19.6,W20250413
T08072,V0416,D0270,R022,2025-12-24T08:25:00,2025-12-24T13:08:00,70,Completed,14.8,W20251224
T08073,V0403,D0242,R039,2025-04-17T11:02:00,2025-04-17T14:14:00,55,Completed,17.2,W20250417
T08074,V0229,D0168,R071,2025-12-09T11:03:00,2025-12-09T14:43:00,95,Completed,25.9,W20251209
T08075,V0146,D0574,R079,2025-11-14T14:08:00,2025-11-14T18:15:00,70,Completed,17.0,W20251114
T08076,V0349,D0431,R083,2025-12-11T08:16:00,2025-12-11T11:07:00,75,Completed,26.3,W20251211
T08077,V0222,D0292,R029,2025-06-15T00:08:00,2025-06-15T00:55:00,70,Completed,89.4,W20250615
T08078,V0241,D0298,R059,2025-07-29T15:24:00,2025-07-29T18:27:00,75,Completed,24.6,W20250729
T08079,V0152,D0399,R003,2025-02-06T18:55:00,2025-02-06T22:22:00,85,Completed,24.6,W20250206
T08080,V0006,D0220,R090,2025-01-04T07:09:00,2025-01-04T11:17:00,85,Cancelled,20.6,W20250104
T08081,V0297,D0614,R091,2025-05-14T17:23:00,2025-05-14T18:29:00,70,Completed,63.6,W20250514
T08082,V0248,D0010,R078,2025-08-31T22:41:00,2025-09-01T00:01:00,75,Completed,56.2,W20250831
T08083,V0127,D0581,R070,2025-02-01T23:31:00,2025-02-02T01:25:00,55,Completed,28.9,W20250201
T08084,V0212,D0511,R015,2025-08-16T14:14:00,2025-08-16T16:32:00,75,Completed,32.6,W20250816
T08085,V0179,D0111,R022,2025-09-21T05:46:00,2025-09-21T08:54:00,70,Completed,22.3,W20250921
T08086,V0057,D0506,R003,2025-01-20T09:37:00,2025-01-20T13:34:00,85,Completed,21.5,W20250120
T08087,V0339,D0672,R003,2025-08-05T19:35:00,2025-08-06T00:07:00,85,Completed,18.8,W20250805
T08088,V0446,D0321,R007,2025-04-26T12:05:00,2025-04-26T15:21:00,70,Completed,21.4,W20250426
T08089,V0291,D0425,R011,2025-07-27T18:59:00,2025-07-27T21:58:00,85,Completed,28.5,W20250727
T08090,V0117,D0275,R003,2025-05-06T13:12:00,2025-05-06T17:04:00,85,Cancelled,22.0,W20250506
T08091,V0407,D0162,R081,2025-05-07T12:43:00,2025-05-07T17:17:00,55,Completed,12.0,W20250507
T08092,V0306,D0341,R038,2025-10-10T20:32:00,2025-10-10T21:54:00,95,Completed,69.5,W20251010
T08093,V0274,D0552,R092,2025-08-16T17:33:00,2025-08-16T20:16:00,70,Completed,25.8,W20250816
T08094,V0313,D0059,R017,2025-11-06T21:01:00,2025-11-06T22:48:00,95,Cancelled,53.3,W20251106
T08095,V0386,D0655,R013,2025-01-21T00:55:00,2025-01-21T05:04:00,65,Cancelled,15.7,W20250121
T08096,V0321,D0546,R058,2025-05-22T20:09:00,2025-05-22T21:54:00,95,Cancelled,54.3,W20250522
T08097,V0287,D0440,R092,2025-01-15T01:13:00,2025-01-15T04:23:00,70,Completed,22.1,W20250115
T08098,V0183,D0691,R054,2025-01-13T02:13:00,2025-01-13T05:53:00,95,Completed,25.9,W20250113
T08099,V0103,D0478,R073,2025-04-24T03:16:00,2025-04-24T04:18:00,85,Completed,82.3,W20250424
T08100,V0333,D0372,R032,2025-12-18T05:00:00,2025-12-18T05:56:00,75,Completed,80.4,W20251218
T08101,V0309,D0259,R040,2025-05-02T20:00:00,2025-05-02T22:29:00,95,Completed,38.3,W20250502
T08102,V0333,D0639,R099,2025-01-17T05:19:00,2025-01-17T09:58:00,55,Cancelled,11.8,W20250117
T08103,V0283,D0250,R078,2025-12-12T01:52:00,2025-12-12T02:58:00,75,Completed,68.2,W20251212
T08104,V0078,D0404,R015,2025-11-06T00:18:00,2025-11-06T03:31:00,75,Completed,23.3,W20251106
T08105,V0137,D0392,R097,2025-08-06T20:21:00,2025-08-07T01:16:00,65,Completed,13.2,W20250806
T08106,V0318,D0574,R083,2025-07-23T10:48:00,2025-07-23T13:19:00,75,Completed,29.8,W20250723
T08107,V0110,D0364,R044,2025-09-26T05:37:00,2025-09-26T09:53:00,70,Cancelled,16.4,W20250926
T08108,V0194,D0164,R081,2025-08-24T11:37:00,2025-08-24T13:55:00,55,Completed,23.9,W20250824
T08109,V0073,D0269,R049,2025-10-28T11:42:00,2025-10-28T16:01:00,85,Completed,19.7,W20251028
T08110,V0182,D0144,R094,2025-07-08T10:24:00,2025-07-08T13:00:00,70,Cancelled,26.9,W20250708
T08111,V0299,D0440,R066,2025-02-15T00:30:00,2025-02-15T03:06:00,85,Completed,32.7,W20250215
T08112,V0413,D0664,R069,2025-12-09T10:58:00,2025-12-09T15:20:00,70,Cancelled,16.0,W20251209
T08113,V0407,D0050,R026,2025-01-06T16:57:00,2025-01-06T20:09:00,70,Completed,21.9,W20250106
T08114,V0166,D0047,R035,2025-06-13T06:09:00,2025-06-13T10:16:00,95,Completed,23.1,W20250613
T08115,V0325,D0276,R008,2025-11-14T22:58:00,2025-11-15T00:52:00,75,Cancelled,39.5,W20251114
T08116,V0369,D0195,R034,2025-01-29T06:30:00,2025-01-29T07:22:00,70,Completed,80.8,W20250129
T08117,V0387,D0552,R090,2025-10-24T14:26:00,2025-10-24T16:08:00,85,Cancelled,50.0,W20251024
T08118,V0301,D0085,R017,2025-09-29T21:50:00,2025-09-30T02:46:00,95,Cancelled,19.3,W20250929
T08119,V0446,D0083,R042,2025-12-02T15:55:00,2025-12-02T18:43:00,75,Completed,26.8,W20251202
T08120,V0012,D0432,R035,2025-04-18T22:02:00,2025-04-19T02:32:00,95,Completed,21.1,W20250418
T08121,V0412,D0631,R046,2025-06-29T02:49:00,2025-06-29T04:19:00,70,Cancelled,46.7,W20250629
T08122,V0025,D0630,R066,2025-09-10T12:07:00,2025-09-10T13:38:00,85,Completed,56.0,W20250910
T08123,V0165,D0512,R060,2025-06-19T23:42:00,2025-06-20T03:56:00,85,Completed,20.1,W20250619
T08124,V0136,D0186,R072,2025-10-17T17:15:00,2025-10-17T21:35:00,75,Cancelled,17.3,W20251017
T08125,V0324,D0288,R010,2025-10-16T23:33:00,2025-10-17T00:29:00,75,Completed,80.4,W20251016
T08126,V0339,D0127,R059,2025-06-27T16:04:00,2025-06-27T18:28:00,75,Cancelled,31.2,W20250627
T08127,V0443,D0570,R039,2025-08-07T00:12:00,2025-08-07T02:30:00,55,Completed,23.9,W20250807
T08128,V0463,D0512,R075,2025-12-02T14:56:00,2025-12-02T17:57:00,85,Completed,28.2,W20251202
T08129,V0491,D0603,R034,2025-10-14T04:13:00,2025-10-14T05:47:00,70,Completed,44.7,W20251014
T08130,V0374,D0205,R080,2025-04-30T09:04:00,2025-04-30T10:24:00,75,Completed,56.2,W20250430
T08131,V0181,D0224,R035,2025-02-12T09:09:00,2025-02-12T13:57:00,95,Completed,19.8,W20250212
T08132,V0320,D0091,R096,2025-01-17T16:16:00,2025-01-17T19:50:00,95,Cancelled,26.6,W20250117
T08133,V0140,D0003,R045,2025-06-06T05:33:00,2025-06-06T07:23:00,70,Cancelled,38.2,W20250606
T08134,V0149,D0003,R007,2025-07-16T05:18:00,2025-07-16T08:05:00,70,Completed,25.1,W20250716
T08135,V0181,D0580,R061,2025-11-06T09:30:00,2025-11-06T14:08:00,75,Completed,16.2,W20251106
T08136,V0089,D0012,R073,2025-03-28T11:53:00,2025-03-28T16:42:00,85,Completed,17.6,W20250328
T08137,V0050,D0165,R034,2025-06-04T14:37:00,2025-06-04T18:38:00,70,Cancelled,17.4,W20250604
T08138,V0395,D0527,R044,2025-12-03T20:53:00,2025-12-03T21:42:00,70,Completed,85.7,W20251203
T08139,V0446,D0019,R076,2025-12-31T04:21:00,2025-12-31T08:20:00,95,Completed,23.8,W20251231
T08140,V0174,D0442,R043,2025-01-06T13:59:00,2025-01-06T17:29:00,65,Completed,18.6,W20250106
T08141,V0077,D0128,R013,2025-12-31T00:14:00,2025-12-31T01:10:00,65,Completed,69.6,W20251231
T08142,V0445,D0320,R015,2025-09-07T20:56:00,2025-09-07T22:21:00,75,Cancelled,52.9,W20250907
T08143,V0387,D0574,R050,2025-06-21T21:46:00,2025-06-21T23:55:00,95,Completed,44.2,W20250621
T08144,V0007,D0264,R028,2025-05-27T16:45:00,2025-05-27T19:04:00,85,Completed,36.7,W20250527
T08145,V0116,D0208,R053,2025-10-17T14:31:00,2025-10-17T19:28:00,55,Completed,11.1,W20251017
T08146,V0156,D0516,R060,2025-06-10T11:41:00,2025-06-10T12:27:00,85,Completed,110.9,W20250610
T08147,V0358,D0684,R031,2025-06-29T04:07:00,2025-06-29T08:44:00,65,Cancelled,14.1,W20250629
T08148,V0261,D0119,R014,2025-02-08T21:28:00,2025-02-08T22:41:00,55,Cancelled,45.2,W20250208
T08149,V0099,D0183,R045,2025-04-24T20:49:00,2025-04-25T01:44:00,70,Completed,14.2,W20250424
T08150,V0003,D0125,R064,2025-08-28T07:51:00,2025-08-28T08:38:00,75,Completed,95.7,W20250828
T08151,V0026,D0094,R041,2025-07-01T19:06:00,2025-07-01T23:49:00,65,Completed,13.8,W20250701
T08152,V0050,D0246,R050,2025-02-12T04:38:00,2025-02-12T09:22:00,95,Cancelled,20.1,W20250212
T08153,V0452,D0343,R032,2025-12-04T10:14:00,2025-12-04T11:39:00,75,Completed,52.9,W20251204
T08154,V0473,D0209,R054,2025-01-31T00:52:00,2025-01-31T02:23:00,95,Completed,62.6,W20250131
T08155,V0391,D0299,R027,2025-10-21T22:37:00,2025-10-22T02:25:00,85,Completed,22.4,W20251021
T08156,V0071,D0119,R013,2025-12-10T18:50:00,2025-12-10T20:34:00,65,Completed,37.5,W20251210
T08157,V0349,D0298,R026,2025-01-26T15:30:00,2025-01-26T16:48:00,70,Completed,53.8,W20250126
T08158,V0362,D0351,R020,2025-04-24T17:23:00,2025-04-24T22:22:00,65,Completed,13.0,W20250424
T08159,V0067,D0301,R020,2025-05-01T06:12:00,2025-05-01T10:31:00,65,Cancelled,15.1,W20250501
T08160,V0427,D0033,R017,2025-10-17T16:59:00,2025-10-17T20:36:00,95,Completed,26.3,W20251017
T08161,V0158,D0171,R098,2025-03-10T13:33:00,2025-03-10T15:57:00,75,Completed,31.2,W20250310
T08162,V0154,D0013,R012,2025-06-03T09:38:00,2025-06-03T11:36:00,95,Cancelled,48.3,W20250603
T08163,V0029,D0154,R025,2025-04-10T19:23:00,2025-04-10T22:04:00,75,Completed,28.0,W20250410
T08164,V0336,D0510,R040,2025-05-10T10:56:00,2025-05-10T15:44:00,95,Completed,19.8,W20250510
T08165,V0028,D0122,R068,2025-05-06T04:57:00,2025-05-06T07:45:00,95,Cancelled,33.9,W20250506
T08166,V0460,D0123,R045,2025-07-01T10:38:00,2025-07-01T11:53:00,70,Completed,56.0,W20250701
T08167,V0193,D0392,R031,2025-08-21T04:57:00,2025-08-21T06:49:00,65,Completed,34.8,W20250821
T08168,V0346,D0225,R053,2025-08-26T06:11:00,2025-08-26T09:22:00,55,Completed,17.3,W20250826
T08169,V0441,D0559,R087,2025-07-09T15:40:00,2025-07-09T19:35:00,55,Completed,14.0,W20250709
T08170,V0181,D0229,R003,2025-05-24T04:29:00,2025-05-24T06:25:00,85,Completed,44.0,W20250524
T08171,V0305,D0251,R008,2025-11-21T11:24:00,2025-11-21T15:41:00,75,Cancelled,17.5,W20251121
T08172,V0458,D0267,R040,2025-01-21T02:35:00,2025-01-21T07:35:00,95,Cancelled,19.0,W20250121
T08173,V0395,D0132,R061,2025-01-23T21:35:00,2025-01-23T22:40:00,75,Completed,69.2,W20250123
T08174,V0132,D0688,R036,2025-10-14T15:53:00,2025-10-14T17:31:00,75,Completed,45.9,W20251014
T08175,V0310,D0496,R097,2025-10-20T08:03:00,2025-10-20T09:34:00,65,Completed,42.9,W20251020
T08176,V0275,D0479,R020,2025-10-13T22:51:00,2025-10-14T00:46:00,65,Cancelled,33.9,W20251013
T08177,V0475,D0165,R080,2025-11-13T00:42:00,2025-11-13T04:03:00,75,Completed,22.4,W20251113
T08178,V0340,D0355,R024,2025-02-02T13:33:00,2025-02-02T18:29:00,55,Completed,11.1,W20250202
T08179,V0227,D0049,R041,2025-08-03T12:43:00,2025-08-03T13:43:00,65,Completed,65.0,W20250803
T08180,V0310,D0357,R077,2025-07-25T23:32:00,2025-07-26T01:00:00,85,Completed,58.0,W20250725
T08181,V0024,D0032,R081,2025-03-17T01:45:00,2025-03-17T04:15:00,55,Completed,22.0,W20250317
T08182,V0372,D0457,R044,2025-03-17T17:45:00,2025-03-17T20:38:00,70,Completed,24.3,W20250317
T08183,V0299,D0454,R078,2025-11-12T06:04:00,2025-11-12T07:50:00,75,Completed,42.5,W20251112
T08184,V0060,D0487,R026,2025-01-24T12:21:00,2025-01-24T16:05:00,70,Completed,18.8,W20250124
T08185,V0269,D0022,R019,2025-03-22T06:02:00,2025-03-22T09:18:00,55,Completed,16.8,W20250322
T08186,V0078,D0036,R050,2025-04-18T11:15:00,2025-04-18T13:34:00,95,Completed,41.0,W20250418
T08187,V0387,D0641,R087,2025-10-14T07:51:00,2025-10-14T12:43:00,55,Completed,11.3,W20251014
T08188,V0212,D0595,R052,2025-11-30T13:37:00,2025-11-30T14:49:00,65,Completed,54.2,W20251130
T08189,V0296,D0303,R096,2025-09-06T12:39:00,2025-09-06T13:26:00,95,Completed,121.3,W20250906
T08190,V0135,D0692,R052,2025-07-09T01:10:00,2025-07-09T02:57:00,65,Completed,36.4,W20250709
T08191,V0160,D0394,R031,2025-11-06T13:44:00,2025-11-06T16:53:00,65,Completed,20.6,W20251106
T08192,V0442,D0435,R015,2025-03-14T00:47:00,2025-03-14T01:52:00,75,Completed,69.2,W20250314
T08193,V0040,D0539,R085,2025-04-25T21:24:00,2025-04-25T23:56:00,55,Cancelled,21.7,W20250425
T08194,V0368,D0212,R039,2025-12-18T10:57:00,2025-12-18T13:55:00,55,Completed,18.5,W20251218
T08195,V0096,D0400,R041,2025-09-25T23:41:00,2025-09-26T00:30:00,65,Completed,79.6,W20250925
T08196,V0159,D0495,R083,2025-12-23T12:59:00,2025-12-23T17:48:00,75,Cancelled,15.6,W20251223
T08197,V0246,D0222,R095,2025-03-05T19:38:00,2025-03-05T23:43:00,85,Cancelled,20.8,W20250305
T08198,V0498,D0011,R084,2025-01-04T09:11:00,2025-01-04T13:00:00,85,Cancelled,22.3,W20250104
T08199,V0320,D0111,R009,2025-11-23T05:39:00,2025-11-23T07:37:00,65,Completed,33.1,W20251123
T08200,V0311,D0607,R018,2025-12-30T14:06:00,2025-12-30T15:34:00,85,Completed,58.0,W20251230
T08201,V0244,D0493,R021,2025-05-26T14:56:00,2025-05-26T18:33:00,75,Cancelled,20.7,W20250526
T08202,V0259,D0256,R002,2025-11-16T04:54:00,2025-11-16T06:14:00,75,Cancelled,56.2,W20251116
T08203,V0198,D0544,R090,2025-11-27T12:21:00,2025-11-27T15:13:00,85,Cancelled,29.7,W20251127
T08204,V0131,D0553,R005,2025-04-19T22:53:00,2025-04-20T02:59:00,65,Completed,15.9,W20250419
T08205,V0140,D0171,R096,2025-11-10T05:46:00,2025-11-10T06:58:00,95,Completed,79.2,W20251110
T08206,V0281,D0630,R076,2025-02-05T22:44:00,2025-02-06T02:09:00,95,Completed,27.8,W20250205
T08207,V0275,D0128,R015,2025-02-03T05:18:00,2025-02-03T08:48:00,75,Cancelled,21.4,W20250203
T08208,V0196,D0536,R051,2025-09-27T03:26:00,2025-09-27T05:51:00,70,Cancelled,29.0,W20250927
T08209,V0268,D0200,R088,2025-02-27T08:20:00,2025-02-27T12:06:00,95,Cancelled,25.2,W20250227
T08210,V0134,D0592,R044,2025-10-05T16:45:00,2025-10-05T19:35:00,70,Cancelled,24.7,W20251005
T08211,V0415,D0606,R089,2025-01-04T14:13:00,2025-01-04T17:55:00,85,Completed,23.0,W20250104
T08212,V0408,D0373,R019,2025-02-26T08:31:00,2025-02-26T10:50:00,55,Completed,23.7,W20250226
T08213,V0266,D0672,R045,2025-10-29T05:21:00,2025-10-29T07:27:00,70,Completed,33.3,W20251029
T08214,V0489,D0389,R084,2025-02-20T18:12:00,2025-02-20T20:43:00,85,Completed,33.8,W20250220
T08215,V0470,D0064,R028,2025-12-20T03:18:00,2025-12-20T04:19:00,85,Completed,83.6,W20251220
T08216,V0055,D0239,R077,2025-10-31T11:58:00,2025-10-31T16:19:00,85,Cancelled,19.5,W20251031
T08217,V0106,D0219,R082,2025-01-03T11:06:00,2025-01-03T12:02:00,75,Completed,80.4,W20250103
T08218,V0185,D0020,R077,2025-06-14T10:16:00,2025-06-14T12:18:00,85,Completed,41.8,W20250614
T08219,V0150,D0588,R031,2025-12-23T06:04:00,2025-12-23T10:47:00,65,Completed,13.8,W20251223
T08220,V0374,D0307,R084,2025-04-12T18:51:00,2025-04-12T23:48:00,85,Completed,17.2,W20250412
T08221,V0090,D0111,R086,2025-12-29T05:36:00,2025-12-29T06:36:00,65,Cancelled,65.0,W20251229
T08222,V0067,D0239,R024,2025-12-18T11:04:00,2025-12-18T14:36:00,55,Cancelled,15.6,W20251218
T08223,V0307,D0178,R044,2025-03-10T11:53:00,2025-03-10T14:11:00,70,Cancelled,30.4,W20250310
T08224,V0050,D0063,R044,2025-04-23T04:08:00,2025-04-23T07:55:00,70,Completed,18.5,W20250423
T08225,V0254,D0650,R028,2025-01-08T00:12:00,2025-01-08T03:24:00,85,Completed,26.6,W20250108
T08226,V0057,D0295,R001,2025-04-21T08:26:00,2025-04-21T12:09:00,85,Completed,22.9,W20250421
T08227,V0486,D0393,R043,2025-10-14T21:40:00,2025-10-14T23:15:00,65,Completed,41.1,W20251014
T08228,V0063,D0304,R088,2025-06-30T10:05:00,2025-06-30T13:52:00,95,Cancelled,25.1,W20250630
T08229,V0260,D0389,R016,2025-11-14T08:29:00,2025-11-14T11:20:00,65,Completed,22.8,W20251114
T08230,V0311,D0124,R083,2025-02-09T01:42:00,2025-02-09T05:12:00,75,Completed,21.4,W20250209
T08231,V0033,D0490,R089,2025-05-27T18:14:00,2025-05-27T20:20:00,85,Completed,40.5,W20250527
T08232,V0416,D0432,R044,2025-09-17T16:27:00,2025-09-17T18:27:00,70,Completed,35.0,W20250917
T08233,V0450,D0035,R099,2025-07-25T12:05:00,2025-07-25T12:54:00,55,Completed,67.3,W20250725
T08234,V0396,D0181,R090,2025-07-26T04:41:00,2025-07-26T05:27:00,85,Completed,110.9,W20250726
T08235,V0069,D0064,R065,2025-07-29T06:31:00,2025-07-29T07:49:00,70,Completed,53.8,W20250729
T08236,V0033,D0196,R075,2025-07-26T15:32:00,2025-07-26T16:26:00,85,Completed,94.4,W20250726
T08237,V0468,D0088,R031,2025-07-13T18:57:00,2025-07-13T20:29:00,65,Cancelled,42.4,W20250713
T08238,V0479,D0349,R046,2025-04-27T14:08:00,2025-04-27T17:58:00,70,Completed,18.3,W20250427
T08239,V0462,D0362,R045,2025-01-16T13:36:00,2025-01-16T17:48:00,70,Completed,16.7,W20250116
T08240,V0230,D0210,R019,2025-12-31T09:39:00,2025-12-31T13:27:00,55,Completed,14.5,W20251231
T08241,V0070,D0309,R047,2025-10-22T19:16:00,2025-10-22T23:46:00,55,Completed,12.2,W20251022
T08242,V0447,D0442,R026,2025-09-21T18:37:00,2025-09-21T20:44:00,70,Completed,33.1,W20250921
T08243,V0374,D0230,R055,2025-06-02T00:41:00,2025-06-02T05:20:00,55,Completed,11.8,W20250602
T08244,V0355,D0610,R024,2025-04-18T11:58:00,2025-04-18T15:07:00,55,Completed,17.5,W20250418
T08245,V0467,D0567,R025,2025-11-12T03:02:00,2025-11-12T05:27:00,75,Completed,31.0,W20251112
T08246,V0466,D0290,R078,2025-05-28T00:37:00,2025-05-28T03:16:00,75,Completed,28.3,W20250528
T08247,V0112,D0558,R030,2025-01-29T06:16:00,2025-01-29T09:10:00,65,Completed,22.4,W20250129
T08248,V0413,D0480,R017,2025-09-06T11:19:00,2025-09-06T14:41:00,95,Completed,28.2,W20250906
T08249,V0010,D0406,R050,2025-04-28T14:06:00,2025-04-28T15:21:00,95,Completed,76.0,W20250428
T08250,V0135,D0166,R073,2025-08-12T09:04:00,2025-08-12T13:45:00,85,Completed,18.1,W20250812
T08251,V0254,D0393,R030,2025-01-26T14:55:00,2025-01-26T19:54:00,65,Completed,13.0,W20250126
T08252,V0295,D0445,R049,2025-07-31T04:48:00,2025-07-31T08:32:00,85,Cancelled,22.8,W20250731
T08253,V0115,D0134,R085,2025-06-13T05:39:00,2025-06-13T10:24:00,55,Completed,11.6,W20250613
T08254,V0001,D0452,R037,2025-07-24T07:59:00,2025-07-24T09:18:00,95,Cancelled,72.2,W20250724
T08255,V0359,D0072,R025,2025-04-06T20:12:00,2025-04-06T23:39:00,75,Completed,21.7,W20250406
T08256,V0046,D0463,R038,2025-03-16T03:49:00,2025-03-16T07:39:00,95,Completed,24.8,W20250316
T08257,V0468,D0034,R036,2025-07-24T09:09:00,2025-07-24T13:49:00,75,Completed,16.1,W20250724
T08258,V0313,D0435,R051,2025-03-03T16:56:00,2025-03-03T20:13:00,70,Completed,21.3,W20250303
T08259,V0063,D0601,R096,2025-10-25T08:41:00,2025-10-25T11:33:00,95,Completed,33.1,W20251025
T08260,V0296,D0005,R061,2025-09-29T06:53:00,2025-09-29T07:42:00,75,Completed,91.8,W20250929
T08261,V0019,D0643,R002,2025-08-15T14:58:00,2025-08-15T16:52:00,75,Cancelled,39.5,W20250815
T08262,V0142,D0039,R080,2025-07-02T16:30:00,2025-07-02T18:19:00,75,Completed,41.3,W20250702
T08263,V0164,D0490,R088,2025-12-15T19:30:00,2025-12-15T20:18:00,95,Completed,118.8,W20251215
T08264,V0372,D0190,R015,2025-05-09T12:03:00,2025-05-09T15:28:00,75,Completed,22.0,W20250509
T08265,V0342,D0077,R043,2025-02-02T05:20:00,2025-02-02T07:54:00,65,Completed,25.3,W20250202
T08266,V0462,D0354,R093,2025-04-18T06:50:00,2025-04-18T07:53:00,65,Completed,61.9,W20250418
T08267,V0422,D0584,R029,2025-10-26T19:59:00,2025-10-26T23:57:00,70,Completed,17.6,W20251026
T08268,V0454,D0421,R052,2025-12-06T20:35:00,2025-12-07T00:29:00,65,Completed,16.7,W20251206
T08269,V0300,D0369,R010,2025-07-30T01:15:00,2025-07-30T04:09:00,75,Cancelled,25.9,W20250730
T08270,V0320,D0430,R042,2025-07-24T01:13:00,2025-07-24T02:55:00,75,Cancelled,44.1,W20250724
T08271,V0045,D0352,R002,2025-01-26T17:36:00,2025-01-26T19:00:00,75,Completed,53.6,W20250126
T08272,V0372,D0461,R050,2025-11-17T00:38:00,2025-11-17T04:25:00,95,Completed,25.1,W20251117
T08273,V0093,D0478,R051,2025-04-06T09:50:00,2025-04-06T14:08:00,70,Completed,16.3,W20250406
T08274,V0382,D0522,R012,2025-05-31T18:58:00,2025-05-31T22:01:00,95,Completed,31.1,W20250531
T08275,V0223,D0293,R036,2025-03-14T00:33:00,2025-03-14T05:10:00,75,Completed,16.2,W20250314
T08276,V0107,D0500,R081,2025-01-09T05:00:00,2025-01-09T09:42:00,55,Completed,11.7,W20250109
T08277,V0086,D0159,R012,2025-01-21T18:37:00,2025-01-21T21:18:00,95,Completed,35.4,W20250121
T08278,V0397,D0589,R034,2025-04-12T11:27:00,2025-04-12T12:29:00,70,Completed,67.7,W20250412
T08279,V0402,D0081,R056,2025-05-16T09:04:00,2025-05-16T09:59:00,95,Completed,103.6,W20250516
T08280,V0247,D0467,R065,2025-12-26T16:26:00,2025-12-26T20:32:00,70,Completed,17.1,W20251226
T08281,V0153,D0105,R088,2025-03-10T20:08:00,2025-03-10T21:57:00,95,Cancelled,52.3,W20250310
T08282,V0322,D0490,R059,2025-09-09T04:27:00,2025-09-09T05:52:00,75,Completed,52.9,W20250909
T08283,V0388,D0341,R041,2025-04-04T15:47:00,2025-04-04T18:29:00,65,Completed,24.1,W20250404
T08284,V0393,D0259,R035,2025-05-23T00:57:00,2025-05-23T01:54:00,95,Cancelled,100.0,W20250523
T08285,V0207,D0205,R004,2025-12-07T21:00:00,2025-12-08T01:03:00,65,Completed,16.0,W20251207
T08286,V0217,D0503,R044,2025-10-19T19:13:00,2025-10-19T23:54:00,70,Completed,14.9,W20251019
T08287,V0411,D0561,R079,2025-05-28T07:27:00,2025-05-28T09:39:00,70,Completed,31.8,W20250528
T08288,V0060,D0150,R042,2025-11-30T19:02:00,2025-11-30T20:44:00,75,Cancelled,44.1,W20251130
T08289,V0158,D0395,R033,2025-02-06T08:11:00,2025-02-06T12:39:00,85,Cancelled,19.0,W20250206
T08290,V0403,D0065,R017,2025-07-22T22:52:00,2025-07-23T00:23:00,95,Completed,62.6,W20250722
T08291,V0435,D0385,R098,2025-01-22T04:57:00,2025-01-22T09:51:00,75,Completed,15.3,W20250122
T08292,V0385,D0337,R091,2025-03-19T22:33:00,2025-03-20T01:09:00,70,Completed,26.9,W20250319
T08293,V0486,D0514,R069,2025-07-16T21:26:00,2025-07-17T00:02:00,70,Completed,26.9,W20250716
T08294,V0127,D0554,R051,2025-07-06T22:40:00,2025-07-07T00:41:00,70,Completed,34.7,W20250706
T08295,V0123,D0526,R067,2025-08-17T02:14:00,2025-08-17T07:11:00,55,Completed,11.1,W20250817
T08296,V0373,D0522,R088,2025-06-28T00:09:00,2025-06-28T01:11:00,95,Cancelled,91.9,W20250628
T08297,V0421,D0695,R071,2025-12-24T03:08:00,2025-12-24T04:13:00,95,Completed,87.7,W20251224
T08298,V0042,D0081,R080,2025-06-22T09:44:00,2025-06-22T12:52:00,75,Completed,23.9,W20250622
T08299,V0271,D0313,R092,2025-02-21T13:14:00,2025-02-21T17:28:00,70,Completed,16.5,W20250221
T08300,V0211,D0114,R063,2025-03-18T04:47:00,2025-03-18T07:22:00,75,Completed,29.0,W20250318
T08301,V0291,D0599,R034,2025-08-14T00:18:00,2025-08-14T04:09:00,70,Completed,18.2,W20250814
T08302,V0143,D0252,R075,2025-04-26T16:13:00,2025-04-26T20:34:00,85,Completed,19.5,W20250426
T08303,V0403,D0226,R052,2025-11-03T07:36:00,2025-11-03T12:04:00,65,Completed,14.6,W20251103
T08304,V0173,D0332,R100,2025-03-02T15:52:00,2025-03-02T16:50:00,75,Completed,77.6,W20250302
T08305,V0453,D0368,R012,2025-07-07T07:25:00,2025-07-07T11:39:00,95,Completed,22.4,W20250707
T08306,V0266,D0122,R068,2025-12-14T09:34:00,2025-12-14T11:46:00,95,Completed,43.2,W20251214
T08307,V0454,D0506,R074,2025-09-08T05:45:00,2025-09-08T10:13:00,95,Completed,21.3,W20250908
T08308,V0277,D0585,R065,2025-05-27T04:27:00,2025-05-27T08:22:00,70,Completed,17.9,W20250527
T08309,V0413,D0478,R072,2025-01-16T13:26:00,2025-01-16T17:12:00,75,Completed,19.9,W20250116
T08310,V0249,D0381,R015,2025-10-23T17:42:00,2025-10-23T21:23:00,75,Completed,20.4,W20251023
T08311,V0458,D0111,R030,2025-10-10T16:32:00,2025-10-10T20:46:00,65,Completed,15.4,W20251010
T08312,V0117,D0554,R033,2025-04-01T17:16:00,2025-04-01T20:43:00,85,Cancelled,24.6,W20250401
T08313,V0474,D0513,R023,2025-03-22T03:37:00,2025-03-22T04:50:00,95,Completed,78.1,W20250322
T08314,V0444,D0605,R062,2025-08-14T05:57:00,2025-08-14T07:46:00,70,Completed,38.5,W20250814
T08315,V0305,D0630,R036,2025-03-30T11:40:00,2025-03-30T15:27:00,75,Completed,19.8,W20250330
T08316,V0132,D0603,R067,2025-10-31T22:28:00,2025-11-01T03:18:00,55,Completed,11.4,W20251031
T08317,V0419,D0581,R010,2025-07-14T06:52:00,2025-07-14T08:29:00,75,Completed,46.4,W20250714
T08318,V0351,D0576,R023,2025-07-23T03:47:00,2025-07-23T06:40:00,95,Completed,32.9,W20250723
T08319,V0397,D0344,R029,2025-07-31T22:13:00,2025-08-01T00:08:00,70,Cancelled,36.5,W20250731
T08320,V0360,D0412,R036,2025-02-28T10:51:00,2025-02-28T14:05:00,75,Completed,23.2,W20250228
T08321,V0428,D0700,R072,2025-10-29T04:40:00,2025-10-29T05:38:00,75,Completed,77.6,W20251029
T08322,V0188,D0450,R046,2025-01-03T18:14:00,2025-01-03T20:03:00,70,Completed,38.5,W20250103
T08323,V0153,D0272,R046,2025-11-18T21:11:00,2025-11-19T02:10:00,70,Completed,14.0,W20251118
T08324,V0056,D0187,R096,2025-09-10T03:34:00,2025-09-10T06:44:00,95,Completed,30.0,W20250910
T08325,V0178,D0371,R090,2025-05-27T13:05:00,2025-05-27T14:27:00,85,Completed,62.2,W20250527
T08326,V0146,D0180,R054,2025-02-20T20:11:00,2025-02-21T00:15:00,95,Completed,23.4,W20250220
T08327,V0013,D0293,R006,2025-11-12T01:04:00,2025-11-12T05:17:00,95,Cancelled,22.5,W20251112
T08328,V0083,D0330,R099,2025-04-18T07:33:00,2025-04-18T10:10:00,55,Cancelled,21.0,W20250418
T08329,V0482,D0126,R080,2025-05-10T13:21:00,2025-05-10T16:44:00,75,Completed,22.2,W20250510
T08330,V0170,D0603,R017,2025-09-22T09:27:00,2025-09-22T13:42:00,95,Completed,22.4,W20250922
T08331,V0157,D0480,R071,2025-11-24T06:53:00,2025-11-24T10:20:00,95,Completed,27.5,W20251124
T08332,V0474,D0169,R055,2025-10-31T20:16:00,2025-10-31T23:33:00,55,Cancelled,16.8,W20251031
T08333,V0134,D0380,R049,2025-05-15T14:58:00,2025-05-15T16:53:00,85,Completed,44.3,W20250515
T08334,V0434,D0506,R091,2025-07-14T07:22:00,2025-07-14T10:03:00,70,Cancelled,26.1,W20250714
T08335,V0417,D0169,R020,2025-04-24T20:10:00,2025-04-25T00:09:00,65,Completed,16.3,W20250424
T08336,V0484,D0181,R093,2025-10-29T22:39:00,2025-10-30T01:00:00,65,Completed,27.7,W20251029
T08337,V0116,D0505,R029,2025-11-15T00:50:00,2025-11-15T04:08:00,70,Cancelled,21.2,W20251115
T08338,V0314,D0619,R085,2025-08-26T07:08:00,2025-08-26T08:09:00,55,Completed,54.1,W20250826
T08339,V0045,D0212,R014,2025-01-21T03:53:00,2025-01-21T06:20:00,55,Cancelled,22.4,W20250121
T08340,V0371,D0016,R026,2025-05-20T04:14:00,2025-05-20T06:03:00,70,Completed,38.5,W20250520
T08341,V0019,D0014,R017,2025-09-24T13:21:00,2025-09-24T15:27:00,95,Completed,45.2,W20250924
T08342,V0391,D0456,R030,2025-03-28T14:21:00,2025-03-28T18:00:00,65,Completed,17.8,W20250328
T08343,V0299,D0693,R061,2025-05-07T05:26:00,2025-05-07T06:30:00,75,Cancelled,70.3,W20250507
T08344,V0162,D0120,R074,2025-11-12T14:37:00,2025-11-12T19:21:00,95,Completed,20.1,W20251112
T08345,V0497,D0020,R009,2025-08-26T21:57:00,2025-08-27T00:46:00,65,Completed,23.1,W20250826
T08346,V0426,D0467,R014,2025-05-12T21:36:00,2025-05-13T00:48:00,55,Completed,17.2,W20250512
T08347,V0438,D0120,R013,2025-05-18T01:35:00,2025-05-18T04:46:00,65,Cancelled,20.4,W20250518
T08348,V0166,D0108,R044,2025-02-02T00:28:00,2025-02-02T02:46:00,70,Completed,30.4,W20250202
T08349,V0073,D0463,R095,2025-06-19T09:39:00,2025-06-19T13:16:00,85,Completed,23.5,W20250619
T08350,V0422,D0531,R081,2025-02-28T13:28:00,2025-02-28T15:45:00,55,Completed,24.1,W20250228
T08351,V0326,D0391,R100,2025-01-18T06:48:00,2025-01-18T09:10:00,75,Completed,31.7,W20250118
T08352,V0500,D0594,R093,2025-07-16T11:02:00,2025-07-16T13:58:00,65,Completed,22.2,W20250716
T08353,V0086,D0143,R062,2025-08-28T06:45:00,2025-08-28T09:19:00,70,Cancelled,27.3,W20250828
T08354,V0330,D0440,R060,2025-10-16T06:24:00,2025-10-16T09:54:00,85,Completed,24.3,W20251016
T08355,V0196,D0399,R097,2025-09-28T05:13:00,2025-09-28T06:04:00,65,Cancelled,76.5,W20250928
T08356,V0395,D0327,R019,2025-03-27T02:46:00,2025-03-27T03:36:00,55,Completed,66.0,W20250327
T08357,V0098,D0047,R016,2025-04-05T20:09:00,2025-04-05T23:40:00,65,Completed,18.5,W20250405
T08358,V0017,D0215,R008,2025-08-18T21:58:00,2025-08-19T02:19:00,75,Completed,17.2,W20250818
T08359,V0266,D0349,R099,2025-01-04T05:21:00,2025-01-04T10:15:00,55,Completed,11.2,W20250104
T08360,V0222,D0368,R048,2025-06-15T13:19:00,2025-06-15T15:46:00,75,Completed,30.6,W20250615
T08361,V0124,D0049,R009,2025-09-02T22:01:00,2025-09-02T23:49:00,65,Completed,36.1,W20250902
T08362,V0455,D0291,R002,2025-06-15T21:46:00,2025-06-16T01:25:00,75,Cancelled,20.5,W20250615
T08363,V0408,D0527,R084,2025-08-15T18:02:00,2025-08-15T21:27:00,85,Cancelled,24.9,W20250815
T08364,V0384,D0043,R063,2025-01-28T21:17:00,2025-01-28T22:40:00,75,Completed,54.2,W20250128
T08365,V0209,D0125,R088,2025-06-30T08:28:00,2025-06-30T12:42:00,95,Cancelled,22.4,W20250630
T08366,V0463,D0394,R043,2025-12-04T19:18:00,2025-12-04T20:34:00,65,Completed,51.3,W20251204
T08367,V0134,D0119,R084,2025-01-08T21:59:00,2025-01-09T00:02:00,85,Cancelled,41.5,W20250108
T08368,V0463,D0159,R097,2025-07-02T04:33:00,2025-07-02T06:36:00,65,Completed,31.7,W20250702
T08369,V0454,D0402,R065,2025-10-12T20:28:00,2025-10-12T22:30:00,70,Cancelled,34.4,W20251012
T08370,V0199,D0193,R002,2025-01-03T23:58:00,2025-01-04T01:15:00,75,Completed,58.4,W20250103
T08371,V0230,D0399,R093,2025-11-23T05:17:00,2025-11-23T09:56:00,65,Completed,14.0,W20251123
T08372,V0070,D0556,R093,2025-03-08T02:46:00,2025-03-08T06:45:00,65,Completed,16.3,W20250308
T08373,V0311,D0537,R009,2025-09-01T11:49:00,2025-09-01T16:16:00,65,Completed,14.6,W20250901
T08374,V0013,D0420,R013,2025-04-20T18:22:00,2025-04-20T19:50:00,65,Cancelled,44.3,W20250420
T08375,V0253,D0111,R065,2025-11-06T07:05:00,2025-11-06T09:51:00,70,Completed,25.3,W20251106
T08376,V0242,D0231,R007,2025-04-22T17:46:00,2025-04-22T18:52:00,70,Completed,63.6,W20250422
T08377,V0403,D0439,R091,2025-02-28T19:11:00,2025-02-28T20:03:00,70,Completed,80.8,W20250228
T08378,V0240,D0183,R025,2025-12-27T07:13:00,2025-12-27T10:43:00,75,Cancelled,21.4,W20251227
T08379,V0116,D0687,R077,2025-03-18T22:04:00,2025-03-19T01:57:00,85,Cancelled,21.9,W20250318
T08380,V0098,D0023,R063,2025-12-22T04:46:00,2025-12-22T06:56:00,75,Completed,34.6,W20251222
T08381,V0301,D0138,R028,2025-10-02T04:15:00,2025-10-02T05:59:00,85,Completed,49.0,W20251002
T08382,V0073,D0367,R042,2025-10-24T02:02:00,2025-10-24T06:12:00,75,Completed,18.0,W20251024
T08383,V0072,D0127,R093,2025-04-24T22:57:00,2025-04-25T00:26:00,65,Cancelled,43.8,W20250424
T08384,V0437,D0129,R068,2025-06-25T00:24:00,2025-06-25T01:30:00,95,Completed,86.4,W20250625
T08385,V0156,D0285,R032,2025-03-14T11:15:00,2025-03-14T13:19:00,75,Cancelled,36.3,W20250314
T08386,V0432,D0561,R068,2025-06-23T02:49:00,2025-06-23T07:03:00,95,Completed,22.4,W20250623
T08387,V0121,D0643,R011,2025-10-21T15:50:00,2025-10-21T17:37:00,85,Cancelled,47.7,W20251021
T08388,V0434,D0660,R057,2025-05-27T15:57:00,2025-05-27T18:57:00,75,Completed,25.0,W20250527
T08389,V0087,D0544,R079,2025-01-28T23:20:00,2025-01-29T00:24:00,70,Completed,65.6,W20250128
T08390,V0262,D0388,R034,2025-12-10T18:15:00,2025-12-10T21:56:00,70,Completed,19.0,W20251210
T08391,V0286,D0448,R034,2025-05-13T04:36:00,2025-05-13T05:45:00,70,Cancelled,60.9,W20250513
T08392,V0170,D0383,R011,2025-09-06T17:09:00,2025-09-06T19:42:00,85,Completed,33.3,W20250906
T08393,V0318,D0306,R043,2025-01-29T13:30:00,2025-01-29T17:18:00,65,Completed,17.1,W20250129
T08394,V0079,D0184,R014,2025-10-20T10:47:00,2025-10-20T11:46:00,55,Cancelled,55.9,W20251020
T08395,V0056,D0007,R043,2025-06-07T21:30:00,2025-06-08T02:29:00,65,Completed,13.0,W20250607
T08396,V0394,D0354,R070,2025-04-18T00:02:00,2025-04-18T00:49:00,55,Completed,70.2,W20250418
T08397,V0458,D0692,R052,2025-08-03T04:22:00,2025-08-03T05:09:00,65,Cancelled,83.0,W20250803
T08398,V0112,D0234,R006,2025-11-25T15:06:00,2025-11-25T18:19:00,95,Completed,29.5,W20251125
T08399,V0322,D0400,R006,2025-01-26T11:59:00,2025-01-26T12:58:00,95,Completed,96.6,W20250126
T08400,V0290,D0280,R006,2025-07-27T07:47:00,2025-07-27T11:22:00,95,Completed,26.5,W20250727
T08401,V0227,D0161,R010,2025-12-21T18:31:00,2025-12-21T20:45:00,75,Completed,33.6,W20251221
T08402,V0407,D0509,R028,2025-08-06T17:53:00,2025-08-06T20:07:00,85,Completed,38.1,W20250806
T08403,V0052,D0341,R002,2025-03-22T02:05:00,2025-03-22T04:27:00,75,Completed,31.7,W20250322
T08404,V0373,D0653,R040,2025-01-19T23:45:00,2025-01-20T01:22:00,95,Completed,58.8,W20250119
T08405,V0120,D0488,R092,2025-07-16T09:27:00,2025-07-16T10:20:00,70,Completed,79.2,W20250716
T08406,V0480,D0312,R083,2025-04-01T14:21:00,2025-04-01T16:51:00,75,Completed,30.0,W20250401
T08407,V0030,D0269,R020,2025-03-09T01:50:00,2025-03-09T03:17:00,65,Completed,44.8,W20250309
T08408,V0032,D0502,R077,2025-12-24T20:56:00,2025-12-25T00:44:00,85,Completed,22.4,W20251224
T08409,V0487,D0116,R032,2025-07-12T15:25:00,2025-07-12T19:21:00,75,Completed,19.1,W20250712
T08410,V0246,D0118,R020,2025-04-04T04:09:00,2025-04-04T06:41:00,65,Cancelled,25.7,W20250404
T08411,V0157,D0211,R039,2025-03-16T01:30:00,2025-03-16T05:51:00,55,Cancelled,12.6,W20250316
T08412,V0091,D0270,R031,2025-07-21T08:17:00,2025-07-21T12:23:00,65,Cancelled,15.9,W20250721
T08413,V0452,D0350,R070,2025-02-22T18:41:00,2025-02-22T20:09:00,55,Completed,37.5,W20250222
T08414,V0440,D0188,R005,2025-08-03T09:41:00,2025-08-03T11:40:00,65,Completed,32.8,W20250803
T08415,V0044,D0551,R091,2025-03-28T00:58:00,2025-03-28T02:27:00,70,Completed,47.2,W20250328
T08416,V0095,D0197,R063,2025-05-21T07:51:00,2025-05-21T08:42:00,75,Cancelled,88.2,W20250521
T08417,V0345,D0421,R013,2025-01-31T17:10:00,2025-01-31T21:43:00,65,Completed,14.3,W20250131
T08418,V0119,D0531,R010,2025-10-09T22:50:00,2025-10-10T02:25:00,75,Completed,20.9,W20251009
T08419,V0111,D0403,R093,2025-01-28T18:34:00,2025-01-28T21:23:00,65,Cancelled,23.1,W20250128
T08420,V0332,D0503,R058,2025-05-23T20:49:00,2025-05-24T01:30:00,95,Cancelled,20.3,W20250523
T08421,V0119,D0067,R078,2025-01-25T04:47:00,2025-01-25T09:46:00,75,Completed,15.1,W20250125
T08422,V0067,D0542,R012,2025-06-22T01:38:00,2025-06-22T03:17:00,95,Cancelled,57.6,W20250622
T08423,V0015,D0463,R002,2025-06-29T15:02:00,2025-06-29T17:23:00,75,Completed,31.9,W20250629
T08424,V0204,D0172,R025,2025-10-09T01:45:00,2025-10-09T04:14:00,75,Completed,30.2,W20251009
T08425,V0452,D0571,R010,2025-03-05T02:54:00,2025-03-05T03:40:00,75,Completed,97.8,W20250305
T08426,V0345,D0377,R055,2025-01-27T07:30:00,2025-01-27T11:45:00,55,Completed,12.9,W20250127
T08427,V0110,D0542,R077,2025-09-23T15:52:00,2025-09-23T18:53:00,85,Completed,28.2,W20250923
T08428,V0480,D0021,R084,2025-12-12T01:17:00,2025-12-12T04:37:00,85,Completed,25.5,W20251212
T08429,V0194,D0674,R011,2025-05-01T04:12:00,2025-05-01T04:57:00,85,Cancelled,113.3,W20250501
T08430,V0089,D0671,R025,2025-07-31T22:46:00,2025-08-01T01:45:00,75,Completed,25.1,W20250731
T08431,V0423,D0225,R070,2025-03-07T16:28:00,2025-03-07T18:49:00,55,Completed,23.4,W20250307
T08432,V0076,D0431,R090,2025-10-20T19:35:00,2025-10-20T22:35:00,85,Completed,28.3,W20251020
T08433,V0498,D0379,R077,2025-08-16T14:08:00,2025-08-16T16:53:00,85,Completed,30.9,W20250816
T08434,V0195,D0156,R009,2025-12-26T10:31:00,2025-12-26T12:40:00,65,Completed,30.2,W20251226
T08435,V0373,D0541,R008,2025-09-25T00:34:00,2025-09-25T04:25:00,75,Completed,19.5,W20250925
T08436,V0391,D0202,R006,2025-10-12T17:24:00,2025-10-12T20:51:00,95,Cancelled,27.5,W20251012
T08437,V0104,D0684,R079,2025-06-25T06:17:00,2025-06-25T10:09:00,70,Completed,18.1,W20250625
T08438,V0381,D0646,R058,2025-07-30T05:11:00,2025-07-30T08:04:00,95,Completed,32.9,W20250730
T08439,V0271,D0642,R051,2025-08-18T15:35:00,2025-08-18T20:01:00,70,Completed,15.8,W20250818
T08440,V0280,D0294,R031,2025-08-05T21:08:00,2025-08-06T01:04:00,65,Completed,16.5,W20250805
T08441,V0196,D0481,R032,2025-11-08T11:43:00,2025-11-08T13:49:00,75,Completed,35.7,W20251108
T08442,V0119,D0109,R053,2025-11-24T12:40:00,2025-11-24T17:29:00,55,Completed,11.4,W20251124
T08443,V0413,D0310,R063,2025-02-22T18:43:00,2025-02-22T21:08:00,75,Completed,31.0,W20250222
T08444,V0478,D0009,R057,2025-12-29T21:07:00,2025-12-29T23:09:00,75,Cancelled,36.9,W20251229
T08445,V0334,D0372,R096,2025-08-02T17:23:00,2025-08-02T21:51:00,95,Completed,21.3,W20250802
T08446,V0136,D0254,R080,2025-08-11T07:28:00,2025-08-11T08:54:00,75,Completed,52.3,W20250811
T08447,V0245,D0291,R089,2025-10-07T19:24:00,2025-10-07T21:30:00,85,Completed,40.5,W20251007
T08448,V0334,D0681,R078,2025-09-21T14:11:00,2025-09-21T16:29:00,75,Cancelled,32.6,W20250921
T08449,V0494,D0432,R014,2025-07-08T13:01:00,2025-07-08T15:51:00,55,Completed,19.4,W20250708
T08450,V0468,D0562,R063,2025-02-03T10:50:00,2025-02-03T13:20:00,75,Cancelled,30.0,W20250203
T08451,V0488,D0168,R053,2025-06-22T12:55:00,2025-06-22T14:37:00,55,Completed,32.4,W20250622
T08452,V0068,D0007,R021,2025-03-18T15:00:00,2025-03-18T18:15:00,75,Cancelled,23.1,W20250318
T08453,V0449,D0326,R036,2025-05-11T20:53:00,2025-05-12T00:06:00,75,Completed,23.3,W20250511
T08454,V0141,D0285,R077,2025-06-28T02:33:00,2025-06-28T06:30:00,85,Completed,21.5,W20250628
T08455,V0284,D0244,R004,2025-04-14T16:39:00,2025-04-14T20:56:00,65,Completed,15.2,W20250414
T08456,V0151,D0263,R010,2025-04-09T11:21:00,2025-04-09T14:50:00,75,Cancelled,21.5,W20250409
T08457,V0282,D0443,R052,2025-05-17T04:42:00,2025-05-17T07:29:00,65,Completed,23.4,W20250517
T08458,V0232,D0528,R081,2025-12-01T02:57:00,2025-12-01T07:10:00,55,Completed,13.0,W20251201
T08459,V0275,D0671,R083,2025-08-26T04:33:00,2025-08-26T07:08:00,75,Completed,29.0,W20250826
T08460,V0389,D0041,R030,2025-11-21T15:42:00,2025-11-21T19:59:00,65,Completed,15.2,W20251121
T08461,V0498,D0544,R049,2025-04-22T20:25:00,2025-04-22T22:49:00,85,Cancelled,35.4,W20250422
T08462,V0475,D0516,R095,2025-02-25T19:44:00,2025-02-25T20:58:00,85,Cancelled,68.9,W20250225
T08463,V0431,D0380,R081,2025-05-06T10:29:00,2025-05-06T15:04:00,55,Cancelled,12.0,W20250506
T08464,V0136,D0222,R054,2025-08-21T22:21:00,2025-08-22T00:27:00,95,Completed,45.2,W20250821
T08465,V0383,D0267,R026,2025-01-30T06:49:00,2025-01-30T10:13:00,70,Cancelled,20.6,W20250130
T08466,V0311,D0669,R015,2025-03-15T01:00:00,2025-03-15T04:11:00,75,Completed,23.6,W20250315
T08467,V0328,D0386,R002,2025-08-01T08:59:00,2025-08-01T10:10:00,75,Cancelled,63.4,W20250801
T08468,V0211,D0697,R086,2025-03-18T14:53:00,2025-03-18T16:49:00,65,Completed,33.6,W20250318
T08469,V0198,D0513,R025,2025-11-30T00:50:00,2025-11-30T05:31:00,75,Cancelled,16.0,W20251130
T08470,V0145,D0065,R012,2025-10-30T13:06:00,2025-10-30T16:16:00,95,Cancelled,30.0,W20251030
T08471,V0306,D0541,R056,2025-01-23T11:01:00,2025-01-23T16:01:00,95,Cancelled,19.0,W20250123
T08472,V0354,D0630,R039,2025-11-28T10:39:00,2025-11-28T14:45:00,55,Cancelled,13.4,W20251128
T08473,V0262,D0408,R025,2025-09-10T03:37:00,2025-09-10T04:36:00,75,Completed,76.3,W20250910
T08474,V0336,D0183,R042,2025-04-30T21:05:00,2025-05-01T00:21:00,75,Completed,23.0,W20250430
T08475,V0453,D0680,R087,2025-08-20T08:45:00,2025-08-20T12:40:00,55,Completed,14.0,W20250820
T08476,V0035,D0146,R059,2025-03-19T17:13:00,2025-03-19T20:10:00,75,Cancelled,25.4,W20250319
T08477,V0099,D0601,R090,2025-09-04T14:14:00,2025-09-04T17:25:00,85,Cancelled,26.7,W20250904
T08478,V0075,D0462,R081,2025-04-27T09:33:00,2025-04-27T14:22:00,55,Completed,11.4,W20250427
T08479,V0166,D0301,R087,2025-07-21T23:01:00,2025-07-22T00:08:00,55,Completed,49.3,W20250721
T08480,V0255,D0382,R074,2025-02-24T22:33:00,2025-02-25T02:46:00,95,Completed,22.5,W20250224
T08481,V0198,D0047,R084,2025-02-04T17:35:00,2025-02-04T20:20:00,85,Completed,30.9,W20250204
T08482,V0453,D0001,R027,2025-03-09T06:19:00,2025-03-09T10:16:00,85,Completed,21.5,W20250309
T08483,V0415,D0035,R016,2025-11-28T07:15:00,2025-11-28T11:01:00,65,Completed,17.3,W20251128
T08484,V0149,D0360,R082,2025-03-06T17:51:00,2025-03-06T22:22:00,75,Cancelled,16.6,W20250306
T08485,V0107,D0391,R076,2025-12-19T02:55:00,2025-12-19T04:19:00,95,Completed,67.9,W20251219
T08486,V0350,D0533,R079,2025-02-18T05:01:00,2025-02-18T07:55:00,70,Completed,24.1,W20250218
T08487,V0169,D0002,R013,2025-09-12T08:08:00,2025-09-12T13:02:00,65,Cancelled,13.3,W20250912
T08488,V0308,D0128,R003,2025-08-12T22:28:00,2025-08-12T23:33:00,85,Completed,78.5,W20250812
T08489,V0375,D0672,R019,2025-02-26T05:27:00,2025-02-26T10:00:00,55,Completed,12.1,W20250226
T08490,V0314,D0593,R058,2025-09-29T02:05:00,2025-09-29T04:03:00,95,Cancelled,48.3,W20250929
T08491,V0036,D0204,R055,2025-09-30T09:40:00,2025-09-30T14:27:00,55,Completed,11.5,W20250930
T08492,V0205,D0279,R056,2025-11-22T15:38:00,2025-11-22T18:16:00,95,Completed,36.1,W20251122
T08493,V0236,D0043,R008,2025-07-21T23:21:00,2025-07-22T00:09:00,75,Completed,93.8,W20250721
T08494,V0121,D0288,R074,2025-01-05T03:25:00,2025-01-05T06:55:00,95,Completed,27.1,W20250105
T08495,V0249,D0255,R072,2025-07-16T12:56:00,2025-07-16T17:37:00,75,Cancelled,16.0,W20250716
T08496,V0035,D0420,R083,2025-04-07T04:49:00,2025-04-07T07:16:00,75,Completed,30.6,W20250407
T08497,V0160,D0255,R090,2025-11-21T13:47:00,2025-11-21T15:36:00,85,Completed,46.8,W20251121
T08498,V0088,D0513,R003,2025-07-25T03:53:00,2025-07-25T06:56:00,85,Completed,27.9,W20250725
T08499,V0010,D0449,R083,2025-09-08T18:44:00,2025-09-08T20:55:00,75,Completed,34.4,W20250908
T08500,V0400,D0139,R031,2025-12-27T06:46:00,2025-12-27T11:46:00,65,Cancelled,13.0,W20251227
T08501,V0412,D0175,R081,2025-08-06T08:19:00,2025-08-06T12:02:00,55,Cancelled,14.8,W20250806
T08502,V0486,D0231,R057,2025-04-18T01:52:00,2025-04-18T04:59:00,75,Completed,24.1,W20250418
T08503,V0045,D0655,R064,2025-06-26T18:20:00,2025-06-26T21:26:00,75,Completed,24.2,W20250626
T08504,V0227,D0648,R028,2025-06-19T07:52:00,2025-06-19T09:16:00,85,Cancelled,60.7,W20250619
T08505,V0118,D0395,R013,2025-05-07T02:00:00,2025-05-07T03:06:00,65,Cancelled,59.1,W20250507
T08506,V0280,D0554,R046,2025-09-30T06:50:00,2025-09-30T08:54:00,70,Cancelled,33.9,W20250930
T08507,V0024,D0002,R021,2025-08-16T03:16:00,2025-08-16T06:59:00,75,Cancelled,20.2,W20250816
T08508,V0392,D0302,R074,2025-09-30T09:36:00,2025-09-30T11:17:00,95,Completed,56.4,W20250930
T08509,V0311,D0045,R009,2025-03-11T23:33:00,2025-03-12T01:02:00,65,Completed,43.8,W20250311
T08510,V0350,D0236,R047,2025-06-05T12:42:00,2025-06-05T13:38:00,55,Completed,58.9,W20250605
T08511,V0451,D0670,R091,2025-06-16T10:14:00,2025-06-16T12:55:00,70,Completed,26.1,W20250616
T08512,V0066,D0392,R093,2025-08-02T17:33:00,2025-08-02T19:11:00,65,Completed,39.8,W20250802
T08513,V0269,D0156,R045,2025-07-19T18:02:00,2025-07-19T20:35:00,70,Completed,27.5,W20250719
T08514,V0450,D0191,R068,2025-08-04T18:08:00,2025-08-04T19:22:00,95,Completed,77.0,W20250804
T08515,V0416,D0398,R070,2025-10-14T03:24:00,2025-10-14T07:25:00,55,Cancelled,13.7,W20251014
T08516,V0369,D0670,R061,2025-08-09T04:48:00,2025-08-09T07:13:00,75,Completed,31.0,W20250809
T08517,V0398,D0198,R034,2025-07-28T11:07:00,2025-07-28T15:28:00,70,Cancelled,16.1,W20250728
T08518,V0398,D0269,R036,2025-08-02T19:58:00,2025-08-02T22:53:00,75,Completed,25.7,W20250802
T08519,V0496,D0328,R066,2025-01-03T02:27:00,2025-01-03T04:23:00,85,Completed,44.0,W20250103
T08520,V0086,D0212,R023,2025-08-17T17:15:00,2025-08-17T21:00:00,95,Completed,25.3,W20250817
T08521,V0109,D0259,R018,2025-10-09T08:54:00,2025-10-09T11:27:00,85,Completed,33.3,W20251009
T08522,V0461,D0692,R021,2025-09-23T12:48:00,2025-09-23T16:57:00,75,Completed,18.1,W20250923
T08523,V0146,D0311,R036,2025-11-27T14:13:00,2025-11-27T18:17:00,75,Completed,18.4,W20251127
T08524,V0155,D0179,R044,2025-06-13T06:05:00,2025-06-13T10:24:00,70,Completed,16.2,W20250613
T08525,V0252,D0375,R091,2025-07-06T21:51:00,2025-07-07T01:00:00,70,Completed,22.2,W20250706
T08526,V0142,D0521,R040,2025-06-05T11:15:00,2025-06-05T14:56:00,95,Completed,25.8,W20250605
T08527,V0242,D0289,R006,2025-10-09T07:10:00,2025-10-09T11:45:00,95,Cancelled,20.7,W20251009
T08528,V0477,D0258,R028,2025-06-24T07:28:00,2025-06-24T11:55:00,85,Completed,19.1,W20250624
T08529,V0145,D0072,R083,2025-09-09T15:33:00,2025-09-09T18:54:00,75,Completed,22.4,W20250909
T08530,V0045,D0450,R014,2025-07-12T09:11:00,2025-07-12T11:16:00,55,Cancelled,26.4,W20250712
T08531,V0157,D0129,R047,2025-03-01T23:35:00,2025-03-02T04:20:00,55,Completed,11.6,W20250301
T08532,V0158,D0523,R057,2025-05-09T06:27:00,2025-05-09T09:09:00,75,Completed,27.8,W20250509
T08533,V0382,D0389,R024,2025-02-20T07:36:00,2025-02-20T10:17:00,55,Completed,20.5,W20250220
T08534,V0324,D0516,R080,2025-07-07T12:54:00,2025-07-07T15:13:00,75,Completed,32.4,W20250707
T08535,V0104,D0634,R049,2025-06-19T16:17:00,2025-06-19T17:25:00,85,Completed,75.0,W20250619
T08536,V0179,D0411,R052,2025-11-07T21:39:00,2025-11-08T01:14:00,65,Completed,18.1,W20251107
T08537,V0252,D0620,R094,2025-11-17T11:14:00,2025-11-17T13:57:00,70,Completed,25.8,W20251117
T08538,V0190,D0530,R038,2025-04-08T11:05:00,2025-04-08T15:17:00,95,Completed,22.6,W20250408
T08539,V0256,D0518,R011,2025-04-15T01:50:00,2025-04-15T02:47:00,85,Cancelled,89.5,W20250415
T08540,V0409,D0233,R098,2025-03-05T23:50:00,2025-03-06T04:34:00,75,Cancelled,15.8,W20250305
T08541,V0014,D0169,R053,2025-01-28T04:56:00,2025-01-28T09:35:00,55,Completed,11.8,W20250128
T08542,V0467,D0603,R070,2025-08-10T11:14:00,2025-08-10T14:52:00,55,Completed,15.1,W20250810
T08543,V0135,D0431,R038,2025-07-06T09:40:00,2025-07-06T13:18:00,95,Completed,26.1,W20250706
T08544,V0222,D0501,R026,2025-03-08T18:41:00,2025-03-08T22:19:00,70,Completed,19.3,W20250308
T08545,V0178,D0039,R001,2025-06-25T15:52:00,2025-06-25T19:44:00,85,Cancelled,22.0,W20250625
T08546,V0347,D0543,R042,2025-03-31T22:31:00,2025-04-01T02:54:00,75,Completed,17.1,W20250331
T08547,V0317,D0002,R016,2025-10-05T09:01:00,2025-10-05T12:10:00,65,Completed,20.6,W20251005
T08548,V0180,D0257,R016,2025-11-09T15:58:00,2025-11-09T17:14:00,65,Completed,51.3,W20251109
T08549,V0131,D0241,R040,2025-06-06T01:37:00,2025-06-06T05:51:00,95,Completed,22.4,W20250606
T08550,V0317,D0401,R028,2025-08-30T02:38:00,2025-08-30T07:14:00,85,Completed,18.5,W20250830
T08551,V0366,D0648,R035,2025-03-27T04:28:00,2025-03-27T09:14:00,95,Completed,19.9,W20250327
T08552,V0236,D0154,R059,2025-09-18T13:02:00,2025-09-18T14:49:00,75,Completed,42.1,W20250918
T08553,V0324,D0050,R096,2025-11-17T01:00:00,2025-11-17T05:54:00,95,Completed,19.4,W20251117
T08554,V0107,D0221,R041,2025-07-17T21:28:00,2025-07-18T01:29:00,65,Completed,16.2,W20250717
T08555,V0207,D0144,R074,2025-02-23T06:50:00,2025-02-23T10:32:00,95,Completed,25.7,W20250223
T08556,V0338,D0688,R093,2025-02-08T12:02:00,2025-02-08T13:39:00,65,Completed,40.2,W20250208
T08557,V0014,D0011,R016,2025-07-25T21:02:00,2025-07-25T22:42:00,65,Completed,39.0,W20250725
T08558,V0130,D0226,R035,2025-01-10T10:00:00,2025-01-10T14:44:00,95,Completed,20.1,W20250110
T08559,V0342,D0401,R050,2025-11-14T08:04:00,2025-11-14T11:27:00,95,Completed,28.1,W20251114
T08560,V0099,D0508,R088,2025-12-15T04:56:00,2025-12-15T08:08:00,95,Cancelled,29.7,W20251215
T08561,V0083,D0510,R050,2025-03-21T10:23:00,2025-03-21T14:39:00,95,Completed,22.3,W20250321
T08562,V0333,D0402,R022,2025-02-14T02:59:00,2025-02-14T03:53:00,70,Cancelled,77.8,W20250214
T08563,V0335,D0307,R025,2025-10-24T00:26:00,2025-10-24T02:58:00,75,Completed,29.6,W20251024
T08564,V0483,D0046,R038,2025-10-08T10:41:00,2025-10-08T14:22:00,95,Completed,25.8,W20251008
T08565,V0260,D0455,R008,2025-06-06T12:55:00,2025-06-06T17:23:00,75,Completed,16.8,W20250606
T08566,V0073,D0117,R032,2025-12-19T19:17:00,2025-12-19T21:33:00,75,Completed,33.1,W20251219
T08567,V0301,D0341,R054,2025-08-07T20:41:00,2025-08-08T00:45:00,95,Completed,23.4,W20250807
T08568,V0072,D0097,R080,2025-11-14T22:51:00,2025-11-15T02:25:00,75,Completed,21.0,W20251114
T08569,V0052,D0612,R010,2025-02-06T19:50:00,2025-02-06T20:46:00,75,Cancelled,80.4,W20250206
T08570,V0020,D0105,R099,2025-08-18T04:17:00,2025-08-18T05:58:00,55,Completed,32.7,W20250818
T08571,V0334,D0662,R045,2025-11-27T11:40:00,2025-11-27T15:46:00,70,Completed,17.1,W20251127
T08572,V0082,D0256,R036,2025-11-22T04:59:00,2025-11-22T09:38:00,75,Completed,16.1,W20251122
T08573,V0286,D0467,R054,2025-04-06T00:09:00,2025-04-06T01:29:00,95,Completed,71.2,W20250406
T08574,V0315,D0561,R034,2025-12-04T15:21:00,2025-12-04T19:52:00,70,Completed,15.5,W20251204
T08575,V0040,D0658,R096,2025-09-22T17:29:00,2025-09-22T21:12:00,95,Completed,25.6,W20250922
T08576,V0499,D0658,R055,2025-08-07T23:45:00,2025-08-08T00:46:00,55,Completed,54.1,W20250807
T08577,V0231,D0660,R061,2025-06-01T16:44:00,2025-06-01T20:07:00,75,Completed,22.2,W20250601
T08578,V0073,D0689,R038,2025-01-12T04:53:00,2025-01-12T09:18:00,95,Completed,21.5,W20250112
T08579,V0057,D0599,R100,2025-11-08T23:27:00,2025-11-09T03:44:00,75,Completed,17.5,W20251108
T08580,V0147,D0022,R043,2025-06-16T03:08:00,2025-06-16T04:43:00,65,Cancelled,41.1,W20250616
T08581,V0353,D0218,R046,2025-11-20T06:59:00,2025-11-20T10:38:00,70,Completed,19.2,W20251120
T08582,V0478,D0105,R081,2025-01-27T02:16:00,2025-01-27T03:16:00,55,Completed,55.0,W20250127
T08583,V0371,D0288,R034,2025-02-22T05:21:00,2025-02-22T08:50:00,70,Completed,20.1,W20250222
T08584,V0251,D0015,R001,2025-03-27T14:27:00,2025-03-27T17:45:00,85,Completed,25.8,W20250327
T08585,V0405,D0234,R026,2025-01-27T16:48:00,2025-01-27T18:59:00,70,Completed,32.1,W20250127
T08586,V0250,D0663,R082,2025-08-16T22:11:00,2025-08-17T00:12:00,75,Completed,37.2,W20250816
T08587,V0234,D0415,R041,2025-10-11T15:50:00,2025-10-11T18:25:00,65,Completed,25.2,W20251011
T08588,V0437,D0369,R013,2025-02-24T15:34:00,2025-02-24T19:28:00,65,Completed,16.7,W20250224
T08589,V0044,D0194,R007,2025-06-15T09:35:00,2025-06-15T14:29:00,70,Completed,14.3,W20250615
T08590,V0434,D0351,R027,2025-05-29T17:34:00,2025-05-29T21:24:00,85,Completed,22.2,W20250529
T08591,V0416,D0610,R042,2025-04-16T12:12:00,2025-04-16T13:54:00,75,Completed,44.1,W20250416
T08592,V0188,D0398,R019,2025-04-14T10:36:00,2025-04-14T15:26:00,55,Completed,11.4,W20250414
T08593,V0374,D0412,R036,2025-03-14T13:14:00,2025-03-14T15:22:00,75,Completed,35.2,W20250314
T08594,V0095,D0151,R024,2025-05-01T14:28:00,2025-05-01T17:16:00,55,Completed,19.6,W20250501
T08595,V0024,D0606,R087,2025-03-10T15:53:00,2025-03-10T19:19:00,55,Completed,16.0,W20250310
T08596,V0491,D0177,R097,2025-12-27T14:54:00,2025-12-27T17:21:00,65,Cancelled,26.5,W20251227
T08597,V0476,D0529,R074,2025-04-13T22:02:00,2025-04-13T22:51:00,95,Completed,116.3,W20250413
T08598,V0251,D0133,R100,2025-07-10T23:06:00,2025-07-11T00:28:00,75,Completed,54.9,W20250710
T08599,V0268,D0311,R047,2025-08-31T22:17:00,2025-08-31T23:54:00,55,Completed,34.0,W20250831
T08600,V0059,D0345,R088,2025-07-30T20:17:00,2025-07-30T22:00:00,95,Cancelled,55.3,W20250730
T08601,V0060,D0675,R035,2025-04-02T05:48:00,2025-04-02T07:03:00,95,Completed,76.0,W20250402
T08602,V0409,D0679,R054,2025-05-10T13:46:00,2025-05-10T17:15:00,95,Completed,27.3,W20250510
T08603,V0041,D0365,R025,2025-06-21T19:40:00,2025-06-21T22:22:00,75,Completed,27.8,W20250621
T08604,V0192,D0454,R010,2025-01-12T13:38:00,2025-01-12T16:02:00,75,Completed,31.2,W20250112
T08605,V0479,D0117,R041,2025-08-20T12:48:00,2025-08-20T16:31:00,65,Completed,17.5,W20250820
T08606,V0175,D0095,R046,2025-09-07T08:21:00,2025-09-07T09:26:00,70,Completed,64.6,W20250907
T08607,V0377,D0463,R027,2025-12-11T02:23:00,2025-12-11T05:26:00,85,Completed,27.9,W20251211
T08608,V0354,D0559,R053,2025-09-10T20:38:00,2025-09-11T00:00:00,55,Completed,16.3,W20250910
T08609,V0041,D0577,R010,2025-09-24T19:46:00,2025-09-24T21:00:00,75,Completed,60.8,W20250924
T08610,V0250,D0467,R024,2025-05-22T22:39:00,2025-05-22T23:50:00,55,Completed,46.5,W20250522
T08611,V0121,D0566,R013,2025-09-04T15:04:00,2025-09-04T18:37:00,65,Completed,18.3,W20250904
T08612,V0052,D0486,R007,2025-01-25T14:15:00,2025-01-25T15:26:00,70,Completed,59.2,W20250125
T08613,V0290,D0645,R012,2025-03-01T02:44:00,2025-03-01T06:58:00,95,Completed,22.4,W20250301
T08614,V0136,D0621,R059,2025-08-18T04:48:00,2025-08-18T05:54:00,75,Cancelled,68.2,W20250818
T08615,V0455,D0037,R041,2025-04-23T05:00:00,2025-04-23T07:32:00,65,Completed,25.7,W20250423
T08616,V0226,D0367,R027,2025-04-26T17:25:00,2025-04-26T21:48:00,85,Completed,19.4,W20250426
T08617,V0107,D0297,R074,2025-06-23T13:35:00,2025-06-23T14:53:00,95,Completed,73.1,W20250623
T08618,V0041,D0377,R033,2025-11-16T01:01:00,2025-11-16T05:27:00,85,Completed,19.2,W20251116
T08619,V0178,D0290,R005,2025-03-11T06:32:00,2025-03-11T10:49:00,65,Cancelled,15.2,W20250311
T08620,V0261,D0151,R049,2025-01-02T14:42:00,2025-01-02T18:00:00,85,Completed,25.8,W20250102
T08621,V0106,D0019,R095,2025-12-03T11:04:00,2025-12-03T14:33:00,85,Completed,24.4,W20251203
T08622,V0466,D0428,R049,2025-09-07T14:57:00,2025-09-07T17:46:00,85,Cancelled,30.2,W20250907
T08623,V0393,D0171,R054,2025-05-09T13:13:00,2025-05-09T14:53:00,95,Completed,57.0,W20250509
T08624,V0428,D0437,R089,2025-06-23T17:35:00,2025-06-23T21:13:00,85,Completed,23.4,W20250623
T08625,V0481,D0199,R083,2025-01-04T21:39:00,2025-01-04T23:05:00,75,Completed,52.3,W20250104
T08626,V0160,D0498,R021,2025-09-29T23:59:00,2025-09-30T01:20:00,75,Cancelled,55.6,W20250929
T08627,V0148,D0288,R049,2025-09-23T08:48:00,2025-09-23T13:06:00,85,Cancelled,19.8,W20250923
T08628,V0051,D0526,R079,2025-12-31T16:53:00,2025-12-31T18:57:00,70,Cancelled,33.9,W20251231
T08629,V0039,D0075,R085,2025-10-08T15:18:00,2025-10-08T16:10:00,55,Completed,63.5,W20251008
T08630,V0209,D0395,R072,2025-10-20T12:15:00,2025-10-20T16:09:00,75,Cancelled,19.2,W20251020
T08631,V0330,D0078,R012,2025-11-16T05:55:00,2025-11-16T08:58:00,95,Completed,31.1,W20251116
T08632,V0076,D0228,R034,2025-03-24T21:49:00,2025-03-24T23:05:00,70,Completed,55.3,W20250324
T08633,V0349,D0631,R035,2025-07-23T02:24:00,2025-07-23T05:33:00,95,Completed,30.2,W20250723
T08634,V0110,D0368,R082,2025-10-25T16:52:00,2025-10-25T18:36:00,75,Completed,43.3,W20251025
T08635,V0286,D0640,R081,2025-04-09T13:39:00,2025-04-09T14:54:00,55,Completed,44.0,W20250409
T08636,V0167,D0477,R003,2025-05-02T06:09:00,2025-05-02T10:07:00,85,Cancelled,21.4,W20250502
T08637,V0410,D0509,R016,2025-08-27T17:30:00,2025-08-27T20:48:00,65,Completed,19.7,W20250827
T08638,V0273,D0612,R099,2025-08-09T09:37:00,2025-08-09T11:17:00,55,Cancelled,33.0,W20250809
T08639,V0101,D0232,R005,2025-12-13T09:31:00,2025-12-13T11:22:00,65,Completed,35.1,W20251213
T08640,V0437,D0561,R066,2025-08-09T13:06:00,2025-08-09T16:22:00,85,Completed,26.0,W20250809
T08641,V0115,D0168,R061,2025-12-01T12:01:00,2025-12-01T16:52:00,75,Cancelled,15.5,W20251201
T08642,V0485,D0639,R019,2025-02-16T03:04:00,2025-02-16T06:08:00,55,Completed,17.9,W20250216
T08643,V0041,D0076,R083,2025-04-19T05:54:00,2025-04-19T10:11:00,75,Cancelled,17.5,W20250419
T08644,V0336,D0541,R038,2025-04-18T22:08:00,2025-04-19T02:08:00,95,Completed,23.8,W20250418
T08645,V0175,D0121,R032,2025-02-06T01:34:00,2025-02-06T05:55:00,75,Completed,17.2,W20250206
T08646,V0210,D0477,R082,2025-08-25T01:00:00,2025-08-25T04:55:00,75,Completed,19.1,W20250825
T08647,V0487,D0362,R098,2025-09-14T23:16:00,2025-09-15T02:44:00,75,Completed,21.6,W20250914
T08648,V0029,D0682,R005,2025-05-26T13:32:00,2025-05-26T15:29:00,65,Completed,33.3,W20250526
T08649,V0324,D0279,R039,2025-03-10T12:17:00,2025-03-10T15:07:00,55,Completed,19.4,W20250310
T08650,V0018,D0522,R100,2025-06-24T19:19:00,2025-06-24T23:01:00,75,Cancelled,20.3,W20250624
T08651,V0013,D0328,R088,2025-10-25T19:51:00,2025-10-26T00:25:00,95,Completed,20.8,W20251025
T08652,V0030,D0461,R027,2025-12-22T06:57:00,2025-12-22T09:31:00,85,Completed,33.1,W20251222
T08653,V0103,D0126,R022,2025-02-04T18:10:00,2025-02-04T21:56:00,70,Cancelled,18.6,W20250204
T08654,V0032,D0474,R056,2025-04-18T18:25:00,2025-04-18T22:17:00,95,Completed,24.6,W20250418
T08655,V0121,D0315,R016,2025-07-16T19:32:00,2025-07-16T23:10:00,65,Completed,17.9,W20250716
T08656,V0072,D0130,R026,2025-06-21T07:51:00,2025-06-21T11:22:00,70,Completed,19.9,W20250621
T08657,V0423,D0596,R069,2025-12-21T03:10:00,2025-12-21T04:51:00,70,Cancelled,41.6,W20251221
T08658,V0428,D0348,R025,2025-01-07T05:06:00,2025-01-07T09:25:00,75,Cancelled,17.4,W20250107
T08659,V0138,D0071,R094,2025-11-18T22:15:00,2025-11-18T23:48:00,70,Completed,45.2,W20251118
T08660,V0197,D0091,R051,2025-06-21T01:21:00,2025-06-21T02:51:00,70,Cancelled,46.7,W20250621
T08661,V0441,D0214,R001,2025-09-25T14:06:00,2025-09-25T16:40:00,85,Completed,33.1,W20250925
T08662,V0153,D0383,R016,2025-01-09T23:05:00,2025-01-10T02:43:00,65,Completed,17.9,W20250109
T08663,V0189,D0245,R039,2025-09-13T11:35:00,2025-09-13T13:29:00,55,Completed,28.9,W20250913
T08664,V0125,D0243,R088,2025-02-16T09:53:00,2025-02-16T11:23:00,95,Completed,63.3,W20250216
T08665,V0188,D0684,R047,2025-08-05T22:56:00,2025-08-06T03:03:00,55,Completed,13.4,W20250805
T08666,V0215,D0353,R074,2025-10-11T00:45:00,2025-10-11T04:00:00,95,Cancelled,29.2,W20251011
T08667,V0011,D0469,R037,2025-07-18T12:06:00,2025-07-18T16:53:00,95,Completed,19.9,W20250718
T08668,V0145,D0536,R066,2025-09-09T21:16:00,2025-09-09T23:35:00,85,Completed,36.7,W20250909
T08669,V0322,D0636,R002,2025-11-24T10:57:00,2025-11-24T14:12:00,75,Completed,23.1,W20251124
T08670,V0445,D0664,R004,2025-08-22T23:36:00,2025-08-23T00:24:00,65,Completed,81.2,W20250822
T08671,V0436,D0590,R017,2025-02-14T22:04:00,2025-02-14T23:08:00,95,Completed,89.1,W20250214
T08672,V0452,D0097,R044,2025-12-16T03:11:00,2025-12-16T07:18:00,70,Cancelled,17.0,W20251216
T08673,V0421,D0480,R059,2025-02-15T23:26:00,2025-02-16T02:52:00,75,Cancelled,21.8,W20250215
T08674,V0484,D0053,R078,2025-03-08T19:48:00,2025-03-08T22:05:00,75,Completed,32.8,W20250308
T08675,V0009,D0395,R083,2025-02-09T02:55:00,2025-02-09T06:11:00,75,Cancelled,23.0,W20250209
T08676,V0255,D0217,R032,2025-04-03T08:44:00,2025-04-03T13:37:00,75,Completed,15.4,W20250403
T08677,V0067,D0596,R090,2025-12-24T00:43:00,2025-12-24T02:53:00,85,Completed,39.2,W20251224
T08678,V0173,D0226,R083,2025-11-21T01:08:00,2025-11-21T04:41:00,75,Completed,21.1,W20251121
T08679,V0283,D0112,R028,2025-09-04T20:52:00,2025-09-04T22:47:00,85,Completed,44.3,W20250904
T08680,V0016,D0039,R029,2025-04-28T02:37:00,2025-04-28T03:58:00,70,Cancelled,51.9,W20250428
T08681,V0029,D0276,R096,2025-11-24T02:49:00,2025-11-24T03:46:00,95,Completed,100.0,W20251124
T08682,V0009,D0566,R047,2025-10-22T07:00:00,2025-10-22T08:31:00,55,Completed,36.3,W20251022
T08683,V0066,D0163,R057,2025-12-01T05:50:00,2025-12-01T07:06:00,75,Completed,59.2,W20251201
T08684,V0355,D0127,R046,2025-02-04T21:35:00,2025-02-04T22:23:00,70,Completed,87.5,W20250204
T08685,V0347,D0683,R038,2025-04-25T09:20:00,2025-04-25T13:56:00,95,Completed,20.7,W20250425
T08686,V0062,D0598,R095,2025-01-19T20:23:00,2025-01-19T23:18:00,85,Completed,29.1,W20250119
T08687,V0163,D0170,R037,2025-02-24T17:14:00,2025-02-24T19:38:00,95,Completed,39.6,W20250224
T08688,V0102,D0161,R012,2025-09-07T09:01:00,2025-09-07T10:59:00,95,Completed,48.3,W20250907
T08689,V0164,D0486,R070,2025-07-01T10:41:00,2025-07-01T13:49:00,55,Completed,17.6,W20250701
T08690,V0062,D0473,R075,2025-09-15T00:40:00,2025-09-15T03:47:00,85,Cancelled,27.3,W20250915
T08691,V0309,D0023,R066,2025-03-10T00:57:00,2025-03-10T03:31:00,85,Completed,33.1,W20250310
T08692,V0354,D0411,R023,2025-11-28T03:18:00,2025-11-28T08:02:00,95,Completed,20.1,W20251128
T08693,V0459,D0585,R079,2025-02-24T19:52:00,2025-02-24T22:16:00,70,Completed,29.2,W20250224
T08694,V0407,D0475,R018,2025-05-22T09:31:00,2025-05-22T12:23:00,85,Completed,29.7,W20250522
T08695,V0188,D0061,R084,2025-02-22T13:41:00,2025-02-22T15:54:00,85,Cancelled,38.3,W20250222
T08696,V0430,D0410,R008,2025-08-27T11:14:00,2025-08-27T14:28:00,75,Completed,23.2,W20250827
T08697,V0308,D0689,R087,2025-04-13T06:10:00,2025-04-13T08:38:00,55,Completed,22.3,W20250413
T08698,V0275,D0048,R096,2025-02-10T14:10:00,2025-02-10T17:39:00,95,Completed,27.3,W20250210
T08699,V0028,D0505,R014,2025-04-23T08:29:00,2025-04-23T10:43:00,55,Completed,24.6,W20250423
T08700,V0203,D0085,R081,2025-03-02T17:23:00,2025-03-02T20:21:00,55,Cancelled,18.5,W20250302
T08701,V0461,D0230,R083,2025-06-05T12:45:00,2025-06-05T16:43:00,75,Completed,18.9,W20250605
T08702,V0100,D0510,R065,2025-07-07T23:58:00,2025-07-08T01:53:00,70,Completed,36.5,W20250707
T08703,V0077,D0304,R017,2025-12-27T23:03:00,2025-12-28T01:48:00,95,Completed,34.5,W20251227
T08704,V0164,D0344,R054,2025-04-22T04:56:00,2025-04-22T07:49:00,95,Cancelled,32.9,W20250422
T08705,V0149,D0034,R093,2025-06-23T16:32:00,2025-06-23T19:49:00,65,Cancelled,19.8,W20250623
T08706,V0485,D0522,R008,2025-07-26T01:00:00,2025-07-26T04:48:00,75,Completed,19.7,W20250726
T08707,V0479,D0637,R087,2025-09-06T07:55:00,2025-09-06T12:07:00,55,Completed,13.1,W20250906
T08708,V0297,D0039,R076,2025-06-24T23:02:00,2025-06-25T00:30:00,95,Completed,64.8,W20250624
T08709,V0120,D0143,R017,2025-07-03T04:54:00,2025-07-03T06:14:00,95,Completed,71.2,W20250703
T08710,V0461,D0056,R018,2025-11-24T12:27:00,2025-11-24T15:13:00,85,Cancelled,30.7,W20251124
T08711,V0243,D0152,R022,2025-12-03T07:45:00,2025-12-03T11:58:00,70,Completed,16.6,W20251203
T08712,V0163,D0596,R048,2025-11-15T03:52:00,2025-11-15T05:21:00,75,Completed,50.6,W20251115
T08713,V0011,D0656,R060,2025-08-09T20:10:00,2025-08-09T21:22:00,85,Cancelled,70.8,W20250809
T08714,V0325,D0389,R032,2025-03-14T05:10:00,2025-03-14T08:58:00,75,Completed,19.7,W20250314
T08715,V0219,D0270,R045,2025-11-20T10:19:00,2025-11-20T12:27:00,70,Completed,32.8,W20251120
T08716,V0089,D0525,R011,2025-01-13T17:19:00,2025-01-13T20:43:00,85,Cancelled,25.0,W20250113
T08717,V0275,D0399,R022,2025-02-23T23:56:00,2025-02-24T03:18:00,70,Completed,20.8,W20250223
T08718,V0494,D0092,R035,2025-03-29T08:14:00,2025-03-29T11:13:00,95,Cancelled,31.8,W20250329
T08719,V0266,D0595,R068,2025-07-19T17:19:00,2025-07-19T20:39:00,95,Cancelled,28.5,W20250719
T08720,V0476,D0696,R041,2025-08-06T06:51:00,2025-08-06T09:34:00,65,Completed,23.9,W20250806
T08721,V0364,D0599,R030,2025-06-06T08:35:00,2025-06-06T12:26:00,65,Completed,16.9,W20250606
T08722,V0305,D0258,R031,2025-09-03T19:01:00,2025-09-03T21:57:00,65,Cancelled,22.2,W20250903
T08723,V0379,D0046,R080,2025-12-10T20:38:00,2025-12-10T22:49:00,75,Completed,34.4,W20251210
T08724,V0157,D0314,R063,2025-02-02T00:05:00,2025-02-02T01:13:00,75,Cancelled,66.2,W20250202
T08725,V0121,D0103,R044,2025-02-18T01:22:00,2025-02-18T02:48:00,70,Completed,48.8,W20250218
T08726,V0307,D0345,R049,2025-02-19T07:10:00,2025-02-19T08:37:00,85,Cancelled,58.6,W20250219
T08727,V0136,D0047,R065,2025-06-14T16:56:00,2025-06-14T19:11:00,70,Completed,31.1,W20250614
T08728,V0386,D0085,R100,2025-01-24T01:03:00,2025-01-24T01:57:00,75,Cancelled,83.3,W20250124
T08729,V0091,D0248,R076,2025-08-11T08:12:00,2025-08-11T11:19:00,95,Completed,30.5,W20250811
T08730,V0411,D0226,R022,2025-12-27T13:53:00,2025-12-27T18:33:00,70,Cancelled,15.0,W20251227
T08731,V0375,D0410,R009,2025-02-10T05:57:00,2025-02-10T06:56:00,65,Completed,66.1,W20250210
T08732,V0325,D0126,R091,2025-10-26T09:35:00,2025-10-26T11:35:00,70,Cancelled,35.0,W20251026
T08733,V0167,D0083,R012,2025-12-15T16:15:00,2025-12-15T17:23:00,95,Completed,83.8,W20251215
T08734,V0300,D0452,R070,2025-06-20T06:13:00,2025-06-20T07:18:00,55,Cancelled,50.8,W20250620
T08735,V0297,D0095,R055,2025-04-14T09:23:00,2025-04-14T12:31:00,55,Completed,17.6,W20250414
T08736,V0065,D0413,R030,2025-06-17T01:35:00,2025-06-17T05:48:00,65,Completed,15.4,W20250617
T08737,V0412,D0445,R077,2025-03-04T13:42:00,2025-03-04T17:07:00,85,Completed,24.9,W20250304
T08738,V0034,D0527,R063,2025-02-07T02:49:00,2025-02-07T07:17:00,75,Cancelled,16.8,W20250207
T08739,V0406,D0043,R047,2025-12-19T18:39:00,2025-12-19T23:03:00,55,Completed,12.5,W20251219
T08740,V0239,D0272,R074,2025-06-13T16:10:00,2025-06-13T19:56:00,95,Completed,25.2,W20250613
T08741,V0284,D0414,R072,2025-03-09T05:16:00,2025-03-09T07:39:00,75,Completed,31.5,W20250309
T08742,V0229,D0520,R004,2025-07-07T09:57:00,2025-07-07T11:53:00,65,Completed,33.6,W20250707
T08743,V0084,D0205,R093,2025-08-14T12:48:00,2025-08-14T13:56:00,65,Completed,57.4,W20250814
T08744,V0127,D0025,R094,2025-12-13T22:37:00,2025-12-14T01:33:00,70,Completed,23.9,W20251213
T08745,V0046,D0194,R067,2025-06-27T12:33:00,2025-06-27T17:16:00,55,Completed,11.7,W20250627
T08746,V0074,D0157,R037,2025-10-13T19:44:00,2025-10-13T23:28:00,95,Cancelled,25.4,W20251013
T08747,V0250,D0477,R043,2025-02-18T19:17:00,2025-02-18T22:08:00,65,Completed,22.8,W20250218
T08748,V0424,D0005,R041,2025-11-26T02:17:00,2025-11-26T06:42:00,65,Completed,14.7,W20251126
T08749,V0170,D0339,R025,2025-11-22T10:16:00,2025-11-22T14:15:00,75,Completed,18.8,W20251122
T08750,V0034,D0275,R062,2025-10-05T16:20:00,2025-10-05T18:51:00,70,Completed,27.8,W20251005
T08751,V0173,D0280,R086,2025-02-01T09:03:00,2025-02-01T11:26:00,65,Completed,27.3,W20250201
T08752,V0171,D0218,R091,2025-09-22T14:34:00,2025-09-22T16:31:00,70,Completed,35.9,W20250922
T08753,V0102,D0552,R080,2025-07-17T03:26:00,2025-07-17T06:58:00,75,Cancelled,21.2,W20250717
T08754,V0439,D0596,R028,2025-07-10T18:38:00,2025-07-10T21:09:00,85,Cancelled,33.8,W20250710
T08755,V0238,D0444,R052,2025-09-04T00:38:00,2025-09-04T03:10:00,65,Completed,25.7,W20250904
T08756,V0457,D0319,R056,2025-01-12T18:37:00,2025-01-12T21:57:00,95,Cancelled,28.5,W20250112
T08757,V0113,D0569,R074,2025-12-30T13:36:00,2025-12-30T15:15:00,95,Cancelled,57.6,W20251230
T08758,V0082,D0158,R030,2025-07-14T14:18:00,2025-07-14T17:51:00,65,Completed,18.3,W20250714
T08759,V0115,D0476,R035,2025-03-13T12:29:00,2025-03-13T15:46:00,95,Completed,28.9,W20250313
T08760,V0029,D0504,R023,2025-06-27T15:46:00,2025-06-27T17:15:00,95,Completed,64.0,W20250627
T08761,V0233,D0684,R002,2025-11-10T13:10:00,2025-11-10T17:45:00,75,Completed,16.4,W20251110
T08762,V0370,D0399,R070,2025-11-04T17:30:00,2025-11-04T18:34:00,55,Cancelled,51.6,W20251104
T08763,V0096,D0622,R073,2025-08-25T23:46:00,2025-08-26T02:39:00,85,Completed,29.5,W20250825
T08764,V0399,D0535,R030,2025-02-14T07:21:00,2025-02-14T09:46:00,65,Cancelled,26.9,W20250214
T08765,V0142,D0510,R048,2025-10-09T02:52:00,2025-10-09T06:38:00,75,Completed,19.9,W20251009
T08766,V0424,D0127,R056,2025-05-04T17:29:00,2025-05-04T19:32:00,95,Completed,46.3,W20250504
T08767,V0498,D0317,R091,2025-02-27T01:01:00,2025-02-27T05:10:00,70,Completed,16.9,W20250227
T08768,V0153,D0455,R003,2025-05-10T05:14:00,2025-05-10T08:39:00,85,Completed,24.9,W20250510
T08769,V0204,D0662,R077,2025-03-08T06:00:00,2025-03-08T07:05:00,85,Completed,78.5,W20250308
T08770,V0352,D0057,R098,2025-08-25T04:22:00,2025-08-25T09:10:00,75,Completed,15.6,W20250825
T08771,V0056,D0416,R095,2025-12-25T17:50:00,2025-12-25T21:42:00,85,Cancelled,22.0,W20251225
T08772,V0324,D0406,R037,2025-05-06T18:23:00,2025-05-06T20:21:00,95,Completed,48.3,W20250506
T08773,V0010,D0164,R045,2025-02-17T03:22:00,2025-02-17T05:10:00,70,Completed,38.9,W20250217
T08774,V0146,D0618,R007,2025-01-28T01:32:00,2025-01-28T03:19:00,70,Completed,39.3,W20250128
T08775,V0357,D0307,R019,2025-02-07T15:38:00,2025-02-07T20:19:00,55,Completed,11.7,W20250207
T08776,V0383,D0147,R030,2025-08-14T06:40:00,2025-08-14T09:17:00,65,Completed,24.8,W20250814
T08777,V0248,D0524,R032,2025-12-09T12:02:00,2025-12-09T13:21:00,75,Completed,57.0,W20251209
T08778,V0280,D0424,R016,2025-10-20T11:23:00,2025-10-20T13:02:00,65,Completed,39.4,W20251020
T08779,V0119,D0079,R041,2025-08-21T19:51:00,2025-08-21T23:23:00,65,Completed,18.4,W20250821
T08780,V0333,D0310,R020,2025-08-02T06:37:00,2025-08-02T09:57:00,65,Completed,19.5,W20250802
T08781,V0171,D0102,R076,2025-06-04T12:10:00,2025-06-04T14:45:00,95,Completed,36.8,W20250604
T08782,V0359,D0026,R058,2025-03-04T02:23:00,2025-03-04T04:05:00,95,Completed,55.9,W20250304
T08783,V0218,D0622,R097,2025-10-27T11:51:00,2025-10-27T14:27:00,65,Completed,25.0,W20251027
T08784,V0106,D0254,R015,2025-03-30T00:33:00,2025-03-30T05:13:00,75,Completed,16.1,W20250330
T08785,V0048,D0009,R054,2025-04-19T23:21:00,2025-04-20T01:02:00,95,Cancelled,56.4,W20250419
T08786,V0305,D0290,R026,2025-07-25T22:07:00,2025-07-25T23:16:00,70,Completed,60.9,W20250725
T08787,V0107,D0613,R007,2025-12-21T08:07:00,2025-12-21T09:22:00,70,Cancelled,56.0,W20251221
T08788,V0327,D0197,R073,2025-01-30T02:46:00,2025-01-30T06:20:00,85,Completed,23.8,W20250130
T08789,V0249,D0522,R032,2025-02-26T21:22:00,2025-02-27T00:10:00,75,Completed,26.8,W20250226
T08790,V0261,D0431,R100,2025-12-16T03:53:00,2025-12-16T07:23:00,75,Cancelled,21.4,W20251216
T08791,V0460,D0523,R052,2025-11-30T04:53:00,2025-11-30T07:07:00,65,Completed,29.1,W20251130
T08792,V0303,D0220,R012,2025-11-04T23:32:00,2025-11-05T04:19:00,95,Cancelled,19.9,W20251104
T08793,V0316,D0438,R039,2025-08-25T06:00:00,2025-08-25T09:43:00,55,Cancelled,14.8,W20250825
T08794,V0136,D0602,R017,2025-11-30T00:10:00,2025-11-30T03:44:00,95,Completed,26.6,W20251130
T08795,V0290,D0638,R033,2025-08-27T22:21:00,2025-08-28T03:15:00,85,Completed,17.3,W20250827
T08796,V0065,D0125,R034,2025-12-20T12:59:00,2025-12-20T15:55:00,70,Completed,23.9,W20251220
T08797,V0318,D0459,R041,2025-03-21T23:34:00,2025-03-22T00:25:00,65,Completed,76.5,W20250321
T08798,V0414,D0536,R039,2025-10-15T09:30:00,2025-10-15T12:57:00,55,Cancelled,15.9,W20251015
T08799,V0107,D0067,R006,2025-05-15T05:57:00,2025-05-15T07:42:00,95,Completed,54.3,W20250515
T08800,V0050,D0683,R042,2025-04-21T13:24:00,2025-04-21T17:42:00,75,Completed,17.4,W20250421
T08801,V0029,D0408,R091,2025-10-11T22:41:00,2025-10-12T03:41:00,70,Completed,14.0,W20251011
T08802,V0240,D0647,R090,2025-10-20T17:32:00,2025-10-20T21:01:00,85,Cancelled,24.4,W20251020
T08803,V0255,D0616,R078,2025-06-13T01:27:00,2025-06-13T03:38:00,75,Completed,34.4,W20250613
T08804,V0219,D0390,R048,2025-05-04T08:59:00,2025-05-04T12:02:00,75,Cancelled,24.6,W20250504
T08805,V0101,D0093,R064,2025-01-23T19:42:00,2025-01-23T20:49:00,75,Completed,67.2,W20250123
T08806,V0463,D0655,R028,2025-06-03T12:13:00,2025-06-03T16:50:00,85,Cancelled,18.4,W20250603
T08807,V0330,D0551,R015,2025-06-01T07:27:00,2025-06-01T10:06:00,75,Cancelled,28.3,W20250601
T08808,V0376,D0106,R027,2025-10-21T14:14:00,2025-10-21T19:01:00,85,Completed,17.8,W20251021
T08809,V0227,D0186,R083,2025-08-14T01:24:00,2025-08-14T03:29:00,75,Completed,36.0,W20250814
T08810,V0169,D0301,R005,2025-03-15T23:11:00,2025-03-16T00:07:00,65,Cancelled,69.6,W20250315
T08811,V0368,D0103,R078,2025-09-12T02:57:00,2025-09-12T07:28:00,75,Cancelled,16.6,W20250912
T08812,V0156,D0110,R061,2025-05-02T09:52:00,2025-05-02T14:36:00,75,Completed,15.8,W20250502
T08813,V0433,D0494,R011,2025-01-20T09:01:00,2025-01-20T13:26:00,85,Completed,19.2,W20250120
T08814,V0319,D0053,R006,2025-05-15T13:13:00,2025-05-15T15:53:00,95,Completed,35.6,W20250515
T08815,V0266,D0643,R071,2025-11-20T16:23:00,2025-11-20T18:00:00,95,Cancelled,58.8,W20251120
T08816,V0156,D0415,R041,2025-07-28T13:30:00,2025-07-28T14:19:00,65,Completed,79.6,W20250728
T08817,V0076,D0499,R067,2025-09-25T14:49:00,2025-09-25T17:23:00,55,Completed,21.4,W20250925
T08818,V0403,D0489,R071,2025-07-12T14:18:00,2025-07-12T17:59:00,95,Cancelled,25.8,W20250712
T08819,V0409,D0597,R079,2025-04-11T05:25:00,2025-04-11T08:46:00,70,Completed,20.9,W20250411
T08820,V0086,D0182,R050,2025-02-10T09:44:00,2025-02-10T14:44:00,95,Completed,19.0,W20250210
T08821,V0304,D0663,R071,2025-02-23T09:20:00,2025-02-23T13:13:00,95,Cancelled,24.5,W20250223
T08822,V0350,D0160,R052,2025-03-01T11:44:00,2025-03-01T12:30:00,65,Completed,84.8,W20250301
T08823,V0160,D0007,R099,2025-09-01T04:14:00,2025-09-01T05:36:00,55,Completed,40.2,W20250901
T08824,V0089,D0095,R076,2025-12-30T20:23:00,2025-12-30T22:51:00,95,Completed,38.5,W20251230
T08825,V0356,D0147,R088,2025-07-20T00:14:00,2025-07-20T01:10:00,95,Completed,101.8,W20250720
T08826,V0467,D0045,R008,2025-03-28T05:43:00,2025-03-28T08:21:00,75,Completed,28.5,W20250328
T08827,V0420,D0181,R023,2025-05-27T20:19:00,2025-05-27T21:40:00,95,Completed,70.4,W20250527
T08828,V0108,D0346,R021,2025-01-21T03:50:00,2025-01-21T05:10:00,75,Cancelled,56.2,W20250121
T08829,V0047,D0468,R038,2025-05-23T06:35:00,2025-05-23T07:35:00,95,Completed,95.0,W20250523
T08830,V0359,D0400,R046,2025-12-13T23:27:00,2025-12-14T02:44:00,70,Completed,21.3,W20251213
T08831,V0431,D0052,R076,2025-04-07T16:48:00,2025-04-07T19:52:00,95,Completed,31.0,W20250407
T08832,V0012,D0438,R063,2025-07-10T13:33:00,2025-07-10T18:11:00,75,Cancelled,16.2,W20250710
T08833,V0176,D0076,R036,2025-04-04T07:43:00,2025-04-04T12:09:00,75,Cancelled,16.9,W20250404
T08834,V0476,D0552,R032,2025-03-30T20:56:00,2025-03-31T00:34:00,75,Cancelled,20.6,W20250330
T08835,V0028,D0199,R022,2025-10-06T15:21:00,2025-10-06T19:49:00,70,Completed,15.7,W20251006
T08836,V0224,D0253,R036,2025-04-16T07:58:00,2025-04-16T10:25:00,75,Completed,30.6,W20250416
T08837,V0342,D0287,R021,2025-04-11T06:44:00,2025-04-11T07:39:00,75,Completed,81.8,W20250411
T08838,V0006,D0489,R078,2025-10-11T17:09:00,2025-10-11T19:08:00,75,Cancelled,37.8,W20251011
T08839,V0146,D0627,R091,2025-03-23T07:14:00,2025-03-23T08:54:00,70,Completed,42.0,W20250323
T08840,V0287,D0006,R093,2025-11-06T16:46:00,2025-11-06T17:40:00,65,Completed,72.2,W20251106
T08841,V0175,D0574,R023,2025-08-19T06:28:00,2025-08-19T09:41:00,95,Cancelled,29.5,W20250819
T08842,V0197,D0244,R068,2025-11-11T05:15:00,2025-11-11T10:12:00,95,Completed,19.2,W20251111
T08843,V0045,D0590,R096,2025-01-31T07:39:00,2025-01-31T10:15:00,95,Completed,36.5,W20250131
T08844,V0486,D0281,R049,2025-10-03T17:43:00,2025-10-03T21:11:00,85,Completed,24.5,W20251003
T08845,V0481,D0130,R097,2025-10-09T13:30:00,2025-10-09T15:12:00,65,Completed,38.2,W20251009
T08846,V0392,D0395,R019,2025-12-07T05:22:00,2025-12-07T08:50:00,55,Completed,15.9,W20251207
T08847,V0392,D0504,R032,2025-05-20T03:34:00,2025-05-20T07:56:00,75,Completed,17.2,W20250520
T08848,V0441,D0162,R001,2025-09-05T12:14:00,2025-09-05T14:10:00,85,Cancelled,44.0,W20250905
T08849,V0017,D0636,R005,2025-01-05T02:38:00,2025-01-05T03:41:00,65,Completed,61.9,W20250105
T08850,V0403,D0109,R041,2025-03-08T23:27:00,2025-03-09T02:20:00,65,Cancelled,22.5,W20250308
T08851,V0075,D0152,R068,2025-06-16T00:58:00,2025-06-16T02:04:00,95,Completed,86.4,W20250616
T08852,V0399,D0048,R092,2025-10-08T13:52:00,2025-10-08T17:03:00,70,Completed,22.0,W20251008
T08853,V0499,D0643,R079,2025-04-13T14:59:00,2025-04-13T18:05:00,70,Cancelled,22.6,W20250413
T08854,V0085,D0015,R097,2025-02-11T06:48:00,2025-02-11T11:21:00,65,Cancelled,14.3,W20250211
T08855,V0362,D0039,R071,2025-05-10T23:05:00,2025-05-11T00:03:00,95,Completed,98.3,W20250510
T08856,V0396,D0506,R023,2025-04-12T02:11:00,2025-04-12T04:14:00,95,Completed,46.3,W20250412
T08857,V0360,D0661,R017,2025-11-22T01:55:00,2025-11-22T04:01:00,95,Completed,45.2,W20251122
T08858,V0321,D0530,R052,2025-07-15T08:17:00,2025-07-15T10:37:00,65,Completed,27.9,W20250715
T08859,V0043,D0486,R082,2025-09-15T22:54:00,2025-09-16T03:54:00,75,Completed,15.0,W20250915
T08860,V0270,D0197,R086,2025-10-18T00:59:00,2025-10-18T04:40:00,65,Cancelled,17.6,W20251018
T08861,V0310,D0229,R096,2025-05-17T07:20:00,2025-05-17T10:25:00,95,Completed,30.8,W20250517
T08862,V0469,D0515,R078,2025-11-26T00:27:00,2025-11-26T05:05:00,75,Completed,16.2,W20251126
T08863,V0090,D0298,R059,2025-11-06T17:29:00,2025-11-06T20:37:00,75,Completed,23.9,W20251106
T08864,V0453,D0343,R072,2025-02-21T01:28:00,2025-02-21T05:51:00,75,Completed,17.1,W20250221
T08865,V0106,D0311,R076,2025-10-18T19:57:00,2025-10-18T21:03:00,95,Completed,86.4,W20251018
T08866,V0161,D0168,R091,2025-12-19T22:32:00,2025-12-20T01:04:00,70,Cancelled,27.6,W20251219
T08867,V0048,D0047,R080,2025-05-13T08:09:00,2025-05-13T09:48:00,75,Completed,45.5,W20250513
T08868,V0331,D0578,R083,2025-01-01T18:52:00,2025-01-01T21:40:00,75,Completed,26.8,W20250101
T08869,V0215,D0143,R054,2025-10-27T22:55:00,2025-10-28T01:10:00,95,Completed,42.2,W20251027
T08870,V0238,D0317,R034,2025-12-29T10:49:00,2025-12-29T15:31:00,70,Completed,14.9,W20251229
T08871,V0332,D0417,R031,2025-11-09T07:03:00,2025-11-09T09:08:00,65,Completed,31.2,W20251109
T08872,V0170,D0576,R062,2025-05-29T13:32:00,2025-05-29T15:35:00,70,Completed,34.1,W20250529
T08873,V0077,D0596,R076,2025-12-28T15:41:00,2025-12-28T17:35:00,95,Completed,50.0,W20251228
T08874,V0023,D0189,R041,2025-08-08T06:32:00,2025-08-08T09:58:00,65,Completed,18.9,W20250808
T08875,V0006,D0045,R065,2025-11-12T02:53:00,2025-11-12T05:17:00,70,Completed,29.2,W20251112
T08876,V0224,D0009,R051,2025-10-12T17:32:00,2025-10-12T18:52:00,70,Cancelled,52.5,W20251012
T08877,V0359,D0510,R053,2025-10-20T22:13:00,2025-10-20T23:35:00,55,Completed,40.2,W20251020
T08878,V0339,D0079,R060,2025-12-27T19:17:00,2025-12-28T00:16:00,85,Completed,17.1,W20251227
T08879,V0070,D0572,R074,2025-10-05T17:32:00,2025-10-05T22:10:00,95,Completed,20.5,W20251005
T08880,V0287,D0442,R070,2025-03-09T18:47:00,2025-03-09T20:43:00,55,Completed,28.4,W20250309
T08881,V0271,D0333,R013,2025-05-23T09:22:00,2025-05-23T12:17:00,65,Cancelled,22.3,W20250523
T08882,V0059,D0085,R067,2025-01-02T03:38:00,2025-01-02T08:13:00,55,Completed,12.0,W20250102
T08883,V0205,D0630,R065,2025-05-07T21:16:00,2025-05-08T01:53:00,70,Completed,15.2,W20250507
T08884,V0118,D0273,R076,2025-04-28T19:00:00,2025-04-28T21:50:00,95,Completed,33.5,W20250428
T08885,V0267,D0020,R098,2025-02-07T01:45:00,2025-02-07T04:29:00,75,Completed,27.4,W20250207
T08886,V0029,D0498,R088,2025-06-20T11:14:00,2025-06-20T13:08:00,95,Completed,50.0,W20250620
T08887,V0484,D0458,R041,2025-02-05T03:45:00,2025-02-05T05:09:00,65,Cancelled,46.4,W20250205
T08888,V0266,D0469,R046,2025-07-03T05:19:00,2025-07-03T08:54:00,70,Cancelled,19.5,W20250703
T08889,V0111,D0228,R070,2025-02-18T14:49:00,2025-02-18T18:10:00,55,Completed,16.4,W20250218
T08890,V0207,D0519,R032,2025-11-11T04:07:00,2025-11-11T08:19:00,75,Completed,17.9,W20251111
T08891,V0419,D0482,R043,2025-09-16T12:52:00,2025-09-16T15:08:00,65,Completed,28.7,W20250916
T08892,V0488,D0498,R086,2025-06-05T21:19:00,2025-06-05T22:09:00,65,Cancelled,78.0,W20250605
T08893,V0392,D0560,R087,2025-04-24T10:56:00,2025-04-24T13:53:00,55,Completed,18.6,W20250424
T08894,V0451,D0694,R014,2025-02-08T00:06:00,2025-02-08T02:21:00,55,Completed,24.4,W20250208
T08895,V0104,D0152,R067,2025-02-24T11:17:00,2025-02-24T14:31:00,55,Completed,17.0,W20250224
T08896,V0306,D0400,R091,2025-11-28T01:42:00,2025-11-28T04:58:00,70,Completed,21.4,W20251128
T08897,V0217,D0462,R033,2025-02-26T03:38:00,2025-02-26T06:41:00,85,Completed,27.9,W20250226
T08898,V0073,D0275,R042,2025-10-20T01:06:00,2025-10-20T04:32:00,75,Completed,21.8,W20251020
T08899,V0123,D0015,R056,2025-10-09T12:09:00,2025-10-09T15:11:00,95,Completed,31.3,W20251009
T08900,V0150,D0580,R045,2025-12-24T15:15:00,2025-12-24T19:27:00,70,Completed,16.7,W20251224
T08901,V0325,D0571,R035,2025-12-13T21:11:00,2025-12-13T23:51:00,95,Completed,35.6,W20251213
T08902,V0240,D0377,R027,2025-10-18T04:37:00,2025-10-18T06:40:00,85,Completed,41.5,W20251018
T08903,V0207,D0529,R024,2025-10-01T19:25:00,2025-10-01T21:24:00,55,Completed,27.7,W20251001
T08904,V0145,D0660,R081,2025-06-03T00:34:00,2025-06-03T02:12:00,55,Cancelled,33.7,W20250603
T08905,V0034,D0341,R060,2025-02-22T16:52:00,2025-02-22T18:29:00,85,Cancelled,52.6,W20250222
T08906,V0495,D0276,R060,2025-11-09T17:24:00,2025-11-09T22:23:00,85,Completed,17.1,W20251109
T08907,V0459,D0130,R047,2025-12-16T00:34:00,2025-12-16T02:44:00,55,Cancelled,25.4,W20251216
T08908,V0389,D0430,R043,2025-08-12T13:02:00,2025-08-12T15:14:00,65,Completed,29.5,W20250812
T08909,V0031,D0173,R005,2025-05-01T18:22:00,2025-05-01T21:08:00,65,Cancelled,23.5,W20250501
T08910,V0279,D0456,R100,2025-02-21T13:34:00,2025-02-21T14:41:00,75,Cancelled,67.2,W20250221
T08911,V0186,D0419,R049,2025-06-04T03:50:00,2025-06-04T05:05:00,85,Completed,68.0,W20250604
T08912,V0080,D0678,R025,2025-05-17T23:18:00,2025-05-18T03:37:00,75,Completed,17.4,W20250517
T08913,V0220,D0337,R026,2025-05-15T08:30:00,2025-05-15T12:26:00,70,Completed,17.8,W20250515
T08914,V0340,D0052,R044,2025-05-17T02:57:00,2025-05-17T04:48:00,70,Completed,37.8,W20250517
T08915,V0295,D0036,R028,2025-04-23T01:28:00,2025-04-23T04:46:00,85,Cancelled,25.8,W20250423
T08916,V0443,D0057,R035,2025-04-08T09:42:00,2025-04-08T12:55:00,95,Cancelled,29.5,W20250408
T08917,V0493,D0135,R087,2025-03-04T05:05:00,2025-03-04T06:32:00,55,Completed,37.9,W20250304
T08918,V0338,D0166,R007,2025-12-13T10:47:00,2025-12-13T14:34:00,70,Completed,18.5,W20251213
T08919,V0025,D0530,R050,2025-11-21T11:45:00,2025-11-21T15:14:00,95,Cancelled,27.3,W20251121
T08920,V0093,D0383,R004,2025-11-08T15:41:00,2025-11-08T19:45:00,65,Completed,16.0,W20251108
T08921,V0184,D0692,R063,2025-10-25T13:09:00,2025-10-25T18:02:00,75,Completed,15.4,W20251025
T08922,V0219,D0632,R042,2025-11-02T16:06:00,2025-11-02T20:58:00,75,Completed,15.4,W20251102
T08923,V0303,D0152,R017,2025-05-05T20:49:00,2025-05-06T01:40:00,95,Completed,19.6,W20250505
T08924,V0287,D0108,R086,2025-02-18T12:31:00,2025-02-18T17:29:00,65,Completed,13.1,W20250218
T08925,V0125,D0132,R084,2025-07-20T11:33:00,2025-07-20T16:32:00,85,Completed,17.1,W20250720
T08926,V0451,D0079,R012,2025-04-13T02:00:00,2025-04-13T05:46:00,95,Completed,25.2,W20250413
T08927,V0207,D0612,R096,2025-12-09T01:45:00,2025-12-09T05:44:00,95,Completed,23.8,W20251209
T08928,V0084,D0674,R091,2025-08-01T19:58:00,2025-08-01T21:47:00,70,Completed,38.5,W20250801
T08929,V0127,D0178,R048,2025-05-30T17:31:00,2025-05-30T18:22:00,75,Completed,88.2,W20250530
T08930,V0193,D0533,R005,2025-03-17T23:16:00,2025-03-18T00:16:00,65,Completed,65.0,W20250317
T08931,V0441,D0441,R079,2025-08-05T04:10:00,2025-08-05T05:56:00,70,Cancelled,39.6,W20250805
T08932,V0031,D0194,R073,2025-04-21T23:03:00,2025-04-22T02:33:00,85,Completed,24.3,W20250421
T08933,V0180,D0156,R043,2025-11-29T19:55:00,2025-11-30T00:03:00,65,Completed,15.7,W20251129
T08934,V0040,D0662,R034,2025-03-22T22:59:00,2025-03-22T23:53:00,70,Cancelled,77.8,W20250322
T08935,V0189,D0389,R035,2025-06-16T07:20:00,2025-06-16T10:00:00,95,Completed,35.6,W20250616
T08936,V0499,D0151,R011,2025-06-13T23:46:00,2025-06-14T04:32:00,85,Cancelled,17.8,W20250613
T08937,V0074,D0521,R005,2025-02-15T14:46:00,2025-02-15T19:10:00,65,Completed,14.8,W20250215
T08938,V0109,D0161,R042,2025-07-28T15:37:00,2025-07-28T19:11:00,75,Cancelled,21.0,W20250728
T08939,V0105,D0556,R021,2025-06-12T18:44:00,2025-06-12T21:17:00,75,Completed,29.4,W20250612
T08940,V0443,D0068,R014,2025-11-08T18:27:00,2025-11-08T19:50:00,55,Completed,39.8,W20251108
T08941,V0075,D0625,R003,2025-10-10T09:39:00,2025-10-10T14:08:00,85,Completed,19.0,W20251010
T08942,V0464,D0206,R081,2025-01-05T22:46:00,2025-01-06T00:40:00,55,Completed,28.9,W20250105
T08943,V0004,D0069,R014,2025-09-19T08:03:00,2025-09-19T12:43:00,55,Completed,11.8,W20250919
T08944,V0027,D0493,R009,2025-01-22T00:18:00,2025-01-22T04:04:00,65,Cancelled,17.3,W20250122
T08945,V0122,D0085,R017,2025-05-31T22:30:00,2025-06-01T01:46:00,95,Completed,29.1,W20250531
T08946,V0218,D0474,R099,2025-10-22T20:59:00,2025-10-22T23:50:00,55,Completed,19.3,W20251022
T08947,V0104,D0404,R090,2025-06-13T01:44:00,2025-06-13T03:03:00,85,Completed,64.6,W20250613
T08948,V0456,D0535,R063,2025-10-18T17:55:00,2025-10-18T20:30:00,75,Completed,29.0,W20251018
T08949,V0460,D0640,R028,2025-11-04T00:09:00,2025-11-04T03:00:00,85,Cancelled,29.8,W20251104
T08950,V0452,D0348,R013,2025-05-29T15:54:00,2025-05-29T18:20:00,65,Completed,26.7,W20250529
T08951,V0451,D0157,R072,2025-01-23T06:43:00,2025-01-23T09:41:00,75,Cancelled,25.3,W20250123
T08952,V0153,D0382,R003,2025-03-10T02:01:00,2025-03-10T04:47:00,85,Completed,30.7,W20250310
T08953,V0147,D0269,R043,2025-11-23T22:38:00,2025-11-24T00:59:00,65,Completed,27.7,W20251123
T08954,V0086,D0679,R020,2025-07-22T12:36:00,2025-07-22T14:59:00,65,Cancelled,27.3,W20250722
T08955,V0298,D0293,R041,2025-10-03T03:48:00,2025-10-03T05:08:00,65,Completed,48.8,W20251003
T08956,V0048,D0612,R089,2025-09-14T22:44:00,2025-09-15T01:00:00,85,Cancelled,37.5,W20250914
T08957,V0305,D0072,R024,2025-09-19T19:49:00,2025-09-19T23:30:00,55,Completed,14.9,W20250919
T08958,V0492,D0180,R018,2025-03-16T21:34:00,2025-03-17T00:32:00,85,Completed,28.7,W20250316
T08959,V0179,D0478,R047,2025-02-10T05:08:00,2025-02-10T08:12:00,55,Completed,17.9,W20250210
T08960,V0340,D0017,R036,2025-03-04T05:10:00,2025-03-04T06:14:00,75,Completed,70.3,W20250304
T08961,V0103,D0400,R021,2025-06-28T04:27:00,2025-06-28T09:00:00,75,Completed,16.5,W20250628
T08962,V0340,D0146,R054,2025-06-25T05:49:00,2025-06-25T07:27:00,95,Completed,58.2,W20250625
T08963,V0203,D0450,R096,2025-10-16T04:05:00,2025-10-16T05:00:00,95,Completed,103.6,W20251016
T08964,V0141,D0055,R011,2025-11-09T13:32:00,2025-11-09T16:10:00,85,Completed,32.3,W20251109
T08965,V0080,D0182,R027,2025-07-10T19:37:00,2025-07-10T22:40:00,85,Cancelled,27.9,W20250710
T08966,V0183,D0621,R078,2025-11-02T06:40:00,2025-11-02T10:10:00,75,Completed,21.4,W20251102
T08967,V0229,D0049,R013,2025-10-23T22:23:00,2025-10-23T23:48:00,65,Completed,45.9,W20251023
T08968,V0333,D0568,R061,2025-11-28T09:31:00,2025-11-28T11:28:00,75,Cancelled,38.5,W20251128
T08969,V0287,D0190,R089,2025-08-23T23:03:00,2025-08-24T00:42:00,85,Completed,51.5,W20250823
T08970,V0023,D0529,R047,2025-12-09T04:53:00,2025-12-09T07:43:00,55,Completed,19.4,W20251209
T08971,V0348,D0611,R007,2025-12-07T23:41:00,2025-12-08T01:40:00,70,Completed,35.3,W20251207
T08972,V0435,D0001,R039,2025-04-30T23:42:00,2025-05-01T01:00:00,55,Completed,42.3,W20250430
T08973,V0180,D0233,R070,2025-12-03T17:49:00,2025-12-03T20:49:00,55,Completed,18.3,W20251203
T08974,V0374,D0441,R005,2025-01-29T20:42:00,2025-01-30T01:32:00,65,Completed,13.4,W20250129
T08975,V0019,D0250,R054,2025-07-15T22:03:00,2025-07-16T00:29:00,95,Completed,39.0,W20250715
T08976,V0092,D0648,R093,2025-03-03T16:58:00,2025-03-03T18:43:00,65,Completed,37.1,W20250303
T08977,V0011,D0607,R029,2025-06-20T07:15:00,2025-06-20T10:10:00,70,Completed,24.0,W20250620
T08978,V0263,D0046,R059,2025-03-15T09:49:00,2025-03-15T13:49:00,75,Completed,18.8,W20250315
T08979,V0061,D0414,R053,2025-05-21T14:30:00,2025-05-21T15:20:00,55,Completed,66.0,W20250521
T08980,V0400,D0572,R098,2025-07-09T07:07:00,2025-07-09T08:32:00,75,Completed,52.9,W20250709
T08981,V0057,D0655,R090,2025-02-26T16:03:00,2025-02-26T19:07:00,85,Completed,27.7,W20250226
T08982,V0450,D0660,R077,2025-09-13T01:19:00,2025-09-13T02:42:00,85,Cancelled,61.4,W20250913
T08983,V0257,D0413,R025,2025-02-04T21:35:00,2025-02-05T01:25:00,75,Completed,19.6,W20250204
T08984,V0105,D0513,R078,2025-07-22T12:22:00,2025-07-22T14:26:00,75,Completed,36.3,W20250722
T08985,V0064,D0106,R028,2025-12-16T00:46:00,2025-12-16T03:42:00,85,Completed,29.0,W20251216
T08986,V0259,D0155,R030,2025-06-15T02:00:00,2025-06-15T06:28:00,65,Cancelled,14.6,W20250615
T08987,V0212,D0379,R024,2025-02-09T21:53:00,2025-02-10T01:13:00,55,Completed,16.5,W20250209
T08988,V0219,D0380,R013,2025-04-24T04:55:00,2025-04-24T07:25:00,65,Cancelled,26.0,W20250424
T08989,V0418,D0174,R015,2025-08-14T14:47:00,2025-08-14T15:55:00,75,Completed,66.2,W20250814
T08990,V0204,D0483,R035,2025-11-14T07:32:00,2025-11-14T12:16:00,95,Cancelled,20.1,W20251114
T08991,V0424,D0002,R010,2025-08-27T21:00:00,2025-08-27T21:50:00,75,Completed,90.0,W20250827
T08992,V0400,D0112,R048,2025-08-16T12:29:00,2025-08-16T15:38:00,75,Completed,23.8,W20250816
T08993,V0032,D0154,R094,2025-06-09T16:47:00,2025-06-09T19:12:00,70,Cancelled,29.0,W20250609
T08994,V0456,D0194,R099,2025-10-10T16:53:00,2025-10-10T18:41:00,55,Completed,30.6,W20251010
T08995,V0375,D0485,R087,2025-04-25T03:49:00,2025-04-25T04:58:00,55,Completed,47.8,W20250425
T08996,V0213,D0367,R015,2025-09-18T10:56:00,2025-09-18T12:12:00,75,Cancelled,59.2,W20250918
T08997,V0302,D0211,R014,2025-12-25T03:28:00,2025-12-25T06:40:00,55,Completed,17.2,W20251225
T08998,V0249,D0472,R030,2025-11-03T00:35:00,2025-11-03T05:24:00,65,Cancelled,13.5,W20251103
T08999,V0455,D0660,R069,2025-10-05T18:42:00,2025-10-05T20:25:00,70,Completed,40.8,W20251005
T09000,V0357,D0450,R002,2025-09-13T04:33:00,2025-09-13T05:42:00,75,Cancelled,65.2,W20250913
T09001,V0156,D0317,R036,2025-06-18T19:42:00,2025-06-18T20:49:00,75,Completed,67.2,W20250618
T09002,V0164,D0697,R078,2025-12-15T19:04:00,2025-12-16T00:03:00,75,Cancelled,15.1,W20251215
T09003,V0154,D0507,R017,2025-05-29T17:11:00,2025-05-29T18:48:00,95,Completed,58.8,W20250529
T09004,V0138,D0396,R005,2025-03-11T09:27:00,2025-03-11T10:13:00,65,Completed,84.8,W20250311
T09005,V0496,D0604,R077,2025-11-09T04:34:00,2025-11-09T05:58:00,85,Completed,60.7,W20251109
T09006,V0356,D0575,R028,2025-09-08T07:57:00,2025-09-08T09:14:00,85,Completed,66.2,W20250908
T09007,V0499,D0534,R057,2025-07-24T12:59:00,2025-07-24T17:26:00,75,Completed,16.9,W20250724
T09008,V0493,D0015,R034,2025-05-14T15:10:00,2025-05-14T19:18:00,70,Cancelled,16.9,W20250514
T09009,V0145,D0182,R034,2025-04-27T09:34:00,2025-04-27T11:27:00,70,Completed,37.2,W20250427
T09010,V0377,D0106,R050,2025-08-02T10:59:00,2025-08-02T13:39:00,95,Completed,35.6,W20250802
T09011,V0325,D0164,R033,2025-09-04T03:23:00,2025-09-04T07:01:00,85,Completed,23.4,W20250904
T09012,V0398,D0162,R020,2025-06-03T06:07:00,2025-06-03T09:13:00,65,Cancelled,21.0,W20250603
T09013,V0473,D0372,R036,2025-03-14T18:23:00,2025-03-14T22:00:00,75,Completed,20.7,W20250314
T09014,V0426,D0164,R031,2025-10-09T06:42:00,2025-10-09T09:53:00,65,Completed,20.4,W20251009
T09015,V0430,D0586,R097,2025-05-30T14:14:00,2025-05-30T15:07:00,65,Completed,73.6,W20250530
T09016,V0411,D0599,R012,2025-05-20T22:32:00,2025-05-21T00:06:00,95,Cancelled,60.6,W20250520
T09017,V0261,D0552,R100,2025-08-26T04:04:00,2025-08-26T07:28:00,75,Completed,22.1,W20250826
T09018,V0382,D0141,R071,2025-11-19T02:49:00,2025-11-19T03:52:00,95,Completed,90.5,W20251119
T09019,V0299,D0286,R064,2025-10-23T15:34:00,2025-10-23T17:04:00,75,Completed,50.0,W20251023
T09020,V0101,D0448,R097,2025-10-27T08:46:00,2025-10-27T13:17:00,65,Completed,14.4,W20251027
T09021,V0480,D0295,R095,2025-04-23T07:15:00,2025-04-23T08:38:00,85,Completed,61.4,W20250423
T09022,V0134,D0552,R016,2025-05-15T23:15:00,2025-05-16T02:41:00,65,Completed,18.9,W20250515
T09023,V0070,D0188,R015,2025-04-27T07:35:00,2025-04-27T09:14:00,75,Completed,45.5,W20250427
T09024,V0169,D0490,R005,2025-09-25T12:19:00,2025-09-25T13:48:00,65,Completed,43.8,W20250925
T09025,V0309,D0359,R097,2025-06-14T11:03:00,2025-06-14T13:21:00,65,Cancelled,28.3,W20250614
T09026,V0474,D0455,R008,2025-03-18T09:40:00,2025-03-18T14:11:00,75,Cancelled,16.6,W20250318
T09027,V0368,D0575,R009,2025-11-02T23:53:00,2025-11-03T04:24:00,65,Cancelled,14.4,W20251102
T09028,V0382,D0243,R004,2025-12-08T13:09:00,2025-12-08T16:48:00,65,Completed,17.8,W20251208
T09029,V0349,D0146,R081,2025-01-07T02:28:00,2025-01-07T07:17:00,55,Completed,11.4,W20250107
T09030,V0100,D0401,R057,2025-08-15T12:31:00,2025-08-15T13:39:00,75,Completed,66.2,W20250815
T09031,V0492,D0286,R085,2025-05-27T10:39:00,2025-05-27T15:24:00,55,Cancelled,11.6,W20250527
T09032,V0226,D0534,R088,2025-12-03T01:41:00,2025-12-03T03:18:00,95,Completed,58.8,W20251203
T09033,V0067,D0101,R034,2025-11-01T14:59:00,2025-11-01T17:26:00,70,Cancelled,28.6,W20251101
T09034,V0429,D0025,R033,2025-02-14T15:17:00,2025-02-14T16:26:00,85,Completed,73.9,W20250214
T09035,V0151,D0609,R021,2025-11-17T13:24:00,2025-11-17T15:34:00,75,Completed,34.6,W20251117
T09036,V0390,D0627,R014,2025-02-19T10:40:00,2025-02-19T13:47:00,55,Completed,17.6,W20250219
T09037,V0472,D0317,R041,2025-02-05T08:32:00,2025-02-05T10:07:00,65,Completed,41.1,W20250205
T09038,V0312,D0580,R021,2025-01-15T21:21:00,2025-01-16T00:06:00,75,Completed,27.3,W20250115
T09039,V0345,D0398,R043,2025-09-24T14:46:00,2025-09-24T17:25:00,65,Cancelled,24.5,W20250924
T09040,V0233,D0169,R058,2025-05-26T16:29:00,2025-05-26T20:04:00,95,Completed,26.5,W20250526
T09041,V0167,D0566,R015,2025-11-16T03:24:00,2025-11-16T07:00:00,75,Completed,20.8,W20251116
T09042,V0122,D0044,R048,2025-11-06T08:11:00,2025-11-06T11:59:00,75,Completed,19.7,W20251106
T09043,V0126,D0103,R082,2025-08-15T10:16:00,2025-08-15T12:05:00,75,Completed,41.3,W20250815
T09044,V0291,D0410,R011,2025-08-30T13:21:00,2025-08-30T17:37:00,85,Completed,19.9,W20250830
T09045,V0027,D0358,R052,2025-05-10T12:02:00,2025-05-10T12:47:00,65,Cancelled,86.7,W20250510
T09046,V0310,D0623,R048,2025-12-26T10:22:00,2025-12-26T13:54:00,75,Completed,21.2,W20251226
T09047,V0002,D0410,R075,2025-11-03T18:28:00,2025-11-03T22:25:00,85,Completed,21.5,W20251103
T09048,V0228,D0198,R046,2025-04-18T03:03:00,2025-04-18T05:24:00,70,Completed,29.8,W20250418
T09049,V0141,D0530,R037,2025-09-08T08:23:00,2025-09-08T10:17:00,95,Cancelled,50.0,W20250908
T09050,V0468,D0680,R034,2025-11-25T22:55:00,2025-11-26T02:21:00,70,Completed,20.4,W20251125
T09051,V0119,D0072,R059,2025-04-22T18:59:00,2025-04-22T20:42:00,75,Completed,43.7,W20250422
T09052,V0305,D0234,R055,2025-02-10T22:13:00,2025-02-11T00:33:00,55,Cancelled,23.6,W20250210
T09053,V0007,D0127,R098,2025-06-05T07:13:00,2025-06-05T10:54:00,75,Cancelled,20.4,W20250605
T09054,V0214,D0060,R071,2025-09-08T07:19:00,2025-09-08T09:47:00,95,Completed,38.5,W20250908
T09055,V0075,D0165,R021,2025-07-24T19:30:00,2025-07-24T21:15:00,75,Completed,42.9,W20250724
T09056,V0111,D0162,R042,2025-01-12T13:59:00,2025-01-12T16:00:00,75,Completed,37.2,W20250112
T09057,V0333,D0434,R077,2025-08-23T05:02:00,2025-08-23T09:20:00,85,Completed,19.8,W20250823
T09058,V0209,D0560,R051,2025-10-22T22:45:00,2025-10-23T03:20:00,70,Completed,15.3,W20251022
T09059,V0121,D0081,R009,2025-03-04T21:08:00,2025-03-05T00:18:00,65,Completed,20.5,W20250304
T09060,V0024,D0436,R017,2025-05-11T08:34:00,2025-05-11T09:25:00,95,Completed,111.8,W20250511
T09061,V0379,D0458,R072,2025-07-23T15:03:00,2025-07-23T18:51:00,75,Completed,19.7,W20250723
T09062,V0099,D0557,R065,2025-05-11T22:03:00,2025-05-12T00:10:00,70,Completed,33.1,W20250511
T09063,V0045,D0592,R067,2025-09-03T05:59:00,2025-09-03T06:52:00,55,Completed,62.3,W20250903
T09064,V0179,D0616,R088,2025-06-27T19:39:00,2025-06-27T23:13:00,95,Completed,26.6,W20250627
T09065,V0486,D0128,R019,2025-11-26T01:20:00,2025-11-26T06:10:00,55,Completed,11.4,W20251126
T09066,V0493,D0022,R044,2025-11-23T00:56:00,2025-11-23T05:05:00,70,Completed,16.9,W20251123
T09067,V0215,D0311,R052,2025-06-18T03:32:00,2025-06-18T08:30:00,65,Cancelled,13.1,W20250618
T09068,V0456,D0630,R037,2025-03-28T11:29:00,2025-03-28T12:58:00,95,Completed,64.0,W20250328
T09069,V0334,D0357,R088,2025-02-06T01:38:00,2025-02-06T02:25:00,95,Completed,121.3,W20250206
T09070,V0235,D0543,R011,2025-01-26T23:44:00,2025-01-27T04:07:00,85,Completed,19.4,W20250126
T09071,V0404,D0426,R038,2025-01-27T00:23:00,2025-01-27T02:03:00,95,Cancelled,57.0,W20250127
T09072,V0479,D0141,R097,2025-11-09T14:58:00,2025-11-09T19:22:00,65,Completed,14.8,W20251109
T09073,V0068,D0670,R096,2025-11-09T06:43:00,2025-11-09T10:56:00,95,Cancelled,22.5,W20251109
T09074,V0047,D0590,R021,2025-09-15T22:46:00,2025-09-16T03:25:00,75,Completed,16.1,W20250915
T09075,V0068,D0470,R035,2025-08-30T21:27:00,2025-08-31T01:55:00,95,Completed,21.3,W20250830
T09076,V0365,D0082,R059,2025-01-04T10:04:00,2025-01-04T11:11:00,75,Completed,67.2,W20250104
T09077,V0181,D0638,R047,2025-10-11T02:20:00,2025-10-11T06:35:00,55,Completed,12.9,W20251011
T09078,V0343,D0438,R042,2025-01-15T18:20:00,2025-01-15T22:49:00,75,Completed,16.7,W20250115
T09079,V0222,D0127,R007,2025-06-16T01:21:00,2025-06-16T06:00:00,70,Cancelled,15.1,W20250616
T09080,V0102,D0379,R076,2025-05-04T20:32:00,2025-05-04T23:59:00,95,Completed,27.5,W20250504
T09081,V0223,D0176,R077,2025-01-31T15:25:00,2025-01-31T17:37:00,85,Completed,38.6,W20250131
T09082,V0113,D0235,R100,2025-04-18T00:40:00,2025-04-18T04:41:00,75,Completed,18.7,W20250418
T09083,V0427,D0006,R092,2025-03-02T23:41:00,2025-03-03T03:45:00,70,Cancelled,17.2,W20250302
T09084,V0050,D0191,R092,2025-03-05T16:11:00,2025-03-05T17:49:00,70,Completed,42.9,W20250305
T09085,V0149,D0099,R057,2025-03-14T12:31:00,2025-03-14T16:51:00,75,Completed,17.3,W20250314
T09086,V0383,D0385,R033,2025-02-22T06:32:00,2025-02-22T11:03:00,85,Cancelled,18.8,W20250222
T09087,V0191,D0100,R035,2025-04-14T06:00:00,2025-04-14T10:26:00,95,Cancelled,21.4,W20250414
T09088,V0279,D0368,R029,2025-07-26T09:20:00,2025-07-26T10:49:00,70,Completed,47.2,W20250726
T09089,V0125,D0160,R100,2025-08-10T10:00:00,2025-08-10T11:20:00,75,Completed,56.2,W20250810
T09090,V0110,D0487,R090,2025-04-06T13:23:00,2025-04-06T17:18:00,85,Completed,21.7,W20250406
T09091,V0454,D0230,R094,2025-11-26T15:48:00,2025-11-26T20:45:00,70,Cancelled,14.1,W20251126
T09092,V0056,D0341,R070,2025-11-06T06:51:00,2025-11-06T08:13:00,55,Completed,40.2,W20251106
T09093,V0426,D0388,R066,2025-07-07T11:17:00,2025-07-07T13:31:00,85,Completed,38.1,W20250707
T09094,V0062,D0447,R041,2025-03-03T01:35:00,2025-03-03T03:20:00,65,Completed,37.1,W20250303
T09095,V0188,D0466,R002,2025-09-15T09:52:00,2025-09-15T14:26:00,75,Cancelled,16.4,W20250915
T09096,V0163,D0648,R009,2025-08-28T07:00:00,2025-08-28T09:59:00,65,Completed,21.8,W20250828
T09097,V0246,D0088,R006,2025-12-08T16:06:00,2025-12-08T20:56:00,95,Completed,19.7,W20251208
T09098,V0039,D0150,R011,2025-01-13T13:14:00,2025-01-13T17:47:00,85,Completed,18.7,W20250113
T09099,V0379,D0390,R035,2025-05-28T04:27:00,2025-05-28T06:01:00,95,Completed,60.6,W20250528
T09100,V0497,D0432,R055,2025-01-04T21:09:00,2025-01-05T01:26:00,55,Completed,12.8,W20250104
T09101,V0422,D0055,R096,2025-09-25T12:40:00,2025-09-25T15:39:00,95,Completed,31.8,W20250925
T09102,V0321,D0519,R090,2025-04-06T05:48:00,2025-04-06T07:49:00,85,Cancelled,42.1,W20250406
T09103,V0496,D0170,R069,2025-09-12T14:44:00,2025-09-12T15:42:00,70,Completed,72.4,W20250912
T09104,V0480,D0412,R009,2025-01-23T22:13:00,2025-01-24T02:08:00,65,Completed,16.6,W20250123
T09105,V0364,D0150,R071,2025-10-04T22:59:00,2025-10-05T02:16:00,95,Completed,28.9,W20251004
T09106,V0092,D0446,R043,2025-07-11T18:50:00,2025-07-11T20:26:00,65,Completed,40.6,W20250711
T09107,V0124,D0393,R035,2025-08-17T10:48:00,2025-08-17T15:14:00,95,Cancelled,21.4,W20250817
T09108,V0134,D0630,R018,2025-08-06T06:02:00,2025-08-06T07:48:00,85,Cancelled,48.1,W20250806
T09109,V0141,D0513,R006,2025-03-14T06:27:00,2025-03-14T10:28:00,95,Completed,23.7,W20250314
T09110,V0427,D0124,R029,2025-03-12T04:57:00,2025-03-12T08:26:00,70,Cancelled,20.1,W20250312
T09111,V0331,D0682,R076,2025-05-02T01:35:00,2025-05-02T06:34:00,95,Completed,19.1,W20250502
T09112,V0049,D0056,R087,2025-04-24T08:09:00,2025-04-24T09:23:00,55,Completed,44.6,W20250424
T09113,V0352,D0312,R053,2025-05-20T23:59:00,2025-05-21T02:10:00,55,Completed,25.2,W20250520
T09114,V0256,D0567,R069,2025-02-14T03:28:00,2025-02-14T04:40:00,70,Completed,58.3,W20250214
T09115,V0054,D0172,R023,2025-09-04T09:55:00,2025-09-04T13:22:00,95,Completed,27.5,W20250904
T09116,V0495,D0169,R072,2025-08-16T09:49:00,2025-08-16T12:34:00,75,Completed,27.3,W20250816
T09117,V0435,D0477,R025,2025-08-20T23:54:00,2025-08-21T03:47:00,75,Completed,19.3,W20250820
T09118,V0167,D0184,R022,2025-12-17T07:36:00,2025-12-17T09:59:00,70,Cancelled,29.4,W20251217
T09119,V0296,D0038,R021,2025-11-15T12:36:00,2025-11-15T15:56:00,75,Completed,22.5,W20251115
T09120,V0038,D0440,R065,2025-06-03T01:50:00,2025-06-03T05:17:00,70,Completed,20.3,W20250603
T09121,V0304,D0237,R062,2025-09-01T10:03:00,2025-09-01T12:19:00,70,Cancelled,30.9,W20250901
T09122,V0234,D0320,R026,2025-08-24T12:43:00,2025-08-24T15:35:00,70,Cancelled,24.4,W20250824
T09123,V0376,D0459,R021,2025-10-09T12:40:00,2025-10-09T15:49:00,75,Completed,23.8,W20251009
T09124,V0241,D0387,R048,2025-06-08T04:25:00,2025-06-08T08:50:00,75,Completed,17.0,W20250608
T09125,V0044,D0044,R062,2025-12-03T11:41:00,2025-12-03T14:18:00,70,Cancelled,26.8,W20251203
T09126,V0169,D0497,R027,2025-06-12T16:27:00,2025-06-12T20:46:00,85,Cancelled,19.7,W20250612
T09127,V0176,D0029,R081,2025-12-13T14:14:00,2025-12-13T17:30:00,55,Completed,16.8,W20251213
T09128,V0087,D0500,R002,2025-01-07T00:54:00,2025-01-07T04:18:00,75,Completed,22.1,W20250107
T09129,V0390,D0235,R019,2025-12-19T22:33:00,2025-12-19T23:33:00,55,Cancelled,55.0,W20251219
T09130,V0146,D0611,R002,2025-04-11T17:20:00,2025-04-11T20:40:00,75,Completed,22.5,W20250411
T09131,V0049,D0141,R036,2025-01-24T03:43:00,2025-01-24T06:34:00,75,Completed,26.3,W20250124
T09132,V0428,D0496,R052,2025-10-06T22:38:00,2025-10-07T02:30:00,65,Completed,16.8,W20251006
T09133,V0426,D0467,R094,2025-04-05T16:28:00,2025-04-05T17:52:00,70,Completed,50.0,W20250405
T09134,V0015,D0617,R069,2025-03-18T23:23:00,2025-03-19T02:54:00,70,Completed,19.9,W20250318
T09135,V0473,D0293,R055,2025-02-06T16:50:00,2025-02-06T18:51:00,55,Completed,27.3,W20250206
T09136,V0402,D0547,R051,2025-08-31T11:25:00,2025-08-31T13:20:00,70,Completed,36.5,W20250831
T09137,V0058,D0690,R064,2025-01-17T19:31:00,2025-01-17T22:17:00,75,Completed,27.1,W20250117
T09138,V0460,D0259,R056,2025-07-20T09:28:00,2025-07-20T12:14:00,95,Completed,34.3,W20250720
T09139,V0101,D0292,R023,2025-01-29T11:16:00,2025-01-29T13:56:00,95,Completed,35.6,W20250129
T09140,V0120,D0365,R097,2025-05-30T18:23:00,2025-05-30T22:42:00,65,Completed,15.1,W20250530
T09141,V0283,D0127,R046,2025-07-29T07:22:00,2025-07-29T12:04:00,70,Cancelled,14.9,W20250729
T09142,V0276,D0154,R067,2025-07-20T18:01:00,2025-07-20T21:13:00,55,Completed,17.2,W20250720
T09143,V0150,D0080,R045,2025-02-12T14:24:00,2025-02-12T18:47:00,70,Completed,16.0,W20250212
T09144,V0169,D0603,R082,2025-02-11T06:57:00,2025-02-11T10:53:00,75,Completed,19.1,W20250211
T09145,V0275,D0502,R089,2025-03-26T14:21:00,2025-03-26T16:46:00,85,Cancelled,35.2,W20250326
T09146,V0064,D0302,R077,2025-06-07T09:30:00,2025-06-07T14:19:00,85,Completed,17.6,W20250607
T09147,V0147,D0132,R096,2025-11-18T00:36:00,2025-11-18T05:34:00,95,Completed,19.1,W20251118
T09148,V0102,D0353,R029,2025-01-24T23:52:00,2025-01-25T03:44:00,70,Completed,18.1,W20250124
T09149,V0053,D0322,R066,2025-02-03T04:59:00,2025-02-03T07:31:00,85,Completed,33.6,W20250203
T09150,V0436,D0529,R031,2025-06-13T03:30:00,2025-06-13T06:11:00,65,Completed,24.2,W20250613
T09151,V0116,D0556,R031,2025-06-01T03:04:00,2025-06-01T05:15:00,65,Cancelled,29.8,W20250601
T09152,V0191,D0037,R022,2025-10-25T11:40:00,2025-10-25T16:40:00,70,Completed,14.0,W20251025
T09153,V0039,D0665,R081,2025-04-30T20:57:00,2025-05-01T01:10:00,55,Completed,13.0,W20250430
T09154,V0103,D0139,R032,2025-01-06T03:35:00,2025-01-06T05:42:00,75,Completed,35.4,W20250106
T09155,V0158,D0298,R030,2025-01-16T00:06:00,2025-01-16T05:06:00,65,Cancelled,13.0,W20250116
T09156,V0097,D0160,R090,2025-10-23T14:14:00,2025-10-23T15:40:00,85,Completed,59.3,W20251023
T09157,V0294,D0112,R024,2025-08-07T23:27:00,2025-08-08T00:23:00,55,Completed,58.9,W20250807
T09158,V0471,D0521,R056,2025-08-02T22:14:00,2025-08-02T23:07:00,95,Completed,107.5,W20250802
T09159,V0205,D0253,R004,2025-05-16T14:12:00,2025-05-16T17:02:00,65,Completed,22.9,W20250516
T09160,V0290,D0441,R004,2025-03-15T06:21:00,2025-03-15T08:36:00,65,Cancelled,28.9,W20250315
T09161,V0257,D0272,R027,2025-08-15T12:25:00,2025-08-15T17:18:00,85,Completed,17.4,W20250815
T09162,V0352,D0122,R091,2025-04-22T22:21:00,2025-04-23T02:40:00,70,Cancelled,16.2,W20250422
T09163,V0123,D0448,R094,2025-08-05T07:58:00,2025-08-05T11:29:00,70,Cancelled,19.9,W20250805
T09164,V0153,D0163,R090,2025-08-28T00:45:00,2025-08-28T05:11:00,85,Completed,19.2,W20250828
T09165,V0330,D0457,R005,2025-10-06T05:48:00,2025-10-06T09:20:00,65,Cancelled,18.4,W20251006
T09166,V0309,D0215,R094,2025-08-01T18:49:00,2025-08-01T22:20:00,70,Completed,19.9,W20250801
T09167,V0099,D0646,R035,2025-08-05T20:50:00,2025-08-05T23:23:00,95,Completed,37.3,W20250805
T09168,V0439,D0305,R005,2025-05-21T15:20:00,2025-05-21T17:05:00,65,Completed,37.1,W20250521
T09169,V0005,D0245,R033,2025-02-18T00:53:00,2025-02-18T02:21:00,85,Completed,58.0,W20250218
T09170,V0196,D0679,R037,2025-06-27T14:08:00,2025-06-27T16:56:00,95,Completed,33.9,W20250627
T09171,V0483,D0473,R029,2025-09-13T01:12:00,2025-09-13T05:32:00,70,Cancelled,16.2,W20250913
T09172,V0299,D0479,R022,2025-07-07T21:22:00,2025-07-08T01:55:00,70,Completed,15.4,W20250707
T09173,V0298,D0237,R077,2025-08-29T15:59:00,2025-08-29T17:18:00,85,Completed,64.6,W20250829
T09174,V0419,D0113,R083,2025-09-11T04:33:00,2025-09-11T09:18:00,75,Cancelled,15.8,W20250911
T09175,V0190,D0165,R006,2025-12-16T21:16:00,2025-12-17T01:18:00,95,Completed,23.6,W20251216
T09176,V0053,D0363,R037,2025-02-04T05:48:00,2025-02-04T06:46:00,95,Completed,98.3,W20250204
T09177,V0064,D0176,R022,2025-11-19T18:25:00,2025-11-19T19:18:00,70,Completed,79.2,W20251119
T09178,V0304,D0678,R036,2025-12-31T08:12:00,2025-12-31T10:05:00,75,Cancelled,39.8,W20251231
T09179,V0372,D0350,R042,2025-01-26T21:03:00,2025-01-27T00:50:00,75,Cancelled,19.8,W20250126
T09180,V0443,D0566,R085,2025-09-17T07:41:00,2025-09-17T09:01:00,55,Completed,41.2,W20250917
T09181,V0379,D0561,R077,2025-11-06T17:16:00,2025-11-06T19:11:00,85,Cancelled,44.3,W20251106
T09182,V0420,D0133,R030,2025-11-26T03:35:00,2025-11-26T08:06:00,65,Completed,14.4,W20251126
T09183,V0444,D0635,R075,2025-10-20T00:04:00,2025-10-20T04:55:00,85,Completed,17.5,W20251020
T09184,V0183,D0687,R054,2025-12-21T07:02:00,2025-12-21T08:47:00,95,Cancelled,54.3,W20251221
T09185,V0256,D0421,R022,2025-12-02T23:09:00,2025-12-03T02:19:00,70,Completed,22.1,W20251202
T09186,V0067,D0640,R039,2025-05-27T10:23:00,2025-05-27T15:13:00,55,Completed,11.4,W20250527
T09187,V0411,D0104,R097,2025-07-18T20:48:00,2025-07-18T21:41:00,65,Completed,73.6,W20250718
T09188,V0275,D0641,R095,2025-04-19T05:45:00,2025-04-19T09:46:00,85,Completed,21.2,W20250419
T09189,V0115,D0353,R016,2025-06-05T16:30:00,2025-06-05T17:52:00,65,Completed,47.6,W20250605
T09190,V0333,D0086,R089,2025-05-09T10:20:00,2025-05-09T12:48:00,85,Completed,34.5,W20250509
T09191,V0314,D0001,R055,2025-10-23T03:42:00,2025-10-23T07:27:00,55,Completed,14.7,W20251023
T09192,V0132,D0376,R057,2025-07-25T11:05:00,2025-07-25T15:57:00,75,Completed,15.4,W20250725
T09193,V0328,D0669,R013,2025-12-24T15:12:00,2025-12-24T18:22:00,65,Completed,20.5,W20251224
T09194,V0167,D0045,R093,2025-05-30T11:17:00,2025-05-30T14:40:00,65,Cancelled,19.2,W20250530
T09195,V0220,D0211,R045,2025-12-06T07:10:00,2025-12-06T10:17:00,70,Completed,22.5,W20251206
T09196,V0423,D0383,R004,2025-11-14T21:03:00,2025-11-14T22:56:00,65,Cancelled,34.5,W20251114
T09197,V0381,D0607,R071,2025-11-23T20:35:00,2025-11-23T22:27:00,95,Completed,50.9,W20251123
T09198,V0235,D0304,R030,2025-04-30T09:49:00,2025-04-30T12:21:00,65,Completed,25.7,W20250430
T09199,V0361,D0232,R014,2025-10-11T02:08:00,2025-10-11T03:50:00,55,Completed,32.4,W20251011
T09200,V0333,D0045,R081,2025-08-04T07:51:00,2025-08-04T12:07:00,55,Completed,12.9,W20250804
T09201,V0329,D0023,R072,2025-05-16T19:07:00,2025-05-16T23:49:00,75,Completed,16.0,W20250516
T09202,V0317,D0677,R009,2025-04-07T08:04:00,2025-04-07T09:43:00,65,Completed,39.4,W20250407
T09203,V0111,D0010,R047,2025-05-20T14:36:00,2025-05-20T18:59:00,55,Completed,12.5,W20250520
T09204,V0461,D0650,R043,2025-03-21T12:52:00,2025-03-21T16:52:00,65,Completed,16.2,W20250321
T09205,V0172,D0215,R064,2025-12-12T08:41:00,2025-12-12T09:34:00,75,Completed,84.9,W20251212
T09206,V0245,D0137,R078,2025-04-11T19:24:00,2025-04-11T23:13:00,75,Cancelled,19.7,W20250411
T09207,V0402,D0581,R015,2025-07-30T22:13:00,2025-07-31T01:45:00,75,Completed,21.2,W20250730
T09208,V0343,D0681,R060,2025-11-08T06:59:00,2025-11-08T11:35:00,85,Cancelled,18.5,W20251108
T09209,V0066,D0050,R005,2025-12-15T10:55:00,2025-12-15T14:32:00,65,Completed,18.0,W20251215
T09210,V0401,D0065,R002,2025-10-31T04:56:00,2025-10-31T05:56:00,75,Cancelled,75.0,W20251031
T09211,V0461,D0193,R059,2025-03-27T01:53:00,2025-03-27T03:44:00,75,Completed,40.5,W20250327
T09212,V0089,D0534,R003,2025-08-19T00:32:00,2025-08-19T01:57:00,85,Completed,60.0,W20250819
T09213,V0025,D0298,R070,2025-12-24T07:27:00,2025-12-24T08:55:00,55,Completed,37.5,W20251224
T09214,V0321,D0350,R047,2025-01-22T17:16:00,2025-01-22T21:41:00,55,Completed,12.5,W20250122
T09215,V0189,D0381,R003,2025-09-02T01:40:00,2025-09-02T03:46:00,85,Completed,40.5,W20250902
T09216,V0350,D0253,R079,2025-12-07T02:32:00,2025-12-07T06:15:00,70,Completed,18.8,W20251207
T09217,V0346,D0551,R020,2025-04-01T21:29:00,2025-04-01T23:56:00,65,Cancelled,26.5,W20250401
T09218,V0211,D0362,R085,2025-03-12T00:25:00,2025-03-12T02:02:00,55,Completed,34.0,W20250312
T09219,V0011,D0171,R034,2025-03-05T13:21:00,2025-03-05T16:07:00,70,Cancelled,25.3,W20250305
T09220,V0035,D0350,R013,2025-08-22T17:21:00,2025-08-22T20:57:00,65,Completed,18.1,W20250822
T09221,V0236,D0302,R058,2025-03-12T06:58:00,2025-03-12T07:54:00,95,Completed,101.8,W20250312
T09222,V0083,D0590,R014,2025-10-15T19:39:00,2025-10-15T22:58:00,55,Completed,16.6,W20251015
T09223,V0451,D0654,R032,2025-04-18T22:01:00,2025-04-19T01:33:00,75,Completed,21.2,W20250418
T09224,V0308,D0575,R013,2025-08-26T05:31:00,2025-08-26T08:53:00,65,Completed,19.3,W20250826
T09225,V0388,D0056,R081,2025-01-04T21:18:00,2025-01-05T01:31:00,55,Cancelled,13.0,W20250104
T09226,V0084,D0063,R068,2025-06-16T02:50:00,2025-06-16T07:33:00,95,Completed,20.1,W20250616
T09227,V0332,D0571,R085,2025-05-19T20:30:00,2025-05-19T23:17:00,55,Cancelled,19.8,W20250519
T09228,V0212,D0558,R077,2025-10-11T09:35:00,2025-10-11T13:15:00,85,Completed,23.2,W20251011
T09229,V0420,D0562,R003,2025-09-12T21:07:00,2025-09-12T22:15:00,85,Completed,75.0,W20250912
T09230,V0461,D0150,R022,2025-04-01T13:49:00,2025-04-01T17:46:00,70,Completed,17.7,W20250401
T09231,V0495,D0693,R095,2025-07-01T22:23:00,2025-07-02T02:57:00,85,Completed,18.6,W20250701
T09232,V0080,D0548,R021,2025-11-28T06:16:00,2025-11-28T08:14:00,75,Completed,38.1,W20251128
T09233,V0037,D0040,R044,2025-09-11T14:22:00,2025-09-11T16:10:00,70,Completed,38.9,W20250911
T09234,V0013,D0155,R086,2025-03-27T09:38:00,2025-03-27T14:31:00,65,Cancelled,13.3,W20250327
T09235,V0029,D0329,R040,2025-08-15T21:13:00,2025-08-16T00:45:00,95,Completed,26.9,W20250815
T09236,V0461,D0521,R008,2025-02-28T03:44:00,2025-02-28T06:48:00,75,Completed,24.5,W20250228
T09237,V0434,D0682,R020,2025-05-01T18:24:00,2025-05-01T19:44:00,65,Completed,48.8,W20250501
T09238,V0301,D0672,R046,2025-10-07T03:12:00,2025-10-07T05:09:00,70,Completed,35.9,W20251007
T09239,V0367,D0627,R078,2025-03-25T17:26:00,2025-03-25T19:44:00,75,Cancelled,32.6,W20250325
T09240,V0432,D0064,R014,2025-09-20T02:55:00,2025-09-20T04:37:00,55,Completed,32.4,W20250920
T09241,V0346,D0157,R059,2025-03-25T02:32:00,2025-03-25T05:11:00,75,Completed,28.3,W20250325
T09242,V0193,D0597,R011,2025-08-30T02:56:00,2025-08-30T07:02:00,85,Completed,20.7,W20250830
T09243,V0316,D0370,R014,2025-11-19T12:40:00,2025-11-19T14:43:00,55,Completed,26.8,W20251119
T09244,V0322,D0654,R054,2025-01-15T23:38:00,2025-01-16T02:26:00,95,Cancelled,33.9,W20250115
T09245,V0141,D0140,R020,2025-05-31T21:07:00,2025-05-31T23:21:00,65,Completed,29.1,W20250531
T09246,V0237,D0612,R046,2025-07-22T03:59:00,2025-07-22T06:18:00,70,Cancelled,30.2,W20250722
T09247,V0295,D0558,R030,2025-04-28T02:35:00,2025-04-28T07:23:00,65,Completed,13.5,W20250428
T09248,V0419,D0130,R083,2025-05-25T22:05:00,2025-05-26T00:06:00,75,Completed,37.2,W20250525
T09249,V0189,D0479,R064,2025-01-15T15:28:00,2025-01-15T16:39:00,75,Completed,63.4,W20250115
T09250,V0031,D0384,R067,2025-03-07T20:29:00,2025-03-08T00:57:00,55,Completed,12.3,W20250307
T09251,V0490,D0467,R036,2025-12-06T09:41:00,2025-12-06T10:39:00,75,Completed,77.6,W20251206
T09252,V0114,D0091,R023,2025-08-06T01:10:00,2025-08-06T03:15:00,95,Cancelled,45.6,W20250806
T09253,V0304,D0172,R066,2025-08-26T02:06:00,2025-08-26T05:17:00,85,Completed,26.7,W20250826
T09254,V0023,D0647,R034,2025-07-04T21:59:00,2025-07-04T23:42:00,70,Completed,40.8,W20250704
T09255,V0123,D0462,R058,2025-10-18T09:04:00,2025-10-18T10:19:00,95,Cancelled,76.0,W20251018
T09256,V0415,D0484,R049,2025-04-13T07:42:00,2025-04-13T10:36:00,85,Completed,29.3,W20250413
T09257,V0332,D0481,R093,2025-06-15T07:26:00,2025-06-15T10:31:00,65,Completed,21.1,W20250615
T09258,V0310,D0336,R049,2025-04-08T04:08:00,2025-04-08T07:57:00,85,Cancelled,22.3,W20250408
T09259,V0334,D0486,R019,2025-08-19T04:22:00,2025-08-19T08:49:00,55,Completed,12.4,W20250819
T09260,V0449,D0342,R098,2025-08-31T09:20:00,2025-08-31T12:38:00,75,Completed,22.7,W20250831
T09261,V0404,D0663,R055,2025-10-08T20:03:00,2025-10-08T20:58:00,55,Completed,60.0,W20251008
T09262,V0112,D0122,R095,2025-12-08T16:24:00,2025-12-08T17:24:00,85,Completed,85.0,W20251208
T09263,V0266,D0594,R074,2025-11-03T09:49:00,2025-11-03T14:11:00,95,Completed,21.8,W20251103
T09264,V0433,D0613,R093,2025-06-11T19:23:00,2025-06-11T23:55:00,65,Completed,14.3,W20250611
T09265,V0077,D0450,R081,2025-07-08T02:25:00,2025-07-08T07:20:00,55,Cancelled,11.2,W20250708
T09266,V0136,D0558,R094,2025-11-03T14:17:00,2025-11-03T17:37:00,70,Cancelled,21.0,W20251103
T09267,V0181,D0358,R007,2025-10-06T12:51:00,2025-10-06T15:24:00,70,Completed,27.5,W20251006
T09268,V0151,D0578,R042,2025-02-12T03:12:00,2025-02-12T04:00:00,75,Cancelled,93.8,W20250212
T09269,V0209,D0689,R094,2025-06-27T05:46:00,2025-06-27T10:10:00,70,Completed,15.9,W20250627
T09270,V0052,D0525,R006,2025-07-17T09:51:00,2025-07-17T12:59:00,95,Completed,30.3,W20250717
T09271,V0420,D0584,R011,2025-10-27T20:47:00,2025-10-27T22:24:00,85,Completed,52.6,W20251027
T09272,V0404,D0544,R085,2025-10-09T03:04:00,2025-10-09T08:04:00,55,Cancelled,11.0,W20251009
T09273,V0083,D0329,R054,2025-08-10T04:00:00,2025-08-10T07:24:00,95,Completed,27.9,W20250810
T09274,V0443,D0548,R013,2025-06-18T01:47:00,2025-06-18T05:44:00,65,Cancelled,16.5,W20250618
T09275,V0484,D0169,R058,2025-07-18T02:14:00,2025-07-18T05:08:00,95,Completed,32.8,W20250718
T09276,V0489,D0459,R019,2025-10-06T23:28:00,2025-10-07T00:32:00,55,Completed,51.6,W20251006
T09277,V0370,D0076,R058,2025-02-17T08:03:00,2025-02-17T10:02:00,95,Completed,47.9,W20250217
T09278,V0151,D0572,R078,2025-04-07T02:46:00,2025-04-07T07:30:00,75,Completed,15.8,W20250407
T09279,V0259,D0416,R094,2025-03-29T08:49:00,2025-03-29T12:56:00,70,Cancelled,17.0,W20250329
T09280,V0425,D0559,R074,2025-04-22T09:13:00,2025-04-22T13:26:00,95,Completed,22.5,W20250422
T09281,V0417,D0052,R016,2025-08-31T23:53:00,2025-09-01T00:53:00,65,Completed,65.0,W20250831
T09282,V0200,D0152,R031,2025-05-25T11:00:00,2025-05-25T12:00:00,65,Cancelled,65.0,W20250525
T09283,V0092,D0266,R074,2025-07-31T21:47:00,2025-07-31T23:10:00,95,Completed,68.7,W20250731
T09284,V0345,D0649,R007,2025-03-13T06:21:00,2025-03-13T10:07:00,70,Completed,18.6,W20250313
T09285,V0020,D0536,R081,2025-09-15T20:24:00,2025-09-16T00:12:00,55,Completed,14.5,W20250915
T09286,V0324,D0476,R026,2025-07-29T04:01:00,2025-07-29T05:06:00,70,Cancelled,64.6,W20250729
T09287,V0199,D0200,R009,2025-11-16T07:34:00,2025-11-16T11:53:00,65,Completed,15.1,W20251116
T09288,V0320,D0266,R057,2025-10-09T07:43:00,2025-10-09T12:26:00,75,Completed,15.9,W20251009
T09289,V0082,D0440,R045,2025-11-22T13:20:00,2025-11-22T17:42:00,70,Completed,16.0,W20251122
T09290,V0012,D0656,R051,2025-12-12T03:10:00,2025-12-12T06:38:00,70,Completed,20.2,W20251212
T09291,V0363,D0441,R073,2025-12-26T04:07:00,2025-12-26T06:22:00,85,Completed,37.8,W20251226
T09292,V0465,D0268,R007,2025-05-03T14:10:00,2025-05-03T15:50:00,70,Completed,42.0,W20250503
T09293,V0252,D0562,R037,2025-11-24T10:40:00,2025-11-24T11:55:00,95,Cancelled,76.0,W20251124
T09294,V0341,D0068,R097,2025-09-24T01:52:00,2025-09-24T02:38:00,65,Completed,84.8,W20250924
T09295,V0141,D0149,R080,2025-08-09T00:36:00,2025-08-09T03:25:00,75,Cancelled,26.6,W20250809
T09296,V0093,D0317,R052,2025-11-14T18:09:00,2025-11-14T20:11:00,65,Completed,32.0,W20251114
T09297,V0349,D0227,R036,2025-02-02T16:29:00,2025-02-02T20:32:00,75,Completed,18.5,W20250202
T09298,V0498,D0492,R069,2025-11-13T02:17:00,2025-11-13T03:40:00,70,Completed,50.6,W20251113
T09299,V0253,D0421,R070,2025-02-15T07:45:00,2025-02-15T10:14:00,55,Cancelled,22.1,W20250215
T09300,V0370,D0632,R047,2025-03-30T00:10:00,2025-03-30T03:56:00,55,Cancelled,14.6,W20250330
T09301,V0122,D0206,R090,2025-10-30T13:28:00,2025-10-30T17:35:00,85,Cancelled,20.6,W20251030
T09302,V0349,D0248,R089,2025-07-20T19:40:00,2025-07-20T21:59:00,85,Completed,36.7,W20250720
T09303,V0498,D0099,R011,2025-01-31T08:20:00,2025-01-31T12:49:00,85,Completed,19.0,W20250131
T09304,V0272,D0473,R086,2025-12-07T20:19:00,2025-12-07T21:43:00,65,Completed,46.4,W20251207
T09305,V0112,D0494,R049,2025-01-21T05:53:00,2025-01-21T10:05:00,85,Completed,20.2,W20250121
T09306,V0389,D0497,R075,2025-08-31T05:47:00,2025-08-31T10:28:00,85,Completed,18.1,W20250831
T09307,V0230,D0153,R060,2025-12-31T17:44:00,2025-12-31T20:53:00,85,Completed,27.0,W20251231
T09308,V0035,D0440,R061,2025-02-14T23:24:00,2025-02-15T02:51:00,75,Cancelled,21.7,W20250214
T09309,V0400,D0284,R021,2025-05-07T20:21:00,2025-05-07T21:30:00,75,Completed,65.2,W20250507
T09310,V0231,D0664,R014,2025-01-28T08:34:00,2025-01-28T11:43:00,55,Completed,17.5,W20250128
T09311,V0004,D0182,R064,2025-09-20T17:50:00,2025-09-20T19:30:00,75,Completed,45.0,W20250920
T09312,V0418,D0304,R046,2025-05-24T04:31:00,2025-05-24T07:11:00,70,Completed,26.2,W20250524
T09313,V0154,D0098,R017,2025-09-06T04:51:00,2025-09-06T09:48:00,95,Completed,19.2,W20250906
T09314,V0003,D0063,R051,2025-06-20T22:43:00,2025-06-21T01:06:00,70,Completed,29.4,W20250620
T09315,V0454,D0066,R082,2025-06-04T20:19:00,2025-06-04T22:35:00,75,Completed,33.1,W20250604
T09316,V0499,D0541,R063,2025-02-13T17:18:00,2025-02-13T22:02:00,75,Cancelled,15.8,W20250213
T09317,V0296,D0059,R095,2025-09-02T16:54:00,2025-09-02T21:09:00,85,Cancelled,20.0,W20250902
T09318,V0113,D0469,R020,2025-11-05T18:50:00,2025-11-05T20:00:00,65,Completed,55.7,W20251105
T09319,V0184,D0445,R021,2025-06-09T15:49:00,2025-06-09T19:05:00,75,Completed,23.0,W20250609
T09320,V0275,D0295,R090,2025-07-28T16:56:00,2025-07-28T18:05:00,85,Completed,73.9,W20250728
T09321,V0050,D0390,R066,2025-02-04T18:28:00,2025-02-04T22:55:00,85,Cancelled,19.1,W20250204
T09322,V0399,D0175,R032,2025-01-28T01:16:00,2025-01-28T05:04:00,75,Completed,19.7,W20250128
T09323,V0329,D0653,R015,2025-12-28T00:14:00,2025-12-28T04:24:00,75,Completed,18.0,W20251228
T09324,V0385,D0368,R098,2025-06-13T12:22:00,2025-06-13T17:01:00,75,Cancelled,16.1,W20250613
T09325,V0197,D0512,R034,2025-04-04T20:40:00,2025-04-04T21:36:00,70,Completed,75.0,W20250404
T09326,V0388,D0647,R006,2025-04-12T13:38:00,2025-04-12T14:25:00,95,Cancelled,121.3,W20250412
T09327,V0419,D0205,R072,2025-08-30T12:18:00,2025-08-30T14:48:00,75,Completed,30.0,W20250830
T09328,V0062,D0404,R002,2025-08-14T18:55:00,2025-08-14T20:33:00,75,Completed,45.9,W20250814
T09329,V0069,D0332,R068,2025-05-15T00:23:00,2025-05-15T03:54:00,95,Completed,27.0,W20250515
T09330,V0145,D0252,R085,2025-06-20T22:29:00,2025-06-21T01:58:00,55,Cancelled,15.8,W20250620
T09331,V0213,D0536,R035,2025-01-25T12:18:00,2025-01-25T15:34:00,95,Completed,29.1,W20250125
T09332,V0496,D0676,R083,2025-06-07T13:26:00,2025-06-07T16:54:00,75,Completed,21.6,W20250607
T09333,V0320,D0204,R040,2025-12-25T21:23:00,2025-12-25T23:33:00,95,Completed,43.8,W20251225
T09334,V0439,D0026,R092,2025-02-13T16:02:00,2025-02-13T17:02:00,70,Completed,70.0,W20250213
T09335,V0388,D0437,R072,2025-02-08T15:30:00,2025-02-08T18:26:00,75,Completed,25.6,W20250208
T09336,V0166,D0117,R025,2025-12-29T06:38:00,2025-12-29T09:15:00,75,Completed,28.7,W20251229
T09337,V0340,D0614,R059,2025-06-25T10:49:00,2025-06-25T13:38:00,75,Completed,26.6,W20250625
T09338,V0429,D0327,R094,2025-03-26T15:33:00,2025-03-26T18:11:00,70,Completed,26.6,W20250326
T09339,V0139,D0079,R007,2025-02-07T23:37:00,2025-02-08T02:36:00,70,Completed,23.5,W20250207
T09340,V0115,D0164,R031,2025-11-30T19:40:00,2025-11-30T21:51:00,65,Completed,29.8,W20251130
T09341,V0060,D0691,R073,2025-07-06T10:02:00,2025-07-06T13:16:00,85,Completed,26.3,W20250706
T09342,V0174,D0251,R084,2025-08-15T14:33:00,2025-08-15T15:34:00,85,Cancelled,83.6,W20250815
T09343,V0414,D0645,R072,2025-06-02T17:52:00,2025-06-02T22:30:00,75,Completed,16.2,W20250602
T09344,V0168,D0191,R002,2025-08-26T14:48:00,2025-08-26T18:59:00,75,Cancelled,17.9,W20250826
T09345,V0146,D0272,R083,2025-09-04T13:30:00,2025-09-04T17:18:00,75,Completed,19.7,W20250904
T09346,V0474,D0678,R052,2025-11-13T04:21:00,2025-11-13T08:33:00,65,Completed,15.5,W20251113
T09347,V0267,D0555,R065,2025-10-17T02:01:00,2025-10-17T03:12:00,70,Completed,59.2,W20251017
T09348,V0133,D0320,R087,2025-10-18T15:35:00,2025-10-18T19:55:00,55,Completed,12.7,W20251018
T09349,V0011,D0307,R063,2025-04-25T16:33:00,2025-04-25T17:31:00,75,Completed,77.6,W20250425
T09350,V0462,D0548,R084,2025-05-22T06:13:00,2025-05-22T08:45:00,85,Completed,33.6,W20250522
T09351,V0100,D0226,R087,2025-12-18T05:32:00,2025-12-18T08:02:00,55,Cancelled,22.0,W20251218
T09352,V0440,D0050,R049,2025-09-06T03:33:00,2025-09-06T04:35:00,85,Completed,82.3,W20250906
T09353,V0290,D0334,R088,2025-06-08T13:51:00,2025-06-08T15:02:00,95,Cancelled,80.3,W20250608
T09354,V0014,D0579,R080,2025-11-22T11:08:00,2025-11-22T12:36:00,75,Completed,51.1,W20251122
T09355,V0194,D0134,R003,2025-01-27T17:21:00,2025-01-27T21:47:00,85,Cancelled,19.2,W20250127
T09356,V0360,D0057,R030,2025-10-23T22:54:00,2025-10-24T00:42:00,65,Completed,36.1,W20251023
T09357,V0215,D0095,R034,2025-11-03T04:29:00,2025-11-03T07:07:00,70,Completed,26.6,W20251103
T09358,V0398,D0096,R091,2025-03-10T03:58:00,2025-03-10T04:51:00,70,Completed,79.2,W20250310
T09359,V0434,D0334,R039,2025-08-02T12:45:00,2025-08-02T14:54:00,55,Completed,25.6,W20250802
T09360,V0164,D0072,R078,2025-08-21T23:58:00,2025-08-22T03:45:00,75,Completed,19.8,W20250821
T09361,V0399,D0242,R081,2025-03-06T09:23:00,2025-03-06T13:30:00,55,Completed,13.4,W20250306
T09362,V0495,D0318,R022,2025-09-19T12:46:00,2025-09-19T15:37:00,70,Completed,24.6,W20250919
T09363,V0112,D0445,R006,2025-09-27T04:22:00,2025-09-27T06:11:00,95,Completed,52.3,W20250927
T09364,V0159,D0324,R029,2025-06-30T19:11:00,2025-06-30T22:42:00,70,Cancelled,19.9,W20250630
T09365,V0115,D0435,R028,2025-09-04T16:00:00,2025-09-04T20:02:00,85,Completed,21.1,W20250904
T09366,V0135,D0060,R064,2025-06-10T04:45:00,2025-06-10T07:10:00,75,Completed,31.0,W20250610
T09367,V0290,D0451,R046,2025-09-13T16:27:00,2025-09-13T18:22:00,70,Cancelled,36.5,W20250913
T09368,V0130,D0434,R034,2025-10-29T14:20:00,2025-10-29T18:43:00,70,Cancelled,16.0,W20251029
T09369,V0270,D0516,R093,2025-03-14T19:08:00,2025-03-14T23:07:00,65,Completed,16.3,W20250314
T09370,V0360,D0663,R053,2025-04-30T15:48:00,2025-04-30T19:47:00,55,Cancelled,13.8,W20250430
T09371,V0469,D0066,R027,2025-08-15T12:03:00,2025-08-15T16:45:00,85,Completed,18.1,W20250815
T09372,V0216,D0461,R098,2025-02-07T15:54:00,2025-02-07T17:34:00,75,Completed,45.0,W20250207
T09373,V0452,D0311,R089,2025-09-24T01:23:00,2025-09-24T06:08:00,85,Completed,17.9,W20250924
T09374,V0244,D0254,R056,2025-07-24T12:37:00,2025-07-24T16:30:00,95,Completed,24.5,W20250724
T09375,V0098,D0091,R037,2025-03-16T08:36:00,2025-03-16T10:07:00,95,Completed,62.6,W20250316
T09376,V0126,D0349,R065,2025-07-25T23:43:00,2025-07-26T04:18:00,70,Completed,15.3,W20250725
T09377,V0180,D0212,R059,2025-08-24T23:09:00,2025-08-25T00:15:00,75,Completed,68.2,W20250824
T09378,V0331,D0584,R022,2025-06-26T15:57:00,2025-06-26T19:19:00,70,Completed,20.8,W20250626
T09379,V0069,D0287,R012,2025-06-20T12:46:00,2025-06-20T15:41:00,95,Cancelled,32.6,W20250620
T09380,V0374,D0338,R067,2025-06-01T03:25:00,2025-06-01T06:22:00,55,Completed,18.6,W20250601
T09381,V0322,D0125,R041,2025-10-01T11:15:00,2025-10-01T12:06:00,65,Cancelled,76.5,W20251001
T09382,V0169,D0176,R043,2025-09-28T10:13:00,2025-09-28T14:15:00,65,Completed,16.1,W20250928
T09383,V0175,D0463,R079,2025-11-25T10:42:00,2025-11-25T13:17:00,70,Cancelled,27.1,W20251125
T09384,V0280,D0442,R088,2025-09-24T19:50:00,2025-09-24T20:51:00,95,Completed,93.4,W20250924
T09385,V0187,D0128,R034,2025-10-04T19:38:00,2025-10-04T21:54:00,70,Completed,30.9,W20251004
T09386,V0247,D0463,R027,2025-09-13T15:35:00,2025-09-13T16:51:00,85,Completed,67.1,W20250913
T09387,V0445,D0176,R039,2025-01-16T09:08:00,2025-01-16T10:03:00,55,Completed,60.0,W20250116
T09388,V0007,D0640,R020,2025-04-12T09:48:00,2025-04-12T13:29:00,65,Cancelled,17.6,W20250412
T09389,V0220,D0109,R035,2025-05-28T04:34:00,2025-05-28T07:05:00,95,Completed,37.7,W20250528
T09390,V0451,D0159,R009,2025-01-14T13:23:00,2025-01-14T16:47:00,65,Completed,19.1,W20250114
T09391,V0473,D0122,R081,2025-08-03T09:45:00,2025-08-03T11:53:00,55,Completed,25.8,W20250803
T09392,V0058,D0008,R030,2025-12-15T23:26:00,2025-12-16T00:16:00,65,Completed,78.0,W20251215
T09393,V0483,D0392,R100,2025-07-17T11:49:00,2025-07-17T13:52:00,75,Completed,36.6,W20250717
T09394,V0461,D0030,R093,2025-09-09T13:12:00,2025-09-09T14:48:00,65,Completed,40.6,W20250909
T09395,V0386,D0466,R001,2025-08-17T00:15:00,2025-08-17T04:32:00,85,Cancelled,19.8,W20250817
T09396,V0496,D0596,R062,2025-03-15T21:16:00,2025-03-15T22:25:00,70,Completed,60.9,W20250315
T09397,V0035,D0531,R093,2025-03-07T15:35:00,2025-03-07T16:48:00,65,Completed,53.4,W20250307
T09398,V0134,D0480,R037,2025-11-13T22:36:00,2025-11-14T02:51:00,95,Completed,22.4,W20251113
T09399,V0184,D0363,R043,2025-07-19T09:00:00,2025-07-19T09:49:00,65,Completed,79.6,W20250719
T09400,V0148,D0305,R017,2025-10-05T18:07:00,2025-10-05T21:44:00,95,Completed,26.3,W20251005
T09401,V0365,D0274,R054,2025-04-26T00:26:00,2025-04-26T02:02:00,95,Completed,59.4,W20250426
T09402,V0185,D0522,R008,2025-03-23T06:51:00,2025-03-23T10:55:00,75,Completed,18.4,W20250323
T09403,V0469,D0185,R045,2025-09-29T23:11:00,2025-09-30T01:29:00,70,Completed,30.4,W20250929
T09404,V0293,D0387,R062,2025-05-10T08:46:00,2025-05-10T10:39:00,70,Completed,37.2,W20250510
T09405,V0347,D0009,R051,2025-09-17T09:10:00,2025-09-17T12:24:00,70,Completed,21.6,W20250917
T09406,V0158,D0320,R011,2025-07-05T11:47:00,2025-07-05T13:51:00,85,Completed,41.1,W20250705
T09407,V0126,D0664,R074,2025-12-01T13:55:00,2025-12-01T15:57:00,95,Cancelled,46.7,W20251201
T09408,V0265,D0204,R065,2025-06-18T13:57:00,2025-06-18T18:49:00,70,Completed,14.4,W20250618
T09409,V0473,D0051,R020,2025-10-16T09:05:00,2025-10-16T12:37:00,65,Completed,18.4,W20251016
T09410,V0218,D0585,R018,2025-01-10T14:44:00,2025-01-10T18:54:00,85,Completed,20.4,W20250110
T09411,V0390,D0331,R012,2025-01-23T23:02:00,2025-01-24T01:52:00,95,Completed,33.5,W20250123
T09412,V0455,D0159,R052,2025-05-27T03:27:00,2025-05-27T07:19:00,65,Completed,16.8,W20250527
T09413,V0130,D0462,R070,2025-10-23T01:29:00,2025-10-23T03:54:00,55,Completed,22.8,W20251023
T09414,V0106,D0366,R005,2025-09-13T22:50:00,2025-09-14T03:18:00,65,Completed,14.6,W20250913
T09415,V0267,D0609,R092,2025-07-19T17:21:00,2025-07-19T18:26:00,70,Completed,64.6,W20250719
T09416,V0018,D0216,R064,2025-03-05T05:42:00,2025-03-05T08:22:00,75,Completed,28.1,W20250305
T09417,V0328,D0586,R058,2025-01-16T10:50:00,2025-01-16T12:37:00,95,Completed,53.3,W20250116
T09418,V0408,D0214,R004,2025-05-12T19:11:00,2025-05-13T00:11:00,65,Completed,13.0,W20250512
T09419,V0402,D0060,R008,2025-07-27T01:44:00,2025-07-27T06:08:00,75,Completed,17.0,W20250727
T09420,V0065,D0489,R091,2025-08-07T08:52:00,2025-08-07T10:15:00,70,Cancelled,50.6,W20250807
T09421,V0231,D0661,R050,2025-10-27T15:29:00,2025-10-27T17:15:00,95,Completed,53.8,W20251027
T09422,V0184,D0521,R012,2025-03-10T02:40:00,2025-03-10T04:12:00,95,Completed,62.0,W20250310
T09423,V0240,D0006,R078,2025-09-03T17:57:00,2025-09-03T19:43:00,75,Completed,42.5,W20250903
T09424,V0028,D0368,R077,2025-10-03T10:39:00,2025-10-03T11:40:00,85,Completed,83.6,W20251003
T09425,V0432,D0678,R076,2025-04-27T23:59:00,2025-04-28T04:10:00,95,Completed,22.7,W20250427
T09426,V0027,D0579,R021,2025-05-18T18:33:00,2025-05-18T22:41:00,75,Cancelled,18.1,W20250518
T09427,V0187,D0534,R002,2025-03-02T15:42:00,2025-03-02T17:13:00,75,Completed,49.5,W20250302
T09428,V0368,D0268,R080,2025-05-29T05:09:00,2025-05-29T07:36:00,75,Completed,30.6,W20250529
T09429,V0076,D0662,R048,2025-08-18T04:27:00,2025-08-18T08:08:00,75,Cancelled,20.4,W20250818
T09430,V0013,D0408,R016,2025-05-18T18:04:00,2025-05-18T22:16:00,65,Completed,15.5,W20250518
T09431,V0156,D0317,R058,2025-03-14T22:59:00,2025-03-15T02:42:00,95,Completed,25.6,W20250314
T09432,V0135,D0415,R036,2025-09-21T04:01:00,2025-09-21T05:04:00,75,Completed,71.4,W20250921
T09433,V0050,D0366,R039,2025-10-25T15:41:00,2025-10-25T17:00:00,55,Completed,41.8,W20251025
T09434,V0217,D0039,R007,2025-03-31T18:08:00,2025-03-31T19:28:00,70,Cancelled,52.5,W20250331
T09435,V0322,D0433,R003,2025-07-05T15:00:00,2025-07-05T17:16:00,85,Cancelled,37.5,W20250705
T09436,V0337,D0321,R072,2025-12-28T19:44:00,2025-12-28T23:09:00,75,Completed,22.0,W20251228
T09437,V0403,D0335,R075,2025-04-01T02:43:00,2025-04-01T06:00:00,85,Completed,25.9,W20250401
T09438,V0032,D0615,R075,2025-03-13T10:46:00,2025-03-13T13:28:00,85,Completed,31.5,W20250313
T09439,V0093,D0007,R058,2025-04-26T01:15:00,2025-04-26T02:30:00,95,Completed,76.0,W20250426
T09440,V0277,D0501,R005,2025-03-05T23:44:00,2025-03-06T03:50:00,65,Completed,15.9,W20250305
T09441,V0393,D0423,R039,2025-06-10T10:44:00,2025-06-10T12:34:00,55,Cancelled,30.0,W20250610
T09442,V0150,D0624,R025,2025-05-26T00:24:00,2025-05-26T03:05:00,75,Completed,28.0,W20250526
T09443,V0437,D0546,R029,2025-10-09T22:12:00,2025-10-10T01:33:00,70,Completed,20.9,W20251009
T09444,V0038,D0655,R017,2025-03-22T06:22:00,2025-03-22T08:10:00,95,Completed,52.8,W20250322
T09445,V0335,D0668,R033,2025-03-08T22:15:00,2025-03-09T02:33:00,85,Cancelled,19.8,W20250308
T09446,V0243,D0046,R082,2025-05-06T12:41:00,2025-05-06T14:54:00,75,Completed,33.8,W20250506
T09447,V0231,D0240,R048,2025-01-24T06:28:00,2025-01-24T07:57:00,75,Completed,50.6,W20250124
T09448,V0429,D0338,R052,2025-11-13T23:44:00,2025-11-14T03:32:00,65,Cancelled,17.1,W20251113
T09449,V0264,D0203,R026,2025-10-04T20:12:00,2025-10-05T01:11:00,70,Cancelled,14.0,W20251004
T09450,V0398,D0323,R024,2025-12-05T02:44:00,2025-12-05T05:49:00,55,Cancelled,17.8,W20251205
T09451,V0179,D0521,R078,2025-11-18T13:50:00,2025-11-18T18:02:00,75,Completed,17.9,W20251118
T09452,V0352,D0259,R008,2025-12-19T08:19:00,2025-12-19T12:21:00,75,Completed,18.6,W20251219
T09453,V0412,D0488,R088,2025-02-19T08:35:00,2025-02-19T13:33:00,95,Completed,19.1,W20250219
T09454,V0428,D0128,R079,2025-11-10T11:23:00,2025-11-10T15:03:00,70,Cancelled,19.1,W20251110
T09455,V0339,D0217,R027,2025-12-05T14:38:00,2025-12-05T18:36:00,85,Completed,21.4,W20251205
T09456,V0358,D0344,R098,2025-06-25T05:54:00,2025-06-25T07:17:00,75,Cancelled,54.2,W20250625
T09457,V0244,D0162,R034,2025-12-15T17:25:00,2025-12-15T19:39:00,70,Completed,31.3,W20251215
T09458,V0189,D0075,R063,2025-08-19T09:09:00,2025-08-19T13:53:00,75,Completed,15.8,W20250819
T09459,V0210,D0646,R015,2025-10-07T15:31:00,2025-10-07T17:45:00,75,Cancelled,33.6,W20251007
T09460,V0265,D0469,R072,2025-11-13T15:40:00,2025-11-13T17:21:00,75,Completed,44.6,W20251113
T09461,V0395,D0546,R078,2025-04-01T00:01:00,2025-04-01T01:16:00,75,Completed,60.0,W20250401
T09462,V0286,D0030,R070,2025-11-17T03:17:00,2025-11-17T07:16:00,55,Completed,13.8,W20251117
T09463,V0281,D0199,R057,2025-03-20T08:02:00,2025-03-20T11:55:00,75,Completed,19.3,W20250320
T09464,V0397,D0066,R099,2025-12-18T20:09:00,2025-12-18T23:06:00,55,Completed,18.6,W20251218
T09465,V0034,D0291,R014,2025-08-24T13:01:00,2025-08-24T16:47:00,55,Cancelled,14.6,W20250824
T09466,V0492,D0375,R073,2025-01-12T23:27:00,2025-01-13T00:24:00,85,Completed,89.5,W20250112
T09467,V0075,D0473,R075,2025-12-07T06:44:00,2025-12-07T08:59:00,85,Completed,37.8,W20251207
T09468,V0406,D0160,R055,2025-11-27T18:05:00,2025-11-27T22:11:00,55,Completed,13.4,W20251127
T09469,V0258,D0607,R078,2025-02-03T22:54:00,2025-02-04T02:32:00,75,Completed,20.6,W20250203
T09470,V0262,D0297,R081,2025-01-20T13:18:00,2025-01-20T16:20:00,55,Completed,18.1,W20250120
T09471,V0147,D0087,R062,2025-12-11T04:04:00,2025-12-11T08:46:00,70,Completed,14.9,W20251211
T09472,V0015,D0363,R052,2025-04-21T04:33:00,2025-04-21T09:23:00,65,Completed,13.4,W20250421
T09473,V0362,D0583,R004,2025-06-11T19:10:00,2025-06-11T20:20:00,65,Completed,55.7,W20250611
T09474,V0125,D0217,R099,2025-05-11T01:22:00,2025-05-11T02:59:00,55,Completed,34.0,W20250511
T09475,V0371,D0229,R023,2025-11-23T11:53:00,2025-11-23T13:52:00,95,Cancelled,47.9,W20251123
T09476,V0008,D0228,R007,2025-06-02T11:28:00,2025-06-02T12:34:00,70,Completed,63.6,W20250602
T09477,V0404,D0053,R059,2025-05-15T01:06:00,2025-05-15T02:27:00,75,Completed,55.6,W20250515
T09478,V0242,D0450,R056,2025-05-12T10:51:00,2025-05-12T14:42:00,95,Completed,24.7,W20250512
T09479,V0134,D0091,R092,2025-07-26T23:53:00,2025-07-27T01:06:00,70,Completed,57.5,W20250726
T09480,V0423,D0163,R052,2025-08-01T22:32:00,2025-08-01T23:23:00,65,Completed,76.5,W20250801
T09481,V0305,D0352,R073,2025-12-16T07:55:00,2025-12-16T11:10:00,85,Completed,26.2,W20251216
T09482,V0386,D0429,R005,2025-03-17T14:50:00,2025-03-17T15:50:00,65,Completed,65.0,W20250317
T09483,V0020,D0302,R061,2025-10-11T04:37:00,2025-10-11T07:56:00,75,Completed,22.6,W20251011
T09484,V0410,D0664,R094,2025-09-16T21:34:00,2025-09-17T00:15:00,70,Completed,26.1,W20250916
T09485,V0368,D0484,R024,2025-09-02T02:33:00,2025-09-02T05:10:00,55,Completed,21.0,W20250902
T09486,V0044,D0222,R045,2025-12-07T01:53:00,2025-12-07T05:10:00,70,Completed,21.3,W20251207
T09487,V0139,D0242,R059,2025-11-30T20:46:00,2025-11-30T23:01:00,75,Completed,33.3,W20251130
T09488,V0173,D0511,R034,2025-08-29T13:55:00,2025-08-29T14:55:00,70,Completed,70.0,W20250829
T09489,V0331,D0656,R070,2025-08-20T01:32:00,2025-08-20T06:07:00,55,Cancelled,12.0,W20250820
T09490,V0037,D0506,R071,2025-03-18T09:51:00,2025-03-18T13:45:00,95,Completed,24.4,W20250318
T09491,V0207,D0330,R028,2025-06-15T08:55:00,2025-06-15T13:43:00,85,Cancelled,17.7,W20250615
T09492,V0440,D0228,R045,2025-05-28T02:37:00,2025-05-28T07:15:00,70,Completed,15.1,W20250528
T09493,V0025,D0473,R091,2025-11-10T06:23:00,2025-11-10T07:49:00,70,Completed,48.8,W20251110
T09494,V0470,D0592,R081,2025-08-26T00:39:00,2025-08-26T03:05:00,55,Completed,22.6,W20250826
T09495,V0214,D0021,R100,2025-11-07T14:57:00,2025-11-07T17:57:00,75,Completed,25.0,W20251107
T09496,V0115,D0394,R007,2025-05-10T09:31:00,2025-05-10T13:13:00,70,Completed,18.9,W20250510
T09497,V0017,D0124,R013,2025-10-13T13:12:00,2025-10-13T17:03:00,65,Completed,16.9,W20251013
T09498,V0257,D0177,R079,2025-02-08T12:43:00,2025-02-08T13:50:00,70,Completed,62.7,W20250208
T09499,V0210,D0572,R069,2025-09-27T18:54:00,2025-09-27T19:44:00,70,Completed,84.0,W20250927
T09500,V0290,D0294,R052,2025-02-22T13:22:00,2025-02-22T16:11:00,65,Completed,23.1,W20250222
T09501,V0365,D0432,R009,2025-06-12T02:55:00,2025-06-12T05:16:00,65,Completed,27.7,W20250612
T09502,V0084,D0105,R089,2025-04-12T16:32:00,2025-04-12T17:51:00,85,Completed,64.6,W20250412
T09503,V0375,D0693,R023,2025-12-30T17:21:00,2025-12-30T20:06:00,95,Completed,34.5,W20251230
T09504,V0368,D0577,R063,2025-11-22T07:34:00,2025-11-22T11:33:00,75,Completed,18.8,W20251122
T09505,V0398,D0677,R040,2025-10-24T00:22:00,2025-10-24T03:28:00,95,Completed,30.6,W20251024
T09506,V0273,D0189,R020,2025-03-30T00:45:00,2025-03-30T05:02:00,65,Completed,15.2,W20250330
T09507,V0098,D0649,R043,2025-03-21T18:22:00,2025-03-21T19:36:00,65,Completed,52.7,W20250321
T09508,V0123,D0291,R024,2025-02-03T23:45:00,2025-02-04T04:11:00,55,Cancelled,12.4,W20250203
T09509,V0418,D0430,R001,2025-03-16T08:40:00,2025-03-16T12:48:00,85,Completed,20.6,W20250316
T09510,V0259,D0342,R053,2025-05-16T14:35:00,2025-05-16T16:49:00,55,Cancelled,24.6,W20250516
T09511,V0489,D0039,R031,2025-03-02T09:15:00,2025-03-02T13:51:00,65,Completed,14.1,W20250302
T09512,V0393,D0551,R043,2025-12-23T23:34:00,2025-12-24T01:22:00,65,Completed,36.1,W20251223
T09513,V0367,D0652,R024,2025-03-07T06:25:00,2025-03-07T07:53:00,55,Completed,37.5,W20250307
T09514,V0157,D0451,R094,2025-10-24T22:56:00,2025-10-25T02:48:00,70,Completed,18.1,W20251024
T09515,V0445,D0578,R072,2025-01-28T09:38:00,2025-01-28T12:36:00,75,Cancelled,25.3,W20250128
T09516,V0322,D0216,R077,2025-06-25T17:46:00,2025-06-25T19:11:00,85,Cancelled,60.0,W20250625
T09517,V0065,D0195,R064,2025-06-08T12:37:00,2025-06-08T14:55:00,75,Completed,32.6,W20250608
T09518,V0491,D0492,R073,2025-02-01T03:56:00,2025-02-01T05:43:00,85,Cancelled,47.7,W20250201
T09519,V0207,D0153,R053,2025-01-20T04:02:00,2025-01-20T06:40:00,55,Cancelled,20.9,W20250120
T09520,V0328,D0355,R096,2025-02-22T21:01:00,2025-02-23T00:21:00,95,Cancelled,28.5,W20250222
T09521,V0197,D0135,R100,2025-06-27T09:05:00,2025-06-27T12:14:00,75,Cancelled,23.8,W20250627
T09522,V0280,D0198,R009,2025-05-28T21:52:00,2025-05-28T23:32:00,65,Completed,39.0,W20250528
T09523,V0131,D0411,R056,2025-07-20T09:59:00,2025-07-20T13:23:00,95,Completed,27.9,W20250720
T09524,V0296,D0453,R082,2025-10-13T10:06:00,2025-10-13T13:57:00,75,Cancelled,19.5,W20251013
T09525,V0131,D0470,R055,2025-01-01T04:08:00,2025-01-01T07:35:00,55,Completed,15.9,W20250101
T09526,V0267,D0288,R047,2025-05-17T20:46:00,2025-05-18T00:29:00,55,Completed,14.8,W20250517
T09527,V0003,D0649,R016,2025-06-27T13:41:00,2025-06-27T18:09:00,65,Completed,14.6,W20250627
T09528,V0364,D0004,R096,2025-10-31T04:50:00,2025-10-31T05:45:00,95,Completed,103.6,W20251031
T09529,V0005,D0181,R029,2025-01-07T20:28:00,2025-01-07T21:20:00,70,Cancelled,80.8,W20250107
T09530,V0024,D0384,R061,2025-03-02T10:36:00,2025-03-02T12:55:00,75,Cancelled,32.4,W20250302
T09531,V0137,D0510,R008,2025-10-09T20:04:00,2025-10-10T00:26:00,75,Completed,17.2,W20251009
T09532,V0221,D0111,R055,2025-07-10T10:34:00,2025-07-10T14:40:00,55,Completed,13.4,W20250710
T09533,V0180,D0485,R040,2025-12-29T21:47:00,2025-12-30T02:45:00,95,Completed,19.1,W20251229
T09534,V0323,D0425,R044,2025-05-09T01:55:00,2025-05-09T04:44:00,70,Cancelled,24.9,W20250509
T09535,V0043,D0649,R060,2025-01-17T18:08:00,2025-01-17T19:16:00,85,Completed,75.0,W20250117
T09536,V0350,D0662,R049,2025-06-23T14:55:00,2025-06-23T19:51:00,85,Completed,17.2,W20250623
T09537,V0307,D0033,R055,2025-07-14T03:52:00,2025-07-14T05:40:00,55,Completed,30.6,W20250714
T09538,V0281,D0404,R039,2025-10-03T02:17:00,2025-10-03T03:17:00,55,Completed,55.0,W20251003
T09539,V0045,D0224,R087,2025-12-05T12:41:00,2025-12-05T16:00:00,55,Completed,16.6,W20251205
T09540,V0067,D0500,R061,2025-01-12T18:05:00,2025-01-12T22:06:00,75,Completed,18.7,W20250112
T09541,V0487,D0649,R039,2025-12-08T09:46:00,2025-12-08T11:46:00,55,Completed,27.5,W20251208
T09542,V0165,D0100,R058,2025-12-04T03:21:00,2025-12-04T04:26:00,95,Completed,87.7,W20251204
T09543,V0073,D0568,R084,2025-06-14T21:20:00,2025-06-15T02:11:00,85,Completed,17.5,W20250614
T09544,V0473,D0169,R066,2025-06-24T00:59:00,2025-06-24T02:29:00,85,Cancelled,56.7,W20250624
T09545,V0081,D0542,R004,2025-02-10T16:00:00,2025-02-10T20:51:00,65,Completed,13.4,W20250210
T09546,V0012,D0682,R045,2025-10-29T13:16:00,2025-10-29T15:36:00,70,Completed,30.0,W20251029
T09547,V0202,D0659,R058,2025-10-07T12:47:00,2025-10-07T17:24:00,95,Completed,20.6,W20251007
T09548,V0069,D0115,R018,2025-09-18T12:37:00,2025-09-18T15:35:00,85,Completed,28.7,W20250918
T09549,V0085,D0528,R045,2025-05-30T02:45:00,2025-05-30T06:28:00,70,Completed,18.8,W20250530
T09550,V0157,D0326,R090,2025-12-19T13:41:00,2025-12-19T18:39:00,85,Completed,17.1,W20251219
T09551,V0406,D0236,R062,2025-04-12T14:47:00,2025-04-12T16:36:00,70,Completed,38.5,W20250412
T09552,V0105,D0630,R021,2025-12-05T12:36:00,2025-12-05T14:25:00,75,Cancelled,41.3,W20251205
T09553,V0450,D0062,R004,2025-10-11T20:20:00,2025-10-12T00:16:00,65,Cancelled,16.5,W20251011
T09554,V0170,D0104,R038,2025-11-10T21:12:00,2025-11-11T00:39:00,95,Completed,27.5,W20251110
T09555,V0047,D0279,R039,2025-08-14T23:18:00,2025-08-15T00:28:00,55,Completed,47.1,W20250814
T09556,V0381,D0519,R075,2025-02-11T02:07:00,2025-02-11T05:44:00,85,Completed,23.5,W20250211
T09557,V0119,D0062,R046,2025-04-07T14:58:00,2025-04-07T18:55:00,70,Completed,17.7,W20250407
T09558,V0012,D0260,R013,2025-08-23T05:27:00,2025-08-23T09:41:00,65,Completed,15.4,W20250823
T09559,V0363,D0063,R077,2025-01-20T23:26:00,2025-01-21T03:49:00,85,Completed,19.4,W20250120
T09560,V0409,D0302,R087,2025-10-11T11:18:00,2025-10-11T13:19:00,55,Completed,27.3,W20251011
T09561,V0005,D0698,R055,2025-01-09T13:39:00,2025-01-09T14:52:00,55,Completed,45.2,W20250109
T09562,V0381,D0077,R038,2025-03-04T20:52:00,2025-03-04T21:54:00,95,Completed,91.9,W20250304
T09563,V0383,D0535,R019,2025-12-07T00:17:00,2025-12-07T03:56:00,55,Completed,15.1,W20251207
T09564,V0336,D0381,R063,2025-06-05T09:43:00,2025-06-05T10:38:00,75,Completed,81.8,W20250605
T09565,V0180,D0677,R054,2025-03-08T07:34:00,2025-03-08T11:13:00,95,Cancelled,26.0,W20250308
T09566,V0090,D0401,R074,2025-02-07T04:51:00,2025-02-07T05:40:00,95,Completed,116.3,W20250207
T09567,V0080,D0037,R078,2025-08-20T15:13:00,2025-08-20T17:30:00,75,Completed,32.8,W20250820
T09568,V0143,D0464,R068,2025-11-27T09:26:00,2025-11-27T10:29:00,95,Completed,90.5,W20251127
T09569,V0361,D0578,R001,2025-08-04T00:22:00,2025-08-04T03:39:00,85,Cancelled,25.9,W20250804
T09570,V0380,D0417,R024,2025-02-13T23:56:00,2025-02-14T03:38:00,55,Completed,14.9,W20250213
T09571,V0359,D0179,R025,2025-11-06T05:03:00,2025-11-06T08:26:00,75,Completed,22.2,W20251106
T09572,V0473,D0662,R011,2025-05-23T18:50:00,2025-05-23T21:15:00,85,Cancelled,35.2,W20250523
T09573,V0185,D0019,R016,2025-04-06T08:37:00,2025-04-06T11:00:00,65,Completed,27.3,W20250406
T09574,V0142,D0083,R020,2025-11-08T05:38:00,2025-11-08T10:33:00,65,Completed,13.2,W20251108
T09575,V0156,D0005,R064,2025-02-28T12:04:00,2025-02-28T16:45:00,75,Completed,16.0,W20250228
T09576,V0183,D0276,R089,2025-12-05T06:43:00,2025-12-05T08:22:00,85,Completed,51.5,W20251205
T09577,V0417,D0464,R067,2025-09-07T17:13:00,2025-09-07T18:38:00,55,Completed,38.8,W20250907
T09578,V0106,D0097,R075,2025-03-31T03:20:00,2025-03-31T07:48:00,85,Completed,19.0,W20250331
T09579,V0079,D0378,R077,2025-04-23T22:07:00,2025-04-24T02:36:00,85,Cancelled,19.0,W20250423
T09580,V0078,D0268,R089,2025-08-31T00:36:00,2025-08-31T02:45:00,85,Completed,39.5,W20250831
T09581,V0484,D0144,R050,2025-05-20T08:23:00,2025-05-20T10:14:00,95,Completed,51.4,W20250520
T09582,V0086,D0626,R021,2025-06-13T19:11:00,2025-06-13T22:55:00,75,Completed,20.1,W20250613
T09583,V0440,D0619,R044,2025-10-27T01:09:00,2025-10-27T05:52:00,70,Completed,14.8,W20251027
T09584,V0353,D0112,R001,2025-09-19T09:44:00,2025-09-19T11:18:00,85,Completed,54.3,W20250919
T09585,V0435,D0599,R056,2025-08-31T14:25:00,2025-08-31T19:03:00,95,Cancelled,20.5,W20250831
T09586,V0069,D0341,R097,2025-03-02T01:58:00,2025-03-02T06:40:00,65,Completed,13.8,W20250302
T09587,V0483,D0131,R032,2025-11-28T18:02:00,2025-11-28T21:49:00,75,Completed,19.8,W20251128
T09588,V0370,D0628,R015,2025-05-13T04:59:00,2025-05-13T06:04:00,75,Completed,69.2,W20250513
T09589,V0187,D0159,R023,2025-01-15T00:51:00,2025-01-15T02:41:00,95,Completed,51.8,W20250115
T09590,V0258,D0529,R071,2025-08-03T18:38:00,2025-08-03T21:23:00,95,Cancelled,34.5,W20250803
T09591,V0489,D0506,R029,2025-01-19T18:04:00,2025-01-19T20:31:00,70,Completed,28.6,W20250119
T09592,V0186,D0112,R048,2025-08-26T17:24:00,2025-08-26T19:31:00,75,Completed,35.4,W20250826
T09593,V0088,D0244,R051,2025-06-09T01:45:00,2025-06-09T03:47:00,70,Completed,34.4,W20250609
T09594,V0488,D0316,R051,2025-08-01T14:57:00,2025-08-01T17:03:00,70,Completed,33.3,W20250801
T09595,V0286,D0084,R086,2025-08-21T13:08:00,2025-08-21T17:32:00,65,Completed,14.8,W20250821
T09596,V0224,D0087,R088,2025-04-05T13:20:00,2025-04-05T17:42:00,95,Completed,21.8,W20250405
T09597,V0317,D0240,R087,2025-10-19T08:22:00,2025-10-19T11:59:00,55,Cancelled,15.2,W20251019
T09598,V0427,D0380,R061,2025-06-04T03:46:00,2025-06-04T04:41:00,75,Completed,81.8,W20250604
T09599,V0130,D0350,R030,2025-02-16T12:52:00,2025-02-16T14:25:00,65,Cancelled,41.9,W20250216
T09600,V0371,D0216,R058,2025-02-18T08:03:00,2025-02-18T09:13:00,95,Completed,81.4,W20250218
T09601,V0187,D0406,R020,2025-10-14T13:55:00,2025-10-14T15:11:00,65,Cancelled,51.3,W20251014
T09602,V0210,D0472,R085,2025-08-20T00:41:00,2025-08-20T02:29:00,55,Completed,30.6,W20250820
T09603,V0191,D0037,R041,2025-04-23T05:13:00,2025-04-23T07:45:00,65,Completed,25.7,W20250423
T09604,V0049,D0661,R074,2025-02-24T23:44:00,2025-02-25T02:18:00,95,Completed,37.0,W20250224
T09605,V0082,D0257,R076,2025-09-04T09:03:00,2025-09-04T13:59:00,95,Cancelled,19.3,W20250904
T09606,V0319,D0604,R017,2025-09-09T11:01:00,2025-09-09T14:29:00,95,Completed,27.4,W20250909
T09607,V0381,D0489,R014,2025-10-02T02:05:00,2025-10-02T04:30:00,55,Completed,22.8,W20251002
T09608,V0304,D0272,R055,2025-08-08T12:27:00,2025-08-08T16:36:00,55,Completed,13.3,W20250808
T09609,V0371,D0164,R058,2025-03-11T08:46:00,2025-03-11T13:28:00,95,Cancelled,20.2,W20250311
T09610,V0193,D0330,R063,2025-07-31T20:52:00,2025-08-01T00:05:00,75,Completed,23.3,W20250731
T09611,V0084,D0597,R096,2025-11-24T05:00:00,2025-11-24T09:32:00,95,Completed,21.0,W20251124
T09612,V0343,D0617,R022,2025-11-21T09:31:00,2025-11-21T13:23:00,70,Cancelled,18.1,W20251121
T09613,V0298,D0513,R011,2025-07-30T13:38:00,2025-07-30T17:13:00,85,Completed,23.7,W20250730
T09614,V0454,D0575,R060,2025-08-06T14:24:00,2025-08-06T16:55:00,85,Completed,33.8,W20250806
T09615,V0387,D0301,R083,2025-02-27T07:08:00,2025-02-27T12:00:00,75,Completed,15.4,W20250227
T09616,V0116,D0201,R100,2025-04-04T09:51:00,2025-04-04T13:58:00,75,Completed,18.2,W20250404
T09617,V0017,D0671,R051,2025-10-24T08:47:00,2025-10-24T13:26:00,70,Completed,15.1,W20251024
T09618,V0057,D0676,R001,2025-08-06T09:01:00,2025-08-06T09:49:00,85,Cancelled,106.2,W20250806
T09619,V0208,D0020,R006,2025-03-09T00:17:00,2025-03-09T03:45:00,95,Completed,27.4,W20250309
T09620,V0473,D0003,R068,2025-05-22T23:33:00,2025-05-23T01:11:00,95,Completed,58.2,W20250522
T09621,V0370,D0295,R020,2025-09-15T17:41:00,2025-09-15T19:53:00,65,Completed,29.5,W20250915
T09622,V0087,D0377,R018,2025-01-26T16:50:00,2025-01-26T20:11:00,85,Cancelled,25.4,W20250126
T09623,V0065,D0365,R041,2025-11-27T13:21:00,2025-11-27T18:05:00,65,Completed,13.7,W20251127
T09624,V0339,D0556,R020,2025-09-10T05:15:00,2025-09-10T08:50:00,65,Completed,18.1,W20250910
T09625,V0220,D0064,R096,2025-07-06T12:46:00,2025-07-06T15:15:00,95,Completed,38.3,W20250706
T09626,V0009,D0481,R069,2025-04-16T19:51:00,2025-04-16T22:37:00,70,Completed,25.3,W20250416
T09627,V0050,D0023,R089,2025-06-08T21:45:00,2025-06-08T22:40:00,85,Completed,92.7,W20250608
T09628,V0199,D0379,R095,2025-03-11T09:04:00,2025-03-11T12:52:00,85,Cancelled,22.4,W20250311
T09629,V0338,D0680,R077,2025-09-18T14:07:00,2025-09-18T16:46:00,85,Cancelled,32.1,W20250918
T09630,V0342,D0632,R009,2025-03-11T10:15:00,2025-03-11T14:02:00,65,Completed,17.2,W20250311
T09631,V0441,D0380,R070,2025-07-02T09:50:00,2025-07-02T13:26:00,55,Cancelled,15.3,W20250702
T09632,V0103,D0128,R079,2025-02-10T13:03:00,2025-02-10T15:16:00,70,Completed,31.6,W20250210
T09633,V0485,D0475,R063,2025-04-30T22:24:00,2025-05-01T00:19:00,75,Completed,39.1,W20250430
T09634,V0373,D0419,R037,2025-10-11T14:54:00,2025-10-11T16:15:00,95,Completed,70.4,W20251011
T09635,V0267,D0444,R067,2025-05-08T18:22:00,2025-05-08T22:33:00,55,Completed,13.1,W20250508
T09636,V0500,D0243,R063,2025-05-13T08:59:00,2025-05-13T09:53:00,75,Cancelled,83.3,W20250513
T09637,V0145,D0528,R031,2025-04-20T18:28:00,2025-04-20T21:11:00,65,Completed,23.9,W20250420
T09638,V0405,D0193,R096,2025-06-14T14:31:00,2025-06-14T15:52:00,95,Completed,70.4,W20250614
T09639,V0157,D0608,R032,2025-03-15T22:13:00,2025-03-16T01:35:00,75,Completed,22.3,W20250315
T09640,V0206,D0190,R009,2025-11-22T01:51:00,2025-11-22T04:57:00,65,Completed,21.0,W20251122
T09641,V0397,D0362,R008,2025-11-23T01:39:00,2025-11-23T05:37:00,75,Completed,18.9,W20251123
T09642,V0271,D0464,R088,2025-03-16T22:32:00,2025-03-17T02:14:00,95,Cancelled,25.7,W20250316
T09643,V0447,D0443,R090,2025-06-16T19:20:00,2025-06-16T22:30:00,85,Cancelled,26.8,W20250616
T09644,V0497,D0181,R091,2025-11-21T05:55:00,2025-11-21T10:30:00,70,Completed,15.3,W20251121
T09645,V0399,D0267,R004,2025-07-10T07:59:00,2025-07-10T08:49:00,65,Completed,78.0,W20250710
T09646,V0194,D0004,R021,2025-11-08T12:09:00,2025-11-08T15:32:00,75,Completed,22.2,W20251108
T09647,V0153,D0675,R073,2025-11-20T02:18:00,2025-11-20T07:16:00,85,Completed,17.1,W20251120
T09648,V0461,D0647,R002,2025-07-29T15:05:00,2025-07-29T18:06:00,75,Cancelled,24.9,W20250729
T09649,V0035,D0594,R069,2025-06-19T09:29:00,2025-06-19T11:02:00,70,Cancelled,45.2,W20250619
T09650,V0153,D0694,R071,2025-01-12T18:08:00,2025-01-12T22:06:00,95,Completed,23.9,W20250112
T09651,V0363,D0478,R034,2025-02-27T02:59:00,2025-02-27T03:51:00,70,Cancelled,80.8,W20250227
T09652,V0441,D0218,R092,2025-05-03T00:22:00,2025-05-03T05:19:00,70,Completed,14.1,W20250503
T09653,V0216,D0338,R019,2025-04-13T18:33:00,2025-04-13T19:44:00,55,Cancelled,46.5,W20250413
T09654,V0332,D0371,R056,2025-08-31T16:43:00,2025-08-31T18:15:00,95,Completed,62.0,W20250831
T09655,V0316,D0276,R086,2025-09-10T15:51:00,2025-09-10T17:30:00,65,Completed,39.4,W20250910
T09656,V0124,D0562,R073,2025-04-24T11:12:00,2025-04-24T13:49:00,85,Cancelled,32.5,W20250424
T09657,V0145,D0088,R069,2025-09-18T19:03:00,2025-09-18T20:02:00,70,Cancelled,71.2,W20250918
T09658,V0301,D0211,R085,2025-12-13T03:28:00,2025-12-13T05:05:00,55,Completed,34.0,W20251213
T09659,V0314,D0594,R072,2025-12-06T10:30:00,2025-12-06T15:00:00,75,Completed,16.7,W20251206
T09660,V0125,D0352,R028,2025-05-13T15:37:00,2025-05-13T18:39:00,85,Completed,28.0,W20250513
T09661,V0374,D0670,R015,2025-03-09T05:21:00,2025-03-09T06:17:00,75,Completed,80.4,W20250309
T09662,V0433,D0622,R084,2025-03-30T03:55:00,2025-03-30T05:03:00,85,Completed,75.0,W20250330
T09663,V0429,D0616,R099,2025-05-27T15:41:00,2025-05-27T16:32:00,55,Cancelled,64.7,W20250527
T09664,V0283,D0368,R073,2025-08-29T15:42:00,2025-08-29T18:13:00,85,Completed,33.8,W20250829
T09665,V0341,D0403,R023,2025-09-21T00:49:00,2025-09-21T05:29:00,95,Completed,20.4,W20250921
T09666,V0432,D0473,R010,2025-02-15T22:09:00,2025-02-15T23:53:00,75,Completed,43.3,W20250215
T09667,V0500,D0284,R024,2025-09-20T16:33:00,2025-09-20T21:21:00,55,Cancelled,11.5,W20250920
T09668,V0468,D0027,R031,2025-06-08T20:01:00,2025-06-09T00:44:00,65,Completed,13.8,W20250608
T09669,V0223,D0162,R042,2025-06-08T20:21:00,2025-06-09T00:50:00,75,Cancelled,16.7,W20250608
T09670,V0475,D0131,R061,2025-03-09T20:43:00,2025-03-10T00:52:00,75,Cancelled,18.1,W20250309
T09671,V0023,D0485,R061,2025-03-02T15:25:00,2025-03-02T18:01:00,75,Completed,28.8,W20250302
T09672,V0076,D0223,R057,2025-09-09T16:56:00,2025-09-09T19:37:00,75,Cancelled,28.0,W20250909
T09673,V0190,D0435,R041,2025-12-15T08:58:00,2025-12-15T12:26:00,65,Completed,18.8,W20251215
T09674,V0370,D0462,R076,2025-07-05T14:14:00,2025-07-05T15:46:00,95,Cancelled,62.0,W20250705
T09675,V0283,D0665,R079,2025-01-19T22:26:00,2025-01-20T00:26:00,70,Completed,35.0,W20250119
T09676,V0016,D0317,R075,2025-07-24T05:36:00,2025-07-24T07:27:00,85,Cancelled,45.9,W20250724
T09677,V0091,D0362,R001,2025-07-30T04:47:00,2025-07-30T06:23:00,85,Completed,53.1,W20250730
T09678,V0407,D0413,R031,2025-03-25T08:44:00,2025-03-25T12:08:00,65,Completed,19.1,W20250325
T09679,V0324,D0115,R043,2025-04-18T20:41:00,2025-04-19T01:04:00,65,Completed,14.8,W20250418
T09680,V0286,D0654,R077,2025-08-27T22:18:00,2025-08-27T23:56:00,85,Completed,52.0,W20250827
T09681,V0011,D0406,R041,2025-07-04T19:29:00,2025-07-04T22:08:00,65,Completed,24.5,W20250704
T09682,V0348,D0056,R069,2025-12-08T02:06:00,2025-12-08T03:42:00,70,Completed,43.8,W20251208
T09683,V0210,D0430,R016,2025-12-29T05:34:00,2025-12-29T09:22:00,65,Completed,17.1,W20251229
T09684,V0244,D0328,R050,2025-05-06T06:18:00,2025-05-06T10:13:00,95,Completed,24.3,W20250506
T09685,V0154,D0305,R020,2025-08-25T11:17:00,2025-08-25T15:34:00,65,Completed,15.2,W20250825
T09686,V0209,D0288,R005,2025-10-18T16:47:00,2025-10-18T19:02:00,65,Cancelled,28.9,W20251018
T09687,V0150,D0160,R088,2025-01-19T03:17:00,2025-01-19T07:12:00,95,Completed,24.3,W20250119
T09688,V0456,D0290,R051,2025-04-10T15:31:00,2025-04-10T16:46:00,70,Completed,56.0,W20250410
T09689,V0309,D0079,R069,2025-07-12T11:11:00,2025-07-12T12:17:00,70,Completed,63.6,W20250712
T09690,V0238,D0095,R076,2025-01-16T11:31:00,2025-01-16T12:27:00,95,Completed,101.8,W20250116
T09691,V0120,D0224,R023,2025-01-28T20:03:00,2025-01-28T22:44:00,95,Completed,35.4,W20250128
T09692,V0193,D0430,R091,2025-11-08T02:45:00,2025-11-08T03:35:00,70,Cancelled,84.0,W20251108
T09693,V0129,D0217,R064,2025-11-30T05:13:00,2025-11-30T06:37:00,75,Completed,53.6,W20251130
T09694,V0342,D0629,R003,2025-04-24T04:15:00,2025-04-24T06:41:00,85,Completed,34.9,W20250424
T09695,V0236,D0583,R018,2025-05-12T03:13:00,2025-05-12T04:33:00,85,Completed,63.8,W20250512
T09696,V0470,D0229,R077,2025-02-19T22:04:00,2025-02-20T00:34:00,85,Completed,34.0,W20250219
T09697,V0313,D0545,R011,2025-11-23T16:01:00,2025-11-23T17:18:00,85,Cancelled,66.2,W20251123
T09698,V0319,D0683,R059,2025-02-01T01:44:00,2025-02-01T02:53:00,75,Cancelled,65.2,W20250201
T09699,V0476,D0557,R040,2025-01-06T12:19:00,2025-01-06T14:31:00,95,Completed,43.2,W20250106
T09700,V0086,D0001,R081,2025-11-25T22:25:00,2025-11-26T02:39:00,55,Completed,13.0,W20251125
T09701,V0332,D0454,R015,2025-04-10T22:07:00,2025-04-11T02:46:00,75,Completed,16.1,W20250410
T09702,V0428,D0250,R009,2025-04-18T17:11:00,2025-04-18T21:23:00,65,Completed,15.5,W20250418
T09703,V0274,D0097,R029,2025-12-12T00:04:00,2025-12-12T02:23:00,70,Completed,30.2,W20251212
T09704,V0450,D0085,R069,2025-05-22T06:11:00,2025-05-22T09:54:00,70,Completed,18.8,W20250522
T09705,V0227,D0212,R056,2025-11-12T13:11:00,2025-11-12T17:07:00,95,Completed,24.2,W20251112
T09706,V0303,D0458,R076,2025-10-28T16:23:00,2025-10-28T18:37:00,95,Cancelled,42.5,W20251028
T09707,V0196,D0691,R068,2025-05-08T06:06:00,2025-05-08T09:57:00,95,Cancelled,24.7,W20250508
T09708,V0052,D0440,R027,2025-12-16T11:28:00,2025-12-16T15:36:00,85,Completed,20.6,W20251216
T09709,V0263,D0268,R019,2025-07-20T00:50:00,2025-07-20T02:48:00,55,Cancelled,28.0,W20250720
T09710,V0386,D0129,R035,2025-03-02T07:42:00,2025-03-02T10:26:00,95,Completed,34.8,W20250302
T09711,V0270,D0615,R006,2025-08-27T07:13:00,2025-08-27T09:36:00,95,Completed,39.9,W20250827
T09712,V0168,D0266,R001,2025-08-19T05:15:00,2025-08-19T09:41:00,85,Completed,19.2,W20250819
T09713,V0453,D0383,R094,2025-08-24T14:59:00,2025-08-24T18:38:00,70,Completed,19.2,W20250824
T09714,V0425,D0567,R038,2025-04-05T19:25:00,2025-04-05T21:36:00,95,Completed,43.5,W20250405
T09715,V0238,D0131,R066,2025-01-21T11:01:00,2025-01-21T14:49:00,85,Completed,22.4,W20250121
T09716,V0367,D0258,R048,2025-08-04T03:31:00,2025-08-04T06:26:00,75,Completed,25.7,W20250804
T09717,V0213,D0574,R053,2025-05-25T20:02:00,2025-05-25T23:59:00,55,Cancelled,13.9,W20250525
T09718,V0087,D0031,R058,2025-06-26T00:11:00,2025-06-26T01:43:00,95,Completed,62.0,W20250626
T09719,V0067,D0448,R025,2025-08-25T22:34:00,2025-08-26T00:08:00,75,Completed,47.9,W20250825
T09720,V0108,D0077,R063,2025-01-20T20:08:00,2025-01-20T22:16:00,75,Cancelled,35.2,W20250120
T09721,V0062,D0202,R050,2025-11-18T03:58:00,2025-11-18T07:11:00,95,Completed,29.5,W20251118
T09722,V0119,D0198,R036,2025-05-05T02:26:00,2025-05-05T04:57:00,75,Completed,29.8,W20250505
T09723,V0154,D0231,R073,2025-06-19T10:13:00,2025-06-19T14:37:00,85,Completed,19.3,W20250619
T09724,V0107,D0010,R062,2025-09-23T14:45:00,2025-09-23T16:09:00,70,Cancelled,50.0,W20250923
T09725,V0126,D0139,R025,2025-01-17T09:47:00,2025-01-17T12:19:00,75,Cancelled,29.6,W20250117
T09726,V0491,D0409,R075,2025-12-23T18:10:00,2025-12-23T19:47:00,85,Cancelled,52.6,W20251223
T09727,V0101,D0587,R100,2025-10-25T07:13:00,2025-10-25T11:04:00,75,Cancelled,19.5,W20251025
T09728,V0047,D0018,R005,2025-05-31T01:32:00,2025-05-31T04:04:00,65,Completed,25.7,W20250531
T09729,V0315,D0364,R040,2025-10-06T21:11:00,2025-10-07T02:04:00,95,Completed,19.5,W20251006
T09730,V0442,D0413,R050,2025-06-01T00:36:00,2025-06-01T03:23:00,95,Completed,34.1,W20250601
T09731,V0497,D0001,R026,2025-07-13T02:55:00,2025-07-13T07:04:00,70,Cancelled,16.9,W20250713
T09732,V0113,D0595,R013,2025-09-03T11:42:00,2025-09-03T15:23:00,65,Cancelled,17.6,W20250903
T09733,V0232,D0349,R034,2025-01-06T06:03:00,2025-01-06T10:15:00,70,Completed,16.7,W20250106
T09734,V0148,D0448,R032,2025-02-02T20:22:00,2025-02-02T21:49:00,75,Completed,51.7,W20250202
T09735,V0282,D0594,R082,2025-10-13T15:30:00,2025-10-13T20:22:00,75,Completed,15.4,W20251013
T09736,V0425,D0467,R029,2025-12-27T08:49:00,2025-12-27T12:41:00,70,Completed,18.1,W20251227
T09737,V0073,D0672,R018,2025-04-29T11:27:00,2025-04-29T15:06:00,85,Cancelled,23.3,W20250429
T09738,V0135,D0118,R030,2025-08-19T04:09:00,2025-08-19T06:33:00,65,Completed,27.1,W20250819
T09739,V0417,D0191,R045,2025-12-17T04:11:00,2025-12-17T07:15:00,70,Cancelled,22.8,W20251217
T09740,V0069,D0345,R037,2025-09-21T17:46:00,2025-09-21T20:08:00,95,Cancelled,40.1,W20250921
T09741,V0250,D0186,R076,2025-09-01T22:48:00,2025-09-02T00:56:00,95,Completed,44.5,W20250901
T09742,V0307,D0380,R003,2025-09-27T01:52:00,2025-09-27T06:05:00,85,Completed,20.2,W20250927
T09743,V0210,D0017,R035,2025-03-28T20:32:00,2025-03-28T23:47:00,95,Completed,29.2,W20250328
T09744,V0193,D0674,R038,2025-07-03T19:50:00,2025-07-03T22:30:00,95,Completed,35.6,W20250703
T09745,V0169,D0054,R028,2025-08-14T06:57:00,2025-08-14T11:03:00,85,Completed,20.7,W20250814
T09746,V0199,D0595,R002,2025-10-17T01:20:00,2025-10-17T03:43:00,75,Cancelled,31.5,W20251017
T09747,V0330,D0695,R004,2025-05-14T08:21:00,2025-05-14T10:43:00,65,Completed,27.5,W20250514
T09748,V0172,D0276,R066,2025-06-15T19:15:00,2025-06-15T20:06:00,85,Completed,100.0,W20250615
T09749,V0267,D0549,R004,2025-12-21T10:14:00,2025-12-21T12:58:00,65,Completed,23.8,W20251221
T09750,V0057,D0146,R026,2025-09-04T07:31:00,2025-09-04T11:14:00,70,Completed,18.8,W20250904
T09751,V0396,D0595,R072,2025-02-01T13:14:00,2025-02-01T15:45:00,75,Completed,29.8,W20250201
T09752,V0138,D0349,R006,2025-12-30T13:11:00,2025-12-30T16:05:00,95,Completed,32.8,W20251230
T09753,V0184,D0399,R023,2025-04-14T10:01:00,2025-04-14T12:32:00,95,Completed,37.7,W20250414
T09754,V0295,D0625,R007,2025-08-20T11:51:00,2025-08-20T12:49:00,70,Completed,72.4,W20250820
T09755,V0180,D0352,R010,2025-09-07T07:12:00,2025-09-07T09:39:00,75,Cancelled,30.6,W20250907
T09756,V0014,D0215,R100,2025-08-12T11:39:00,2025-08-12T13:04:00,75,Completed,52.9,W20250812
T09757,V0140,D0116,R085,2025-10-13T05:19:00,2025-10-13T08:26:00,55,Completed,17.6,W20251013
T09758,V0241,D0179,R014,2025-11-11T07:38:00,2025-11-11T09:22:00,55,Completed,31.7,W20251111
T09759,V0202,D0169,R052,2025-03-21T14:36:00,2025-03-21T15:40:00,65,Completed,60.9,W20250321
T09760,V0140,D0436,R042,2025-11-05T12:38:00,2025-11-05T13:40:00,75,Completed,72.6,W20251105
T09761,V0221,D0409,R013,2025-03-14T11:17:00,2025-03-14T14:38:00,65,Completed,19.4,W20250314
T09762,V0067,D0693,R034,2025-04-24T12:42:00,2025-04-24T17:03:00,70,Completed,16.1,W20250424
T09763,V0356,D0190,R094,2025-01-18T02:17:00,2025-01-18T05:55:00,70,Cancelled,19.3,W20250118
T09764,V0053,D0529,R085,2025-06-19T02:34:00,2025-06-19T07:31:00,55,Cancelled,11.1,W20250619
T09765,V0397,D0382,R066,2025-05-28T06:54:00,2025-05-28T10:39:00,85,Completed,22.7,W20250528
T09766,V0047,D0302,R040,2025-03-09T06:35:00,2025-03-09T08:02:00,95,Completed,65.5,W20250309
T09767,V0195,D0430,R029,2025-07-21T12:53:00,2025-07-21T15:08:00,70,Cancelled,31.1,W20250721
T09768,V0157,D0626,R052,2025-08-15T19:44:00,2025-08-16T00:28:00,65,Completed,13.7,W20250815
T09769,V0237,D0494,R071,2025-10-09T10:58:00,2025-10-09T12:48:00,95,Cancelled,51.8,W20251009
T09770,V0036,D0533,R030,2025-10-24T02:54:00,2025-10-24T06:52:00,65,Completed,16.4,W20251024
T09771,V0285,D0253,R003,2025-12-29T05:48:00,2025-12-29T10:40:00,85,Cancelled,17.5,W20251229
T09772,V0218,D0379,R097,2025-07-08T20:34:00,2025-07-09T01:24:00,65,Completed,13.4,W20250708
T09773,V0190,D0106,R097,2025-07-21T01:39:00,2025-07-21T04:24:00,65,Cancelled,23.6,W20250721
T09774,V0110,D0650,R001,2025-12-15T02:05:00,2025-12-15T05:34:00,85,Completed,24.4,W20251215
T09775,V0421,D0372,R047,2025-05-07T03:55:00,2025-05-07T05:55:00,55,Completed,27.5,W20250507
T09776,V0490,D0621,R080,2025-05-02T22:59:00,2025-05-03T00:34:00,75,Completed,47.4,W20250502
T09777,V0119,D0199,R015,2025-07-25T21:59:00,2025-07-26T02:48:00,75,Completed,15.6,W20250725
T09778,V0245,D0311,R054,2025-02-09T17:49:00,2025-02-09T20:41:00,95,Cancelled,33.1,W20250209
T09779,V0342,D0442,R002,2025-01-20T07:59:00,2025-01-20T11:26:00,75,Completed,21.7,W20250120
T09780,V0300,D0277,R020,2025-10-28T01:04:00,2025-10-28T05:14:00,65,Cancelled,15.6,W20251028
T09781,V0174,D0285,R035,2025-05-30T08:20:00,2025-05-30T10:12:00,95,Completed,50.9,W20250530
T09782,V0320,D0545,R002,2025-04-18T05:03:00,2025-04-18T09:18:00,75,Completed,17.6,W20250418
T09783,V0264,D0342,R070,2025-11-18T23:44:00,2025-11-19T02:54:00,55,Completed,17.4,W20251118
T09784,V0319,D0692,R019,2025-01-17T08:37:00,2025-01-17T10:00:00,55,Completed,39.8,W20250117
T09785,V0057,D0161,R044,2025-03-27T10:41:00,2025-03-27T14:18:00,70,Completed,19.4,W20250327
T09786,V0495,D0064,R048,2025-11-09T20:03:00,2025-11-09T21:09:00,75,Completed,68.2,W20251109
T09787,V0044,D0002,R049,2025-03-12T11:11:00,2025-03-12T15:49:00,85,Cancelled,18.3,W20250312
T09788,V0493,D0048,R050,2025-04-15T07:53:00,2025-04-15T09:17:00,95,Cancelled,67.9,W20250415
T09789,V0006,D0280,R001,2025-09-17T05:35:00,2025-09-17T07:08:00,85,Cancelled,54.8,W20250917
T09790,V0140,D0641,R090,2025-08-19T13:19:00,2025-08-19T16:11:00,85,Cancelled,29.7,W20250819
T09791,V0276,D0165,R053,2025-12-12T14:54:00,2025-12-12T19:39:00,55,Completed,11.6,W20251212
T09792,V0446,D0508,R078,2025-01-26T10:29:00,2025-01-26T14:09:00,75,Completed,20.5,W20250126
T09793,V0479,D0388,R042,2025-07-07T05:14:00,2025-07-07T06:26:00,75,Cancelled,62.5,W20250707
T09794,V0253,D0386,R031,2025-01-10T08:34:00,2025-01-10T10:22:00,65,Completed,36.1,W20250110
T09795,V0303,D0370,R070,2025-10-31T22:21:00,2025-11-01T01:22:00,55,Completed,18.2,W20251031
T09796,V0289,D0535,R085,2025-05-30T16:26:00,2025-05-30T19:30:00,55,Completed,17.9,W20250530
T09797,V0461,D0210,R062,2025-09-18T06:43:00,2025-09-18T11:15:00,70,Completed,15.4,W20250918
T09798,V0184,D0518,R074,2025-05-01T19:53:00,2025-05-01T23:18:00,95,Completed,27.8,W20250501
T09799,V0407,D0313,R100,2025-04-11T05:52:00,2025-04-11T06:57:00,75,Completed,69.2,W20250411
T09800,V0199,D0075,R092,2025-04-22T07:42:00,2025-04-22T08:33:00,70,Completed,82.4,W20250422
T09801,V0444,D0339,R066,2025-02-04T15:28:00,2025-02-04T17:48:00,85,Cancelled,36.4,W20250204
T09802,V0170,D0272,R064,2025-03-31T22:08:00,2025-04-01T02:16:00,75,Completed,18.1,W20250331
T09803,V0309,D0034,R040,2025-09-11T14:39:00,2025-09-11T16:12:00,95,Completed,61.3,W20250911
T09804,V0389,D0138,R042,2025-04-19T17:40:00,2025-04-19T22:28:00,75,Completed,15.6,W20250419
T09805,V0426,D0303,R075,2025-01-15T21:00:00,2025-01-16T00:42:00,85,Completed,23.0,W20250115
T09806,V0229,D0515,R052,2025-10-06T13:13:00,2025-10-06T16:54:00,65,Completed,17.6,W20251006
T09807,V0394,D0431,R027,2025-06-29T17:49:00,2025-06-29T21:49:00,85,Completed,21.2,W20250629
T09808,V0284,D0112,R043,2025-05-31T02:59:00,2025-05-31T04:09:00,65,Completed,55.7,W20250531
T09809,V0385,D0474,R081,2025-08-12T18:48:00,2025-08-12T19:50:00,55,Completed,53.2,W20250812
T09810,V0413,D0140,R086,2025-11-15T17:30:00,2025-11-15T20:54:00,65,Cancelled,19.1,W20251115
T09811,V0024,D0321,R044,2025-02-17T15:24:00,2025-02-17T19:48:00,70,Cancelled,15.9,W20250217
T09812,V0295,D0551,R052,2025-04-13T05:01:00,2025-04-13T08:37:00,65,Completed,18.1,W20250413
T09813,V0396,D0296,R020,2025-11-07T23:22:00,2025-11-08T02:06:00,65,Cancelled,23.8,W20251107
T09814,V0203,D0085,R022,2025-12-26T16:04:00,2025-12-26T20:20:00,70,Cancelled,16.4,W20251226
T09815,V0113,D0618,R063,2025-02-14T05:01:00,2025-02-14T06:59:00,75,Completed,38.1,W20250214
T09816,V0432,D0272,R002,2025-11-01T04:16:00,2025-11-01T05:34:00,75,Cancelled,57.7,W20251101
T09817,V0244,D0354,R007,2025-02-17T16:49:00,2025-02-17T20:52:00,70,Completed,17.3,W20250217
T09818,V0105,D0273,R065,2025-09-28T12:23:00,2025-09-28T13:40:00,70,Cancelled,54.5,W20250928
T09819,V0084,D0598,R049,2025-07-11T22:26:00,2025-07-12T01:23:00,85,Cancelled,28.8,W20250711
T09820,V0064,D0111,R013,2025-08-30T15:53:00,2025-08-30T17:20:00,65,Cancelled,44.8,W20250830
T09821,V0019,D0101,R031,2025-05-07T06:34:00,2025-05-07T10:35:00,65,Completed,16.2,W20250507
T09822,V0384,D0425,R030,2025-01-09T18:19:00,2025-01-09T20:13:00,65,Cancelled,34.2,W20250109
T09823,V0301,D0307,R007,2025-03-07T18:14:00,2025-03-07T20:18:00,70,Completed,33.9,W20250307
T09824,V0441,D0398,R045,2025-08-04T00:02:00,2025-08-04T03:25:00,70,Completed,20.7,W20250804
T09825,V0158,D0384,R075,2025-12-20T20:53:00,2025-12-21T01:39:00,85,Completed,17.8,W20251220
T09826,V0333,D0111,R059,2025-04-07T17:32:00,2025-04-07T21:13:00,75,Cancelled,20.4,W20250407
T09827,V0141,D0460,R063,2025-04-15T09:00:00,2025-04-15T11:39:00,75,Completed,28.3,W20250415
T09828,V0105,D0413,R022,2025-05-05T22:12:00,2025-05-06T01:09:00,70,Cancelled,23.7,W20250505
T09829,V0188,D0044,R012,2025-12-13T20:40:00,2025-12-13T22:20:00,95,Completed,57.0,W20251213
T09830,V0104,D0684,R031,2025-01-29T16:28:00,2025-01-29T19:20:00,65,Cancelled,22.7,W20250129
T09831,V0156,D0622,R012,2025-05-10T14:28:00,2025-05-10T18:29:00,95,Completed,23.7,W20250510
T09832,V0317,D0349,R015,2025-09-02T15:29:00,2025-09-02T16:14:00,75,Completed,100.0,W20250902
T09833,V0093,D0402,R044,2025-12-06T00:03:00,2025-12-06T01:57:00,70,Completed,36.8,W20251206
T09834,V0230,D0153,R005,2025-10-16T06:55:00,2025-10-16T10:57:00,65,Completed,16.1,W20251016
T09835,V0177,D0366,R099,2025-07-02T23:45:00,2025-07-03T02:28:00,55,Cancelled,20.2,W20250702
T09836,V0238,D0344,R085,2025-05-02T03:24:00,2025-05-02T06:08:00,55,Completed,20.1,W20250502
T09837,V0469,D0412,R077,2025-10-12T22:58:00,2025-10-13T02:09:00,85,Completed,26.7,W20251012
T09838,V0460,D0030,R082,2025-04-20T12:49:00,2025-04-20T17:31:00,75,Completed,16.0,W20250420
T09839,V0034,D0635,R051,2025-11-11T18:46:00,2025-11-11T21:04:00,70,Completed,30.4,W20251111
T09840,V0282,D0618,R072,2025-05-17T00:37:00,2025-05-17T03:23:00,75,Completed,27.1,W20250517
T09841,V0383,D0112,R078,2025-02-25T00:02:00,2025-02-25T04:56:00,75,Completed,15.3,W20250225
T09842,V0141,D0096,R013,2025-05-17T17:42:00,2025-05-17T21:22:00,65,Completed,17.7,W20250517
T09843,V0378,D0048,R048,2025-03-19T23:24:00,2025-03-20T04:14:00,75,Completed,15.5,W20250319
T09844,V0023,D0634,R051,2025-02-27T02:03:00,2025-02-27T06:23:00,70,Completed,16.2,W20250227
T09845,V0306,D0016,R035,2025-09-22T15:10:00,2025-09-22T17:19:00,95,Completed,44.2,W20250922
T09846,V0246,D0211,R082,2025-12-03T23:58:00,2025-12-04T03:38:00,75,Completed,20.5,W20251203
T09847,V0006,D0043,R025,2025-12-15T16:31:00,2025-12-15T19:29:00,75,Completed,25.3,W20251215
T09848,V0358,D0544,R065,2025-09-02T08:56:00,2025-09-02T13:23:00,70,Completed,15.7,W20250902
T09849,V0083,D0677,R033,2025-04-28T19:26:00,2025-04-28T20:14:00,85,Completed,106.2,W20250428
T09850,V0137,D0601,R033,2025-07-08T02:51:00,2025-07-08T06:35:00,85,Completed,22.8,W20250708
T09851,V0213,D0468,R031,2025-02-16T05:59:00,2025-02-16T08:13:00,65,Cancelled,29.1,W20250216
T09852,V0198,D0398,R048,2025-06-14T20:18:00,2025-06-15T00:47:00,75,Completed,16.7,W20250614
T09853,V0053,D0297,R019,2025-07-26T04:57:00,2025-07-26T06:13:00,55,Cancelled,43.4,W20250726
T09854,V0299,D0285,R057,2025-11-15T20:07:00,2025-11-15T23:36:00,75,Cancelled,21.5,W20251115
T09855,V0399,D0082,R100,2025-12-22T02:35:00,2025-12-22T03:45:00,75,Completed,64.3,W20251222
T09856,V0424,D0311,R003,2025-10-10T06:42:00,2025-10-10T11:07:00,85,Completed,19.2,W20251010
T09857,V0056,D0516,R074,2025-04-11T03:10:00,2025-04-11T07:27:00,95,Cancelled,22.2,W20250411
T09858,V0256,D0347,R045,2025-12-04T16:19:00,2025-12-04T20:52:00,70,Completed,15.4,W20251204
T09859,V0188,D0090,R057,2025-02-25T19:04:00,2025-02-25T22:57:00,75,Completed,19.3,W20250225
T09860,V0038,D0401,R012,2025-07-31T01:50:00,2025-07-31T02:36:00,95,Cancelled,123.9,W20250731
T09861,V0231,D0377,R079,2025-12-06T15:22:00,2025-12-06T18:49:00,70,Completed,20.3,W20251206
T09862,V0063,D0059,R019,2025-04-10T20:56:00,2025-04-11T00:15:00,55,Cancelled,16.6,W20250410
T09863,V0467,D0154,R036,2025-03-11T20:39:00,2025-03-11T22:50:00,75,Completed,34.4,W20250311
T09864,V0142,D0387,R021,2025-12-10T15:56:00,2025-12-10T18:18:00,75,Completed,31.7,W20251210
T09865,V0303,D0497,R057,2025-09-09T20:28:00,2025-09-09T22:40:00,75,Completed,34.1,W20250909
T09866,V0014,D0406,R060,2025-09-06T11:32:00,2025-09-06T13:12:00,85,Completed,51.0,W20250906
T09867,V0100,D0143,R071,2025-02-28T08:07:00,2025-02-28T10:10:00,95,Completed,46.3,W20250228
T09868,V0274,D0550,R022,2025-06-30T20:04:00,2025-06-30T23:48:00,70,Cancelled,18.8,W20250630
T09869,V0024,D0382,R087,2025-08-04T17:06:00,2025-08-04T20:28:00,55,Completed,16.3,W20250804
T09870,V0452,D0001,R095,2025-06-24T00:49:00,2025-06-24T01:54:00,85,Cancelled,78.5,W20250624
T09871,V0288,D0678,R086,2025-04-02T14:55:00,2025-04-02T16:02:00,65,Completed,58.2,W20250402
T09872,V0273,D0636,R094,2025-01-09T18:20:00,2025-01-09T19:09:00,70,Completed,85.7,W20250109
T09873,V0484,D0031,R017,2025-03-22T12:30:00,2025-03-22T13:22:00,95,Cancelled,109.6,W20250322
T09874,V0023,D0295,R047,2025-02-12T01:20:00,2025-02-12T04:36:00,55,Cancelled,16.8,W20250212
T09875,V0316,D0115,R064,2025-11-06T23:11:00,2025-11-07T00:21:00,75,Cancelled,64.3,W20251106
T09876,V0045,D0505,R099,2025-10-04T17:11:00,2025-10-04T18:10:00,55,Completed,55.9,W20251004
T09877,V0328,D0462,R069,2025-12-24T20:30:00,2025-12-25T00:52:00,70,Completed,16.0,W20251224
T09878,V0450,D0667,R013,2025-11-17T22:53:00,2025-11-18T01:13:00,65,Cancelled,27.9,W20251117
T09879,V0127,D0052,R015,2025-02-28T23:15:00,2025-03-01T01:40:00,75,Completed,31.0,W20250228
T09880,V0022,D0595,R037,2025-09-17T17:20:00,2025-09-17T21:23:00,95,Completed,23.5,W20250917
T09881,V0145,D0170,R011,2025-07-21T07:55:00,2025-07-21T12:04:00,85,Cancelled,20.5,W20250721
T09882,V0071,D0094,R027,2025-08-19T19:50:00,2025-08-19T22:17:00,85,Completed,34.7,W20250819
T09883,V0169,D0438,R039,2025-02-06T16:12:00,2025-02-06T19:40:00,55,Cancelled,15.9,W20250206
T09884,V0467,D0279,R027,2025-07-02T09:23:00,2025-07-02T12:29:00,85,Completed,27.4,W20250702
T09885,V0148,D0322,R022,2025-08-13T06:18:00,2025-08-13T09:48:00,70,Cancelled,20.0,W20250813
T09886,V0225,D0673,R071,2025-12-19T16:30:00,2025-12-19T17:35:00,95,Completed,87.7,W20251219
T09887,V0295,D0003,R100,2025-05-28T07:09:00,2025-05-28T08:57:00,75,Cancelled,41.7,W20250528
T09888,V0161,D0347,R061,2025-05-23T08:06:00,2025-05-23T12:05:00,75,Completed,18.8,W20250523
T09889,V0100,D0422,R022,2025-09-07T12:57:00,2025-09-07T16:53:00,70,Cancelled,17.8,W20250907
T09890,V0130,D0295,R027,2025-03-23T20:17:00,2025-03-23T22:42:00,85,Cancelled,35.2,W20250323
T09891,V0242,D0500,R062,2025-01-25T15:55:00,2025-01-25T18:22:00,70,Completed,28.6,W20250125
T09892,V0047,D0218,R084,2025-03-07T07:24:00,2025-03-07T12:24:00,85,Completed,17.0,W20250307
T09893,V0319,D0256,R073,2025-03-06T14:29:00,2025-03-06T18:10:00,85,Completed,23.1,W20250306
T09894,V0376,D0171,R010,2025-02-11T09:50:00,2025-02-11T14:22:00,75,Completed,16.5,W20250211
T09895,V0062,D0126,R017,2025-12-19T23:23:00,2025-12-20T01:15:00,95,Cancelled,50.9,W20251219
T09896,V0175,D0045,R022,2025-11-07T00:15:00,2025-11-07T04:44:00,70,Completed,15.6,W20251107
T09897,V0327,D0280,R059,2025-01-20T13:30:00,2025-01-20T15:11:00,75,Completed,44.6,W20250120
T09898,V0462,D0341,R024,2025-03-13T00:41:00,2025-03-13T02:54:00,55,Cancelled,24.8,W20250313
T09899,V0127,D0648,R076,2025-02-28T01:55:00,2025-02-28T03:58:00,95,Completed,46.3,W20250228
T09900,V0146,D0496,R008,2025-02-08T08:21:00,2025-02-08T13:21:00,75,Completed,15.0,W20250208
T09901,V0095,D0251,R052,2025-12-28T06:11:00,2025-12-28T10:56:00,65,Completed,13.7,W20251228
T09902,V0301,D0507,R038,2025-03-01T06:30:00,2025-03-01T11:02:00,95,Completed,21.0,W20250301
T09903,V0157,D0424,R064,2025-04-07T00:05:00,2025-04-07T01:17:00,75,Completed,62.5,W20250407
T09904,V0182,D0576,R007,2025-07-29T07:44:00,2025-07-29T09:35:00,70,Completed,37.8,W20250729
T09905,V0222,D0228,R063,2025-10-22T23:10:00,2025-10-23T01:01:00,75,Cancelled,40.5,W20251022
T09906,V0119,D0550,R054,2025-05-18T19:23:00,2025-05-18T21:42:00,95,Completed,41.0,W20250518
T09907,V0347,D0342,R043,2025-10-26T05:15:00,2025-10-26T09:51:00,65,Completed,14.1,W20251026
T09908,V0140,D0446,R093,2025-05-07T15:09:00,2025-05-07T17:29:00,65,Completed,27.9,W20250507
T09909,V0184,D0412,R028,2025-02-01T10:33:00,2025-02-01T14:05:00,85,Cancelled,24.1,W20250201
T09910,V0350,D0191,R051,2025-10-12T15:47:00,2025-10-12T17:32:00,70,Cancelled,40.0,W20251012
T09911,V0480,D0556,R082,2025-06-13T18:59:00,2025-06-13T19:51:00,75,Cancelled,86.5,W20250613
T09912,V0343,D0652,R023,2025-05-30T12:08:00,2025-05-30T16:03:00,95,Cancelled,24.3,W20250530
T09913,V0150,D0639,R046,2025-12-03T19:19:00,2025-12-03T22:42:00,70,Completed,20.7,W20251203
T09914,V0456,D0558,R033,2025-09-30T10:01:00,2025-09-30T11:25:00,85,Completed,60.7,W20250930
T09915,V0410,D0525,R045,2025-04-12T11:08:00,2025-04-12T12:59:00,70,Cancelled,37.8,W20250412
T09916,V0274,D0510,R043,2025-02-03T17:20:00,2025-02-03T21:30:00,65,Cancelled,15.6,W20250203
T09917,V0104,D0602,R020,2025-01-05T12:35:00,2025-01-05T16:02:00,65,Completed,18.8,W20250105
T09918,V0027,D0111,R086,2025-10-01T07:35:00,2025-10-01T12:05:00,65,Completed,14.4,W20251001
T09919,V0174,D0271,R058,2025-11-17T04:29:00,2025-11-17T07:12:00,95,Completed,35.0,W20251117
T09920,V0167,D0629,R074,2025-07-21T04:33:00,2025-07-21T07:15:00,95,Completed,35.2,W20250721
T09921,V0400,D0581,R036,2025-02-27T16:04:00,2025-02-27T18:35:00,75,Completed,29.8,W20250227
T09922,V0179,D0250,R047,2025-05-03T01:40:00,2025-05-03T04:18:00,55,Completed,20.9,W20250503
T09923,V0034,D0174,R098,2025-08-22T17:47:00,2025-08-22T20:54:00,75,Completed,24.1,W20250822
T09924,V0152,D0048,R061,2025-05-24T21:59:00,2025-05-24T23:00:00,75,Completed,73.8,W20250524
T09925,V0044,D0507,R018,2025-06-15T16:11:00,2025-06-15T19:03:00,85,Cancelled,29.7,W20250615
T09926,V0376,D0388,R063,2025-02-06T13:38:00,2025-02-06T15:56:00,75,Cancelled,32.6,W20250206
T09927,V0003,D0161,R098,2025-10-05T13:52:00,2025-10-05T17:05:00,75,Cancelled,23.3,W20251005
T09928,V0255,D0108,R070,2025-04-22T02:11:00,2025-04-22T04:16:00,55,Completed,26.4,W20250422
T09929,V0492,D0658,R098,2025-04-23T23:17:00,2025-04-24T00:30:00,75,Completed,61.6,W20250423
T09930,V0098,D0687,R043,2025-04-17T01:53:00,2025-04-17T02:58:00,65,Completed,60.0,W20250417
T09931,V0352,D0118,R038,2025-09-08T14:03:00,2025-09-08T18:31:00,95,Completed,21.3,W20250908
T09932,V0079,D0522,R080,2025-09-19T13:19:00,2025-09-19T17:02:00,75,Completed,20.2,W20250919
T09933,V0024,D0056,R050,2025-10-04T19:16:00,2025-10-04T21:59:00,95,Cancelled,35.0,W20251004
T09934,V0010,D0111,R083,2025-06-14T07:40:00,2025-06-14T10:56:00,75,Completed,23.0,W20250614
T09935,V0200,D0409,R077,2025-11-16T14:22:00,2025-11-16T15:20:00,85,Completed,87.9,W20251116
T09936,V0222,D0158,R053,2025-08-07T15:06:00,2025-08-07T15:58:00,55,Completed,63.5,W20250807
T09937,V0162,D0550,R097,2025-08-25T20:03:00,2025-08-26T00:49:00,65,Cancelled,13.6,W20250825
T09938,V0193,D0060,R014,2025-10-31T01:11:00,2025-10-31T05:00:00,55,Completed,14.4,W20251031
T09939,V0441,D0693,R077,2025-08-08T11:33:00,2025-08-08T13:17:00,85,Completed,49.0,W20250808
T09940,V0300,D0638,R030,2025-09-17T23:32:00,2025-09-18T03:04:00,65,Completed,18.4,W20250917
T09941,V0390,D0493,R071,2025-06-24T11:51:00,2025-06-24T16:08:00,95,Completed,22.2,W20250624
T09942,V0122,D0644,R016,2025-08-02T03:29:00,2025-08-02T06:46:00,65,Cancelled,19.8,W20250802
T09943,V0360,D0485,R089,2025-06-10T13:56:00,2025-06-10T14:53:00,85,Completed,89.5,W20250610
T09944,V0283,D0155,R066,2025-08-16T02:39:00,2025-08-16T05:23:00,85,Cancelled,31.1,W20250816
T09945,V0497,D0126,R071,2025-05-04T03:29:00,2025-05-04T07:19:00,95,Cancelled,24.8,W20250504
T09946,V0078,D0179,R051,2025-08-20T06:55:00,2025-08-20T11:48:00,70,Cancelled,14.3,W20250820
T09947,V0429,D0669,R049,2025-07-28T11:41:00,2025-07-28T12:31:00,85,Cancelled,102.0,W20250728
T09948,V0045,D0021,R077,2025-11-29T05:38:00,2025-11-29T06:25:00,85,Cancelled,108.5,W20251129
T09949,V0240,D0700,R056,2025-07-02T02:13:00,2025-07-02T05:01:00,95,Completed,33.9,W20250702
T09950,V0462,D0220,R012,2025-03-25T03:34:00,2025-03-25T08:07:00,95,Completed,20.9,W20250325
T09951,V0086,D0108,R019,2025-07-08T10:15:00,2025-07-08T14:14:00,55,Cancelled,13.8,W20250708
T09952,V0132,D0352,R062,2025-11-18T22:19:00,2025-11-19T02:16:00,70,Completed,17.7,W20251118
T09953,V0378,D0032,R021,2025-05-05T04:50:00,2025-05-05T08:58:00,75,Completed,18.1,W20250505
T09954,V0310,D0155,R082,2025-10-13T03:43:00,2025-10-13T06:33:00,75,Completed,26.5,W20251013
T09955,V0411,D0375,R058,2025-02-28T22:18:00,2025-03-01T01:33:00,95,Completed,29.2,W20250228
T09956,V0060,D0087,R025,2025-02-05T14:22:00,2025-02-05T18:16:00,75,Completed,19.2,W20250205
T09957,V0267,D0566,R055,2025-02-24T21:02:00,2025-02-24T23:02:00,55,Completed,27.5,W20250224
T09958,V0017,D0122,R097,2025-08-05T05:22:00,2025-08-05T07:08:00,65,Cancelled,36.8,W20250805
T09959,V0263,D0166,R021,2025-08-15T01:03:00,2025-08-15T05:06:00,75,Completed,18.5,W20250815
T09960,V0153,D0311,R075,2025-07-07T03:54:00,2025-07-07T08:18:00,85,Completed,19.3,W20250707
T09961,V0160,D0284,R058,2025-08-07T03:07:00,2025-08-07T08:04:00,95,Completed,19.2,W20250807
T09962,V0248,D0160,R044,2025-07-25T15:22:00,2025-07-25T17:35:00,70,Completed,31.6,W20250725
T09963,V0254,D0671,R087,2025-03-13T18:33:00,2025-03-13T19:43:00,55,Completed,47.1,W20250313
T09964,V0362,D0689,R034,2025-09-26T01:37:00,2025-09-26T02:53:00,70,Completed,55.3,W20250926
T09965,V0052,D0232,R015,2025-05-26T02:50:00,2025-05-26T05:39:00,75,Completed,26.6,W20250526
T09966,V0423,D0178,R081,2025-07-15T16:31:00,2025-07-15T18:08:00,55,Completed,34.0,W20250715
T09967,V0146,D0158,R042,2025-11-26T13:48:00,2025-11-26T15:32:00,75,Completed,43.3,W20251126
T09968,V0200,D0141,R090,2025-11-11T11:51:00,2025-11-11T12:36:00,85,Completed,113.3,W20251111
T09969,V0346,D0596,R039,2025-09-08T08:05:00,2025-09-08T09:13:00,55,Cancelled,48.5,W20250908
T09970,V0004,D0303,R082,2025-01-31T17:45:00,2025-01-31T18:35:00,75,Completed,90.0,W20250131
T09971,V0184,D0350,R066,2025-09-16T03:12:00,2025-09-16T05:55:00,85,Cancelled,31.3,W20250916
T09972,V0357,D0579,R038,2025-08-12T11:29:00,2025-08-12T13:38:00,95,Completed,44.2,W20250812
T09973,V0168,D0436,R017,2025-02-20T19:47:00,2025-02-20T23:57:00,95,Completed,22.8,W20250220
T09974,V0168,D0440,R027,2025-01-09T12:16:00,2025-01-09T14:28:00,85,Completed,38.6,W20250109
T09975,V0357,D0537,R081,2025-09-01T20:22:00,2025-09-01T23:02:00,55,Completed,20.6,W20250901
T09976,V0038,D0523,R096,2025-05-30T22:37:00,2025-05-31T00:20:00,95,Completed,55.3,W20250530
T09977,V0010,D0099,R027,2025-08-21T01:35:00,2025-08-21T04:36:00,85,Completed,28.2,W20250821
T09978,V0300,D0422,R043,2025-09-16T13:16:00,2025-09-16T18:16:00,65,Cancelled,13.0,W20250916
T09979,V0470,D0474,R006,2025-03-27T18:56:00,2025-03-27T23:27:00,95,Cancelled,21.0,W20250327
T09980,V0282,D0326,R046,2025-08-25T15:16:00,2025-08-25T18:46:00,70,Completed,20.0,W20250825
T09981,V0107,D0161,R037,2025-08-23T22:18:00,2025-08-24T00:11:00,95,Completed,50.4,W20250823
T09982,V0057,D0297,R018,2025-01-30T10:16:00,2025-01-30T15:00:00,85,Completed,18.0,W20250130
T09983,V0259,D0317,R038,2025-10-08T09:21:00,2025-10-08T11:07:00,95,Completed,53.8,W20251008
T09984,V0002,D0589,R055,2025-05-17T11:28:00,2025-05-17T12:28:00,55,Completed,55.0,W20250517
T09985,V0414,D0266,R020,2025-03-06T18:52:00,2025-03-06T20:26:00,65,Completed,41.5,W20250306
T09986,V0281,D0176,R020,2025-07-20T04:11:00,2025-07-20T06:40:00,65,Completed,26.2,W20250720
T09987,V0445,D0105,R035,2025-01-02T10:39:00,2025-01-02T12:09:00,95,Completed,63.3,W20250102
T09988,V0253,D0353,R100,2025-11-18T17:42:00,2025-11-18T21:14:00,75,Cancelled,21.2,W20251118
T09989,V0414,D0663,R014,2025-03-14T13:12:00,2025-03-14T14:20:00,55,Completed,48.5,W20250314
T09990,V0228,D0649,R010,2025-06-05T09:03:00,2025-06-05T10:42:00,75,Cancelled,45.5,W20250605
T09991,V0140,D0135,R092,2025-08-15T20:20:00,2025-08-15T22:21:00,70,Completed,34.7,W20250815
T09992,V0108,D0080,R034,2025-11-18T13:49:00,2025-11-18T15:34:00,70,Cancelled,40.0,W20251118
T09993,V0362,D0135,R074,2025-01-05T19:20:00,2025-01-05T20:18:00,95,Completed,98.3,W20250105
T09994,V0273,D0668,R065,2025-01-17T05:47:00,2025-01-17T09:50:00,70,Cancelled,17.3,W20250117
T09995,V0181,D0324,R083,2025-03-22T02:09:00,2025-03-22T03:27:00,75,Completed,57.7,W20250322
T09996,V0238,D0673,R019,2025-08-31T15:15:00,2025-08-31T16:07:00,55,Completed,63.5,W20250831
T09997,V0437,D0629,R017,2025-06-25T18:35:00,2025-06-25T21:05:00,95,Completed,38.0,W20250625
T09998,V0414,D0140,R067,2025-04-23T19:20:00,2025-04-23T23:35:00,55,Completed,12.9,W20250423
T09999,V0465,D0078,R060,2025-05-08T16:57:00,2025-05-08T18:12:00,85,Completed,68.0,W20250508
T10000,V0212,D0462,R027,2025-03-16T23:19:00,2025-03-17T01:43:00,85,Completed,35.4,W20250316
